textbible_english.p3d	ENGLISH	ENGLISH
textbible_english.p3d	TM	™
textbible_english.p3d	RETURN_TO_START_WARNING	Pokračováním v této akci přijdeš o všechna neuložená data.\n\nChceš přesto ukončit?
textbible_english.p3d	FRENCH	FRENCH
textbible_english.p3d	ITALIAN	ITALIAN
textbible_english.p3d	SPANISH	SPANISH
textbible_english.p3d	YOU_WILL_NOT_BE_ABLE_TO_SAVE	NEBUDEŠ SI MOCI ULOŽIT HRU
textbible_english.p3d	XBOX_CONTROLLER_NAME	Xbox 360 Controller
textbible_english.p3d	ACHIEVEMENTS	ÚSPĚCHY
textbible_english.p3d	ATTACK_THROW	ÚTOK / HOD
textbible_english.p3d	ATTACK	ÚTOK
textbible_english.p3d	ATTACK_ONLY	ÚTOK
textbible_english.p3d	ATTACK_POWER	ÚTOČNÁ SCHOPNOST
textbible_english.p3d	SAVEICON_SAVE	UKLÁDÁM...
textbible_english.p3d	SAVEICON_LOAD	UKLÁDÁM...
textbible_english.p3d	DISABLED	VYPNUTO
textbible_english.p3d	LOCKED	ZAMČENO
textbible_english.p3d	INSTALL_COPYING	Instalace herních dat. Nevypínej napájení, dokud bliká kontrolka přístupu na HDD.
textbible_english.p3d	INSTALL_REPAIRING	Herní data jsou poškozená. Probíhá oprava. Nevypínej napájení, dokud bliká kontrolka přístupu na HDD.
textbible_english.p3d	INSTALL_INSUFFICIENT_SPACE	Na HDD není dostatek volného místa. [PROTOTYPE]™ vyžaduje alespoň %1:NUMBER MB volného místa. Stiskem tlačítka PS se vrátíš na \nobrazovku XMB™. Hru můžeš spustit znovu po uvolnění %1:NUMBER MB místa na HDD.
textbible_english.p3d	INSTALL_CORRUPT	Herní data jsou poškozená. Ukonči hru a smaž tato herní data.
textbible_english.p3d	CANCEL_CTRL_SETTINGS	RUŠENÍ NOVÉHO NASTAVENÍ OVLÁDÁNÍ...
textbible_english.p3d	CANCEL_CTRL_SETTINGS_MSG	NASTAVENÍ BYLO ZMĚNĚNO. ZAHODIT NOVÉ NASTAVENÍ?
textbible_english.p3d	CHECKING_GAME_DATA	KONTROLA HERNÍCH DAT........OK
textbible_english.p3d	CHECKING_INSTALATION	KONTROLA INSTALACE..........OK
textbible_english.p3d	CHECKING_NETWORK	KONTROLA SÍTĚ..........ONLINE
textbible_english.p3d	CHECKING_SAVED_DATA	KONTROLA ULOŽENÝCH DAT.......OK
textbible_english.p3d	CONFIRM_CTRL_SETTINGS	POTVRZOVÁNÍ NOVÉHO NASTAVENÍ OVLÁDÁNÍ...
textbible_english.p3d	CONFIRM_CTRL_SETTINGS_MSG	POUŽÍT NOVÉ NASTAVENÍ?
textbible_english.p3d	CREDITS	TVŮRCI
textbible_english.p3d	DEFAULT_CAMERA	VÝCHOZÍ KAMERA
textbible_english.p3d	DEFENSE_POWER	OBRANNÁ SCHOPNOST
textbible_english.p3d	DISGUISE_POWER	SCHOPNOST PŘEVLEKU
textbible_english.p3d	DISGUISE_SWITCH	ZMĚNIT
textbible_english.p3d	DUPLICATE_ERROR_MSG	%1:STRING je přiřazeno ke stejné klávese jako %2:STRING ve schématu ovládání %3:STRING
textbible_english.p3d	GRAB_THROW	CHYTIT / HOD
textbible_english.p3d	GRAB_ONLY	CHYTIT
textbible_english.p3d	BGR_SYMBOL	%0:BUTTON02
textbible_english.p3d	DPA_SYMBOL	%0:BUTTON05
textbible_english.p3d	DPR_SYMBOL	%0:BUTTON00
textbible_english.p3d	DPL_SYMBOL	%0:BUTTON16
textbible_english.p3d	DPU_SYMBOL	%0:BUTTON14
textbible_english.p3d	DPD_SYMBOL	%0:BUTTON15
textbible_english.p3d	BJU_SYMBOL	%0:BUTTON01
textbible_english.p3d	BAT_SYMBOL	%0:BUTTON03
textbible_english.p3d	BSP_SYMBOL	%0:BUTTON04
textbible_english.p3d	ALE_SYMBOL	%0:BUTTON06
textbible_english.p3d	ARI_SYMBOL	%0:BUTTON07
textbible_english.p3d	BSE_SYMBOL	%0:BUTTON08
textbible_english.p3d	BL1_SYMBOL	%0:BUTTON10
textbible_english.p3d	BR1_SYMBOL	%0:BUTTON11
textbible_english.p3d	BL2_SYMBOL	%0:BUTTON12
textbible_english.p3d	BR2_SYMBOL	%0:BUTTON13
textbible_english.p3d	BR3_SYMBOL	%0:BUTTON17
textbible_english.p3d	HINT_SWITCH_CONTROL_SET	ZMĚNIT SADU OVLÁDÁNÍ
textbible_english.p3d	HINT_BACK	ZPĚT
textbible_english.p3d	HINT_CANCEL	ZRUŠIT
textbible_english.p3d	HINT_CONFIRM	POTVRDIT
textbible_english.p3d	HINT_APPLY	POUŽÍT
textbible_english.p3d	HINT_EDIT	UPRAVIT
textbible_english.p3d	HINT_RESUME	POKRAČOVAT
textbible_english.p3d	HINT_VIEW	ZOBRAZIT
textbible_english.p3d	INVALID_USERNAME	UŽIVATELSKÉ JMÉNO NESMÍ OBSAHOVAT TYTO ZNAKY:\n \\ / : * ? , < >
textbible_english.p3d	JUMP	SKOK
textbible_english.p3d	LEGALTEXTRADICAL	© 2009 Activision Publishing, Inc. Activision is a registered trademark and Prototype is a trademark of Activision Publishing, Inc.  All rights reserved.
textbible_english.p3d	LEGALTEXTRADICAL_WIN32	© 2009 Activision Publishing, Inc. Activision is a registered trademark and Prototype is a trademark of Activision Publishing, Inc. Alienware and the Alienware logo are registered trademarks and trademarks of Alienware Corporation.  All rights reserved.
textbible_english.p3d	MAIN_MENU	HLAVNÍ MENU
textbible_english.p3d	TANK	PANCÍŘ
textbible_english.p3d	HELI	HELI
textbible_english.p3d	HINTS	RADY
textbible_english.p3d	TUTORIALS	NÁVODY
textbible_english.p3d	INVERT_X_OPTIONS	INVERTOVAT OSU X - ALEX
textbible_english.p3d	INVERT_Y_OPTIONS	INVERTOVAT OSU Y - ALEX
textbible_english.p3d	INVERT_Y_OPTIONS_TANK	INVERTOVAT OSU Y - PANCÍŘ
textbible_english.p3d	INVERT_Y_OPTIONS_HELI	INVERTOVAT OSU Y - HELI
textbible_english.p3d	INVERT_WHEEL_OPTIONS_HELI	INVERTOVAT KOLEČKO - HELI
textbible_english.p3d	TARGET_TOGGLE_OPTIONS	PŘEPÍNÁNÍ CÍLE
textbible_english.p3d	RUMBLE_OPTIONS	VIBRACE
textbible_english.p3d	VIEW_GAMEPAD_OPTION	ZOBRAZIT MAPOVÁNÍ OVLADAČE
textbible_english.p3d	VIEW_KEYBOARD_OPTION	MAPOVÁNÍ KLÁVES
textbible_english.p3d	GAMMA_OPTIONS	ÚROVEŇ GAMA
textbible_english.p3d	SPEAKERS_OPTIONS	NASTAVENÍ REPRO
textbible_english.p3d	SPEAKERS_OFF	BEZ REPRO
textbible_english.p3d	SPEAKERS_2	STEREO
textbible_english.p3d	SPEAKERS_2_1	2.1 STEREO
textbible_english.p3d	SPEAKERS_3_1	3.1 SURROUND
textbible_english.p3d	SPEAKERS_4	4.0 SURROUND
textbible_english.p3d	SPEAKERS_4_1	4.1 SURROUND
textbible_english.p3d	SPEAKERS_5_1	5.1 SURROUND
textbible_english.p3d	SPEAKERS_7_1	7.1 SURROUND
textbible_english.p3d	BUFFER_OPTIONS	UMÍSTĚNÍ BUFFERU
textbible_english.p3d	BUFFER_DONTCARE	NEVÍM
textbible_english.p3d	BUFFER_HARDWARE	HARDWARE
textbible_english.p3d	BUFFER_SOFTWARE	SOFTWARE
textbible_english.p3d	LATENCY_OPTIONS	LATENCE
textbible_english.p3d	LATENCY_1536_32MS	32ms
textbible_english.p3d	LATENCY_2048_43MS	43ms
textbible_english.p3d	LATENCY_2560_53MS	53ms
textbible_english.p3d	LATENCY_3072_64MS	64ms
textbible_english.p3d	LATENCY_3584_75MS	75ms
textbible_english.p3d	LATENCY_4096_85MS	85ms
textbible_english.p3d	LATENCY_4608_96MS	96ms
textbible_english.p3d	MIX_TYPE_OPTIONS	TYP MIXU
textbible_english.p3d	MIX_TYPE_POLLING	POLLING
textbible_english.p3d	MIX_TYPE_EVENTS	tyo
textbible_english.p3d	SUBTITLE_OPTIONS	TITULKY
textbible_english.p3d	LANGUAGE_OPTIONS	JAZYK
textbible_english.p3d	SMARTHINTS_OPTIONS	CHYTRÉ RADY
textbible_english.p3d	SAVE_SETTINGS_WARNING	OPRAVDU CHCEŠ ULOŽIT?
textbible_english.p3d	CANCEL_SAVE_SETTINGS_WARNING	CHCEŠ ULOŽIT, NEBO ZAHODIT SVÉ ZMĚNY?
textbible_english.p3d	RESTORE_DEFAULT_SETTINGS_WARNING	OPRAVDU CHCEŠ OBNOVIT VÝCHOZÍ HODNOTY TOHOTO NASTAVENÍ?
textbible_english.p3d	SAVELOADTITLE	ULOŽIT NAČÍST
textbible_english.p3d	MOUSE_SENSITIVITY	CITLIVOST MYŠI
textbible_english.p3d	MOVE_BACKWARD	POHYB VZAD
textbible_english.p3d	MOVE_FORWARD	POHYB VPŘED
textbible_english.p3d	MOVE_LEFT	POHYB VLEVO
textbible_english.p3d	MOVE_RIGHT	POHYB VPRAVO
textbible_english.p3d	PAUSE_GAME	PAUZA HRY
textbible_english.p3d	DISGUISE_POWERS	SCHOPNOSTI PŘEVLEKU
textbible_english.p3d	POWER_SELECT	VÝBĚR SCHOPNOSTÍ
textbible_english.p3d	POWER_SELECT_QUICK	RYCHLÁ AKTIVACE
textbible_english.p3d	CAMERA_AND_POWERS	VÝBĚR SCHOPNOSTI \nVÝBĚR CÍLE \nKAMERA / STISK PRO RESET
textbible_english.p3d	CAMERA_YAW	MÍŘENÍ \nSTISK PRO RESET KAMERY
textbible_english.p3d	PITCH_ROLL	SKLON / NÁKLON
textbible_english.p3d	DISGUISE_ACTIONS	AKCE PŘEVLEKU
textbible_english.p3d	PROGRESS_STATS	STATISTIKY POSTUPU
textbible_english.p3d	REMAPPING	PŘEMAPOVÁNÍ...
textbible_english.p3d	REMAP_ERROR	CHYBA: NELZE PŘEMAPOVAT
textbible_english.p3d	REVERSE	CHŮZE/TANK ZPÁTEČKA
textbible_english.p3d	RUN	SPRINT
textbible_english.p3d	WALK	CHŮZE
textbible_english.p3d	SELECT_ACCOUNT	VYBRAT ÚČET
textbible_english.p3d	SENSORY_POWER	SMYSLOVÁ SCHOPNOST
textbible_english.p3d	SPECIAL_ATTACK	SPECIÁL
textbible_english.p3d	TARGET	ZAMĚŘIT
textbible_english.p3d	WEBOFINTRIGUE	SÍŤ INTRIK
textbible_english.p3d	PERCENT_COMPLETE	SÍŤ INTRIK: %1:NUMBER % DOKONČENO
textbible_english.p3d	WEB_OF_INTRIGUE	SÍŤ INTRIK
textbible_english.p3d	CONTROLLER_NOT_FOUND	Ovladač nenalezen
textbible_english.p3d	LANGUAGE_CHANGE	ZMĚNIL JSI JAZYK NA %1:STRING.  CHCEŠ TOTO NASTAVENÍ ZACHOVAT?
textbible_english.p3d	WAIT_REVERT_SETTINGS_WARNING	OPRAVDU CHCEŠ TOTO NASTAVENÍ ZACHOVAT?  BUDE VRÁCENO ZA\n%1:NUMBER SEKUND.
textbible_english.p3d	RESTORE_DEFAULTS	VÝCHOZÍ
textbible_english.p3d	WaitingForStorageResponse	Čekání na odpověď úložného zařízení...
textbible_english.p3d	OUTSTANDING_STORAGE_OP	JIŽ PROBÍHÁ JINÁ OPERACE S ÚLOŽIŠTĚM. POČKEJ NA JEJÍ DOKONČENÍ A ZKUS TO ZNOVU.
textbible_english.p3d	ActiveDeviceHasBeenRemoved	Aktivní úložné zařízení bylo odebráno.
textbible_english.p3d	PROMOCODE	CHEAT KÓD
textbible_english.p3d	ENTER_PROMO_CODE	ZADEJ NYNÍ SVŮJ CHEAT KÓD
textbible_english.p3d	PROMO_ENTRY_FAIL	Zadán neplatný kód.  Zkus to prosím znovu!
textbible_english.p3d	PROMO_ENTRY_SUCCESS_TITLE	ÚSPĚCH
textbible_english.p3d	PROMO_ENTRY_SUCCESS	Gratulujeme, odemkl jsi BODY SURF!\nS BODY SURF se nepřestávej hýbat; proměň nepřítele v dočasnou obuv.  Funguje jen na LIDSKÉ nepřátele.  Aktivuje se skokovým kopem na MAX. NABITÍ.\n\nPoužití > SKOK a pak (DRŽ)%0:BUTTON03
textbible_english.p3d	PROMO_ENTRY_SUCCESS_DUPE	Tento kód jsi už zadal a Body Surf máš odemčený!
textbible_english.p3d	MISSION_FAIL	MISE SELHALA
textbible_english.p3d	M_EXITHELICOPTER	OPUSTIT VOZIDLO
textbible_english.p3d	CANCEL_KEEP_SETTINGS_WARNING	CHCEŠ SVÉ ZMĚNY ZACHOVAT, NEBO ZAHODIT?
textbible_english.p3d	KEEP	ZACHOVAT
textbible_english.p3d	EP_TUTORIAL	14000 EP
textbible_english.p3d	HYDRA_DESCRIPT	HYDRA
textbible_english.p3d	COMMANDER_DESCRIPT	VELITEL
textbible_english.p3d	BRAWLER_DESCRIPT	RVÁČ
textbible_english.p3d	INFECTED_DESCRIPT	NAKAŽENÝ
textbible_english.p3d	M_SELFDESTRUCT	SEBEDESTRUKCE
textbible_english.p3d	EVENT_SKIP_CAMERA	PŘESKOČIT
textbible_english.p3d	UPGRADE_JAVELIN	RAKETOMET
textbible_english.p3d	UPGRADED_SKILL	DOVEDNOST VYLEPŠENA
textbible_english.p3d	ACQUIRED_SKILL	DOVEDNOST ZÍSKÁNA
textbible_english.p3d	EVENT_BLOCKED_BY_VEHICLE	Abys mohl hrát UDÁLOST, musíš OPUSTIT VOZIDLO
textbible_english.p3d	UPGRADE_GRENADE	GRANÁTOMET
textbible_english.p3d	UPGRADE_RIFLE	ÚTOČNÁ PUŠKA
textbible_english.p3d	UPGRADE_SAW	KULOMET
textbible_english.p3d	UPGRADE_PILOTARMOUR	ŘÍZENÍ PANCÍŘE
textbible_english.p3d	UPGRADE_PILOTHELICOPTER	ŘÍZENÍ VRTULNÍKU
textbible_english.p3d	UPGRADE_ARTILLERY	DĚLOSTŘELBA
textbible_english.p3d	BASE_ALERTDEFEATED	INTERIÉR ZÁKLADNY ZNEŠKODNĚN
textbible_english.p3d	CONSUME_ONE_WITHALERT	BONUS EP ZA POHLCENÍ
textbible_english.p3d	CONSUME_ONE_NOALERT	BONUS ZA POHLCENÍ + NENÁPADNOST
textbible_english.p3d	CONSUME_TWO_WITHALERT	BONUS EP ZA POHLCENÍ
textbible_english.p3d	CONSUME_TWO_NOALERT	BONUS ZA POHLCENÍ + NENÁPADNOST
textbible_english.p3d	CONSUME_THREE_WITHALERT	BONUS EP ZA POHLCENÍ
textbible_english.p3d	CONSUME_THREE_NOALERT	BONUS EP ZA POHLCENÍ + NENÁPADNOST
textbible_english.p3d	CONSUME_FOUR_WITHALERT	BONUS EP ZA POHLCENÍ
textbible_english.p3d	CONSUME_FOUR_NOALERT	BONUS ZA POHLCENÍ + NENÁPADNOST
textbible_english.p3d	EVENT_COLLECTIBLES_LOC_THRESHOLD_BANNER	%1:NUMBER ORIENTAČNÍCH BODŮ ZÍSKÁNO
textbible_english.p3d	EVENT_COLLECTIBLES_LOC_THRESHOLD_INFO1	Každý ORIENTAČNÍ BOD nyní za %1:NUMBER EP!
textbible_english.p3d	EVENT_COLLECTIBLES_THRESHOLD_EP_AWARD	BONUS EP: %1:NUMBER
textbible_english.p3d	EVENT_COLLECTIBLES_LOC_ALL_BANNER	VŠECHNY ORIENTAČNÍ BODY ZÍSKÁNY
textbible_english.p3d	EVENT_COLLECTIBLES_HINT_THRESHOLD_BANNER	%1:NUMBER RAD ZÍSKÁNO
textbible_english.p3d	EVENT_COLLECTIBLES_HINT_THRESHOLD_INFO1	Každá RADA nyní za %1:NUMBER EP!
textbible_english.p3d	EVENT_COLLECTIBLES_HINT_ALL_BANNER	VŠECHNY RADY ZÍSKÁNY
textbible_english.p3d	MS_CIVILIAN_CASUALTIES	CIVILNÍ OBĚTI
textbible_english.p3d	MS_INFECTED_CASUALTIES	ZABITÍ NAKAŽENÍ
textbible_english.p3d	MS_MILITARY_CASUALTIES	VOJENSKÉ OBĚTI
textbible_english.p3d	MS_EXPENDITURE	VOJENSKÉ VÝDAJE
textbible_english.p3d	MS_UNLOCKED	%1:NUMBER %2:STRING odemčeno
textbible_english.p3d	CIVILIAN	CIVILISTA
textbible_english.p3d	MS_STAT	%1:STRING
textbible_english.p3d	MS_STAT_WITH_UNIT	%1:STRING %2:STRING
textbible_english.p3d	MS_STAT_CLASSIFIED	TAJNÉ
textbible_english.p3d	EVENT	UDÁLOST
textbible_english.p3d	UPGRADE	VYLEPŠENÍ
textbible_english.p3d	CCR_TITLE	[ OPERAČNÍ HLÁŠENÍ ]
textbible_english.p3d	CCR_INFECTED_KILLED_LABEL	ZABITÍ NAKAŽENÍ
textbible_english.p3d	CCR_CIVILIAN_KILLED_LABEL	CIVILNÍ OBĚTI
textbible_english.p3d	CCR_MILITARY_KILLED_LABEL	VOJENSKÉ OBĚTI
textbible_english.p3d	CCR_MILITARY_EXPENSE_LABEL	VOJENSKÉ VÝDAJE
textbible_english.p3d	UNITS_MILLIONS	milionů
textbible_english.p3d	UNITS_MILLIONS_SHORT	M
textbible_english.p3d	UNITS_BILLIONS_SHORT	B
textbible_english.p3d	UNITS_BILLIONS	miliard
textbible_english.p3d	UNITS_TRILLIONS	bilionů
textbible_english.p3d	UNITS_TRILLIONS_SHORT	T
textbible_english.p3d	ALEX_DEATH_MSG	ALEX JE MRTVÝ
textbible_english.p3d	WOI_EC1	18. DEN NÁKAZY
textbible_english.p3d	WOI_EC_FINISHED_1	3. DEN NÁKAZY:\nNÁKAZA POTVRZENA NA OSTROVĚ MANHATTAN
textbible_english.p3d	WOI_EC_FINISHED_2	4. DEN NÁKAZY:\nNAKAŽENO 4 % CELKOVÉ POPULACE
textbible_english.p3d	WOI_EC_FINISHED_3	6. DEN NÁKAZY:\nNAKAŽENO 20 % CELKOVÉ POPULACE\n
textbible_english.p3d	WOI_EC_FINISHED_4	8. DEN NÁKAZY:\nNAKAŽENO 49 % CELKOVÉ POPULACE
textbible_english.p3d	WOI_EC_FINISHED_5	10. DEN NÁKAZY:\nNAKAŽENO 68 % CELKOVÉ POPULACE
textbible_english.p3d	WOI_EC_FINISHED_6	12. DEN NÁKAZY:\nNAKAŽENO 81 % CELKOVÉ POPULACE
textbible_english.p3d	WOI_EC_FINISHED_7	15. DEN NÁKAZY:\nNAKAŽENO 60 % CELKOVÉ POPULACE
textbible_english.p3d	WOI_EC_FINISHED_8	17. DEN NÁKAZY:\nNAKAŽENO 47 % CELKOVÉ POPULACE
textbible_english.p3d	ONDEATH_PROMPT	VYBRAT
textbible_english.p3d	TUTORIAL_DANAS_APARTMENT_TITLE	ZÍSKÁNÍ MISE
textbible_english.p3d	TUTORIAL_DANAS_APARTMENT_1	VSTUP do SVÍTÍCÍ ZÓNY na střeše budovy a stiskni %0:BUTTON04 pro zahájení MISE.
textbible_english.p3d	TUTORIAL_DISGUISE_TITLE	PŘEVLEK
textbible_english.p3d	TUTORIAL_DISGUISE_1	Napravo od MINIMAPY je UKAZATEL PŘEVLEKU a dole na něm CLONA. \n\nKdyž je CLONA OTEVŘENÁ, SLEDUJÍ TĚ NEPŘÁTELÉ. \n\nKdyž je ZAVŘENÁ, NIKDO TĚ NEVIDÍ.
textbible_english.p3d	TUTORIAL_DISGUISE_2	Každá AKCE, která odhalí tvou PRAVOU IDENTITU, plní UKAZATEL. Když se ZCELA NAPLNÍ, tvůj PŘEVLEK je PROZRAZEN.
textbible_english.p3d	TUTORIAL_DISGUISE_3	PROZRAZENÝ PŘEVLEK je označen ČERVENĚ.  Znamená to, že vojenské jednotky jsou v POPLACHU a zaútočí na tebe, jakmile tě uvidí.
textbible_english.p3d	TUTORIAL_DISGUISE_4	Když tě NEPŘÁTELÉ ztratí z dohledu, IKONA PŘEVLEKU se pomalu vyprazdňuje. Zůstaň mimo dohled, dokud není IKONA PRÁZDNÁ.
textbible_english.p3d	TUTORIAL_DISGUISE_5	Pokud máš v druhém slotu převleku ŠEDOU PODOBU a nikdo tě právě nevidí, objeví se IKONA PŘEPNUTÍ. \n\nStiskni %0:BUTTON16 a bezpečně změň podobu, abys UNIKL nepřátelům. Je to nejrychlejší způsob, jak se zbavit armády.
textbible_english.p3d	TUTORIAL_CLIMB_TITLE	ŠPLHÁNÍ
textbible_english.p3d	TUTORIAL_CLIMB_1	STISKNI %0:BUTTON02 na jakémkoli povrchu a ŠPLHEJ. Dalším STISKEM %0:BUTTON02 se pustíš, nebo %0:BUTTON01 pro SKOK.
textbible_english.p3d	TUTORIAL_PREREQUISITEPOWER_TITLE	NUTNÁ NOVÁ SCHOPNOST
textbible_english.p3d	TUTORIAL_PREREQUISITEPOWER_1	Před vstupem do další MISE si musíš KOUPIT NOVOU SCHOPNOST.  Stiskni PAUZU %0:BUTTON09 a vyber VYLEPŠENÍ, kde požadovanou schopnost koupíš.
textbible_english.p3d	TUTORIAL_FIREARMS_TITLE	ZBRANĚ
textbible_english.p3d	TUTORIAL_FIREARMS_1	POŠKOĎ APC, aby AGENT VYSKOČIL ven.
textbible_english.p3d	TUTORIAL_FIREARMS_2	RAKETOMETY jsou velmi účinné proti OBRNĚNÝM VOZIDLŮM.
textbible_english.p3d	TUTORIAL_FIREARMS_3	Můžeš použít každou ZBRAŇ, kterou nepřítel upustí. ZABIJ nepřítele a stiskni %0:BUTTON02 pro VZETÍ jeho zbraně.
textbible_english.p3d	TUTORIAL_FIREARMS_4	Když máš ZBRAŇ v ruce, stiskni %0:BUTTON03 pro PALBU.
textbible_english.p3d	TUTORIAL_EVENTS_TITLE	UDÁLOSTI
textbible_english.p3d	TUTORIAL_EVENTS_1	ZNAČKY UDÁLOSTÍ se zobrazují na MINIMAPĚ a na MAPĚ V PAUZE.
textbible_english.p3d	TUTORIAL_EVENTS_4	Nové UDÁLOSTI se odemykají s postupem hrou. \n\nUDÁLOSTI jsou skvělý způsob, jak získat EP na nákup nových SCHOPNOSTÍ, POHYBŮ a DOVEDNOSTÍ.
textbible_english.p3d	TUTORIAL_EVENTS_2	Za dokončené UDÁLOSTI získáš BRONZ, STŘÍBRO nebo ZLATO.
textbible_english.p3d	TUTORIAL_EVENTS_3	ZLATO ve VŠECH UDÁLOSTECH odemkne UDÁLOSTI PLATINOVÉ ÚROVNĚ.  Jsou to nejtěžší UDÁLOSTI - dokonči je pro velké odměny v EP.
textbible_english.p3d	TUTORIAL_INFILTRATION_TITLE	INFILTRACE ZÁKLADNY
textbible_english.p3d	TUTORIAL_INFILTRATION_1	Musíš POHLTIT ŘIDIČE APC, abys získal schopnost UNÉST a ŘÍDIT APC.
textbible_english.p3d	TUTORIAL_INFILTRATION_2	VOJENSKÉ ZÁKLADNY ukrývají KLÍČOVÝ PERSONÁL, který lze POHLTIT pro VYLEPŠENÍ. NAVŠTĚVUJ ZÁKLADNY často a ZLEPŠUJ nebo PŘIDÁVEJ DOVEDNOSTI.
textbible_english.p3d	TUTORIAL_INFILTRATION_3	Abys prošel SKENERY IDENTITY, musíš POHLTIT VELITELE a PŘEVZÍT JEHO PODOBU.
textbible_english.p3d	TUTORIAL_INTERIORS_TITLE	VNITŘEK ZÁKLADEN
textbible_english.p3d	TUTORIAL_INTERIORS_1	KAŽDÁ VOJENSKÁ ZÁKLADNA ukrývá DŮLEŽITÝ PERSONÁL, který můžeš POHLTIT a získat VYLEPŠENÉ nebo NOVÉ DOVEDNOSTI.
textbible_english.p3d	TUTORIAL_INTERIORS_2	POHLŤ ŘIDIČE APC a získej schopnost UNÁŠET a ŘÍDIT APC.
textbible_english.p3d	TUTORIAL_METAGAME_TITLE	BOJ O KONTROLU
textbible_english.p3d	TUTORIAL_METAGAME_1	ARMÁDA podniká kroky k OPEVNĚNÍ STRATEGICKÝCH OBLASTÍ, aby zabránila šíření viru po městě.\n\nZÓNY ZAJIŠTĚNÉ ARMÁDOU a ZÓNY zasažené VIROVOU NÁKAZOU jsou vyznačeny na HLAVNÍ MAPĚ i MINIMAPĚ.
textbible_english.p3d	TUTORIAL_METAGAME_2	ZÓNY označené MODŘE jsou zajištěné ARMÁDOU. V srdci většiny VOJENSKÝCH ZÓN stojí VOJENSKÁ ZÁKLADNA.\n\nNIČ VOJENSKÉ ZÁKLADNY, abys DOČASNĚ POTLAČIL ARMÁDU V DANÉ ZÓNĚ a ZÍSKAL OBROVSKÉ BONUSY EP.
textbible_english.p3d	TUTORIAL_METAGAME_3	ZÁKLADNY označené PLUSEM na MAPĚ V PAUZE a MINIMAPĚ ukrývají vojenský personál, který můžeš POHLTIT pro VYLEPŠENÍ.\n\nZÁKLADNY bez PLUSU personál poskytující VYLEPŠENÍ nemají.
textbible_english.p3d	TUTORIAL_METAGAME_4	ZÓNY označené ČERVENĚ jsou NAKAŽENÉ VIREM. Většina NAKAŽENÝCH ZÓN má ve svém středu HNÍZDO NAKAŽENÝCH.\n\nNIČ HNÍZDA NAKAŽENÝCH, abys DOČASNĚ POTLAČIL NÁKAZU V DANÉ OBLASTI a ZÍSKAL OBROVSKÉ BONUSY EP.
textbible_english.p3d	TUTORIAL_ARTILLERY_TITLE	DĚLOSTŘELBA
textbible_english.p3d	TUTORIAL_ARTILLERY_1	ZÍSKAL jsi SCHOPNOST přivolat DĚLOSTŘELECKÝ ÚDER.
textbible_english.p3d	TUTORIAL_ARTILLERY_2	DĚLOSTŘELECKÉ ÚDERY se UKLÁDAJÍ a můžeš je POUŽÍT POZDĚJI, dokud jsi ve VOJENSKÉM PŘEVLEKU.
textbible_english.p3d	TUTORIAL_ARTILLERY_3	POHLCUJ VELITELE BLACKWATCH uvnitř VOJENSKÝCH ZÁKLADEN a ZVYŠ počet DĚLOSTŘELECKÝCH ÚDERŮ, které si můžeš ULOŽIT.
textbible_english.p3d	TUTORIAL_ARTILLERY_4	ZNIČ PŘIJÍŽDĚJÍCÍ TANKY svým DĚLOSTŘELECKÝM ÚDEREM.
textbible_english.p3d	TUTORIAL_ARTILLERY_5	Stiskni %0:BUTTON10 pro ZAMĚŘENÍ TANKU a stiskni %0:BUTTON04 pro PŘIVOLÁNÍ DĚLOSTŘELBY.
textbible_english.p3d	TUTORIAL_STRIKE_TEAM_RADIO_TITLE	ÚDERNÝ TÝM
textbible_english.p3d	TUTORIAL_STRIKE_TEAM_RADIO_1	NEPŘÍTEL vysílá vysílačkou ŽÁDOST O ÚDERNÝ TÝM.  ÚDERNÉ TÝMY JSOU rychlé vzdušné jednotky, které tě budou pronásledovat a napadnou tě.  ZABIJ NEPŘÍTELE dřív, než ŽÁDOST dokončí, a nasazení ÚDERNÉHO TÝMU zrušíš.
textbible_english.p3d	TUTORIAL_STRIKE_TEAM_INBOUND_TITLE	ÚDERNÝ TÝM
textbible_english.p3d	TUTORIAL_STRIKE_TEAM_INBOUND_1	ÚDERNÝ TÝM míří na tvou pozici.\n\nUNIKNI z oblasti, než dorazí, nebo si VEZMI PŘEVLEK, než dorazí.\n\nPokud tě ÚDERNÝ TÝM najde, ZNIČ ho nebo mu UNIKNI pro BONUS EP.
textbible_english.p3d	TUTORIAL_STRIKE_TEAM_INBOUND_2	UNIKNI z oblasti nebo si VEZMI PŘEVLEK, než ÚDERNÝ TÝM dorazí. \n\nPokud tě ÚDERNÝ TÝM najde, ZNIČ ho nebo mu UNIKNI pro BONUSY EP.
textbible_english.p3d	TUTORIAL_BASE_HIVE_DESTROY_REMIND_TITLE	BOJ O KONTROLU
textbible_english.p3d	TUTORIAL_BASE_HIVE_DESTROY_REMIND_1	NIČ VOJENSKÉ ZÁKLADNY a HNÍZDA NAKAŽENÝCH, abys DOČASNĚ POTLAČIL NEPŘÁTELSKÉ SÍLY a ZÍSKAL OBROVSKÉ BONUSY EP.
textbible_english.p3d	TUTORIAL_BASE_INFILTRATE_REMIND_TITLE	VOJENSKÉ ZÁKLADNY
textbible_english.p3d	TUTORIAL_BASE_INFILTRATE_REMIND_1	ZÍSKÁVEJ VYLEPŠENÍ INFILTRACÍ ZÁKLADEN a POHLCOVÁNÍM KLÍČOVÉHO PERSONÁLU.
textbible_english.p3d	TUTORIAL_SPRINT_TITLE	SPRINT
textbible_english.p3d	TUTORIAL_SPRINT_1	DRŽ %0:BUTTON13 pro REŽIM SPRINTU. Ve SPRINTU se pohybuješ vysokou rychlostí, PŘEKONÁVÁŠ překážky PARKOUREM a můžeš BĚHAT PO SVISLÝCH STĚNÁCH.
textbible_english.p3d	TUTORIAL_WALL_RUN_TITLE	BĚH PO ZDECH
textbible_english.p3d	TUTORIAL_WALL_RUN_1	DRŽ %0:BUTTON13 a rozeběhni se na SVISLOU STĚNU pro BĚH PO ZDI.
textbible_english.p3d	TUTORIAL_SPECIAL_TITLE	SPECIÁLNÍ ÚTOKY
textbible_english.p3d	TUTORIAL_SPECIAL_1	STISKNI %0:BUTTON04 pro SPECIÁLNÍ ÚTOKY.
textbible_english.p3d	TUTORIAL_ATTACK_TITLE	ZÁKLADNÍ ÚTOKY
textbible_english.p3d	TUTORIAL_ATTACK_1	STISKNI %0:BUTTON03 pro ZÁKLADNÍ ÚTOKY.
textbible_english.p3d	TUTORIAL_THROW_OBJECT_TITLE	HÁZENÍ PŘEDMĚTŮ
textbible_english.p3d	TUTORIAL_THROW_OBJECT_1	Alex je nesmírně silný, takže může zvednout a HODIT téměř cokoli na světě. Kombinuj ZAMĚŘENÍ %0:BUTTON12 a HOD %0:BUTTON02 a nič NEPŘÁTELE na dálku.
textbible_english.p3d	TUTORIAL_EP_TITLE	EVOLUČNÍ BODY
textbible_english.p3d	TUTORIAL_EP_1	Získal jsi EP (EVOLUČNÍ BODY).\nVíce EP získáš porážením NEPŘÁTEL, ničením ÚDERNÝCH TÝMŮ nebo únikem před nimi a DOKONČOVÁNÍM MISÍ.
textbible_english.p3d	TUTORIAL_EP_2	EP se utrácejí v MENU VYLEPŠENÍ za nové SCHOPNOSTI, POHYBY a DOVEDNOSTI.\nNOVÉ POLOŽKY se v MENU VYLEPŠENÍ objevují, jak dokončuješ mise a postupuješ příběhem.
textbible_english.p3d	TUTORIAL_EP_3	Během hry STISKNI %0:BUTTON09 pro PŘÍSTUP do MENU VYLEPŠENÍ přes OBRAZOVKU PAUZY. V MENU VYLEPŠENÍ přepínáš záložky STISKEM %0:BUTTON10 nebo %0:BUTTON11.
textbible_english.p3d	TUTORIAL_CONSUME_TITLE	POHLCOVÁNÍ
textbible_english.p3d	TUTORIAL_CONSUME_1	POHLŤ téměř jakéhokoli živého tvora a získej ZDRAVÍ. Chyť nepřítele pomocí %0:BUTTON02 a pak STISKNI %0:BUTTON04, abys ho POHLTIL.  Někteří větší nepřátelé musí být nejprve OMRÁČENI extrémním poškozením, teprve pak je lze POHLTIT.
textbible_english.p3d	TUTORIAL_EP_REMIND_TITLE	EVOLUČNÍ BODY
textbible_english.p3d	TUTORIAL_EP_REMIND_1	Jsou dostupná NOVÁ VYLEPŠENÍ. Zajdi do MENU VYLEPŠENÍ a podívej se, jaké SCHOPNOSTI, DOVEDNOSTI nebo POHYBY můžeš odemknout.
textbible_english.p3d	TUTORIAL_JACK_ARMOURED_VEHICLE_TITLE	ÚNOS PANCÍŘE
textbible_english.p3d	TUTORIAL_JACK_ARMOURED_VEHICLE_1	Odemkl jsi schopnost UNÁŠET a ŘÍDIT OBRNĚNÁ VOZIDLA.
textbible_english.p3d	TUTORIAL_JACK_HELICOPTER_TITLE	SKYJACK VRTULNÍKŮ
textbible_english.p3d	TUTORIAL_JACK_HELICOPTER_1	Odemkl jsi schopnost SKYJACK a pilotování vrtulníků.  Pro SKYJACK chyť %0:BUTTON02 libovolný VRTULNÍK ve vzduchu.
textbible_english.p3d	TUTORIAL_ARTILLERY_STRIKE_TITLE	DĚLOSTŘELECKÝ ÚDER
textbible_english.p3d	TUTORIAL_ARTILLERY_STRIKE_1	Získal jsi schopnost přivolat DĚLOSTŘELECKÝ ÚDER.\n\nDĚLOSTŘELECKÉ ÚDERY se UKLÁDAJÍ a můžeš je POUŽÍT POZDĚJI, dokud jsi ve VOJENSKÉM PŘEVLEKU.
textbible_english.p3d	TUTORIAL_ARTILLERY_STRIKE_2	Pohlcování VELITELŮ MARINE MIMO ZÁKLADNY ti doplňuje zásobu DĚLOSTŘELECKÝCH ÚDERŮ.\n\nPohlcování VELITELŮ BLACKWATCH UVNITŘ ZÁKLADEN zvyšuje CELKOVÝ POČET DĚLOSTŘELECKÝCH ÚDERŮ, které lze ULOŽIT.
textbible_english.p3d	TUTORIAL_ARTILLERY_STRIKE_3	DĚLOSTŘELECKÉ ÚDERY se aktivují v menu AKCE PŘEVLEKU.\n\nDRŽ %0:BUTTON11 pro vyvolání menu, DRŽ %0:BUTTON12 pro ZAMĚŘENÍ nepřítele ve středu oblasti, kterou chceš zasáhnout, a STISKNI %0:BUTTON04 pro PŘIVOLÁNÍ ÚDERU.
textbible_english.p3d	TUTORIAL_ARTILLERY_STRIKE_DURATION_TITLE	DĚLOSTŘELECKÝ ÚDER
textbible_english.p3d	TUTORIAL_ARTILLERY_STRIKE_DURATION_1	DĚLOSTŘELECKÉ ÚDERY jsou vylepšeny.  Vystřelí se více granátů a oblast zásahu je větší.
textbible_english.p3d	TUTORIAL_ARTILLERY_STRIKE_AMMO_TITLE	DĚLOSTŘELECKÝ ÚDER
textbible_english.p3d	TUTORIAL_ARTILLERY_STRIKE_AMMO_1	Nyní si můžeš ULOŽIT více DĚLOSTŘELECKÝCH ÚDERŮ.
textbible_english.p3d	TUTORIAL_POWER_BLADE_TITLE	SCHOPNOST ČEPEL
textbible_english.p3d	TUTORIAL_POWER_BLADE_1	ČEPEL je mocná a smrtící sečná a bodná zbraň - ideální k rozřezání i těch nejodolnějších obrněných vozidel či kůže nakažených. Proti jednotlivým cílům je to tvá nejsilnější útočná schopnost.
textbible_english.p3d	TUTORIAL_POWER_DEFENCE_TITLE	OBRANNÉ SCHOPNOSTI
textbible_english.p3d	TUTORIAL_POWER_DEFENCE_1	Získal jsi svou první OBRANNOU schopnost. DRŽ %0:BUTTON10 pro zobrazení KOLA VÝBĚRU SCHOPNOSTÍ, pak vyber pomocí %0:BUTTON07. Zvolenou OBRANNOU schopnost přepneš pomocí %0:BUTTON15. 
textbible_english.p3d	TUTORIAL_POWER_DEFENCE_2	OBRANNÉ schopnosti ZLEPŠUJÍ tvou šanci přežít díky VĚTŠÍ ODOLNOSTI VŮČI POŠKOZENÍ.
textbible_english.p3d	TUTORIAL_POWER_ARMOUR_TITLE	SCHOPNOST PANCÍŘ
textbible_english.p3d	TUTORIAL_POWER_ARMOUR_1	PANCÍŘ snižuje veškeré utrpěné poškození za cenu nižší pohyblivosti. Když je tato schopnost aktivní, nemůžeš PLACHTIT, dělat PARKOUR ani KOTOUL.
textbible_english.p3d	TUTORIAL_POWER_SHIELD_TITLE	SCHOPNOST ŠTÍT
textbible_english.p3d	TUTORIAL_POWER_SHIELD_1	ŠTÍT je obranná schopnost, která pohltí počáteční poškození od nepřátel. Pokud ŠTÍT dostane najednou velké poškození, PRASKNE a musí se obnovit. Se ŠTÍTEM nemůžeš dělat PARKOUR - místo toho si PROBOURÁŠ CESTU překážkami. STISKNI %0:BUTTON10 pro aktivaci KOLA VÝBĚRU SCHOPNOSTÍ a zvol ŠTÍT.  Tuto schopnost rychle ZAPNEŠ nebo VYPNEŠ pomocí %0:BUTTON15.
textbible_english.p3d	TUTORIAL_POWER_SENSORY_TITLE	SMYSLOVÉ SCHOPNOSTI
textbible_english.p3d	TUTORIAL_POWER_SENSORY_1	Získal jsi svou první SMYSLOVOU schopnost. DRŽ %0:BUTTON10 pro zobrazení KOLA VÝBĚRU SCHOPNOSTÍ a vyber ji pomocí %0:BUTTON07. STISKNI %0:BUTTON00 pro PŘEPNUTÍ aktuální SMYSLOVÉ SCHOPNOSTI.
textbible_english.p3d	TUTORIAL_POWER_SENSORY_2	SMYSLOVÉ schopnosti zlepšují tvé vnímání a usnadňují ti vidět nepřátele i v tom nejpřeplněnějším prostředí bojiště.
textbible_english.p3d	TUTORIAL_WOI_TARGET_SEEN_TITLE	SÍŤ INTRIK
textbible_english.p3d	TUTORIAL_WOI_TARGET_SEEN_1	Toto je CÍL SÍTĚ INTRIK. POHLŤ ho, získáš vzpomínky a odemkneš další CÍLE SÍTĚ INTRIK.
textbible_english.p3d	TUTORIAL_SKYJACK_HELICOPTER_TITLE	SKYJACKING
textbible_english.p3d	TUTORIAL_SKYJACK_HELICOPTER_1	VRTULNÍKY jsou rychlé a mocné. SKYJACK jednoho z nich může zvrátit těžkou bitvu.  Pro SKYJACK SKOČ %0:BUTTON01 a pak u vrtulníku CHYŤ %0:BUTTON02, abys vyšplhal na palubu.\n\nTip: Šance na SKYJACK zvýšíš SKOKOVÝM KOPEM %0:BUTTON01 > %0:BUTTON03 na vrtulník a hned při dotyku CHYŤ %0:BUTTON02, tím zahájíš SKYJACK!
textbible_english.p3d	TUTORIAL_SKYJACK_HELICOPTER_2	STISKNI %0:BUTTON01 a SKOČ k letícímu VRTULNÍKU. CHYŤ VRTULNÍK pomocí %0:BUTTON02. Pokud je VRTULNÍK moc daleko, po skoku můžeš STISKNOUT %0:BUTTON03 a zkrátit vzdálenost LETÍCÍM KOPEM, než ho chytíš pomocí %0:BUTTON02.
textbible_english.p3d	TUTORIAL_POWER_UNUSED_TITLE	NEVYUŽITÉ SCHOPNOSTI
textbible_english.p3d	TUTORIAL_POWER_UNUSED_1	Získal jsi SCHOPNOSTI, které jsi zatím neAKTIVOVAL. STISKNI %0:BUTTON10, otevři KOLO VÝBĚRU SCHOPNOSTÍ a vyzkoušej své nové SCHOPNOSTI.
textbible_english.p3d	TUTORIAL_FREE_ROAM_TITLE	VOLNÝ POHYB
textbible_english.p3d	TUTORIAL_FREE_ROAM_1	Jsi v režimu VOLNÝ POHYB. Zamiř ke ZNAČCE na MINI-MAPĚ a převezmi MISI.
textbible_english.p3d	TUTORIAL_ARTILLERY_STRIKE_USED_TITLE	DĚLOSTŘELECKÝ ÚDER
textbible_english.p3d	TUTORIAL_ARTILLERY_STRIKE_USED_1	Další DĚLOSTŘELECKÉ ÚDERY ZÍSKÁŠ POHLCENÍM dalších VELITELŮ.
textbible_english.p3d	TUTORIAL_ARTILLERY_STRIKE_USED_2	Číslo vedle %0:BUTTON04 v MENU AKCÍ PŘEVLEKU ukazuje, kolik DĚLOSTŘELECKÝCH ÚDERŮ máš uloženo. VYLEPŠENÍ této dovednosti zvýší celkový počet ÚDERŮ, které lze najednou uložit.
textbible_english.p3d	TUTORIAL_ARTILLERY_STRIKE_USED_3	Počet DĚLOSTŘELECKÝCH ÚDERŮ, které můžeš ULOŽIT, ZVÝŠÍŠ pohlcováním VELITELŮ BLACKWATCH ve VOJENSKÝCH ZÁKLADNÁCH.
textbible_english.p3d	TUTORIAL_WOI_COMPLETE_50_TITLE	SÍŤ INTRIK
textbible_english.p3d	TUTORIAL_WOI_COMPLETE_50_1	Kopeš hluboko do historie nákazy na Manhattanu - pohltil jsi 50 % SÍTĚ INTRIK.  Najdi zbytek a odhal pravdu.
textbible_english.p3d	TUTORIAL_WOI_COMPLETE_75_TITLE	SÍŤ INTRIK
textbible_english.p3d	TUTORIAL_WOI_COMPLETE_75_1	Pohltil jsi 75 % SÍTĚ INTRIK a nebezpečně se blížíš k tomu, abys věděl o nákaze na Manhattanu úplně všechno.
textbible_english.p3d	TUTORIAL_WOI_COMPLETE_100_TITLE	SÍŤ INTRIK
textbible_english.p3d	TUTORIAL_WOI_COMPLETE_100_1	Gratulace!  Probil, prosekal a prokousal ses celou SÍTÍ INTRIK.  Odhalil jsi všechny dostupné vzpomínky o událostech, které vedly k nákaze na Manhattanu - ale znáš celý příběh?
textbible_english.p3d	TUTORIAL_START_MISSION_TITLE	MISE
textbible_english.p3d	TUTORIAL_START_MISSION_1	ZNAČKA přidaná na mini-mapu je MÍSTO STARTU MISE. Zamiř k této ZNAČCE a spusť další MISI.
textbible_english.p3d	TUTORIAL_WEAPON_GRAB_TITLE	ZBRANĚ
textbible_english.p3d	TUTORIAL_WEAPON_GRAB_1	STISKNI %0:BUTTON02 a SEBER nebo ODHOĎ jakoukoli ZBRAŇ, od PUŠKY po RAKETOMET. Když máš ZBRAŇ VYBAVENOU, stiskni %0:BUTTON03 a STŘÍLEJ.
textbible_english.p3d	TUTORIAL_BASE_INTERIOR_ALERT_TITLE	UZAVŘENÍ ZÁKLADNY
textbible_english.p3d	TUTORIAL_BASE_INTERIOR_ALERT_1	PŘI POPLACHU JSOU ZÁKLADNY UZAVŘENY.\n\nZABIJ NEBO SETŘES armádu a OPUSŤ ZÁKLADNU.
textbible_english.p3d	TUTORIAL_POWER_SELECT_WHEEL_TITLE	KOLO VÝBĚRU SCHOPNOSTÍ
textbible_english.p3d	TUTORIAL_POWER_SELECT_WHEEL_1	PODRŽ %0:BUTTON10 a otevři KOLO VÝBĚRU SCHOPNOSTÍ.\n\nSlouží k VÝBĚRU a PŘEPÍNÁNÍ tvých různých SCHOPNOSTÍ.
textbible_english.p3d	TUTORIAL_POWER_SELECT_WHEEL_2	POHNI %0:BUTTON07, zvýrazni požadovanou SCHOPNOST a pak UVOLNI %0:BUTTON10.\n\nNezapomeň, že SLOTY RYCHLÉ VOLBY na %0:BUTTON05 umí rychle zapínat a vypínat vybrané SCHOPNOSTI. 
textbible_english.p3d	TUTORIAL_POWER_SELECT_WHEEL_3	Můžeš mít najednou aktivní libovolnou kombinaci ÚTOČNÝCH, OBRANNÝCH a SMYSLOVÝCH SCHOPNOSTÍ.  Zkoušej je míchat a hledej kombinace, které ti sedí.  Když jedna nefunguje, zkus jinou.
textbible_english.p3d	TUTORIAL_BASE_DESTROY_TITLE	NIČENÍ VOJENSKÉ ZÁKLADNY
textbible_english.p3d	TUTORIAL_BASE_DESTROY_1	VOJENSKÉ ZÁKLADNY brání VOJÁCI i OBRNĚNÁ TECHNIKA. Jsou to hrozivé cíle.\nTvé SCHOPNOSTI jsou proti tomuto typu CÍLE většinou NEÚČINNÉ.\nNa zničení VOJENSKÉ ZÁKLADNY použij ZBRANĚ, UNESENÁ VOZIDLA a útoky DEVASTATOR.
textbible_english.p3d	TUTORIAL_HIVE_DESTROY_TITLE	NIČENÍ HNÍZDA NAKAŽENÝCH
textbible_english.p3d	TUTORIAL_HIVE_DESTROY_1	HNÍZDA NAKAŽENÝCH brání hordy NAKAŽENÝCH a LOVCI. Jsou to hrozivé cíle.\nTvé SCHOPNOSTI jsou proti tomuto typu CÍLE většinou NEÚČINNÉ.\nPro MAXIMÁLNÍ POŠKOZENÍ použij ZBRANĚ, UNESENOU TECHNIKU a útoky DEVASTATOR.
textbible_english.p3d	TUTORIAL_GLIDE_TITLE	PLACHTĚNÍ
textbible_english.p3d	TUTORIAL_GLIDE_1	PLACHTĚNÍ je nejrychlejší způsob pohybu po městě. Kombinuj PLACHTĚNÍ s AIRDASHEM a posuň svůj pohyb na maximum.\n\nVE VZDUCHU PODRŽ %0:BUTTON13 a pak STISKNI A PUSŤ %0:BUTTON01, začneš PLACHTIT.
textbible_english.p3d	TUTORIAL_NEW_GAME_PLUS_TITLE	NOVÁ HRA+
textbible_english.p3d	TUTORIAL_NEW_GAME_PLUS_1	Režim NOVÁ HRA+ odemčen.\n\nVyber NOVÁ HRA v HLAVNÍM MENU a projdi hru znovu se všemi ALEXOVÝMI VYLEPŠENÍMI ODEMČENÝMI.
textbible_english.p3d	TUTORIAL_ENDGAME_FREE_ROAM_1	Město je stále částečně nakažené a čeká tě spousta práce. Najdi zbývající cíle SÍTĚ INTRIK, infiltruj nebo znič vojenské základny a dokonči všechny zbylé události za odměny v EP.\n\nZa tyto odměny vylepšuj své dovednosti a dosáhni plného potenciálu. Bitva neskončila.
textbible_english.p3d	TUTORIAL_ENDGAME_FREE_ROAM_TITLE	VOLNÝ POHYB
textbible_english.p3d	TUTORIAL_CONSUME_EVENT_TARGET_SEEN_TITLE	UDÁLOSTI POHLCENÍ
textbible_english.p3d	TUTORIAL_CONSUME_EVENT_TARGET_SEEN_1	POHLŤ označený CÍL a spusť UDÁLOST POHLCENÍ VOJÁKŮ nebo NAKAŽENÝCH.  Jsou to příležitosti odhalit cíle SÍTĚ INTRIK, odemknout VYLEPŠENÍ DOVEDNOSTÍ a získat bonusové EP v časovaných výzvách.
textbible_english.p3d	SMARTHINT_STRIKE_TEAM_DESTROY_REMIND	ÚDERNÝ TÝM lze PORAZIT tím, že ho ZNIČÍŠ.
textbible_english.p3d	SMARTHINT_STRIKE_TEAM_EVADE_REMIND	ÚDERNÝ TÝM lze PORAZIT i tím, že mu UNIKNEŠ.  Použij POHYBOVÉ dovednosti nebo PŘEVLEK, uteč nebo ÚDERNÝ TÝM oklam.
textbible_english.p3d	SMARTHINT_TARGET	PODRŽ %0:BUTTON12 a přejdi do REŽIMU ZAMĚŘENÍ. Když je CÍL vybrán, míří na něj všechny ÚTOKY a zůstává v ZÁBĚRU KAMERY.
textbible_english.p3d	SMARTHINT_COMBO	MÍCHEJ ÚTOK %0:BUTTON03 a SPECIÁL %0:BUTTON04 a vytvářej jedinečná komba.\nZkus %0:BUTTON03 %0:BUTTON03 %0:BUTTON04.
textbible_english.p3d	SMARTHINT_ATTACK_CHARGED	STISKNI a PODRŽ %0:BUTTON03 a nabij své ÚTOKY. STISKNI a PODRŽ %0:BUTTON04 a nabij SPECIÁLNÍ ÚTOKY. NABITÉ útoky dělají větší škodu, doletí dál a udeří tvrději.
textbible_english.p3d	SMARTHINT_JUMP_CHARGED	NABÍJENÍ SKOKŮ ti umožní skákat RYCHLEJI, DÁL a VÝŠ. PODRŽ %0:BUTTON01 a NABIJ SKOK.
textbible_english.p3d	SMARTHINT_JUMP_CHARGED_SPRINTING	NABIJ SKOK během sprintu. Provedeš DALEKÉ SKOKY - skvělé na únik před nepřáteli, před palbou nebo na rychlý přesun městem.
textbible_english.p3d	SMARTHINT_JUMP_MULTI	NABIJ DALŠÍ SKOK už ve vzduchu. Uvolni %0:BUTTON01 při dopadu a ZŘETĚZ VÍCE SKOKŮ.
textbible_english.p3d	SMARTHINT_COLLECTIBLE_HINT	Najdi další SBĚRATELSKÉ PŘEDMĚTY S RADAMI a získej velké odměny v EP.  Čím víc jich máš, tím větší odměna.
textbible_english.p3d	SMARTHINT_COLLECTIBLE_LOCATION	Najdi další SBĚRATELSKÉ ORIENTAČNÍ BODY a získej velké odměny v EP.  Čím víc jich máš, tím větší odměna.
textbible_english.p3d	SMARTHINT_ARMOURED_VEHICLE_UPGRADE	ZVÝŠIL jsi svou ÚČINNOST v OBRNĚNÝCH VOZIDLECH.
textbible_english.p3d	SMARTHINT_HELICOPTER_UPGRADE	ZVÝŠIL jsi svou ÚČINNOST ve VRTULNÍCÍCH.
textbible_english.p3d	SMARTHINT_JAVELIN_UPGRADE	ZVÝŠIL jsi svou ÚČINNOST s RAKETOMETEM.
textbible_english.p3d	SMARTHINT_GRENADE_LAUNCHER_UPGRADE	ZVÝŠIL jsi svou ÚČINNOST s GRANÁTOMETEM.
textbible_english.p3d	SMARTHINT_SAW_UPGRADE	ZVÝŠIL jsi svou ÚČINNOST s KULOMETEM.
textbible_english.p3d	SMARTHINT_RIFLE_UPGRADE	ZVÝŠIL jsi svou ÚČINNOST s ÚTOČNOU PUŠKOU.
textbible_english.p3d	SMARTHINT_AIR_DASH	STISKNI %0:BUTTON13 ve vzduchu a provedeš AIRDASH.  AIRDASH slouží k úhybu ve vzduchu, ke změně směru skoku nebo prostě k delšímu doletu.  AIRDASH je důležité zvládnout.
textbible_english.p3d	SMARTHINT_DEVASTATOR	Jsi v KRITICKÉ HMOTĚ a můžeš provést drtivý útok DEVASTATOR. Jsou to tvé nejsilnější útoky - DEVASTATOR zabije většinu nepřátel jedinou ranou.
textbible_english.p3d	SMARTHINT_WOI_TARGET_KILLED	NEZABÍJEJ CÍLE SÍTĚ. POHLŤ každý z nich a odemkni nové VZPOMÍNKY v SÍTI INTRIK. Vrať se později a zkus tento CÍL SÍTĚ znovu.
textbible_english.p3d	SMARTHINT_WEAPON_FIRE	STISKNI %0:BUTTON12 a ZAMĚŘ NEPŘÍTELE. Stiskni %0:BUTTON03 a STŘÍLEJ.
textbible_english.p3d	SMARTHINT_THERMAL_VISION_UNUSED	TERMOVIZE je SMYSLOVÁ SCHOPNOST, díky které vidíš NEPŘÁTELE skrz kouř a oheň.
textbible_english.p3d	SMARTHINT_WOI_NEGLECTED	Na svobodě je deset a více CÍLŮ SÍTĚ INTRIK. POHLŤ je a odemkni další VZPOMÍNKY v SÍTI INTRIK.
textbible_english.p3d	SMARTHINT_GLIDE_REMIND	PODRŽ SPRINT %0:BUTTON13 a pak VE VZDUCHU STISKNI SKOK %0:BUTTON01, tím provedeš PLACHTĚNÍ.
textbible_english.p3d	SMARTHINT_HELICOPTER_ROCKETS	TENTO VRTULNÍK je vybaven RAKETAMI. RAKETY jsou skvělé na ostřelování SKUPIN NEPŘÁTEL. Rozptyl palbu po okolí a PLOŠNÝM POŠKOZENÍM zasáhni všechny nepřátele ve výbuchu.
textbible_english.p3d	SMARTHINT_HELICOPTER_HOMING_MISSILES	TENTO VRTULNÍK je vybaven SAMONAVÁDĚCÍMI RAKETAMI. Po zaměření sledují svůj cíl se smrtící přesností.
textbible_english.p3d	SMARTHINT_ARTILLERY_STRIKE_REFILL	POHLCENÍ VELITELE doplní MUNICI pro DĚLOSTŘELECKÝ ÚDER.
textbible_english.p3d	SMARTHINT_POWER_SHIELD_BROKEN	Tvá SCHOPNOST ŠTÍT utrpěla PŘÍLIŠ VELKÉ POŠKOZENÍ a je dočasně ROZBITÁ. ŠTÍT bude NEFUNKČNÍ, dokud se NEREGENERUJE.
textbible_english.p3d	SMARTHINT_POWER_SHIELD_HEALED	Tvá SCHOPNOST ŠTÍT se REGENEROVALA a znovu tě ochrání před poškozením.
textbible_english.p3d	DISGUISE_ACTION_ARTILLERY_STRIKE_FAIL_NOT_READY	DĚLOSTŘELECKÝ ÚDER je teď nedostupný.
textbible_english.p3d	DISGUISE_ACTION_ARTILLERY_STRIKE_FAIL_NO_AMMO	Nemáš MUNICI pro DĚLOSTŘELECKÝ ÚDER. POHLŤ VELITELE a doplň si MUNICI.
textbible_english.p3d	DISGUISE_ACTION_ARTILLERY_STRIKE_FAIL_DEFAULT	Chceš-li přivolat DĚLOSTŘELECKÝ ÚDER, nejdřív ZAMĚŘ NEPŘÍTELE v platném VOJENSKÉM PŘEVLEKU.  Pak stiskni %0:BUTTON11 a otevři MENU PŘEVLEKU.
textbible_english.p3d	DISGUISE_ACTION_PATSY_FAIL_OUT_OF_RANGE	Musíš být BLÍŽ k CÍLI, abys spustil OBĚTNÍHO BERÁNKA.
textbible_english.p3d	DISGUISE_ACTION_PATSY_FAIL_RECHARGING	Musíš počkat, než znovu použiješ OBĚTNÍHO BERÁNKA.
textbible_english.p3d	DISGUISE_ACTION_PATSY_FAIL_DEFAULT	Musíš ZAMĚŘIT %0:BUTTON12 ČLOVĚKA v platném VOJENSKÉM PŘEVLEKU, abys spustil OBĚTNÍHO BERÁNKA.
textbible_english.p3d	DISGUISE_ACTION_STEALTH_CONSUME_FAIL_SEEN	NENÁPADNĚ POHLTIT CÍL nemůžeš, když tě někdo SLEDUJE.
textbible_english.p3d	DISGUISE_ACTION_STEALTH_CONSUME_FAIL_DEFAULT	Pro NENÁPADNÉ POHLCENÍ musíš být ZA LIDSKÝM NEPŘÍTELEM a NESPATŘEN armádou.
textbible_english.p3d	META_DISTRICT_1	West Harlem
textbible_english.p3d	META_DISTRICT_2	East Harlem
textbible_english.p3d	META_DISTRICT_3	Upper West Side
textbible_english.p3d	META_DISTRICT_4	Central Park
textbible_english.p3d	META_DISTRICT_5	Upper East Side
textbible_english.p3d	META_DISTRICT_6	Midtown West
textbible_english.p3d	META_DISTRICT_7	Times Square
textbible_english.p3d	META_DISTRICT_8	Midtown East
textbible_english.p3d	META_DISTRICT_9	Chelsea
textbible_english.p3d	META_DISTRICT_10	Gramercy
textbible_english.p3d	META_DISTRICT_11	Greenwich
textbible_english.p3d	META_DISTRICT_12	East Village
textbible_english.p3d	META_DISTRICT_13	SoHo
textbible_english.p3d	META_DISTRICT_14	Little Italy
textbible_english.p3d	META_DISTRICT_15	Lower East Side
textbible_english.p3d	META_DISTRICT_16	Chinatown
textbible_english.p3d	META_DISTRICT_17	Financial
textbible_english.p3d	10_SEC_WARNING	ZBÝVÁ 10 SEKUND
textbible_english.p3d	1_MIN_WARNING	ZBÝVÁ 1 MINUTA
textbible_english.p3d	2_MIN_WARNING	ZBÝVAJÍ 2 MINUTY
textbible_english.p3d	30_SEC_WARNING	ZBÝVÁ 30 SEKUND
textbible_english.p3d	5_MIN_WARNING	ZBÝVÁ 5 MINUT
textbible_english.p3d	bwabr	VELITEL TANKU BLACKWATCH
textbible_english.p3d	bwbhk	PILOT TRANSPORTÉRU BLACKWATCH
textbible_english.p3d	bwbra	VELITEL APC BLACKWATCH
textbible_english.p3d	bwgsp	PILOT BITEVNÍKU BLACKWATCH
textbible_english.p3d	bwhqa	VELITELSTVÍ BLACKWATCH
textbible_english.p3d	lim	KAPITÁN LIM
textbible_english.p3d	bwmls	VELITEL MLRS BLACKWATCH
textbible_english.p3d	bwagent	AGENT BLACKWATCH
textbible_english.p3d	bwoff	VELITEL BLACKWATCH
textbible_english.p3d	bwtra	VOJÁK BLACKWATCH
textbible_english.p3d	contact	KONTAKT
textbible_english.p3d	karen	KAREN PARKER
textbible_english.p3d	LOADLASTSAVE	NAČÍST ULOŽENOU HRU
textbible_english.p3d	maabr	VELITEL TANKU MARINE
textbible_english.p3d	mabcm	VELENÍ ZÁKLADNY MARINE
textbible_english.p3d	mabhk	PILOT TRANSPORTÉRU MARINE
textbible_english.p3d	mabra	VELITEL APC MARINE
textbible_english.p3d	maf35	PILOT STÍHAČKY MARINE
textbible_english.p3d	magsp	PILOT BITEVNÍKU MARINE
textbible_english.p3d	mahqb	DŮSTOJNÍK VELITELSTVÍ MARINE
textbible_english.p3d	mahqa	SPOJOVACÍ DŮSTOJNÍK VELITELSTVÍ MARINE
textbible_english.p3d	mamls	VELITEL MLRS MARINE
textbible_english.p3d	maoff	DŮSTOJNÍK MARINE
textbible_english.p3d	mar	MARINE
textbible_english.p3d	MISSION_COMPLETE	MISE SPLNĚNA
textbible_english.p3d	MISSION_FAILED	MISE SELHALA
textbible_english.p3d	MISSION_OBJECTIVE	CÍL MISE
textbible_english.p3d	MISSION_ACQUISITION	PŘEVZETÍ MISE
textbible_english.p3d	nydisp	POLICEJNÍ DISPEČINK
textbible_english.p3d	nypd	POLICISTA
textbible_english.p3d	OBJECTIVE_COMPLETE	CÍL SPLNĚN
textbible_english.p3d	OBJECTIVE_NEW	NOVÝ CÍL
textbible_english.p3d	R3_CANCEL	%0:BUTTON07 VYBRAT
textbible_english.p3d	POWERS_ATTACK_CLAW	DRÁPY
textbible_english.p3d	POWERS_ATTACK_HAMMER	KLADIVOVÉ PĚSTI
textbible_english.p3d	POWERS_ATTACK_MUSCLE	SVALOVÁ HMOTA
textbible_english.p3d	POWERS_ATTACK_WHIP	BIČOVÁ PĚST
textbible_english.p3d	POWERS_DEFENCE_ARMOUR	PANCÍŘ
textbible_english.p3d	POWERS_DEFENCE_CHAMELEON	CHAMELEONÍ KŮŽE
textbible_english.p3d	POWERS_DEFENCE_SHIELD	ŠTÍT
textbible_english.p3d	POWERS_DISGUISE_DEFAULT	PŘEVLEK
textbible_english.p3d	POWERS_VISION_BLADES	ČEPEL
textbible_english.p3d	POWERS_VISION_MOTHER	VIZE NAKAŽENÝCH
textbible_english.p3d	POWERS_VISION_THERMAL	TERMOVIZE
textbible_english.p3d	p_ctf	CHODKYNĚ
textbible_english.p3d	p_ctm	CHODEC
textbible_english.p3d	p_erm	CHODEC
textbible_english.p3d	p_fdf	CHODKYNĚ
textbible_english.p3d	p_fdm	CHODEC
textbible_english.p3d	p_ham	CHODEC
textbible_english.p3d	p_hlf	CHODKYNĚ
textbible_english.p3d	p_mtf	CHODKYNĚ
textbible_english.p3d	p_mtm	CHODEC
textbible_english.p3d	p_suf	CHODKYNĚ
textbible_english.p3d	p_uem	CHODEC
textbible_english.p3d	p_uwm	CHODEC
textbible_english.p3d	QUITFREEROAM	ZPĚT DO VOLNÉHO POHYBU
textbible_english.p3d	QUITTOMENU	ZPĚT DO HLAVNÍHO MENU
textbible_english.p3d	QUITDESKTOP	UKONČIT HRU
textbible_english.p3d	ragland	DR. RAGLAND
textbible_english.p3d	RESTORECHECKPOINT	OBNOVIT KONTROLNÍ BOD
textbible_english.p3d	ABORTMISSION	ZRUŠIT MISI
textbible_english.p3d	RETRYMISSION	ZNOVU
textbible_english.p3d	RESTARTEVENT	RESTART UDÁLOSTI
textbible_english.p3d	ABORTEVENT	ZRUŠIT UDÁLOST
textbible_english.p3d	STEALTH_CONSUME	NENÁPADNÉ POHLCENÍ
textbible_english.p3d	PATSY	OBĚTNÍ BERÁNEK
textbible_english.p3d	ARTILLERY_STRIKE	DĚLOSTŘELECKÝ ÚDER
textbible_english.p3d	DISGUISE_ACTION_LABEL_LOCKED	SCHOPNOST ZAMČENA
textbible_english.p3d	DISGUISE_ACTION_HINT_LOCKED	-
textbible_english.p3d	susol	SUPERVOJÁK
textbible_english.p3d	WORLD_BOUNDARY_HELI_WARNING_1	VAROVÁNÍ - OPOUŠTÍŠ KARANTÉNNÍ ZÓNU MANHATTAN
textbible_english.p3d	WORLD_BOUNDARY_HELI_WARNING_2	POSLEDNÍ VAROVÁNÍ
textbible_english.p3d	WORLD_BOUNDARY_HELI_BACK	DĚKUJEME ZA SPOLUPRÁCI
textbible_english.p3d	WORLD_BOUNDARY_HELI_SHOT	VRTULNÍK SESTŘELEN
textbible_english.p3d	STRIKE_TEAM_DESTROYED_PLAYER	ÚDERNÝ TÝM ZNIČEN
textbible_english.p3d	STRIKE_TEAM_EVADED_PLAYER	ÚDERNÝ TÝM SETŘESEN
textbible_english.p3d	EVENT_TYPE_LOCO	POHYB
textbible_english.p3d	EVENT_TYPE_KILL	ZABÍJENÍ
textbible_english.p3d	EVENT_TYPE_GLIDE	PLACHTĚNÍ
textbible_english.p3d	EVENT_TYPE_WAR	VÁLKA
textbible_english.p3d	EVENT_TYPE_OPPORTUNITY	POHLCENÍ
textbible_english.p3d	MILITARY_CONSUME_EVENT	UDÁLOST POHLCENÍ VOJÁKŮ
textbible_english.p3d	INFECTED_CONSUME_EVENT	UDÁLOST POHLCENÍ NAKAŽENÝCH
textbible_english.p3d	EVENT_GLIDE_BEYOND_TARGET_RANGE	PŘÍLIŠ DALEKO OD CÍLE
textbible_english.p3d	CHECKPOINT_SAVED	KONTROLNÍ BOD DOSAŽEN
textbible_english.p3d	EVENT_OPP_BASE_INFILTRATE_TANK_OVERVIEW	V nedaleké ZÁKLADNĚ je INSTRUKTOR OBRNĚNÉ TECHNIKY. POHLŤ HO a zvýšíš Alexovy ŘIDIČSKÉ DOVEDNOSTI.
textbible_english.p3d	EVENT_OPP_WOI_TARGETS_DEAD	POHLCENO PŘÍLIŠ MÁLO CÍLŮ
textbible_english.p3d	EVENT_OPP_SCIENTISTS_OVERVIEW	VĚDCI BLACKWATCH jsou nasazeni v terénu. POHLŤ je a odhal polohu KLÍČOVÉ POSTAVY SPIKNUTÍ.
textbible_english.p3d	EVENT_OPP_SCIENTISTS_OVERVIEW2	VĚDCI BLACKWATCH jsou nasazeni v terénu. POHLŤ jich dost a odhal polohu KAREN PARKER.
textbible_english.p3d	EVENT_OPP_BASE_BREACHED	PRŮNIK DO VOJENSKÉ ZÁKLADNY
textbible_english.p3d	EVENT_TYPE_LOCO_HIGH_SCORE_LABEL	NEJLEPŠÍ ČAS
textbible_english.p3d	EVENT_TYPE_KILL_HIGH_SCORE_LABEL	REKORD
textbible_english.p3d	EVENT_TYPE_GLIDE_HIGH_SCORE_LABEL	NEJKRATŠÍ VZDÁLENOST
textbible_english.p3d	EVENT_TYPE_WAR_HIGH_SCORE_LABEL	REKORD
textbible_english.p3d	EVENT_TYPE_OPPORTUNITY_HIGH_SCORE_LABEL	REKORD
textbible_english.p3d	EVENT_TYPE_COLLECTIBLE_HIGH_SCORE_LABEL	REKORD
textbible_english.p3d	EVENT_TYPE_LOCO_CURRENT_SCORE_LABEL	ČAS
textbible_english.p3d	EVENT_TYPE_KILL_CURRENT_SCORE_LABEL	SKÓRE
textbible_english.p3d	EVENT_TYPE_GLIDE_CURRENT_SCORE_LABEL	VZDÁLENOST
textbible_english.p3d	EVENT_TYPE_WAR_CURRENT_SCORE_LABEL	SKÓRE
textbible_english.p3d	EVENT_TYPE_OPPORTUNITY_CURRENT_SCORE_LABEL	SKÓRE
textbible_english.p3d	EVENT_TYPE_COLLECTIBLE_CURRENT_SCORE_LABEL	SKÓRE
textbible_english.p3d	EP_REWARD	ODMĚNA EP
textbible_english.p3d	EVENT_OPPORTUNITY_DESCRIPTION	Přehled
textbible_english.p3d	EVENT_OPPORTUNITY_OBJECTIVES	Cíle
textbible_english.p3d	EVENT_OPPORTUNITY_REWARDS	Odměny
textbible_english.p3d	EVENT_OPPORTUNITY_TIME_LIMIT	Časový limit
textbible_english.p3d	EVENT_OPPORTUNITY_DIFFICULTY	Obtížnost
textbible_english.p3d	EP_TOTAL	CELKEM EP
textbible_english.p3d	EP	%1:NUMBER EP
textbible_english.p3d	ALLIANCE	SPOJENECTVÍ
textbible_english.p3d	NEXT_ALLIANCE	DALŠÍ SPOJENECTVÍ
textbible_english.p3d	EVENT_LOCO_SYNOPSIS	Otestuj své pohybové dovednosti a projeď VŠEMI BODY TRASY co nejrychleji.
textbible_english.p3d	EVENT_TYPE_LOCO_TUTORIAL	Projeď BODY TRASY co NEJRYCHLEJI. MEDAILE se UDĚLUJÍ podle celkového ČASU.
textbible_english.p3d	EVENT_LOCO_MID_WAYPOINT	Pokračuj k DALŠÍMU BODU TRASY.
textbible_english.p3d	EVENT_LOCO_END_WAYPOINT	Pokračuj k POSLEDNÍMU BODU TRASY.
textbible_english.p3d	EVENT_LOCO_TOO_SLOW	ČAS VYPRŠEL
textbible_english.p3d	EVENT_CANCELLED	UDÁLOST ZRUŠENA
textbible_english.p3d	EVENT_MEDAL_NONE	NIC NOVÉHO: 
textbible_english.p3d	EVENT_DATA_NULL	----
textbible_english.p3d	EVENT_SKIP_PRESENTATION	PŘESKOČIT
textbible_english.p3d	EVENT_BRONZE	BRONZ
textbible_english.p3d	EVENT_SILVER	STŘÍBRO
textbible_english.p3d	EVENT_GOLD	ZLATO
textbible_english.p3d	EVENT_PLATINUM	PLATINA
textbible_english.p3d	EVENT_MEDAL_AWARDED	ZÍSKÁNA MEDAILE %1:STRING
textbible_english.p3d	EVENT_BEST_MEDAL	NEJLEPŠÍ MEDAILE
textbible_english.p3d	EVENT_GO	START
textbible_english.p3d	EVENT_WAR_SYNOPSIS	Uzavři DOČASNÉ SPOJENECTVÍ a BOJUJ proti SPOLEČNÉMU NEPŘÍTELI.
textbible_english.p3d	EVENT_TYPE_WAR_MILITARY_TUTORIAL	Bojuj po boku VOJENSKÝCH SPOJENCŮ a PORAZ NAKAŽENÉ.  Pokud všichni VOJENŠTÍ SPOJENCI ZEMŘOU, bitva je PROHRANÁ.
textbible_english.p3d	EVENT_WAR_MILITARY_ALLY_INTRO	Vzniklo dočasné VOJENSKÉ SPOJENECTVÍ. ZABÍJEJ NAKAŽENÉ a CHRAŇ VOJÁKY.
textbible_english.p3d	EVENT_WAR_INFECTED_ALLY_INTRO	Vzniklo dočasné SPOJENECTVÍ S NAKAŽENÝMI. ZABÍJEJ VOJÁKY a CHRAŇ NAKAŽENÉ.
textbible_english.p3d	EVENT_WAR_DISGUISED_INTRO	VOJENSKÝ PŘEVLEK nasazen. ZABÍJEJ NAKAŽENÉ a CHRAŇ VOJÁKY. UDRŽ SI PŘEVLEK.
textbible_english.p3d	EVENT_WAR_MILITARY_ALLY	VOJENSKÝ SPOJENEC
textbible_english.p3d	EVENT_WAR_INFECTED_ALLY	NAKAŽENÝ SPOJENEC
textbible_english.p3d	EVENT_GLIDE_SYNOPSIS	PLACHTI a přistaň co nejblíž ke ZNAČCE.
textbible_english.p3d	EVENT_TYPE_GLIDE_TUTORIAL	PLACHTI a přistaň co nejblíž ke ZNAČCE.
textbible_english.p3d	EVENT_START	START UDÁLOSTI
textbible_english.p3d	EVENT_START_MILITARY	HRÁT ZA ARMÁDU
textbible_english.p3d	EVENT_START_INFECTED	HRÁT ZA NAKAŽENÉ
textbible_english.p3d	EVENT_START_DISGUISED	HRÁT V PŘEVLEKU
textbible_english.p3d	EVENT_COMPLETE	UDÁLOST SPLNĚNA
textbible_english.p3d	EVENT_FAILED	UDÁLOST SELHALA
textbible_english.p3d	EVENT_FIREARMS_SYNOPSIS	ZABIJ co nejvíc NEPŘÁTEL v ČASOVÉM LIMITU.\nPOUŽÍVEJ JEN PŘIDĚLENOU ZBRAŇ.
textbible_english.p3d	EVENT_TYPE_KILL_TUTORIAL	Vhodnou ZBRANÍ, SCHOPNOSTÍ nebo VOZIDLEM ZABIJ co nejvíc NEPŘÁTEL v ČASOVÉM LIMITU.  VĚTŠÍ NEPŘÁTELÉ mají VĚTŠÍ HODNOTU.
textbible_english.p3d	EVENT_FIREARMS_INFECTED	ZABIJ co nejvíc NAKAŽENÝCH v ČASOVÉM LIMITU. Používej jen přidělenou ZBRAŇ.
textbible_english.p3d	EVENT_FIREARMS_MILITARY	ZABIJ co nejvíc VOJENSKÉHO PERSONÁLU v ČASOVÉM LIMITU. Používej jen přidělenou ZBRAŇ.
textbible_english.p3d	EVENT_TYPE_OPPORTUNITY_TUTORIAL	PLŇ POKYNY a získej VELKOU ODMĚNU V EP.
textbible_english.p3d	EVENT_TYPE_COLLECTIBLE_TUTORIAL	Najdi ve městě všechny SBĚRATELSKÉ ORIENTAČNÍ BODY a RADY.
textbible_english.p3d	EVENT_VIEW_TUTORIAL	PŘEPNOUT NÁVOD
textbible_english.p3d	EVENT_EXIT	ODEJÍT
textbible_english.p3d	EVENT_REPLAY	HRÁT ZNOVU
textbible_english.p3d	EVENT_REPLAY_MILITARY	ZNOVU ZA ARMÁDU
textbible_english.p3d	EVENT_REPLAY_INFECTED	ZNOVU ZA NAKAŽENÉ
textbible_english.p3d	EVENT_REPLAY_DISGUISED	ZNOVU V PŘEVLEKU
textbible_english.p3d	1_1_MISSION_NAME	VZPOMÍNKA VE SMRTI
textbible_english.p3d	1_1_ACQUISITION_STRING	VZPOMÍNKA VE SMRTI
textbible_english.p3d	1_2_MISSION_NAME	NEČEKANÁ RODINA
textbible_english.p3d	1_2_ACQUISITION_STRING	NEČEKANÁ RODINA
textbible_english.p3d	2_1_MISSION_NAME	MINULOST A PŘÍTOMNOST
textbible_english.p3d	2_1_ACQUISITION_STRING	MINULOST A PŘÍTOMNOST
textbible_english.p3d	2_2_MISSION_NAME	ZA SKLEM
textbible_english.p3d	2_2_ACQUISITION_STRING	ZA SKLEM\nJdi do Danina úkrytu.
textbible_english.p3d	2_5_MISSION_NAME	PŘEKŘÍŽENÍ T
textbible_english.p3d	2_5_ACQUISITION_STRING	PŘEKŘÍŽENÍ T
textbible_english.p3d	3_1_MISSION_NAME	KOLA NÁHODY
textbible_english.p3d	3_1_ACQUISITION_STRING	KOLA NÁHODY\nJdi do Danina úkrytu.
textbible_english.p3d	3_2_MISSION_NAME	NOVÝ ŘÁD
textbible_english.p3d	3_2_ACQUISITION_STRING	NOVÝ ŘÁD\nJdi do laboratoře Karen Parker.
textbible_english.p3d	3_3_MISSION_NAME	OBNAŽENÝ SVĚT
textbible_english.p3d	3_3_ACQUISITION_STRING	OBNAŽENÝ SVĚT\nJdi do laboratoře Karen Parker.
textbible_english.p3d	4_1_MISSION_NAME	OTEVŘENÉ SPIKNUTÍ
textbible_english.p3d	4_1_ACQUISITION_STRING	OTEVŘENÉ SPIKNUTÍ\nJdi do Danina úkrytu.
textbible_english.p3d	4_2_MISSION_NAME	V SÍTI
textbible_english.p3d	4_2_ACQUISITION_STRING	V SÍTI\nJdi do Danina úkrytu.
textbible_english.p3d	4_3_MISSION_NAME	ZMĚNĚNÝ SVĚT
textbible_english.p3d	4_3_ACQUISITION_STRING	ZMĚNĚNÝ SVĚT\nJdi do Danina úkrytu.
textbible_english.p3d	4_4_MISSION_NAME	POSLÍČEK
textbible_english.p3d	4_4_ACQUISITION_STRING	POSLÍČEK\nVrať se do laboratoře Karen Parker a zkontroluj její pokrok.
textbible_english.p3d	4_5_MISSION_NAME	ZPOVĚDI
textbible_english.p3d	4_5_ACQUISITION_STRING	ZPOVĚDI\nJdi do Danina úkrytu.
textbible_english.p3d	5_1_MISSION_NAME	POD NOŽEM
textbible_english.p3d	5_1_ACQUISITION_STRING	POD NOŽEM\nJdi do márnice Dr. Raglanda.
textbible_english.p3d	5_2_MISSION_NAME	UKRADENÉ TĚLO
textbible_english.p3d	5_2_ACQUISITION_STRING	UKRADENÉ TĚLO\nJdi do márnice Dr. Raglanda.
textbible_english.p3d	5_3_MISSION_NAME	BIOLOGICKÝ IMPERATIV
textbible_english.p3d	5_3_ACQUISITION_STRING	BIOLOGICKÝ IMPERATIV\nJdi do márnice Dr. Raglanda.
textbible_english.p3d	6_1_MISSION_NAME	DVEŘE VE ZDI
textbible_english.p3d	6_1_ACQUISITION_STRING	DVEŘE VE ZDI\nJdi do Danina úkrytu.
textbible_english.p3d	6_2_MISSION_NAME	PRVNÍ A POSLEDNÍ VĚCI
textbible_english.p3d	6_2_ACQUISITION_STRING	PRVNÍ A POSLEDNÍ VĚCI\nJdi do márnice Dr. Raglanda.
textbible_english.p3d	6_6_MISSION_NAME	!!MISSING A NAME!!
textbible_english.p3d	6_6_ACQUISITION_STRING	!!MISSING A NAME!!\nJdi do márnice Dr. Raglanda.
textbible_english.p3d	6_3_MISSION_NAME	PRVNÍ MONSTRUM
textbible_english.p3d	6_3_ACQUISITION_STRING	PRVNÍ MONSTRUM\nJdi do márnice Dr. Raglanda.
textbible_english.p3d	6_4_MISSION_NAME	TVORBA BUDOUCNOSTI
textbible_english.p3d	6_4_ACQUISITION_STRING	TVORBA BUDOUCNOSTI\nJdi k vojenské základně.
textbible_english.p3d	6_5_MISSION_NAME	DĚTI BLACKLIGHTU
textbible_english.p3d	6_5_ACQUISITION_STRING	DĚTI BLACKLIGHTU\nPOSTAV SE ELIZABETH GREENE
textbible_english.p3d	7_1_MISSION_NAME	LIDÉ JAKO BOHOVÉ
textbible_english.p3d	7_1_ACQUISITION_STRING	LIDÉ JAKO BOHOVÉ\nJdi k telefonní budce Kontaktu.
textbible_english.p3d	7_2_MISSION_NAME	SEN O ARMAGEDONU
textbible_english.p3d	7_2_ACQUISITION_STRING	SEN O ARMAGEDONU\nJdi k telefonní budce Kontaktu.
textbible_english.p3d	7_4_MISSION_NAME	ŠOK A HRŮZA
textbible_english.p3d	7_4_ACQUISITION_STRING	ŠOK A HRŮZA\nJdi k telefonní budce Kontaktu.
textbible_english.p3d	8_2_MISSION_NAME	OSVOBOZENÝ SVĚT
textbible_english.p3d	8_2_ACQUISITION_STRING	OSVOBOZENÝ SVĚT\nJdi k telefonní budce Kontaktu.
textbible_english.p3d	8_3_MISSION_NAME	CO PŘIJDE
textbible_english.p3d	8_3_ACQUISITION_STRING	CO PŘIJDE\nAktivuj pumpu Bloodtox.
textbible_english.p3d	8_4_MISSION_NAME	INSTINKTEM
textbible_english.p3d	8_4_ACQUISITION_STRING	INSTINKTEM\nPORAZ ELIZABETH GREENE
textbible_english.p3d	9_1_MISSION_NAME	POSLEDNÍ ČLOVĚK
textbible_english.p3d	9_1_ACQUISITION_STRING	POSLEDNÍ ČLOVĚK\nJdi na vyhlídku.
textbible_english.p3d	9_3_MISSION_NAME	DVĚ JÍZDENKY
textbible_english.p3d	9_3_ACQUISITION_STRING	DVĚ VSTUPENKY\nJdi na vyhlídku.
textbible_english.p3d	10_4_MISSION_NAME	TISÍC SLUNCÍ
textbible_english.p3d	10_4_ACQUISITION_STRING	TISÍC SLUNCÍ\nPORAZ NEJVYŠŠÍHO LOVCE
textbible_english.p3d	11_1_MISSION_NAME	KONCOVKA
textbible_english.p3d	ACQUISITION_ENEMIES	NEPŘÁTELÉ jsou BLÍZKO. UNIKNI jim nebo je PORAZ, než začneš MISI.
textbible_english.p3d	ACQUISITION_GATEDMOVE_E02M02	Otevři menu VYLEPŠENÍ %0:BUTTON09 a KUP si vylepšení DIVEROLL, abys ZAČAL tuto MISI.
textbible_english.p3d	ACQUISITION_GATEDMOVE_E03M01	Otevři menu VYLEPŠENÍ %0:BUTTON09 a KUP si vylepšení NENÁPADNÉ POHLCENÍ, abys ZAČAL tuto MISI.
textbible_english.p3d	ACQUISITION_GATEDMOVE_E03M02	Otevři menu VYLEPŠENÍ %0:BUTTON09 a KUP si vylepšení AIRDASH, abys ZAČAL tuto MISI.
textbible_english.p3d	ACQUISITION_GATEDMOVE_E04M01	Otevři menu VYLEPŠENÍ %0:BUTTON09 a KUP si vylepšení PLACHTĚNÍ, abys ZAČAL tuto MISI.
textbible_english.p3d	ACQUISITION_GATEDMOVE_E04M02	Otevři menu VYLEPŠENÍ %0:BUTTON09 a KUP si vylepšení SPRINT, abys ZAČAL tuto MISI.
textbible_english.p3d	ACQUISITION_GATEDMOVE_E04M03	Otevři menu VYLEPŠENÍ %0:BUTTON09 a KUP si vylepšení KRITICKÁ HMOTA, abys ZAČAL tuto MISI.
textbible_english.p3d	ACQUISITION_GATEDMOVE_E04M04	Otevři menu VYLEPŠENÍ %0:BUTTON09 a KUP si VYLEPŠENÍ SKOKU 1, abys ZAČAL tuto MISI.
textbible_english.p3d	ACQUISITION_GATEDMOVE_E05M01	Otevři menu VYLEPŠENÍ %0:BUTTON09 a KUP si vylepšení RÁZOVÁ VLNA PĚSTÍ, abys ZAČAL tuto MISI.
textbible_english.p3d	ACQUISITION_GATEDMOVE_E06M01	Otevři menu VYLEPŠENÍ %0:BUTTON09 a KUP si vylepšení DEVASTATOR PŘÍVAL CHAPADEL, abys ZAČAL tuto MISI.
textbible_english.p3d	BUTTONHINT_START_MISSION	ZAČÍT MISI
textbible_english.p3d	BUTTONHINT_ENTER_BASE	DO ZÁKLADNY
textbible_english.p3d	EXIT_BASE	ZE ZÁKLADNY
textbible_english.p3d	BASE_IN_ALERT	UKONČI POPLACH, než vstoupíš do ZÁKLADNY.
textbible_english.p3d	BASE_NEED_VALID_DISGUISE	Nutný PLATNÝ PŘEVLEK VELITELE a KLÍČ K ZÁKLADNĚ.
textbible_english.p3d	EVENT_COMPLETE_RECORD_KILL_INFO	UDÁLOST SPLNĚNA s NOVÝM REKORDEM %1:NUMBER zabití.
textbible_english.p3d	EVENT_COMPLETE_KILL_INFO	UDÁLOST SPLNĚNA s %1:NUMBER zabitími.
textbible_english.p3d	EVENT_COMPLETE_RECORD_DISTANCE_INFO	UDÁLOST SPLNĚNA s NOVÝM REKORDEM %1:FLOATSHORT metrů.
textbible_english.p3d	EVENT_COMPLETE_DISTANCE_INFO	UDÁLOST SPLNĚNA s %1:FLOATSHORT metry.
textbible_english.p3d	EVENT_COMPLETE_RECORD_TIME_INFO	UDÁLOST SPLNĚNA v NOVÉM REKORDU %1:FLOATSHORT sekund.
textbible_english.p3d	EVENT_COMPLETE_TIME_INFO	UDÁLOST SPLNĚNA za %1:FLOATSHORT sekund.
textbible_english.p3d	EVENT_POWERS_INFECTED_CLAWS	ZABIJ co nejvíc NAKAŽENÝCH v ČASOVÉM LIMITU.  Používej jen DRÁPY.
textbible_english.p3d	EVENT_POWERS_MILITARY_CLAWS	ZABIJ co nejvíc VOJENSKÉHO PERSONÁLU v ČASOVÉM LIMITU.  Používej jen DRÁPY.
textbible_english.p3d	EVENT_POWERS_INFECTED_HAMMERFIST	ZABIJ co nejvíc NAKAŽENÝCH v ČASOVÉM LIMITU.  Používej jen KLADIVOVÉ PĚSTI.
textbible_english.p3d	EVENT_POWERS_MILITARY_HAMMERFIST	ZABIJ co nejvíc VOJENSKÉHO PERSONÁLU v ČASOVÉM LIMITU.  Používej jen KLADIVOVÉ PĚSTI.
textbible_english.p3d	EVENT_POWERS_INFECTED_BLADES	ZABIJ co nejvíc NAKAŽENÝCH v ČASOVÉM LIMITU jen pomocí ČEPELÍ.
textbible_english.p3d	EVENT_POWERS_MILITARY_WHIPFIST	ZABIJ co nejvíc VOJENSKÉHO PERSONÁLU v ČASOVÉM LIMITU.  Používej jen BIČOVOU PĚST.
textbible_english.p3d	EVENT_POWERS_INFECTED_WHIPFIST	ZABIJ co nejvíc NAKAŽENÝCH v ČASOVÉM LIMITU.  Používej jen BIČOVOU PĚST.
textbible_english.p3d	EVENT_POWERS_MILITARY_BLADES	ZABIJ co nejvíc VOJENSKÉHO PERSONÁLU v ČASOVÉM LIMITU.  Používej jen ČEPELE.
textbible_english.p3d	EVENT_OPP_TITLE	UDÁLOSTI POHLCENÍ
textbible_english.p3d	EVENT_COLLECTIBLES_SCIENTISTS_REWARD	Všichni VĚDCI BLACKWATCH byli pohlceni. Současná poloha KAREN PARKER byla odhalena. JDI k CÍLI označenému na MAPĚ.
textbible_english.p3d	STRIKE_TEAMS_SUPPRESS_ON	ÚDERNÉ TÝMY POTLAČENY
textbible_english.p3d	STRIKE_TEAMS_SUPPRESS_OFF	ÚDERNÉ TÝMY AKTIVNÍ
textbible_english.p3d	WATER_TOWERS_SUPPRESS_ON	NAKAŽENÉ VODÁRNY NEAKTIVNÍ
textbible_english.p3d	WATER_TOWERS_SUPPRESS_OFF	NAKAŽENÉ VODÁRNY AKTIVNÍ
textbible_english.p3d	EVENT_OUT_OF_AREA	MIMO OBLAST UDÁLOSTI
textbible_english.p3d	EVENT_DEACTIVATING_IN_5	5 SEKUND do DEAKTIVACE
textbible_english.p3d	EVENT_DEACTIVATING_IN_4	4 SEKUNDY do DEAKTIVACE
textbible_english.p3d	EVENT_DEACTIVATING_IN_3	3 SEKUNDY do DEAKTIVACE
textbible_english.p3d	EVENT_DEACTIVATING_IN_2	2 SEKUNDY do DEAKTIVACE
textbible_english.p3d	EVENT_DEACTIVATING_IN_1	1 SEKUNDA do DEAKTIVACE
textbible_english.p3d	EVENT_OPPORTUNITY_COMPLETE	UDÁLOST SPLNĚNA
textbible_english.p3d	EVENT_OPPORTUNITY_FAILED	PŘÍLEŽITOST SELHALA
textbible_english.p3d	EVENT_POWERS_SYNOPSIS	ZABIJ co nejvíc NEPŘÁTEL v ČASOVÉM LIMITU.\nPoužívej jen AKTIVOVANOU SCHOPNOST.
textbible_english.p3d	EVENT_VEHICLES_SYNOPSIS	ZABIJ co nejvíc NEPŘÁTEL v ČASOVÉM LIMITU.\nPoužívej jen dodané VOZIDLO.
textbible_english.p3d	EVENT_VEHICLES_INFECTED_HELI	ZABIJ co nejvíc NAKAŽENÝCH v ČASOVÉM LIMITU.\nPoužívej jen dodaný BITEVNÍ VRTULNÍK.
textbible_english.p3d	EVENT_VEHICLES_MILITARY_HELI	ZABIJ co nejvíc VOJÁKŮ v ČASOVÉM LIMITU.\nPoužívej jen dodaný BITEVNÍ VRTULNÍK.
textbible_english.p3d	EVENT_VEHICLES_INFECTED_TANK	ZABIJ co nejvíc NAKAŽENÝCH v ČASOVÉM LIMITU.\nPoužívej jen dodané OBRNĚNÉ VOZIDLO.
textbible_english.p3d	EVENT_VEHICLES_MILITARY_TANK	ZABIJ co nejvíc VOJÁKŮ v ČASOVÉM LIMITU.\nPoužívej jen dodané OBRNĚNÉ VOZIDLO.
textbible_english.p3d	EVENT_VEHICLES_DESTROYED_VEHICLE	VOZIDLO ZNIČENO
textbible_english.p3d	EVENT_VEHICLES_ABANDONED_VEHICLE	VOZIDLO OPUŠTĚNO
textbible_english.p3d	EVENT_FIREARMS_DROPPED_GUN	ZBRAŇ ODHOZENA
textbible_english.p3d	EVENT_POWERS_CHANGED_FORM	SCHOPNOST ZMĚNĚNA
textbible_english.p3d	SNIFFER_SABOTAGE_DESTROYED	VIROVÝ DETEKTOR ZNIČEN
textbible_english.p3d	SNIFFER_SABOTAGE_SUCCESSFUL	VIROVÝ DETEKTOR SABOTOVÁN
textbible_english.p3d	SNIFFER_SABOTAGE_BAD_BUTTON_PRESS	NEÚSPĚCH - ŠPATNÁ SEKVENCE
textbible_english.p3d	SNIFFER_SABOTAGE_FAILED_INTERRUPTED	NEÚSPĚCH - SABOTÁŽ PŘERUŠENA
textbible_english.p3d	SNIFFER_SABOTAGE_FAILED_SLOW	NEÚSPĚCH - ZADÁVEJ SEKVENCI RYCHLEJI
textbible_english.p3d	EVENT_OPP_BASE_DESTROY_OVERVIEW	Nedaleká VOJENSKÁ ZÁKLADNA shromáždila jednotky k postupu hlouběji do města. ZNIČ ZÁKLADNU, než stihnou opevnit oblast.
textbible_english.p3d	EVENT_OPP_HIVE_DESTROY_OVERVIEW	Nedaleké HNÍZDO se pokouší nakazit další budovu. ZNIČ HNÍZDO, než se nákaza rozšíří.
textbible_english.p3d	EVENT_OPP_BASE_INFILTRATE_COMMANDER_OVERVIEW	V nedaleké ZÁKLADNĚ řídí operace VYSOCE POSTAVENÝ VELITEL.
textbible_english.p3d	EVENT_OPP_BASE_INFILTRATE_PILOT_OVERVIEW	V nedaleké ZÁKLADNĚ je LETECKÝ INSTRUKTOR. POHLŤ HO a zlepši Alexovy PILOTNÍ DOVEDNOSTI.
textbible_english.p3d	EVENT_OPP_BASE_INFILTRATE_ARTILLERY_OVERVIEW	DĚLOSTŘELECKÉ ÚDERY jsou řízeny přes nedalekou ZÁKLADNU. Musí tam být VELITEL DĚLOSTŘELECTVA. POHLŤ HO a vylepši Alexovy schopnosti DĚLOSTŘELECKÉHO ÚDERU.
textbible_english.p3d	EVENT_OPP_BASE_INFILTRATE_WEAPONS_OVERVIEW	DŮSTOJNÍK VÝZBROJE řídí výdej ZBRANÍ v nedaleké ZÁKLADNĚ. POHLŤ HO a vylepši Alexovy DOVEDNOSTI SE ZBRANĚMI.
textbible_english.p3d	EVENT_OPP_WOI_OVERVIEW	V oblasti jsou lidé, kteří vědí o virové nákaze. POHLŤ JE, než se přesunou jinam.
textbible_english.p3d	EVENT_OPP_WOI_NULL	CÍL POHLCEN - ŽÁDNÉ NOVÉ INFORMACE
textbible_english.p3d	EVENT_OPP_BASE_DESTROY_TITLE	UDÁLOST POHLCENÍ - ZNIČENÍ ZÁKLADNY
textbible_english.p3d	EVENT_OPP_HIVE_DESTROY_TITLE	UDÁLOST POHLCENÍ - ZNIČENÍ HNÍZDA
textbible_english.p3d	EVENT_OPP_BASE_INFILTRATE_TITLE	UDÁLOST POHLCENÍ - INFILTRACE ZÁKLADNY
textbible_english.p3d	EVENT_OPP_WOI_TITLE	UDÁLOST POHLCENÍ - CÍLE SÍTĚ INTRIK
textbible_english.p3d	EVENT_NEW_EVENTS	NOVÉ UDÁLOSTI ODEMČENY
textbible_english.p3d	TUTORIAL_DESTROYHIVE_TITLE	HNÍZDA
textbible_english.p3d	TUTORIAL_DESTROYHIVE_1	Tyto nakažené budovy se nazývají HNÍZDA. HNÍZDA jsou centra nákazy, plodí LOVCE a vypouštějí NAKAŽENÉ.
textbible_english.p3d	TUTORIAL_DESTROYHIVE_2	Chceš-li ZNIČIT HNÍZDO, musíš ZAMĚŘIT %0:BUTTON12 a PÁLIT %0:BUTTON03 na HNÍZDO RAKETAMI a KANÓNEM.
textbible_english.p3d	EVENT_TYPE_WAR_DISGUISED_TUTORIAL	Bojuj po boku ARMÁDY s dodanou ZBRANÍ.  Znič všechny VOJENSKÉ nepřátele.  Pokud jsou všichni SPOJENCI ZABITI, UDÁLOST je NESPLNĚNA.
textbible_english.p3d	EVENT_TYPE_WAR_INFECTED_TUTORIAL	BOJUJ po boku NAKAŽENÝCH.  Znič všechny VOJENSKÉ nepřátele. Pokud jsou všichni SPOJENCI ZABITI, UDÁLOST je NESPLNĚNA.
textbible_english.p3d	EVENT_TYPE_WAR_TUTORIAL	Uzavři dočasné spojenectví s NAKAŽENÝMI nebo s ARMÁDOU. Pomoz spojencům k vítězství. BOJUJ jen s dodanou ZBRANÍ.
textbible_english.p3d	EVENT_OUT_OF_AREA_FAIL	MIMO OBLAST UDÁLOSTI
textbible_english.p3d	EVENT_OPP_BASE_DESTROY_OUT_OF_TIME	ČAS VYPRŠEL
textbible_english.p3d	EVENT_OPP_BASE_DESTROY_TITLE_SHORT	ZNIČENÍ VOJENSKÉ ZÁKLADNY
textbible_english.p3d	EVENT_OPP_BASE_INFILTRATE_TITLE_SHORT	INFILTRACE VOJENSKÉ ZÁKLADNY
textbible_english.p3d	EVENT_OPP_HIVE_DESTRUCTION_SHORT	ZNIČENÍ HNÍZDA
textbible_english.p3d	EVENT_OPP_WOI_TITLE_SHORT	CÍLE SÍTĚ
textbible_english.p3d	EVENT_OPP_SCIENTISTS_TITLE_SHORT	LOV NA VĚDCE
textbible_english.p3d	EVENT_OPP_SCIENTISTS_TITLE	UDÁLOST POHLCENÍ - LOV NA VĚDCE
textbible_english.p3d	EVENT_OPP_BASE_INFILTRATE_OUT_OF_TIME	ČAS VYPRŠEL
textbible_english.p3d	EVENT_OPP_BASE_INFILTRATE_TARGET_KILLED	CÍL ZABIT
textbible_english.p3d	EVENT_OPP_HIVE_DESTROY_OUT_OF_TIME	ČAS VYPRŠEL
textbible_english.p3d	EVENT_OPP_WOI_OUT_OF_TIME	ČAS VYPRŠEL
textbible_english.p3d	EVENT_OPP_SCIENTISTS_OUT_OF_TIME	ČAS VYPRŠEL
textbible_english.p3d	EVENT_OPP_SCIENTISTS_SCI_KILLED	VĚDEC ZABIT
textbible_english.p3d	EVENT_OPP_SCIENTISTS_SOLDIER_KILLED	OBRÁNCE ZABIT
textbible_english.p3d	EVENT_OPP_SCIENTISTS_SCI_CONSUMED	VĚDEC POHLCEN
textbible_english.p3d	TUTORIAL_SUPERSOLDIER_TITLE	SUPERVOJÁCI
textbible_english.p3d	TUTORIAL_SUPERSOLDIER_1	SUPERVOJÁCI zvládají ZRYCHLENÝ POHYB a SILNÉ ÚTOKY. Dokážou ODHALIT ALEXE, i když je v PŘEVLEKU. Když BLOKUJÍ, jsou zranitelní vůči CHYCENÍ.
textbible_english.p3d	EVENT_WAR_MILITARY_SUCCESS	VOJENSKÉ SÍLY ZVÍTĚZILY
textbible_english.p3d	EVENT_WAR_MILITARY_FAILURE	VOJENSKÉ SÍLY PORAŽENY
textbible_english.p3d	EVENT_WAR_INFECTED_SUCCESS	SÍLY NAKAŽENÝCH ZVÍTĚZILY
textbible_english.p3d	EVENT_WAR_INFECTED_FAILURE	SÍLY NAKAŽENÝCH PORAŽENY
textbible_english.p3d	EVENT_WAR_DISGUISE_LOST	PŘEVLEK ZTRACEN
textbible_english.p3d	EVENT_WAR_MILITARY_ALLY_DISGUISED	VOJENSKÝ SPOJENEC V PŘEVLEKU
textbible_english.p3d	EVENT_OPP_BASE_DESTROY_SUCCESS	ZÁKLADNA ZNIČENA
textbible_english.p3d	EVENT_OPP_BASE_INFILTRATE_SUCCESS	UDÁLOST SPLNĚNA
textbible_english.p3d	EVENT_OPP_HIVE_DESTROY_SUCCESS	HNÍZDO ZNIČENO
textbible_english.p3d	EVENT_OPP_WOI_SUCCESS	VŠECHNY CÍLE POHLCENY
textbible_english.p3d	EVENT_OPP_SCIENTISTS_SUCCESS_SCI	VĚDCI POHLCENI
textbible_english.p3d	EVENT_OPP_SCIENTISTS_SUCCESS_DEF	OBRÁNCI ZABITI
textbible_english.p3d	EVENT_OPP_SCIENTISTS_ALL_KILLED	POHLCENO PŘÍLIŠ MÁLO VĚDCŮ
textbible_english.p3d	EVENT_OPP_WOI_VALID	CÍL POHLCEN
textbible_english.p3d	EVENT_WAR_WEAPON_DISCARDED	ZBRAŇ ODHOZENA
textbible_english.p3d	TUTORIAL_MINIMAP_TITLE	MINIMAPA
textbible_english.p3d	TUTORIAL_MINIMAP_1	V LEVÉM DOLNÍM ROHU obrazovky je MINIMAPA Manhattanu. Tvoje poloha a směr jsou označeny BÍLOU ŠIPKOU.
textbible_english.p3d	TUTORIAL_MINIMAP_2	ZNAČKY CÍLŮ jsou MODRÉ. Označují důležitá MÍSTA, NEPŘÁTELE nebo CÍLE.
textbible_english.p3d	TUTORIAL_MINIMAP_3	NEPŘÁTELÉ jsou na minimapě značeni BÍLÝMI TEČKAMI.  Když tě uvidí, zežloutnou.  Při POPLACHU zčervenají.\n\nNAKAŽENÍ NEPŘÁTELÉ jsou VŽDY ČERVENÍ.
textbible_english.p3d	BUTTONHINT_BUYGATEDMOVE	KOUPIT POHYB
textbible_english.p3d	EMPTY	PRÁZDNÉ
textbible_english.p3d	6_2_TYPEWRITER	Karanténní zóna primárně nakažených\nO několik minut později 
textbible_english.p3d	EVENT_GLIDE_FAILED_TO_GLIDE	NEPODAŘILO SE aktivovat PLACHTĚNÍ.
textbible_english.p3d	EVENT_GLIDE_WAITING_HINT1	Použij PLACHTĚNÍ a leť k CÍLI.
textbible_english.p3d	EVENT_GLIDE_WAITING_HINT2	PŘISTAŇ co nejblíž k CÍLI.
textbible_english.p3d	EVENT_GLIDE_WAITING_HINT3	SKOČ, pak DRŽ %0:BUTTON13 a znovu STISKNI SKOK pro PLACHTĚNÍ.
textbible_english.p3d	MISSION_COMPLETE_INALERT	UNIKNI okolním NEPŘÁTELŮM nebo je PORAZ a dokonči MISI.
textbible_english.p3d	STORY_COMPLETE_NAME	PŘÍBĚH DOKONČEN
textbible_english.p3d	STRIKE_TEAM_INBOUND	ÚDERNÝ TÝM NA CESTĚ
textbible_english.p3d	WOI_EC_FINISHED_SHORT_2	DEN NÁKAZY 4:\n4% CELKOVÉ POPULACE NAKAŽENO\nVojenské ztráty: %1:NUMBER %2:STRING\nProvozní ztráty: $%3:FLOATSHORT %4:STRING
textbible_english.p3d	WOI_EC_FINISHED_SHORT_3	DEN NÁKAZY 5:\n20% CELKOVÉ POPULACE NAKAŽENO\nVojenské ztráty: %1:NUMBER %2:STRING\nProvozní ztráty: $%3:FLOATSHORT %4:STRING
textbible_english.p3d	WOI_EC_FINISHED_SHORT_4	DEN NÁKAZY 7:\n49% CELKOVÉ POPULACE NAKAŽENO\nVojenské ztráty: %1:NUMBER %2:STRING\nProvozní ztráty: $%3:FLOATSHORT %4:STRING
textbible_english.p3d	WOI_EC_FINISHED_SHORT_5	DEN NÁKAZY 9:\n68% CELKOVÉ POPULACE NAKAŽENO\nVojenské ztráty: %1:NUMBER %2:STRING\nProvozní ztráty: $%3:FLOATSHORT %4:STRING
textbible_english.p3d	WOI_EC_FINISHED_SHORT_6	DEN NÁKAZY 11:\n81% CELKOVÉ POPULACE NAKAŽENO\nVojenské ztráty: %1:NUMBER %2:STRING\nProvozní ztráty: $%3:FLOATSHORT %4:STRING
textbible_english.p3d	WOI_EC_FINISHED_SHORT_7	DEN NÁKAZY 12:\n60% CELKOVÉ POPULACE NAKAŽENO\nVojenské ztráty: %1:NUMBER %2:STRING\nProvozní ztráty: $%3:FLOATSHORT %4:STRING
textbible_english.p3d	WOI_EC_FINISHED_SHORT_8	DEN NÁKAZY 14:\n47% CELKOVÉ POPULACE NAKAŽENO\nVojenské ztráty: %1:NUMBER %2:STRING\nProvozní ztráty: $%3:FLOATSHORT %4:STRING
textbible_english.p3d	BUTTONHINT_EXIT_EVENT	UKONČIT UDÁLOST
textbible_english.p3d	EVENT_QUIT_BY_GAMEFLOW_DIALOG_HEADING	UKONČIT UDÁLOST?
textbible_english.p3d	EVENT_QUIT_BY_GAMEFLOW_DIALOG_TEXT	UKONČIT UDÁLOST a ZAČÍT MISI?
textbible_english.p3d	EVENT_FIREARM_BLOCKED	V této UDÁLOSTI nelze použít STŘELNÉ ZBRANĚ.
textbible_english.p3d	EVENT_VEHICLE_BLOCKED	V této UDÁLOSTI nelze použít VOZIDLA.
textbible_english.p3d	EVENT_MUST_QUIT_TO_START_MISSION	UKONČI UDÁLOST a ZAČNI MISI.
textbible_english.p3d	EVENT_MUST_QUIT_TO_ENTER_BASE	UKONČI UDÁLOST a VSTUP DO ZÁKLADNY.
textbible_english.p3d	EVENT_QUIT_BY_BASE_ENTER_DIALOG_TEXT	UKONČIT UDÁLOST a VSTOUPIT DO ZÁKLADNY?
textbible_english.p3d	blackwatch_agent_1	AGENT BLACKWATCH
textbible_english.p3d	blackwatch_analyst	ANALYTIK BLACKWATCH
textbible_english.p3d	blackwatch_officer_2	DŮSTOJNÍK BLACKWATCH
textbible_english.p3d	blackwatch_pilot	PILOT BLACKWATCH
textbible_english.p3d	blackwatch_plainclothes	AGENT BLACKWATCH
textbible_english.p3d	blackwatch_scientist_1	VĚDEC BLACKWATCH
textbible_english.p3d	blackwatch_scientist_2	VĚDEC BLACKWATCH 2
textbible_english.p3d	blackwatch_trooper	VOJÁK BLACKWATCH
textbible_english.p3d	blackwatch_trooper_1	VOJÁK BLACKWATCH
textbible_english.p3d	bwhqb	VELITELSTVÍ BLACKWATCH
textbible_english.p3d	bwtrb	VOJÁK BLACKWATCH
textbible_english.p3d	cab_driver	TAXIKÁŘ
textbible_english.p3d	cameraman	KAMERAMAN
textbible_english.p3d	city_official	MĚSTSKÝ ÚŘEDNÍK
textbible_english.p3d	clean_up_man	UKLÍZEČ
textbible_english.p3d	clean_up_manager	VEDOUCÍ ÚKLIDU
textbible_english.p3d	dana	DANA MERCER
textbible_english.p3d	dc_representative	ZÁSTUPCE Z D.C.
textbible_english.p3d	debriefing_voice	HLAS Z BRIEFINGU
textbible_english.p3d	elizabeth	ELIZABETH GREENE
textbible_english.p3d	genetech_scientist_1	VĚDEC GENTEK
textbible_english.p3d	genetech_scientist_2	VĚDEC GENTEK 2
textbible_english.p3d	government_official	VLÁDNÍ ÚŘEDNÍK
textbible_english.p3d	hybrid	HYBRID NEJVYŠŠÍHO LOVCE
textbible_english.p3d	Karen	KAREN PARKER
textbible_english.p3d	lt_col_peter_randall	PODPLK. RANDALL
textbible_english.p3d	mahqb1	HQ MARINE
textbible_english.p3d	mar_a	MARINE
textbible_english.p3d	mar_b	MARINE
textbible_english.p3d	mar_c	MARINE
textbible_english.p3d	marine_major	MAJOR MARINE
textbible_english.p3d	marine_officer_2	DŮSTOJNÍK MARINE
textbible_english.p3d	marine_pilot	PILOT MARINE
textbible_english.p3d	marine_pilot_2	PILOT MARINE 2
textbible_english.p3d	mcmullen	DR. MCMULLEN
textbible_english.p3d	newscaster	HLASATEL
textbible_english.p3d	nydisp1	POLICEJNÍ DISPEČINK
textbible_english.p3d	nypda	POLICISTA
textbible_english.p3d	nypdb	POLICISTA
textbible_english.p3d	ped	CHODEC
textbible_english.p3d	ped_2	CHODEC 2
textbible_english.p3d	bwhqa_e10m04_081	VELITEL BLACKWATCH
textbible_english.p3d	ped_female	PŘEŽIVŠÍ ŽENA
textbible_english.p3d	police_captain	POLICEJNÍ KAPITÁN
textbible_english.p3d	policeman	POLICISTA
textbible_english.p3d	policeman_2	POLICISTA 2
textbible_english.p3d	policeman_in_crowd	POLICISTA
textbible_english.p3d	randall	GENERÁL RANDALL
textbible_english.p3d	regan_officer	DŮSTOJNÍK Z U.S.S REAGAN
textbible_english.p3d	reporter	REPORTÉR
textbible_english.p3d	reporter_female	REPORTÉRKA
textbible_english.p3d	sergeant	MARINE
textbible_english.p3d	specialist	KPT. CROSS
textbible_english.p3d	taggart	PLK. TAGGART
textbible_english.p3d	templar_officer	DŮSTOJNÍK BLACKWATCH
textbible_english.p3d	troop_carrier	APC BLACKWATCH
textbible_english.p3d	uav	UAV
textbible_english.p3d	voice	ROJOVÁ MYSL
textbible_english.p3d	EVENT_OPP_SCIENTISTS_REWARDS	%1:NUMBER EP za každého pohlceného vědce.\nBONUS - %2:NUMBER EP za zabití VŠECH obránců.
textbible_english.p3d	EVENT_OPP_WOI_REWARDS	%1:NUMBER EP za každý pohlcený cíl.\n%2:NUMBER EP za pohlcení VŠECH cílů.
textbible_english.p3d	EVENT_OPP_BASE_DESTROY_REWARDS	%1:NUMBER EP
textbible_english.p3d	EVENT_OPP_BASE_INFILTRATE_REWARDS	%1:NUMBER EP
textbible_english.p3d	EVENT_OPP_HIVE_DESTROY_REWARDS	%1:NUMBER EP
textbible_english.p3d	EVENT_OPP_BASE_INFILTRATE_UPGRADE_REWARDS	%1:NUMBER EP\nVYLEPŠENÍ DOVEDNOSTI
textbible_english.p3d	EVENT_OPP_SCIENTISTS_OBJECTIVES_DIFF_EASY	1. DOSTAŇ SE k VĚDECKÉMU TÝMU v časovém limitu.\n2. POHLŤ aspoň JEDNOHO VĚDCE\n3. ZABIJ OBRÁNCE pro bonusovou odměnu.
textbible_english.p3d	EVENT_OPP_SCIENTISTS_OBJECTIVES_DIFF_EASY_NOCR	1. DOSTAŇ SE k VĚDECKÉMU TÝMU v časovém limitu. 2. POHLŤ aspoň JEDNOHO VĚDCE\n3. ZABIJ OBRÁNCE pro bonusovou odměnu.
textbible_english.p3d	EVENT_OPP_WOI_OBJECTIVES	POHLŤ OZNAČENÉ CÍLE.
textbible_english.p3d	EVENT_OPP_BASE_DESTROY_OBJECTIVES	ZNIČ OZNAČENOU ZÁKLADNU.
textbible_english.p3d	EVENT_OPP_BASE_INFILTRATE_OBJECTIVES	1. INFILTRUJ ZÁKLADNU.\n2. POHLŤ OZNAČENÝ CÍL.\n3. OPUSŤ ZÁKLADNU.
textbible_english.p3d	EVENT_OPP_BASE_INFILTRATE_OBJECTIVES_NOCR	1. INFILTRUJ ZÁKLADNU. 2. POHLŤ OZNAČENÝ CÍL.\n3. OPUSŤ ZÁKLADNU.
textbible_english.p3d	EVENT_OPP_HIVE_DESTROY_OBJECTIVES	ZNIČ OZNAČENÉ HNÍZDO.
textbible_english.p3d	EVENT_WAR_FAIL_BY_DEVASTATOR	DEVASTATOR POUŽIT - PŘEVLEK ZTRACEN
textbible_english.p3d	EVENT_OPP_SCI_AWARD1	Pohlcení vědci
textbible_english.p3d	EVENT_OPP_SCI_AWARD2	ODMĚNA
textbible_english.p3d	EVENT_OPP_SCI_AWARD3	Zabití obránci
textbible_english.p3d	EVENT_OPP_SCI_AWARD4	BONUS
textbible_english.p3d	EVENT_OPP_EP_AWARDED	Získané EP
textbible_english.p3d	EVENT_OPP_TOTAL_EP_AWARDED	Celkem získané EP
textbible_english.p3d	EVENT_OPP_WOI_CONSUMED	Pohlcené cíle
textbible_english.p3d	EVENT_OPP_SCIENTISTS_OBJECTIVES_DIFF_MEDIUM	1. DOSTAŇ SE k VĚDECKÉMU TÝMU v časovém limitu.\n2 POHLŤ aspoň DVA VĚDCE\n3 ZABIJ OBRÁNCE pro bonusovou odměnu.
textbible_english.p3d	EVENT_OPP_SCIENTISTS_OBJECTIVES_DIFF_MEDIUM_NOCR	1. DOSTAŇ SE k VĚDECKÉMU TÝMU v časovém limitu.2. POHLŤ aspoň DVA VĚDCE\n3. ZABIJ OBRÁNCE pro bonusovou odměnu.
textbible_english.p3d	EVENT_OPP_SCIENTISTS_OBJECTIVES_DIFF_HARD	1. DOSTAŇ SE k VĚDECKÉMU TÝMU v časovém limitu.\n2 POHLŤ VŠECHNY VĚDCE\n3. ZABIJ OBRÁNCE pro bonusovou odměnu.
textbible_english.p3d	EVENT_OPP_SCIENTISTS_OBJECTIVES_DIFF_HARD_NOCR	1. DOSTAŇ SE k VĚDECKÉMU TÝMU v časovém limitu. 2. POHLŤ VŠECHNY VĚDCE\n3. ZABIJ OBRÁNCE pro bonusovou odměnu.
textbible_english.p3d	EVENT_OPP_ALL_MILITARY_EASY	Všechny LEHKÉ vojenské události pohlcení SPLNĚNY.
textbible_english.p3d	EVENT_OPP_ALL_MILITARY_MEDIUM	Všechny STŘEDNÍ vojenské události pohlcení SPLNĚNY.
textbible_english.p3d	EVENT_OPP_ALL_MILITARY_HARD	Všechny TĚŽKÉ vojenské události pohlcení SPLNĚNY.
textbible_english.p3d	EVENT_OPP_ALL_INFECTED_EASY	Všechny LEHKÉ události pohlcení nakažených SPLNĚNY.
textbible_english.p3d	EVENT_OPP_ALL_INFECTED_MEDIUM	Všechny STŘEDNÍ události pohlcení nakažených SPLNĚNY.
textbible_english.p3d	EVENT_OPP_ALL_INFECTED_HARD	Všechny TĚŽKÉ události pohlcení nakažených SPLNĚNY.
textbible_english.p3d	EVENT_OPP_ALL_COMPLETE	GRATULUJEME. Všechny události pohlcení byly SPLNĚNY.
textbible_english.p3d	EVENT_OPP_SHOW_MILITARY_COUNT_2	Splněno %1:STRING událostí pohlcení
textbible_english.p3d	EVENT_OPP_SHOW_INFECTED_COUNT_2	Splněno %1:STRING událostí pohlcení
textbible_english.p3d	EVENT_MSG_TITLE	UDÁLOSTI
textbible_english.p3d	EVENT_PLATINUM_UNLOCKED_TEXT	GRATULUJEME. Získal jsi ZLATO ve všech událostech.\n...Ale zvládneš i PLATINU?
textbible_english.p3d	EVENT_PLATINUM_ALL_ACHIEVED_TEXT	Získal jsi PLATINU ve všech událostech.\nJsi opravdový MISTR PROTOTYPE!
textbible_english.p3d	EVENT_PLATINUM_UPGRADES	Odpovídající skóre UDÁLOSTÍ budou automaticky POVÝŠENA na PLATINU.
textbible_english.p3d	EVENT_PLATINUM_UPGRADE_COUNT	POVÝŠENÉ medaile:
textbible_english.p3d	EVENT_PLATINUM_UPGRADE_EP	Získané EP:
textbible_english.p3d	TUTORIAL_DISGUISE_6	NEPŘÁTELÉ, kteří tě NEVIDÍ, jsou na MINIMAPĚ BÍLÍ.\n\nNepřátelé, kteří tě VIDÍ, jsou ŽLUTÍ.\n\nNepřátelé, které tvá přítomnost VYBURCOVALA, jsou ČERVENÍ.
textbible_english.p3d	behqb	VELITELSTVÍ BLACKWATCH
textbible_english.p3d	M_COUNTER	PROTIÚTOK
textbible_english.p3d	M_INJECT	VSTŘÍKNOUT
textbible_english.p3d	M_CONSUME	POHLTIT
textbible_english.p3d	M_THROW	HODIT
textbible_english.p3d	M_PATSY	OBĚTNÍ BERÁNEK
textbible_english.p3d	M_ATTACK_TAR	ZAÚTOČIT NA CÍL
textbible_english.p3d	M_AIRSTRIKE	DĚLOSTŘELECKÝ ÚDER
textbible_english.p3d	M_GRAB	CHYTIT
textbible_english.p3d	M_ENTERVEHICLE	NASTOUPIT
textbible_english.p3d	M_TO_COCKPIT	DO KOKPITU
textbible_english.p3d	M_TO_WING	NA KŘÍDLO
textbible_english.p3d	M_TO_ENGINE	K MOTORU
textbible_english.p3d	M_HIJACK	UNÉST
textbible_english.p3d	M_SKIP_WOI	PŘESKOČIT
textbible_english.p3d	EVENT_WAR_DEVASTATOR_USED	DEVASTATOR ODHALIL IDENTITU
textbible_english.p3d	EVENT_OPP_INFILTRATE_BASE_ABANDONED	ZÁKLADNA OPUŠTĚNA PŘED POHLCENÍM CÍLE
textbible_english.p3d	EVENT_OPP_INFILTRATE_TARGET_DEAD	CÍL BYL ZABIT
textbible_english.p3d	10_4_OBJECTIVE_1	PORAZ NEJVYŠŠÍHO LOVCE a ZASTAV JADERNOU ZBRAŇ.
textbible_english.p3d	10_4_OBJECTIVE_2	Začalo ZÁVĚREČNÉ ODPOČÍTÁVÁNÍ.
textbible_english.p3d	10_4_COUNTDOWN	TERMÍN EVAKUACE
textbible_english.p3d	10_4_MISSION_BOUNDARY_WARNING	VAROVÁNÍ - OPOUŠTÍŠ OBLAST MISE
textbible_english.p3d	10_4_MISSION_FAILED_DIED	NEW YORK ZNIČEN
textbible_english.p3d	10_4_MISSION_FAILED_DIED2	JADERNÁ ZBRAŇ ODPÁLENA
textbible_english.p3d	10_4_MISSION_FAILED_LEFT_AREA	MIMO OBLAST MISE
textbible_english.p3d	10_4_MISSION_FAILED_TIMEOUT	SPUŠTĚNA ZÁVĚREČNÁ SEKVENCE DETONACE
textbible_english.p3d	10_4_OBJECTIVE_3	ZNIČ TRANSPORTNÍ VRTULNÍKY, než VYSADÍ POSILY.
textbible_english.p3d	10_4_DETONATION	----  DETONACE  ----
textbible_english.p3d	10_4_TIME_TITLE	VAROVÁNÍ - ZAŘÍZENÍ JE AKTIVNÍ
textbible_english.p3d	10_4_TROOPS_ARRIVE	POSILY VYSAZENY
textbible_english.p3d	10_4_FAILURE_HINT_1	POHLCUJ VOJÁKY A DOPLŇUJ SI BĚHEM BOJE ZDRAVÍ
textbible_english.p3d	10_4_GRAB_SUPREME_HUNTER_1	NEJVYŠŠÍ LOVEC OMRÁČEN
textbible_english.p3d	10_4_GRAB_SUPREME_HUNTER_2	CHYŤ NEJVYŠŠÍHO LOVCE
textbible_english.p3d	10_4_FAILURE_HINT_2	POUŽIJ AIR DASH A UNIKNI DEVASTATORU NEJVYŠŠÍHO LOVCE
textbible_english.p3d	10_4_FAILURE_HINT_3	ZAMĚŘENÍM UDRŽUJ NEJVYŠŠÍHO LOVCE V ZÁBĚRU
textbible_english.p3d	10_4_TITLE_SUPREME	HYBRID NEJVYŠŠÍHO LOVCE
textbible_english.p3d	10_4_HLO_1	PORAZ NEJVYŠŠÍHO LOVCE
textbible_english.p3d	10_4_HLO_2	PORAZ NEJVYŠŠÍHO LOVCE, NEŽ BOMBA VYBUCHNE
textbible_english.p3d	GLOBAL_BOSS_FAILURE_HINT_1	S ADRENALINOVOU VLNOU MÁŠ JEDEN DEVASTATOR ZDARMA, KTERÝ VYPUSTÍŠ PŘI NÍZKÉM ZDRAVÍ
textbible_english.p3d	1_1_OBJECTIVE_DESTROY_CHOPPER	ZNIČ VRTULNÍK.
textbible_english.p3d	1_1_OBJECTIVE_BASIC_ATTACKS	STISKNI %0:BUTTON03 pro  ZÁKLADNÍ ÚTOKY.
textbible_english.p3d	1_1_OBJECTIVE_KILL_BLACKWATCH	ZABIJ VOJENSKÝ PERSONÁL.
textbible_english.p3d	1_1_OBJECTIVE_CONSUME_COMMANDER	PŘIJĎ K VELITELI a POHLŤ HO.
textbible_english.p3d	1_1_OBJECTIVE_DESTROY_CHOPPERS	ZNIČ VRTULNÍKY.
textbible_english.p3d	1_1_OBJECTIVE_DESTROY_TANKS	ZNIČ TANKY.
textbible_english.p3d	1_1_TUTORIAL_KILL_HYDRA	ZABIJ HYDRU.
textbible_english.p3d	1_1_TUTORIAL_PICKUP_WEAPON	STISKNI %0:BUTTON02 a VEZMI si ZBRAŇ.
textbible_english.p3d	1_1_OBJECTIVE_SPECIAL_ATTACKS	STISKNI %0:BUTTON04 pro SPECIÁLNÍ ÚTOKY.
textbible_english.p3d	1_1_OBJECTIVE_TIMESSQUARE_ESCAPE	JDI na TIMES SQUARE.
textbible_english.p3d	1_1_OBJECTIVE_APC_JACKING	PŘIJĎ K TANKU a UNES ho.
textbible_english.p3d	1_1_OBJECTIVE_NEXT_COMMANDER	JDI po dalším VELITELI.
textbible_english.p3d	1_1_MOVEMENT_TUTORIAL	POUŽIJ %0:BUTTON06 k POHYBU.
textbible_english.p3d	1_1_CAMERA_TUTORIAL	POUŽIJ %0:BUTTON07 k pohybu KAMEROU.
textbible_english.p3d	1_1_CHARGE_TUTORIAL	STISKNI a DRŽ %0:BUTTON03 pro NABITÍ ÚTOKU A VĚTŠÍ POŠKOZENÍ.
textbible_english.p3d	1_1_SPECIAL_TUTORIAL	STISKNI %0:BUTTON04 pro SPECIÁLNÍ ÚTOKY.
textbible_english.p3d	1_1_TUTORIAL_COMBO_1	Střídej %0:BUTTON04 a %0:BUTTON03 a objev NOVÁ KOMBA.
textbible_english.p3d	1_1_TUTORIAL_COMBO_EXAMPLE	STISKNI %0:BUTTON03, %0:BUTTON03, %0:BUTTON04 a VYPUSŤ KOMBO.
textbible_english.p3d	1_1_TUTORIAL_JUMP_TUTORIAL	STISKNI a DRŽ %0:BUTTON01 pro NABITÍ SKOKU a přeskoč BRÁNU.
textbible_english.p3d	1_1_TUTORIAL_LOCOMOTION_TUTORIAL	DRŽ %0:BUTTON13 pro SPRINT.\nSprintuj PO ZDECH.\nSprintuj PŘES PŘEKÁŽKY.
textbible_english.p3d	1_1_TUTORIAL_LOCOMOTION_TUTORIAL_2	DRŽ %0:BUTTON13 pro SPRINT. Vyběhni po zdi a DOSTAŇ SE na OZNAČENÉ MÍSTO.
textbible_english.p3d	1_1_TUTORIAL_TARGET_AND_SWITCH	DRŽ %0:BUTTON12 pro ZAMĚŘENÍ.\n%0:BUTTON12 + POHYB %0:BUTTON07 pro ZMĚNU CÍLE.
textbible_english.p3d	1_1_TUTORIAL_WEAPON_PICKUP	STISKNI %0:BUTTON02 pro sebrání ZBRANĚ.\n%0:BUTTON03 pro PALBU.\n%0:BUTTON02 pro ODHOZENÍ.\nDRŽ %0:BUTTON12 pro ZAMĚŘENÍ.
textbible_english.p3d	1_1_TUTORIAL_TARGET_TUTORIAL	STISKNI a DRŽ %0:BUTTON12 pro ZAMĚŘENÍ NEPŘÁTEL A OBJEKTŮ.
textbible_english.p3d	1_1_TUTORIAL_TARGET_TUTORIAL_2	Se zapnutým ZAMĚŘENÍM %0:BUTTON12 TRHNI %0:BUTTON07 směrem k nepříteli a ZMĚŇ CÍL.
textbible_english.p3d	1_1_TUTORIAL_GRAB_TUTORIAL	STISKNI %0:BUTTON02 a CHYŤ předměty jako VOZIDLA, ZBRANĚ nebo LIDI.
textbible_english.p3d	1_1_TUTORIAL_THROW_TUTORIAL	STISKNI %0:BUTTON02 u OBJEKTU a CHYŤ ho. Dalším stiskem %0:BUTTON02 ho HOĎ.
textbible_english.p3d	1_1_TUTORIAL_DEVASTATOR	STISKNI a DRŽ %0:BUTTON04 + %0:BUTTON02.
textbible_english.p3d	1_1_TUTORIAL_GROUNDSPIKE	DRŽ %0:BUTTON04 pro NABITÍ útoku GROUNDSPIKE.
textbible_english.p3d	1_1_TUTORIAL_COMPLETE	SPLNĚNO
textbible_english.p3d	1_1_OBJECTIVE_LOCATE_COMMANDER	NAJDI VELITELE.
textbible_english.p3d	1_1_OBJECTIVE_CONTINUE	POKRAČUJ přes TIMES SQUARE.
textbible_english.p3d	1_1_OBJECTIVE_CHARGE_ATTACKS	DRŽ %0:BUTTON03 nebo %0:BUTTON04 pro NABITÍ ÚTOKŮ a ZVÝŠENÍ jejich SÍLY.
textbible_english.p3d	1_1_OBJECTIVE_KILL_HUNTERS	ZABIJ LOVCE.
textbible_english.p3d	1_1_OBJECTIVE_KILL_COMMANDER	POHLŤ VELITELE.
textbible_english.p3d	1_1_LEAVE_WARNING	VAROVÁNÍ - OPOUŠTÍŠ TIMES SQUARE
textbible_english.p3d	1_1_HLO_1	CÍL MISE
textbible_english.p3d	1_2_OBJECTIVE_ASSUME_AGENT_DISGUISE	PŘEVLEČ SE za AGENTA BLACKWATCH.
textbible_english.p3d	1_2_OBJECTIVE_CONSUME_AGENT	POHLŤ AGENTA BLACKWATCH a PRONIKNI do DANINA BYTU.
textbible_english.p3d	1_2_OBJECTIVE_DONT_RASIE_ALERT	ODHALENÍ TVÉ PŘÍTOMNOSTI ARMÁDĚ OHROZÍ DANU.
textbible_english.p3d	1_2_OBJECTIVE_ENTER_SAFEHOUSE	VSTUP do DANINA BYTU.
textbible_english.p3d	1_2_OBJECTIVE_ESCAPEALERT	UKONČI POPLACH, než vstoupíš do DANINA BYTU.
textbible_english.p3d	1_2_OBJECTIVE_GOTO_DANAS	JDI do DANINA BYTU.
textbible_english.p3d	1_2_OBJECTIVE_GRAB_SOLDIER	CHYŤ druhého VOJÁKA BLACKWATCH a VYSLECHNI ho.
textbible_english.p3d	1_2_OBJECTIVE_KILLONE_INTERROGATEOTHER	CHYŤ VOJÁKA BLACKWATCH a VYSLECHNI ho.
textbible_english.p3d	1_2_OBJECTIVE_ENTER_IN_DISGUISE	VSTUP do DANINA BYTU v PŘEVLEKU.
textbible_english.p3d	1_2_OBJECTIVE_ROOFTOP_CHECK	JDI na blízkou STŘECHU a získej PŘEHLED o SITUACI.
textbible_english.p3d	1_2_TUTORIAL_WALLJUMP	DRŽ %0:BUTTON01 pro NABITÍ SKOKU při BĚHU PO STĚNĚ a pak PUSŤ pro SKOK VZHŮRU.
textbible_english.p3d	1_2_TUTORIAL_WALLCLING	STISKNI %0:BUTTON02 na STĚNĚ a PŘICHYŤ se k ní pro PŘESNÝ POHYB.
textbible_english.p3d	1_2_TUTORIAL_CONSUME_SOLDIER	STISKNI %0:BUTTON02 a CHYŤ VELITELE BLACKWATCH. STISKNI %0:BUTTON04 pro POHLCENÍ.
textbible_english.p3d	1_2_TUTORIAL_CONSUME_COMMANDER	POHLŤ VELITELE BLACKWATCH.
textbible_english.p3d	1_2_TUTORIAL_DISGUISE	PŘEVLEK
textbible_english.p3d	1_2_TUTORIAL_DISGUISE_CHANGE_1	STISKNI %0:BUTTON16 pro PŘEVLEK, když tě nikdo NEVIDÍ.
textbible_english.p3d	1_2_TUTORIAL_DISGUISE_CHANGE_2	PŘEVLEKEM UNIKNEŠ PRONÁSLEDOVATELŮM nebo PRONIKNEŠ do ZAKÁZANÝCH ZÓN.
textbible_english.p3d	1_2_TUTORIAL_DISGUISE_CHANGE_3	STISKNI %0:BUTTON16 pro NÁVRAT k ALEXOVI.
textbible_english.p3d	1_2_TUTORIAL_DISGUISE_CHANGE_4	STISKNI %0:BUTTON16 pro NÁVRAT k ALEXOVI. Když POHLTÍŠ NOVÝ CÍL, PŘEPÍŠE tvůj ULOŽENÝ PŘEVLEK.
textbible_english.p3d	1_2_FAIL_REASON	DANA BYLA ZABITA
textbible_english.p3d	1_2_FAIL_HINT	UKONČI POPLACH, NEŽ VSTOUPÍŠ DO DANINA BYTU
textbible_english.p3d	1_2_RESCUE_DANA	JDI do DANINA BYTU.
textbible_english.p3d	1_2_PO_GOTO_ROOFTOP	JDI na blízkou STŘECHU.
textbible_english.p3d	1_2_OBJECTIVE_CONSUME_DISGUISE	STISKNI %0:BUTTON02 a CHYŤ VOJÁKA BLACKWATCH. STISKNI %0:BUTTON04 pro POHLCENÍ.
textbible_english.p3d	1_2_PO_ESCAPE_ALERT	ZABIJ NEBO SETŘES ARMÁDU A UKONČI POPLACH.
textbible_english.p3d	1_2_WOI_HEADER	SÍŤ INTRIK
textbible_english.p3d	1_2_TUTORIAL_WOI	STISKNI %0:BUTTON08 pro PŘÍSTUP do SÍTĚ INTRIK.
textbible_english.p3d	1_2_OBJECTIVE_JUMP_WALL	PŘESKOČ BRÁNU a UNIKNI.
textbible_english.p3d	1_2_OBJECTIVE_ESCAPE_GENTEK	UNIKNI z OBLASTI.
textbible_english.p3d	1_2_OBJECTIVE_FOLLOW_WAYPOINTS	SLEDUJ TRASOVÉ BODY.
textbible_english.p3d	1_2_TUTORIAL_TARGETING_TITLE	ZAMĚŘOVÁNÍ
textbible_english.p3d	1_2_TUTORIAL_CONSUME_TITLE	POHLCOVÁNÍ
textbible_english.p3d	1_2_ENTER_TITLE	VSTUP
textbible_english.p3d	1_2_TUTORIAL_CONSUME_HEALTH	POHLŤ jakéhokoli TVORA a získej ZDRAVÍ. ZDRAVÍ se OBNOVUJE, když chvíli NEUTRPÍŠ ZRANĚNÍ.
textbible_english.p3d	1_2_OBJECTIVE_PICKUP_COMMANDER	STISKNI %0:BUTTON02 a CHYŤ VELITELE.
textbible_english.p3d	1_2_OBJECTIVE_CONSUME_COMMANDER	STISKNI %0:BUTTON04 a POHLŤ VELITELE.
textbible_english.p3d	1_2_OBJECTIVE_GOTO_ROOFTOP	JDI na VYHLÍDKU a PROZKOUMEJ OBLAST.
textbible_english.p3d	1_2_OBJECTIVE_ALERT_NOTICE	SETŘES ARMÁDU A NASAĎ PLATNÝ PŘEVLEK, ABYS UKONČIL POPLACH.
textbible_english.p3d	1_2_WALLRUN_ROOFTOP	VYBĚHNI PO STĚNĚ až na VRCHOL BUDOVY.
textbible_english.p3d	1_2_OBJECTIVE_DESTROY_CHOPPERS	ZNIČ VRTULNÍKY.
textbible_english.p3d	1_2_OBJECTIVE_ENTER_WITHOUT_ALERT	VSTUP do DANINA BYTU, aniž vyvoláš POPLACH.
textbible_english.p3d	1_2_TUTORIAL_THROW_OBJECTS	STISKNI %0:BUTTON02 a ZVEDNI PŘEDMĚT k HODU po NEPŘÁTELÍCH.
textbible_english.p3d	1_2_TUTORIAL_THROW_OBJECTS_2	STISKNI %0:BUTTON02 a HOĎ PŘEDMĚT po NEPŘÁTELÍCH.
textbible_english.p3d	1_2_TUTORIAL_ADVANCED_TARGET	Pomocí ZAMĚŘOVÁNÍ si ZAMĚŘ nepřítele. ZAMĚŘOVÁNÍ je užitečné hlavně v KOMBINACI s HOZENÝMI předměty, STŘELNÝMI ZBRANĚMI nebo ÚTOKY ZE SKOKU.\n\nDostaň nepřítele do zorného pole a STISKNI %0:BUTTON12 pro ZAMĚŘENÍ.
textbible_english.p3d	1_2_HLO_1	UNIKNI ZE ZAŘÍZENÍ GENTEK
textbible_english.p3d	1_2_HLO_2	VYPOŘÁDEJ SE S VRTULNÍKEM
textbible_english.p3d	1_2_HLO_3	VYPOŘÁDEJ SE S VRTULNÍKY
textbible_english.p3d	1_2_HLO_4	ZJISTI, KDO JSI
textbible_english.p3d	1_2_HLO_5	DOSTAŇ SE VÝŠE
textbible_english.p3d	2_1_FE_OBJECTIVE_1	JDI do svého BYTU.
textbible_english.p3d	2_1_FE_OBJECTIVE_2	ZABIJ MARINES, kteří VOLAJÍ POSILY VYSÍLAČKOU.
textbible_english.p3d	2_1_FE_OBJECTIVE_3_1	DOSTAŇ se k MÍSTU VYZVEDNUTÍ dřív než vrtulník.
textbible_english.p3d	2_1_FE_OBJECTIVE_3_2	DOSTAŇ se k MÍSTU VYZVEDNUTÍ dřív než vrtulník.
textbible_english.p3d	2_1_FE_OBJECTIVE_4	POŠKOĎ APC, aby AGENT BLACKWATCH vylezl ven.
textbible_english.p3d	2_1_FE_OBJECTIVE_5	POHLŤ AGENTA dřív, než se dostane k vrtulníku.
textbible_english.p3d	2_1_ENTERALEXAPT	VSTUP
textbible_english.p3d	2_1_SUPPORT_TUT_HEADER	VOLÁNÍ POSIL VYSÍLAČKOU
textbible_english.p3d	2_1_SUPPORT_TUT_BODY	Voják označený IKONOU VYSÍLAČKY volá ÚDERNÝ TÝM - skupinu vrtulníků a dalších jednotek, které tě budou pronásledovat a napadnou tě. ZABIJ VOJÁKA, abys příchodu ÚDERNÉHO TÝMU zabránil.
textbible_english.p3d	2_1_MISSION_COMPLETE	MISE SPLNĚNA
textbible_english.p3d	2_1_OBJECTIVE_GOTO_ALEX_APT	JDI do svého BYTU.
textbible_english.p3d	2_1_OBJECTIVE_KILL_ALERTING_SOLDIERS	ZABIJ každého, kdo VOLÁ POSILY.
textbible_english.p3d	2_1_MISSION_FAIL_HEAD_ESCAPE	MISE SELHALA
textbible_english.p3d	2_1_MISSION_FAIL_BODY_ESCAPE	AGENT UNIKL
textbible_english.p3d	2_1_MISSION_FAIL_HEAD_DEAD	MISE SELHALA
textbible_english.p3d	2_1_MISSION_FAIL_BODY_DEAD	AGENT BYL ZABIT
textbible_english.p3d	2_1_OBJECTIVE_GETTO_EP_QUICKLY	DOSTAŇ se rychle k MÍSTU VYZVEDNUTÍ.
textbible_english.p3d	2_1_OBJECTIVE_GETTO_EP_BEFORETRANS	DOSTAŇ se k MÍSTU VYZVEDNUTÍ dřív než vrtulník.
textbible_english.p3d	2_1_OBJECTIVE_GETTO_EP	JDI k MÍSTU VYZVEDNUTÍ.
textbible_english.p3d	2_1_OBJECTIVE_DAMAGE_APC	POŠKOĎ APC.
textbible_english.p3d	2_1_OBJECTIVE_CONSUME_AGENT	POHLŤ AGENTA.
textbible_english.p3d	2_1_HUD_PH_1	JDI do svého BYTU.
textbible_english.p3d	2_1_HUD_PH_2	ZABIJ každého MARINE, který VOLÁ POSILY VYSÍLAČKOU.
textbible_english.p3d	2_1_HUD_PH_3	DOSTAŇ se k MÍSTU VYZVEDNUTÍ dřív než vrtulník.
textbible_english.p3d	2_1_HUD_PH_4	STISKNI %0:BUTTON02 pro ZVEDNUTÍ či ODHOZENÍ ZBRANĚ. %0:BUTTON12 ZAMĚŘÍ a %0:BUTTON03 STŘÍLÍ.
textbible_english.p3d	2_1_FE_OBJ_1	JDI do svého BYTU.
textbible_english.p3d	2_1_FE_OBJ_2	ZABIJ MARINES, kteří VOLAJÍ POSILY VYSÍLAČKOU.
textbible_english.p3d	2_1_FE_OBJ_3	ZNIČ ÚDERNÝ TÝM.
textbible_english.p3d	2_1_FE_OBJ_4	DOSTAŇ se k MÍSTU VYZVEDNUTÍ v Central Parku dřív než vrtulník.
textbible_english.p3d	2_1_FE_OBJ_5	NAJDI AGENTA na místě vyzvednutí.
textbible_english.p3d	2_1_FE_OBJ_6	POŠKOĎ APC, aby AGENT BLACKWATCH vylezl ven.
textbible_english.p3d	2_1_FE_OBJ_7	POHLŤ AGENTA dřív, než se dostane k vrtulníku.
textbible_english.p3d	2_1_GRABAGENT_HINT	STISKNI %0:BUTTON02 a CHYŤ AGENTA, pak %0:BUTTON04 a POHLŤ ho.
textbible_english.p3d	2_1_STRIKE_TEAM_INBOUND	ÚDERNÝM TÝMŮM UNIKNEŠ, když OPUSTÍŠ DOSAH DETEKCE vyznačený na MINIMAPĚ nebo ZMĚNÍŠ PŘEVLEK MIMO DOHLED.
textbible_english.p3d	2_1_OBJ_LEAVE_ALERT	ZABIJ NEBO SETŘES ARMÁDU A UKONČI POPLACH.
textbible_english.p3d	2_1_APC_HEALTH	ZDRAVÍ APC
textbible_english.p3d	2_1_RETURN_TO_APT	VRAŤ se do svého BYTU.
textbible_english.p3d	2_1_DISTANCE_TO_EXTRACT	VZDÁLENOST K VYZVEDNUTÍ
textbible_english.p3d	2_1_STRIKE_OBJ	SETŘES nebo ZNIČ ÚDERNÝ TÝM.
textbible_english.p3d	2_1_ALL_CLEAR	HLÁSIT ČISTO
textbible_english.p3d	2_1_FE_OBJ_ALL_CLEAR	POUŽIJ PŘEVLEK a VYLÁKEJ AGENTA z APC.
textbible_english.p3d	2_1_HLO_1	HLEDEJ STOPY O SVÉ MINULOSTI
textbible_english.p3d	2_1_HLO_2	ZJISTI, KDO TĚ CHTĚL ZABÍT
textbible_english.p3d	2_1_HLO_3	SETŘES ARMÁDU
textbible_english.p3d	2_2_GOTO_GENTEK	JDI do ZAŘÍZENÍ GENTEK.
textbible_english.p3d	2_2_GAIN_ENTRY	VSTUP do ZAŘÍZENÍ GENTEK nepozorovaně.
textbible_english.p3d	2_2_FIND_COMMANDER	NAJDI VELITELE ZAŘÍZENÍ GENTEK.
textbible_english.p3d	2_2_ENTER_FACILITY	VSTUP do ZAŘÍZENÍ GENTEK.
textbible_english.p3d	2_2_PHINT_SOLDIER_DISGUISE	NASAĎ VOJENSKÝ PŘEVLEK, aby ses dostal do PERIMETRU ZAŘÍZENÍ.
textbible_english.p3d	2_2_PHINT_COMMANDER	NAJDI VELITELE ZAŘÍZENÍ GENTEK a POHLŤ HO. Jeho PŘEVLEK tě DOSTANE DOVNITŘ.
textbible_english.p3d	2_2_TUT_VD_HEAD	VIROVÉ DETEKTORY
textbible_english.p3d	2_2_TUT_VD_BODY	VIROVÉ DETEKTORY prohlédnou tvůj PŘEVLEK.  Když se jejich světlo změní na ŽLUTÉ, ZAMĚŘUJÍ tě.  Když zčervená, našly tě a VYVOLALY POPLACH.
textbible_english.p3d	2_2_TUT_INFILTRATE_HEAD	INFILTRACE ZÁKLADEN
textbible_english.p3d	2_2_TUT_INFILTRATE_BODY	Chceš-li PRONIKNOUT na ZÁKLADNU, NAJDI a POHLŤ VELITELE ZAŘÍZENÍ. Jeho PŘEVLEK ti umožní VSTOUPIT do ZAŘÍZENÍ NEPOZOROVANĚ.
textbible_english.p3d	2_2_FE_OBJ_1	JDI do ZAŘÍZENÍ GENTEK.
textbible_english.p3d	2_2_FE_OBJ_2	VSTUP do ZAŘÍZENÍ GENTEK nepozorovaně.
textbible_english.p3d	2_2_FE_OBJ_3	NAJDI VELITELE ZAŘÍZENÍ GENTEK uvnitř PERIMETRU ZAŘÍZENÍ.
textbible_english.p3d	2_2_FE_OBJ_4	POHLŤ VELITELE ZAŘÍZENÍ GENTEK a VSTUP do ZAŘÍZENÍ NEPOZOROVANĚ.
textbible_english.p3d	2_2_FE_OBJ_5	VSTUP do ZAŘÍZENÍ GENTEK.
textbible_english.p3d	2_2_OBJ_CONSUME_COMM	POHLŤ VELITELE ZAŘÍZENÍ GENTEK.
textbible_english.p3d	2_2_OBJ_ACTIVATE_COMM	STISKNI %0:BUTTON16 a PŘEPNI na PŘEVLEK VELITELE.
textbible_english.p3d	2_2_ENTERGENTEK	VSTUP GENTEK
textbible_english.p3d	2_2_HLO_1	ZACHRAŇ ELIZABETH GREENE
textbible_english.p3d	2_5_OBJECTIVE_1	UNIKNI LOVCŮM
textbible_english.p3d	2_5_OBJECTIVE_3_LEAD_HUNTERS_TO_BASE	ZAVEĎ LOVCE na VOJENSKOU ZÁKLADNU.
textbible_english.p3d	2_5_OBJECTIVE_3b_GET_INTO_BASE	VSTUP na VOJENSKOU ZÁKLADNU přes STŘECHU.
textbible_english.p3d	2_5_OBJECTIVE_4_STUN_CONSUME_HUNTER	OMRAČ a POHLŤ LOVCE.
textbible_english.p3d	2_5_OBJECTIVE_5_DESTROY_BASE	PROTRHNI VŠECHNY PALIVOVÉ NÁDRŽE, znič základnu a zabij lovce.
textbible_english.p3d	2_5_OBJECTIVE_6_DESTROY_FUEL	PROTRHNI PALIVOVÉ NÁDRŽE.
textbible_english.p3d	2_5_HUNTER_IN_BASE	LOVCI VSTOUPILI na VOJENSKOU ZÁKLADNU.
textbible_english.p3d	2_5_CONSUME_HUNTER_HINT	LOVEC JE OMRÁČENÝ. CHYŤ HO POMOCÍ %0:BUTTON02 A PAK STISKNI %0:BUTTON04 A POHLŤ HO.\nPOHLCOVÁNÍ LOVCŮ DÁVÁ VELKÝ PŘÍSUN ZDRAVÍ.
textbible_english.p3d	2_5_FAILURE_HINT_1	VYUŽIJ ZBRANĚ NA VOJENSKÉ ZÁKLADNĚ VE SVŮJ PROSPĚCH
textbible_english.p3d	2_5_FAILURE_HINT_2	POHLŤ LOVCE A ODEMKNI NOVOU SCHOPNOST
textbible_english.p3d	2_5_OBJECTIVE_3c_FIGHT_THE_HUNTERS	PORAZ LOVCE
textbible_english.p3d	2_5_HUNTERS_KILLED	ZABITÍ LOVCI
textbible_english.p3d	2_5_HUNTERS_REMAIN	ZBÝVAJÍCÍ LOVCI
textbible_english.p3d	2_5_FUEL_TANKS_REMAINING	ZBÝVAJÍCÍ NÁDRŽE
textbible_english.p3d	2_5_FUEL_TANK_REMAINING	ZBÝVAJÍCÍ NÁDRŽ
textbible_english.p3d	2_5_HUNTERS_INSIDE_BASE	LOVCI JSOU UVNITŘ ZÁKLADNY
textbible_english.p3d	2_5_CLAW_POWER	DRÁPY ODEMČENY
textbible_english.p3d	2_5_CLAW_TUTORIAL_1	POHLCENÍ LOVCE ti dalo SCHOPNOST DRÁPY.
textbible_english.p3d	2_5_CLAW_TUTORIAL_2	Každá SCHOPNOST má vlastní ÚTOKY, KOMBA a POHYBY. Nová vylepšení najdeš v MENU VYLEPŠENÍ na OBRAZOVCE PAUZY.
textbible_english.p3d	2_5_CLAW_TUTORIAL_3	STISKNI %0:BUTTON14 pro AKTIVACI nebo DEAKTIVACI ÚTOČNÉ SCHOPNOSTI.
textbible_english.p3d	2_5_CLAW_TUTORIAL_4	STISKNI %0:BUTTON10 a vyvolej KOLO VÝBĚRU SCHOPNOSTÍ. POHNI %0:BUTTON07 a VYBER SCHOPNOST. PUSŤ %0:BUTTON10 a AKTIVUJ ji.
textbible_english.p3d	2_5_FAILURE_3	DRÁPY JSOU OBZVLÁŠŤ ÚČINNÉ PROTI LOVCŮM
textbible_english.p3d	2_5_FAILURE_4	NEVYMĚŇUJ SI S LOVCI JEN RÁNY - ÚNIKOVÝM PŘEMETEM UNIKNI JEJICH KOMBŮM
textbible_english.p3d	2_5_FAILURE_5	NENECH SE ZAHNAT DO KOUTA - UNIKNI ÚNIKOVÝM PŘEMETEM
textbible_english.p3d	2_5_FAILURE_6	NASAĎ OBRANNOU SCHOPNOST ŠTÍT A SNIŽ ZRANĚNÍ
textbible_english.p3d	2_5_HLO_1	PORAZ LOVCE
textbible_english.p3d	3_1_DIALOG_APC_WARNING	ZATÍM NEUMÍŠ UNÉST APC
textbible_english.p3d	3_1_OBJECTIVE_BACKUP	STÁHNI %0:BUTTON06 DOLŮ a COUVEJ.
textbible_english.p3d	3_1_KPMISSING	ARMÁDA po tomto APC pátrá. VYHNI se jí.
textbible_english.p3d	TUTORIAL_HIVE_DESTROY_REMIND_TITLE	NAKAŽENÁ HNÍZDA
textbible_english.p3d	TUTORIAL_HIVE_DESTROY_REMIND_1	NIČ NAKAŽENÁ HNÍZDA, DOČASNĚ POTLAČÍŠ NÁKAZU V OBLASTI a ZÍSKÁŠ OBROVSKÉ BONUSY EP.
textbible_english.p3d	3_1_OBJECTIVE_CONSUME_APCPILOT	POHLŤ ŘIDIČE APC a odemkni DOVEDNOST ŘÍZENÍ APC.
textbible_english.p3d	3_1_OBJECTIVE_RETURNINFEC	VRAŤ se do NAKAŽENÉ ZÓNY.
textbible_english.p3d	3_1_BW_FLEE_FAIL	UTEKL JSI Z KORDONU BLACKWATCH
textbible_english.p3d	3_1_OBJECTIVE_TOBASE	JDI na VOJENSKOU ZÁKLADNU.
textbible_english.p3d	3_1_OBJECTIVE_RETURNTODESTROY	VRAŤ se s OBRNĚNÝM VOZIDLEM k HNÍZDU a ZNIČ HO.
textbible_english.p3d	3_1_OBJECTIVE_GOTO_GI	JDI do BYTU KAREN PARKER.
textbible_english.p3d	3_1_OBJECTIVE_CONSUMESOLD	POHLŤ VOJÁKA a NAJDI VOJENSKOU ZÁKLADNU.
textbible_english.p3d	3_1_APC_RESCUE_KP	SEŽEŇ APC a ZACHRAŇ PARKER.
textbible_english.p3d	3_1_OBJECTIVE_ARMORVEHICLE	POUŽIJ OBRNĚNÉ VOZIDLO a ZNIČ HNÍZDO.
textbible_english.p3d	3_1_OBJECTIVE_ENTERCONSUMECOM	VSTUP do PERIMETRU VOJENSKÉ ZÁKLADNY a POHLŤ VELITELE.
textbible_english.p3d	3_1_OBJECTIVE_OUTALERT	UKONČI POPLACH, než vstoupíš na ZÁKLADNU.
textbible_english.p3d	3_1_OBJECTIVE_MILDISGUISE	POUŽIJ PLATNÝ VOJENSKÝ PŘEVLEK a VPLÍŽ se na VOJENSKÉ ZÁKLADNY NEPOZOROVANĚ.
textbible_english.p3d	3_1_OBJECTIVE_RETURNTOBASE	VRAŤ se na VOJENSKOU ZÁKLADNU.
textbible_english.p3d	3_1_OBJECTIVE_APCHIJACK	NASEDNI do APC.
textbible_english.p3d	3_1_OBJECTIVE_COMDISGUISE	VSTUP na ZÁKLADNU v PŘEVLEKU VELITELE.
textbible_english.p3d	3_1_OBJECTIVE_VEHICLE_WARNING2	Tohle NENÍ VOZIDLO KAREN PARKER.
textbible_english.p3d	3_1_OBJECTIVE_LEFTTHUMBSTICKMOVE	POHNI %0:BUTTON06 a VYVEĎ APC ZE ZÁKLADNY.
textbible_english.p3d	3_1_OBJECTIVE_TURNTURRET	MIŘ VĚŽÍ pomocí %0:BUTTON07.
textbible_english.p3d	3_1_OBJECTIVE_TRIGGER	DRŽ %0:BUTTON12 a ZAMĚŘ NAKAŽENÉ.
textbible_english.p3d	3_1_OBJECTIVE_MAINGUN	STISKNI %0:BUTTON13 pro PALBU z KANÓNU.
textbible_english.p3d	3_1_OBJECTIVE_TOW	STISKNI %0:BUTTON11 a VYPAL RAKETY na NAKAŽENÉ.
textbible_english.p3d	3_1_FAIL_GIDEAD	INFORMÁTORKA Z GENTEKU MUSÍ PŘEŽÍT
textbible_english.p3d	3_1_FAIL_HINT_GIDEAD	DOSTAŇ INFORMÁTORKU Z GENTEKU NA NOVÉ MÍSTO CO NEJRYCHLEJI
textbible_english.p3d	3_1_FAIL_APCDRIVERDEAD	ŘIDIČ APC JE MRTVÝ
textbible_english.p3d	3_1_FAIL_HINT_APCDRIVERDEAD	POHLŤ ŘIDIČE APC A ODEMKNI DOVEDNOST ŘÍZENÍ APC
textbible_english.p3d	3_1_FAIL_COMMANDERDEAD	VELITEL ZÁKLADNY JE MRTVÝ
textbible_english.p3d	3_1_FAIL_HINT_COMMANDERDEAD	POHLŤ VELITELE A ZÍSKEJ PŘÍSTUP NA ZÁKLADNU
textbible_english.p3d	3_1_OBJECTIVE_1	JDI do BYTU KAREN PARKER.
textbible_english.p3d	3_1_CONTACT_KP	KONTAKTUJ KAREN PARKER.
textbible_english.p3d	3_1_OBJECTIVE_2	POHLŤ VOJÁKA a NAJDI VOJENSKOU ZÁKLADNU.
textbible_english.p3d	3_1_OBJECTIVE_3	JDI na VOJENSKOU ZÁKLADNU.
textbible_english.p3d	3_1_OBJECTIVE_CONSUME_COMMANDER	POHLŤ VELITELE a ZÍSKEJ PŘÍSTUP na ZÁKLADNU.
textbible_english.p3d	3_1_OBJECTIVE_4	POHLŤ ŘIDIČE APC.
textbible_english.p3d	3_1_OBJECTIVE_5	ZNIČ HNÍZDO, než vyzvedneš PARKER.
textbible_english.p3d	3_1_OBJECTIVE_6	VYZVEDNI KAREN PARKER.
textbible_english.p3d	3_1_OBJECTIVE_7	ODVEZ PARKER do BEZPEČÍ.
textbible_english.p3d	3_1_OBJECTIVE_8	ZNIČ VRTULNÍKY.
textbible_english.p3d	3_1_OBJECTIVE_9	VSTUP na VOJENSKOU ZÁKLADNU.
textbible_english.p3d	3_1_OBJECTIVE_10	UNES blízké APC.
textbible_english.p3d	3_1_OBJECTIVE_11	VRAŤ se k APC KAREN PARKER.
textbible_english.p3d	3_1_OBJECTIVE_12	ODVEZ APC do OBLASTI NÁKAZY a ZASTAV ŠÍŘENÍ INFEKCE.
textbible_english.p3d	3_1_OBJECTIVE_13	POUŽIJ APC a ZABIJ NAKAŽENÉ.
textbible_english.p3d	3_1_OBJECTIVE_TESTAPC	VYZKOUŠEJ OVLÁDÁNÍ APC.
textbible_english.p3d	3_1_OBJECTIVE_14	VRAŤ se do BYTU KAREN PARKER.
textbible_english.p3d	3_1_OBJECTIVE_RESCUE_KP	ZACHRAŇ KAREN PARKER.
textbible_english.p3d	3_1_OBJECTIVE_15	VYZVEDNI KAREN PARKER.
textbible_english.p3d	3_1_OBJECTIVE_16	ODVEZ PARKER do BEZPEČÍ.
textbible_english.p3d	3_1_OBJECTIVE_17	OPUSŤ ZÁKLADNU.
textbible_english.p3d	3_1_OBJECTIVE_18	OPUSŤ ZÁKLADNU a NASAĎ VOJENSKÝ PŘEVLEK.
textbible_english.p3d	3_1_OBJECTIVE_MOVETO	PŘESUŇ APC k TRASOVÉMU BODU.
textbible_english.p3d	3_1_OBJECTIVE_MOVHINT3	PŘESUŇ APC dál po ULICI.
textbible_english.p3d	3_1_OBJECTIVE_MOVHINT4	JEĎ do NAKAŽENÉ ZÓNY a vyzkoušej ZBRANĚ.
textbible_english.p3d	3_1_FINDANOTHERAPC	NAJDI jiné APC.
textbible_english.p3d	3_1_KARENDEAD_REASON	KAREN PARKER MUSÍ PŘEŽÍT
textbible_english.p3d	3_1_COMMANDERDEAD_REASON	VELITEL JE MRTVÝ
textbible_english.p3d	3_1_APCPILOTDEAD_REASON	ŘIDIČ APC JE MRTVÝ
textbible_english.p3d	3_1_APCDESTROYED_REASON	KAREN PARKER MUSÍ PŘEŽÍT
textbible_english.p3d	3_1_APCENTEREXIT_HINT	Přijď blíž a STISKNI %0:BUTTON02 pro ÚNOS jakéhokoli APC.  Uvnitř DRŽ %0:BUTTON02 pro VÝSTUP z APC.
textbible_english.p3d	3_1_BUTTONTEXT1	HLAVNÍ PALBA
textbible_english.p3d	3_1_BUTTONTEXT2	VEDLEJŠÍ PALBA
textbible_english.p3d	3_1_BUTTONTEXT3	ZAMĚŘIT
textbible_english.p3d	3_1_CONSUMELOST_REASON	PŘIŠEL jsi o PŘEVLEK VELITELE.
textbible_english.p3d	3_1_STEALTHCONSUME_TUTORAIL	POUŽIJ NENÁPADNÉ POHLCENÍ, když jsou poblíž další NEPŘÁTELÉ.
textbible_english.p3d	3_1_STEALTHCONSUME_TUTORAIL_TITLE	NENÁPADNÉ POHLCENÍ
textbible_english.p3d	3_1_APCFIND	APC najdeš u VOJENSKÝCH ZÁKLADEN nebo NAKAŽENÝCH HNÍZD.
textbible_english.p3d	3_1_TEST	TEST
textbible_english.p3d	3_1_BASEDESTROYED	ZÁKLADNA BYLA ZNIČENA
textbible_english.p3d	3_1_ALERT_BASE_EXIT	ZÁKLADNA JE UZAVŘENA.\n\nZABIJ NEBO SETŘES armádu a OPUSŤ ZÁKLADNU.
textbible_english.p3d	3_1_ALERT_BASE_TUTORIAL	NASAĎ PLATNÝ PŘEVLEK NEBO ZABIJ VŠECHNY VOJÁKY, ABYS UKONČIL POPLACH.
textbible_english.p3d	3_1_HIVE_INTEGRITY	INTEGRITA HNÍZDA
textbible_english.p3d	3_1_APCREMIND	SEŽEŇ APC z blízké VOJENSKÉ ZÓNY a použij ho proti HNÍZDU.
textbible_english.p3d	3_1_KP_ENTER	VSTOUPIT DO BUDOVY
textbible_english.p3d	3_1_SHAKEALERT	ZABIJ NEBO SETŘES ARMÁDU A UKONČI POPLACH.
textbible_english.p3d	3_1_HLO_1	KONTAKTUJ KAREN PARKER
textbible_english.p3d	3_1_HLO_2	SEŽEŇ APC PRO PŘEVOZ KAREN PARKER
textbible_english.p3d	3_1_HLO_3	VYZKOUŠEJ APC
textbible_english.p3d	3_1_HLO_4	ZACHRAŇ KAREN PARKER
textbible_english.p3d	3_2_GENETIC_MATERIAL	GENETICKÝ MATERIÁL
textbible_english.p3d	3_2_WT_HINT	Z NAKAŽENÝCH VODOJEMŮ se zrodí LOVCI, pokud u nich strávíš čas.  Buď opatrný.
textbible_english.p3d	3_1_HIVEWARN_1	VAROVÁNÍ: INTEGRITA HNÍZDA 75%
textbible_english.p3d	3_1_HIVEWARN_2	VAROVÁNÍ: INTEGRITA HNÍZDA 50%
textbible_english.p3d	3_1_HIVEWARN_3	VAROVÁNÍ: INTEGRITA HNÍZDA 20%
textbible_english.p3d	3_1_HIVEWARN_4	VAROVÁNÍ: HNÍZDO KRITICKÉ
textbible_english.p3d	3_2_WT_OBJ1	ZNIČ NAKAŽENÝ VODOJEM, než se vylíhne.
textbible_english.p3d	3_2_WT_OBJ2	SEBER GENETICKÝ MATERIÁL a JDI k dalšímu NAKAŽENÉMU VODOJEMU.
textbible_english.p3d	3_2_HIVE_GENETIC_MATERIAL	GENETICKÝ MATERIÁL HNÍZDA
textbible_english.p3d	3_2_HIVE_OBJ1	Jdi k HNÍZDU a SEBER další GENETICKÝ MATERIÁL.
textbible_english.p3d	3_2_OBJECTIVE_GOTO_WH	JDI k NAKAŽENÉMU VODOJEMU a SEBER GENETICKÝ MATERIÁL.
textbible_english.p3d	3_2_HIVE_HINT1	HNÍZDA produkují GENETICKÝ MATERIÁL pravidelně.
textbible_english.p3d	3_2_HIVE_HINT2	BOJUJ s ARMÁDOU a UDRŽ HNÍZDO NAŽIVU.
textbible_english.p3d	3_2_HIVE_OBJ2	SEBER GENETICKÝ MATERIÁL, než bude HNÍZDO ZNIČENO.
textbible_english.p3d	3_2_HIVE_FAIL_REASON	HNÍZDO BYLO ZNIČENO DŘÍV, NEŽ JSI NASBÍRAL DOST GENETICKÉHO MATERIÁLU.
textbible_english.p3d	3_2_HIVE_FAIL_HINT	SOUSTŘEĎ SE NA SBĚR GENETICKÉHO MATERIÁLU NEBO NA ODRÁŽENÍ ARMÁDY
textbible_english.p3d	3_2_WT_HATCH	NAKAŽENÝ VODOJEM se vylíhl dřív, než jsi ho zničil.  NAJDI DALŠÍ.
textbible_english.p3d	3_2_HIVE_REMIND	SEBER GENETICKÝ MATERIÁL
textbible_english.p3d	TUTORIAL_INFECTEDWT1	NAKAŽENÉ VODOJEMY
textbible_english.p3d	TUTORIAL_INFECTEDWT1_1	NAKAŽENÉ VODOJEMY jsou INKUBÁTORY LOVCŮ. Když se PŘIBLÍŽÍŠ, začnou se LÍHNOUT. Když USTOUPÍŠ, znovu ZTICHNOU. Zůstaň BLÍZKO moc dlouho a PRASKNOU.
textbible_english.p3d	TUTORIAL_INFECTEDWT1_2	ZÍSKÁŠ GENETICKÝ MATERIÁL, když ZNIČÍŠ NAKAŽENÝ VODOJEM dřív, než se vylíhne.
textbible_english.p3d	3_2_GM_COLLECTED	GENETICKÝ MATERIÁL SEBRÁN
textbible_english.p3d	3_2_HIVE_DAMAGED	VAROVÁNÍ: HNÍZDO POŠKOZENO
textbible_english.p3d	3_2_EXIT_REMIND	ZŮSTAŇ BLÍZKO HNÍZDA.
textbible_english.p3d	3_2_EXIT_REASON	OPUSTIL JSI HNÍZDO
textbible_english.p3d	3_2_HLO_1	SEBER GENETICKÝ MATERIÁL
textbible_english.p3d	3_3_COLLECTION_ALERT	SEBRÁNO 50% GENETICKÉHO MATERIÁLU
textbible_english.p3d	3_3_COLLECTION_ALERT2	SEBRÁNO 75% GENETICKÉHO MATERIÁLU
textbible_english.p3d	3_3_OBJECTIVE_COLLECTGM	JDI k HNÍZDU a najdi GENETICKÝ MATERIÁL.
textbible_english.p3d	3_3_OBJECTIVE_CONSUMEMARINECOMMANDER	POHLŤ KAPITÁNA MARINES a převezmi kontrolu nad DĚLOSTŘELECKÝM ÚDEREM.
textbible_english.p3d	3_3_OBJECTIVE_CONSUMEMARINECOMMANDER2	POHLŤ KAPITÁNA MARINES.
textbible_english.p3d	3_3_OBJECTIVE_GOTO_HIVE	JDI k HNÍZDU.
textbible_english.p3d	3_3_OBJECTIVE_PROTECTHIVEFROMTANKS	CHRAŇ HNÍZDO před ÚTOKEM ARMÁDY.
textbible_english.p3d	3_3_OBJECTIVE_RETURNTOGI	JDI do BYTU KAREN PARKER.
textbible_english.p3d	3_3_OBJECTIVE_RETURNTOGI2	JDI do BYTU KAREN PARKER.
textbible_english.p3d	3_3_OBJECTIVE_STOPARTILLERYBYTRANSFORMING	PROMĚŇ se ve VELITELE a ZASTAV DĚLOSTŘELBU.
textbible_english.p3d	3_3_OBJECTIVE_STOPSTRIKE	ZABRAŇ ZNIČENÍ HNÍZDA DĚLOSTŘELBOU.
textbible_english.p3d	9_3_ALERT_BWPERIMETER	VSTOUPIL jsi do PERIMETRU BLACKWATCH.
textbible_english.p3d	9_3_ALERT_MARINEPERIMETER	VSTOUPIL jsi do PERIMETRU MARINES.
textbible_english.p3d	9_3_ALERT_TAGGARTDAMAGED	TAGGARTŮV TANK utrpěl PŘÍLIŠ VELKÉ POŠKOZENÍ.
textbible_english.p3d	9_3_ALERT_TAGGARTDEAD	TAGGART BYL ZABIT
textbible_english.p3d	9_3_ALERT_TAGGARTTOOFAR	TAGGART UNIKÁ. DOŽEŇ HO.
textbible_english.p3d	9_3_ALERT_TAGGARTWARNING	TAGGART se NEOBJEVÍ, pokud budou VOJÁCI BLACKWATCH MRTVÍ.
textbible_english.p3d	9_3_BWPERIMETER_INFILTRATE	PRONIKL jsi do KORDONU BLACKWATCH.
textbible_english.p3d	9_3_OBJECTIVE_AVOID_DETECTION	NEVSTUPUJ DO VOJENSKÉHO PERIMETRU BĚHEM POPLACHU.
textbible_english.p3d	9_3_OBJECTIVE_CONSUMEBWDISGUISE	POHLŤ VOJÁKA BLACKWATCH a NASAĎ SI JEHO PŘEVLEK.
textbible_english.p3d	9_3_OBJECTIVE_FINDBWPERIMETER	NAJDI PERIMETR BLACKWATCH na BROOKLYNSKÉM MOSTĚ.
textbible_english.p3d	9_3_OBJECTIVE_GOTO_TAGGART	JDI na TAGGARTOVO MÍSTO SCHŮZKY.
textbible_english.p3d	9_3_OBJECTIVE_PURSUETAGGART	ZMOCNI se TAGGARTOVA TANKU. NENIČ HO.
textbible_english.p3d	9_3_HLO_1	VYŽEŇ TAGGARTA NA OTEVŘENÝ PROSTOR
textbible_english.p3d	9_3_HLO_2	STÍHEJ TAGGARTA
textbible_english.p3d	9_3_HLO_3	DONUŤ TAGGARTA K ÚTĚKU
textbible_english.p3d	9_3_HLO_4	POHLŤ TAGGARTA
textbible_english.p3d	4_1_OBJECTIVE_FIND_COMM	NAJDI a POHLŤ VELITELE ZÁKLADNY BLACKWATCH.
textbible_english.p3d	4_1_OBJECTIVE_1_CONSUME_COMMANDER_ALT_2	POHLŤ VELITELE BLACKWATCH.
textbible_english.p3d	4_1_OBJECTIVE_2_PROTECT_SAFEHOUSE	ZABRAŇ HLÍDKÁM PRORAZIT ZELENÝ PERIMETR KOLEM DANINA ÚKRYTU.
textbible_english.p3d	4_1_OBJECTIVE_2_PROTECT_SAFEHOUSE_ALT_1	ZNIČ VŠECHNY HLÍDKY, než dorazí k DANINU ÚKRYTU.
textbible_english.p3d	4_1_OBJECTIVE_2_PROTECT_SAFEHOUSE_ALT_2	ZNIČ všechny HLÍDKY, než dorazí k DANINU ÚKRYTU.
textbible_english.p3d	4_1_OBJECTIVE_2_PROTECT_SAFEHOUSE_ALT_3	ZNIČ blížící se HLÍDKY.
textbible_english.p3d	4_1_OBJECTIVE_2_PROTECT_SAFEHOUSE_ALT_4	ZNIČ HLÍDKY blížící se k DANINU ÚKRYTU.
textbible_english.p3d	4_1_FE_OBJECTIVE_1	POHLŤ DŮSTOJNÍKA BLACKWATCH.
textbible_english.p3d	4_1_FE_OBJECTIVE_2	ZNIČ všechny HLÍDKY blížící se k DANINU ÚKRYTU.
textbible_english.p3d	4_1_HINT_APC_TOO_CLOSE	K DANINU ÚKRYTU se blíží HLÍDKA.
textbible_english.p3d	4_1_COMMANDER_MARKER_LABEL	VELITEL ZÁKLADNY
textbible_english.p3d	4_1_PATROL_MARKER_LABEL	HLÍDKA
textbible_english.p3d	4_1_DANAS_MARKER_LABEL	DANIN ÚKRYT
textbible_english.p3d	4_1_FE_OBJ_1	NAJDI VELITELE ZÁKLADNY BLACKWATCH.
textbible_english.p3d	4_1_FE_OBJ_2	POHLŤ VELITELE ZÁKLADNY BLACKWATCH.
textbible_english.p3d	4_1_FE_OBJ_3	ZNIČ blízkou HLÍDKU.
textbible_english.p3d	4_1_FE_OBJ_4	ZNIČ VŠECHNY HLÍDKY, než DORAZÍ k DANINU ÚKRYTU.
textbible_english.p3d	4_1_UAV_PASSIVE_DESCRIP	UAV jsou mobilní verze VIROVÝCH DETEKTORŮ. Když jejich světlo zčervená, byl jsi ODHALEN.
textbible_english.p3d	4_1_PATROL_DESTROYED	HLÍDKA ZNIČENA
textbible_english.p3d	4_1_FAIL_REASON	ARMÁDA ZJISTILA DANINU POLOHU
textbible_english.p3d	4_1_HLO_1	PROZKOUMEJ ZÁKLADNU
textbible_english.p3d	4_1_HLO_2	ZABRAŇ ARMÁDĚ V ODHALENÍ ÚKRYTU
textbible_english.p3d	4_2_DETECTOR_DESCRIPT	VIROVÝ DETEKTOR
textbible_english.p3d	4_2_MISSION_FAILED	MISE SELHALA
textbible_english.p3d	4_2_OBJECTIVE_2_DESTROY_SNIFFERS_1A	ZNIČ další VIROVÝ DETEKTOR.
textbible_english.p3d	4_2_MISSION_FAILED_HINT	NEZNIČIL JSI VŠECHNY VIROVÉ DETEKTORY
textbible_english.p3d	4_2_OBJECTIVE_1_GOTO_SNIFFER_AREA	JDI do OBLASTI CHELSEA, kde se rozmísťují VIROVÉ DETEKTORY.
textbible_english.p3d	4_2_OBJECTIVE_1_GOTO_SNIFFER_AREA_ALT_1	Jdi do oblasti rozmístění VIROVÝCH DETEKTORŮ.
textbible_english.p3d	4_2_OBJECTIVE_1_GOTO_SNIFFER_AREA_ALT_2	ZNIČ zbývající VIROVÉ DETEKTORY v každém OZNAČENÉM BLOKU MĚSTA.
textbible_english.p3d	4_2_OBJECTIVE_2_DESTROY_SNIFFERS_1	ZNIČ VIROVÝ DETEKTOR.
textbible_english.p3d	4_2_OBJECTIVE_2_DESTROY_SNIFFERS_2	ZNIČ zbývající VIROVÉ DETEKTORY v každém OZNAČENÉM BLOKU MĚSTA.
textbible_english.p3d	4_2_OBJECTIVE_2_DESTROY_SNIFFERS_ALT_2	ZNIČ zbývající VIROVÉ DETEKTORY v každém OZNAČENÉM BLOKU MĚSTA.
textbible_english.p3d	4_2_METER_LABEL	ZNIČENÉ DETEKTORY
textbible_english.p3d	4_2_MISSION_FAILED_HINT1	VRTULNÍKY JSOU ZRANITELNÉ HOZENÝMI PŘEDMĚTY.  HÁZEJ PO NICH PŘEDMĚTY A SESTŘEL JE.
textbible_english.p3d	4_2_MISSION_FAILED_HINT2	TANKY TĚ NEZASÁHNOU NA ÚPLNĚ KRÁTKOU VZDÁLENOST.  PŘIBLIŽ SE A NABIJ ÚTOKY, ABYS PROLOMIL JEJICH PANCÍŘ.
textbible_english.p3d	4_2_MISSION_FAILED_HINT3	POKUD TVŮJ POSTUP NEFUNGUJE, ZKUS JINOU STRATEGII.  STŘÍDEJ POUŽITÍ SCHOPNOSTÍ A PŘEVLEKU.
textbible_english.p3d	4_2_MISSION_FAILED_HINT4	ZAMĚŘ SE NA VOJÁKY S GRANÁTOMETY A RAKETOMETY
textbible_english.p3d	4_2_MISSION_FAILED_HINT5	NĚKTERÉ SCHOPNOSTI JSOU ÚČINNĚJŠÍ PROTI URČITÝM TYPŮM NEPŘÁTEL.  KOMBINUJ JE A NAJDI NEJLEPŠÍ NÁSTROJ NA DANOU PRÁCI.
textbible_english.p3d	4_2_MISSION_FAILED_HINT6	POKUD SI NEVÍŠ RADY, PODÍVEJ SE V MENU VYLEPŠENÍ PO DALŠÍCH VYLEPŠENÍCH, KTERÁ POMOHOU ZDOLAT NÁROČNOU MISI
textbible_english.p3d	SNIFFERS_REMAINING1	ZBÝVAJÍCÍ VIROVÉ DETEKTORY
textbible_english.p3d	TUTORIAL_AREA_MARKER_TITLE	ZNAČKY OBLASTÍ
textbible_english.p3d	TUTORIAL_AREA_MARKER_1	ZNAČKA OBLASTI ukazuje MĚSTSKÝ BLOK s DETEKTOREM. PROHLEDEJ oblast a NAJDI tento DETEKTOR.
textbible_english.p3d	4_2_OBJECTIVE_HINT_1	PŘEVLEKEM se dostaň BLÍZKO, než na DETEKTOR ZAÚTOČÍŠ.
textbible_english.p3d	4_2_OBJECTIVE_HINT_2	BIČOVOU PĚSTÍ ZLIKVIDUJ VÍCE NEPŘÁTEL NABLÍZKO.
textbible_english.p3d	4_2_OBJECTIVE_HINT_3	ZABIJ NEBO SETŘES ARMÁDU, než zaútočíš na další DETEKTOR.
textbible_english.p3d	4_2_HLO_1	ZABRAŇ ARMÁDĚ V ODHALENÍ ÚKRYTU
textbible_english.p3d	4_2_HLO_2	ODLÁKEJ POZORNOST ARMÁDY OD ÚKRYTU
textbible_english.p3d	4_2_HLO_3	UNIKNI ARMÁDĚ
textbible_english.p3d	4_3_SABOTAGE_TUTORIAL_TITLE	SABOTÁŽ DETEKTORŮ
textbible_english.p3d	4_3_BUTTON_HINT_RADIO	RÁDIO
textbible_english.p3d	4_3_EXIT_VEHICLE	VYSTUP z VOZIDLA a ZAVOLEJ McMULLENOVI.
textbible_english.p3d	4_3_CALL_MCMULLEN	BĚŽ do PŘISTÁVACÍ ZÓNY a dej signál McMULLENOVI.
textbible_english.p3d	4_3_CALL_MCMULLENBUTTONHINT	VOLAT MCMULLENA
textbible_english.p3d	4_3_CHECK_ACTIVITY	BĚŽ k dalšímu VÝZKUMU HNÍZDA a ZKONTROLUJ ÚROVNĚ AKTIVITY.
textbible_english.p3d	4_3_CONSUME_COMMANDER	POHLŤ VELITELE BLACKWATCH.
textbible_english.p3d	4_3_CONSUME_SURVIVORS	NAJDI a POHLŤ VELITELE mezi přeživšími.
textbible_english.p3d	4_3_FIND_RESEARCHERS	NAJDI McMULLENŮV VÝZKUMNÝ TÝM.
textbible_english.p3d	4_3_SABOTAGE_TUTORIAL_1	McMULLEN musí uvěřit, že je oblast BEZ NÁKAZY, teprve pak přistane. PŘIBLIŽ SE k VIROVÉMU DETEKTORU a STISKNI %0:BUTTON04 pro zahájení SABOTÁŽE.
textbible_english.p3d	4_3_LEAVING_HIVE_AREA	BĚŽ k HNÍZDU a POHLŤ VELITELE.
textbible_english.p3d	4_3_NO_DESTRUCTION_OF_SNIFFERS	NEDOVOL, aby byly VIROVÉ DETEKTORY ZNIČENY.
textbible_english.p3d	4_3_SABOTAGE_SNIFFERS	SABOTUJ VIROVÉ DETEKTORY. NEDOVOL, aby byly VIROVÉ DETEKTORY ZNIČENY, jinak se McMULLEN oblasti vyhne.
textbible_english.p3d	4_3_WOI_HEADER	SÍŤ INTRIK
textbible_english.p3d	4_3_WOI_LOOKING_FOR_HIVE_TO_RESEARCH	McMULLEN hledá SPÍCÍ HNÍZDO k VÝZKUMU.\n\nBude pokračovat, jen když VIROVÉ DETEKTORY UKÁŽOU NULOVOU AKTIVITU NAKAŽENÝCH.\n\nNEDOVOL, ABY BYL ZNIČEN JAKÝKOLI DETEKTOR.
textbible_english.p3d	4_3_START_SABOTAGE	SABOTÁŽ...
textbible_english.p3d	4_3_SABOTAGE	SABOTÁŽ
textbible_english.p3d	4_3_ABORT_SABOTAGE	SABOTÁŽ PŘERUŠENA
textbible_english.p3d	4_3_SABOTAGE_THE_SNIFFER	STISKNI %0:BUTTON04 pro SABOTÁŽ.
textbible_english.p3d	4_3_TOO_MANY_SNIFFERS_DEAD	BYLO ZNIČENO PŘÍLIŠ MNOHO VIROVÝCH DETEKTORŮ
textbible_english.p3d	4_3_MCMULLEN_ABORTED	McMULLEN OPERACI ZRUŠIL
textbible_english.p3d	4_3_SNIFFER_WAS_DESTROYED	VIROVÝ DETEKTOR BYL ZNIČEN
textbible_english.p3d	4_3_DESTROY_NO_MORE	DETEKTORY MUSÍ PŘEŽÍT
textbible_english.p3d	4_3_SNIFFER_SABOTAGED	SABOTÁŽ VIROVÉHO DETEKTORU DOKONČENA
textbible_english.p3d	4_3_END_THE_ALERT	UKONČI POPLACH a PŘIVOLEJ McMULLENA.
textbible_english.p3d	4_3_GET_OUT_OF_AREA	UNIKNI z OBLASTI VYZNAČENÉ NA MINIMAPĚ.
textbible_english.p3d	4_3_GET_TO_SAFEHOUSE	UNIKNI do DANINA ÚKRYTU.
textbible_english.p3d	4_3_ESCAPE_TO_SAFEHOUSE	UNIKNI do DANINA ÚKRYTU.
textbible_english.p3d	4_3_LOSE_PURSUERS	UNIKNI ARMÁDĚ.
textbible_english.p3d	4_3_RED_ABORT	SABOTÁŽ PŘERUŠENA: VIROVÉ DETEKTORY NELZE SABOTOVAT BĚHEM POPLACHU
textbible_english.p3d	4_3_TRIGGER_ABORT	SABOTÁŽ PŘERUŠENA: VIROVÝ DETEKTOR UŽ NENÍ ZAMĚŘEN
textbible_english.p3d	4_3_CANNOT_SABOTAGE	VIROVÉ DETEKTORY NELZE SABOTOVAT BĚHEM POPLACHU
textbible_english.p3d	4_3_OBJ_CONSUME_COMMANDER	NAJDI a POHLŤ VELITELE.
textbible_english.p3d	4_3_OBJ_SABOTAGE_VIRAL_DETECTOR	SABOTUJ VIROVÉ DETEKTORY.
textbible_english.p3d	4_3_OBJ_CALL_MCMULLEN	PŘIVOLEJ McMULLENA.
textbible_english.p3d	4_3_OBJ_ESCAPE_MCMULLEN	SETŘES McMULLENA a UKONČI POPLACH.
textbible_english.p3d	4_3_OBJ_TO_FIRST_HIVE	BĚŽ k HNÍZDU a VYLÁKEJ McMULLENA VEN.
textbible_english.p3d	4_3_ACQUIRE_DISGUISE_AND_GOTO	SEŽEŇ si PŘEVLEK a DOJDI na jedno z VYZNAČENÝCH MÍST.
textbible_english.p3d	4_3_VALID_DISGUISE_REQUIRED	SEŽEŇ si PŘEVLEK.
textbible_english.p3d	4_3_FAIL_MCMULLEN_DEAD	McMULLEN NESMÍ BÝT ZABIT
textbible_english.p3d	4_3_SNIFFER_SABOTAGE_METER_LABEL	SABOTOVANÉ DETEKTORY
textbible_english.p3d	4_3_DO_NOT_DESTROY_SNIFFER	McMULLEN v oblasti NEPŘISTANE, pokud bude některý z DETEKTORŮ ZNIČEN.
textbible_english.p3d	4_3_ESCAPE_MCMULLEN_TUTORIAL_TITLE	ÚNIK PŘED McMULLENEM
textbible_english.p3d	4_3_ESCAPE_MCMULLEN_TUTORIAL_1	SETŘES McMULLENA a UKONČI POPLACH.
textbible_english.p3d	SNIFFERS_REMAINING	ZBÝVAJÍCÍ DETEKTORY
textbible_english.p3d	4_3_HLO_1	NAJDI McMULLENA
textbible_english.p3d	4_3_HLO_2	PŘIVEĎ McMULLENA NA MÍSTO
textbible_english.p3d	4_3_HLO_3	SETŘES McMULLENOVY SÍLY
textbible_english.p3d	4_4_COLLECT_SAMPLES	SEBER GENETICKÝ MATERIÁL.
textbible_english.p3d	4_4_OBJECTIVE_1_GET_INTO_HIVE	VSTUP do HNÍZDA.
textbible_english.p3d	4_4_OBJECTIVE_2_DEFEAT_SPECIALIST	PORAZ SPECIALISTU.
textbible_english.p3d	4_4_OBJECTIVE_2_DEFEAT_SPECIALIST_KP	KAREN PARKER TĚ ZRADILA
textbible_english.p3d	4_4_FAILURE_HINT_1	NAKAŽENÍ JSOU TVÝM SPOJENCEM PROTI SPECIALISTOVI
textbible_english.p3d	TUT_PARASITE_1	INJEKCE ti vyřadila SCHOPNOSTI, ale tvá SÍLA, RYCHLOST a dovednosti PŘEVLEKU jsou NEDOTČENÉ.
textbible_english.p3d	TUT_PARASITE_1_TITLE	INJEKCE
textbible_english.p3d	TUT_PARASITE_2	PARAZIT ti vyřadil SCHOPNOSTI, ale tvá SÍLA, RYCHLOST a dovednosti PŘEVLEKU jsou NEDOTČENÉ.
textbible_english.p3d	4_4_TITLE_THE_SPECIALIST	SPECIALISTA CROSS
textbible_english.p3d	4_4_FAILURE_HINT_2	SPECIALISTA JE NEJZRANITELNĚJŠÍ PŘI NABÍJENÍ - VYUŽIJ TOHO
textbible_english.p3d	4_4_FAILURE_HINT_3	ZAMĚŘ SPECIALISTU, ABYS HO SLEDOVAL A POZOROVAL JEHO ÚTOKY
textbible_english.p3d	4_4_FAILURE_HINT_4	SPECIALISTA JE MISTR V PROTIÚTOCÍCH. NECH HO ZAÚTOČIT PRVNÍHO. UHNI PŘEVALEM A PAK NEPŘÍTELE POTRESTEJ.
textbible_english.p3d	4_4_HLO_1	SEBER GENETICKÝ MATERIÁL
textbible_english.p3d	4_4_HLO_2	PORAZ SPECIALISTU
textbible_english.p3d	4_4_HLO_3	UNIKNI BLACKWATCH
textbible_english.p3d	4_5_OBJECTIVE_1	ZÍSKEJ DALŠÍ MISI.
textbible_english.p3d	5_1_HINT_JACKING	SNIŽ POČET NEPŘÁTEL, než se pokusíš o ÚNOS VOZIDLA.
textbible_english.p3d	5_1_HINT_KILL_HYDRA	ZNIČ víc NEPŘÁTEL, než UNESEŠ KAPITÁNOVO VOZIDLO.
textbible_english.p3d	5_1_HINT_LET_THEM_FIGHT	ARMÁDA a NAKAŽENÍ se do sebe pustí. Využij toho ve svůj prospěch.
textbible_english.p3d	5_1_FAIL_ALL_COMMANDERS_DEAD	VŠICHNI VELITELÉ V OBLASTI JSOU MRTVÍ
textbible_english.p3d	5_1_FAIL_WEBNODE_DEAD	VELITEL BLACKWATCH SPECTER JE MRTVÝ
textbible_english.p3d	5_1_FAIL_HINT_ALL_COMMANDERS_DEAD	ZNIČ KORDON, NEŽ UNESEŠ VELITELOVO VOZIDLO
textbible_english.p3d	5_1_FAIL_HINT_WEBNODE_DEAD	ZNIČ VÍC NEPŘÁTEL, NEŽ UNESEŠ KAPITÁNOVO VOZIDLO
textbible_english.p3d	5_1_OBJECTIVE_COMPLETE	CÍL SPLNĚN
textbible_english.p3d	5_1_OBJECTIVE_CONSUME_CAPTAIN	POHLŤ KAPITÁNA LIMA.
textbible_english.p3d	5_1_OBJECTIVE_CONSUME_TANK_COMMANDERS	POHLŤ VELITELE APC.
textbible_english.p3d	5_1_OBJECTIVE_DESTROY_TANKS	ZNIČ VOZIDLA BLACKWATCH SPECTER.
textbible_english.p3d	5_1_OBJECTIVE_GO_TO_CAPTAIN_OP_AREA	NAJDI KAPITÁNA LIMA.
textbible_english.p3d	5_1_OBJECTIVE_DRAW_OUT	ZNIČ VOZIDLA BLACKWATCH SPECTER.
textbible_english.p3d	5_1_OBJECTIVE_GO_TO_OP_AREA	NAJDI JEDNOTKY BLACKWATCH SPECTER.
textbible_english.p3d	5_1_OBJECTIVE_NOT_CAPTAIN	POHLCEN ŠPATNÝ CÍL. POHLŤ víc VELITELŮ TANKŮ SPECTER a NAJDI KAPITÁNA LIMA.
textbible_english.p3d	5_1_OBJECTIVE_REINFORCEMENTS	PŘICHÁZEJÍ POSILY BLACKWATCH SPECTER
textbible_english.p3d	5_1_SCRIPTED_CAMERA_PLACEHOLDER	Zástupná skriptovaná kamera
textbible_english.p3d	5_1_WOI_NODE_PLACEHOLDER	5.1 ZÁSTUPNÝ UZEL SÍTĚ INTRIK: ODHALENA POLOHA TĚL NAKAŽENÝCH
textbible_english.p3d	5_1_OBJECTIVE_CONSUME_CAPTAIN_SHORT	POHLŤ VELITELE BLACKWATCH SPECTER.
textbible_english.p3d	5_1_OBJECTIVE_CONSUME_TANK_COMMANDERS_SHORT	POHLŤ VELITELE BLACKWATCH SPECTER.
textbible_english.p3d	5_1_OBJECTIVE_DESTROY_TANKS_SHORT	ZNIČ TANKY BLACKWATCH SPECTER.
textbible_english.p3d	5_1_OBJECTIVE_GO_TO_CAPTAIN_OP_AREA_SHORT	NAJDI KAPITÁNA LIMA.
textbible_english.p3d	5_1_OBJECTIVE_GO_TO_OP_AREA_SHORT	NAJDI PŘÍSLUŠNÍKY BLACKWATCH a ZJISTI POLOHU PACIENTA NULA.
textbible_english.p3d	5_1_OBJECTIVE_HIJACK_TO_CONSUME	UNES APC a POHLŤ VELITELE.
textbible_english.p3d	5_1_TUT_TARGET	DRŽ %0:BUTTON12 pro ZAMĚŘENÍ.
textbible_english.p3d	5_1_TUT_SHOOT_1	STISKNI %0:BUTTON13 pro PALBU Z KANÓNU.
textbible_english.p3d	5_1_TUT_SHOOT_2	STISKNI %0:BUTTON11 pro PALBU RAKET.
textbible_english.p3d	5_1_HLO_1	NAJDI PACIENTA NULA
textbible_english.p3d	5_2_TANK_DRIVING_UNLOCK_PLACEHOLDER	ŘÍZENÍ TANKU ODEMČENO
textbible_english.p3d	5_2_HINT_TANK_DESTROYED	UTEČ NEBO ZNIČ VŠECHNY NEPŘÁTELE
textbible_english.p3d	5_2_HINT_LAB_DESTROYED	NEPOUŠTĚJ NAKAŽENÉ K LABORATOŘI
textbible_english.p3d	5_2_HINT_BE_SNEAKY	NEŽ SE POKUSÍŠ POHLTIT CÍL, UJISTI SE, ŽE SE NIKDO NEDÍVÁ
textbible_english.p3d	5_2_FAIL_RAGLAND_DIED	RAGLAND JE MRTVÝ
textbible_english.p3d	5_2_FAIL_RAGLAND_DIED_LAB	PRŮNIK DO LABU
textbible_english.p3d	5_2_FAIL_ALL_DRIVERS_DEAD	VŠICHNI ŘIDIČI MRTVÍ
textbible_english.p3d	5_2_OBJECTIVE_COMPLETE	CÍL SPLNĚN
textbible_english.p3d	5_2_OBJECTIVE_CONSUME_TANK_DRIVER	POHLŤ ŘIDIČE TANKU.
textbible_english.p3d	5_2_OBJECTIVE_INFILTRATE_BASE	PRONIKNI do VOJENSKÉ ZÁKLADNY.
textbible_english.p3d	5_2_OBJECTIVE_DEFEND_RAGLAND	BRAŇ RAGLANDA před NAKAŽENÝMI.
textbible_english.p3d	5_2_OBJECTIVE_DRIVE_BACK_TO_RAGLANDS	DOPRAV RAGLANDA zpět do MÁRNICE.
textbible_english.p3d	5_2_OBJECTIVE_DRIVE_TO_BLACKWATCH_BASE	DOPRAV RAGLANDA do OPUŠTĚNÉ VOJENSKÉ ZÁKLADNY.
textbible_english.p3d	5_2_OBJECTIVE_DRIVE_TO_RAGLANDS	VRAŤ TANK do MÁRNICE.
textbible_english.p3d	5_2_OBJECTIVE_GO_TO_MILITARY_BASE	BĚŽ do VOJENSKÉ ZÁKLADNY.
textbible_english.p3d	5_2_OBJECTIVE_STEAL_TANK	NAJDI a UNES TANK.
textbible_english.p3d	5_2_OBJECTIVE_DEFEND_RAGLAND_SHORT	BRAŇ RAGLANDA před NAKAŽENÝMI.
textbible_english.p3d	5_2_OBJECTIVE_DRIVE_BACK_TO_RAGLANDS_SHORT	ODVEZ RAGLANDA ZPĚT do MÁRNICE.
textbible_english.p3d	5_2_OBJECTIVE_DRIVE_TO_BLACKWATCH_BASE_SHORT	DOPRAV RAGLANDA do OPUŠTĚNÉ VOJENSKÉ ZÁKLADNY.
textbible_english.p3d	5_2_OBJECTIVE_DRIVE_TO_RAGLANDS_SHORT	DOPRAV RAGLANDA zpět do MÁRNICE.
textbible_english.p3d	5_2_OBJECTIVE_GO_TO_MILITARY_BASE_SHORT	BĚŽ do ZÁKLADNY BLACKWATCH.
textbible_english.p3d	5_2_OBJECTIVE_STEAL_TANK_SHORT	UNES TANK.
textbible_english.p3d	5_2_RAGLAND_ENTERS_BASE_NIS_PLACEHOLDER	5.2 ZÁSTUPNÁ SCÉNA RAGLAND VSTUPUJE DO ZÁKLADNY: ALEX A RAGLAND PŘIJÍŽDĚJÍ K PRÁZDNÉ ZÁKLADNĚ. Zastaví u dveří, vystoupí a vejdou dovnitř
textbible_english.p3d	5_2_RAGLAND_ENTERS_TANK_NIS_PLACEHOLDER	5.2 ZÁSTUPNÁ SCÉNA RAGLAND NASTUPUJE DO TANKU: Ragland nastupuje do TANKU
textbible_english.p3d	5_2_RAGLAND_EXITS_BASE_NIS_PLACEHOLDER	5.2 ZÁSTUPNÁ SCÉNA RAGLAND OPOUŠTÍ ZÁKLADNU: Alex a Ragland vybíhají z útrob základny
textbible_english.p3d	5_2_TAG_TIME_NEEDED_BY_RAGLAND	ZBÝVAJÍCÍ ČAS PRO RAGLANDA
textbible_english.p3d	5_2_OBJECTIVE_CONSUME_COMMANDER	POHLŤ VELITELE. BUĎ NENÁPADNÝ.
textbible_english.p3d	5_2_OBJECTIVE_EXIT_INTERIOR	OPUSŤ ÚTROBY ZÁKLADNY.
textbible_english.p3d	5_2_FAIL_BASE_DESTROYED	ZNIČEN CÍL NUTNÝ PRO MISI
textbible_english.p3d	5_2_HINT_BASE_DESTROYED	NENIČ ZÁKLADNU
textbible_english.p3d	5_2_OBJECTIVE_INFILTRATE_BASE_SHORT	PRONIKNI do VOJENSKÉ ZÁKLADNY.
textbible_english.p3d	5_2_OBJECTIVE_DEAD_DRIVER	NEZABÍJEJ ŘIDIČE TANKU. OPUSŤ ÚTROBY ZÁKLADNY.
textbible_english.p3d	5_2_OBJECTIVE_DEAD_DRIVER_EXIT	OPUSŤ ZÁKLADNU.
textbible_english.p3d	5_2_RETRUN_TO_TANK	VRAŤ SE k RAGLANDOVU TANKU.
textbible_english.p3d	5_2_LEAVE_ALERT	ZABIJ NEBO SETŘES armádu, než se vrátíš do MÁRNICE.
textbible_english.p3d	5_2_TUT_START	TUTORIÁL: TUTORIÁL TANKU ZAHÁJEN
textbible_english.p3d	5_2_TUT_COMPLETE	TUTORIÁL: TUTORIÁL TANKU DOKONČEN
textbible_english.p3d	5_2_TUT_MOVE	POHNI %0:BUTTON06 pro POHYB TANKU.
textbible_english.p3d	5_2_TUT_SHOOT_1	STISKNI %0:BUTTON13 pro PALBU z KANÓNU.
textbible_english.p3d	5_2_TUT_ROTATE	Použij %0:BUTTON07 pro OTÁČENÍ VĚŽE.
textbible_english.p3d	5_2_TUT_SHOOT_2	STISKNI %0:BUTTON11 pro PALBU ze SPŘAŽENÉHO KULOMETU.
textbible_english.p3d	5_2_OBJECTIVE_ACQUIRE_TANK	NAJDI ŘIDIČE TANKU.
textbible_english.p3d	5_2_HINT_ACQUIRE_TANK	ŘIDIČE TANKŮ najdeš uvnitř VOJENSKÝCH ZÁKLADEN.
textbible_english.p3d	5_2_HINT_HIJACK_TANK	Používej VOJENSKÉ PŘEVLEKY k nenápadnému ÚNOSU TANKŮ.
textbible_english.p3d	5_2_OBJECTIVE_DEFEAT_REMAINING_INFECTED	ZABIJ všechny zbylé NAKAŽENÉ, aby RAGLAND mohl OPUSTIT LABORATOŘ.
textbible_english.p3d	5_2_LEAVE_ALERT_NO_TANK	ZABIJ NEBO SETŘES ARMÁDU A UKONČI POPLACH.
textbible_english.p3d	5_2_HUD_LAB_WALL	ZEĎ LABU
textbible_english.p3d	5_2_HUD_TIME_UP	00:00:00
textbible_english.p3d	5_2_HLO_1	SEŽEŇ RAGLANDOVI DOPRAVU
textbible_english.p3d	5_2_HLO_2	ZÍSKEJ VZORKY Z TĚL NA PENN STATION
textbible_english.p3d	5_2_HLO_3	UKRYJ RAGLANDA
textbible_english.p3d	5_3_TARGET_HINT	STISKNI %0:BUTTON04 pro SKEN NAKAŽENÉHO VODOJEMU.
textbible_english.p3d	5_3_CHASE_BRAWLER	DRŽ SE u LOVCE.
textbible_english.p3d	5_3_CONSUME_BRAWLER	POHLŤ LOVCE.
textbible_english.p3d	5_3_EXITS_HELICOPTER	VRAŤ SE do VRTULNÍKU.
textbible_english.p3d	5_3_FLY_TO_OUTBREAK	MIŘ NA JIH k NAKAŽENÝM ZÓNÁM.
textbible_english.p3d	5_3_GO_TO_BASE	BĚŽ do VOJENSKÉ ZÁKLADNY.
textbible_english.p3d	5_3_HOW_TO_SCAN_WATERTOWERS	VRAŤ SE do DOSAHU SKENU.
textbible_english.p3d	5_3_SIGNAL_STRENGTH	SÍLA SIGNÁLU
textbible_english.p3d	5_3_SIGNAL_ACTIVE1	SIGNÁL ZACHYCEN
textbible_english.p3d	5_3_SIGNAL_ACTIVE2	POMOCÍ UKAZATELE SÍLY SIGNÁLU NAJDI NAKAŽENÝ VODOJEM s potřebnou DNA.
textbible_english.p3d	5_3_SIGNAL_ACTIVE3	LOVCI s POTŘEBNOU DNA se nacházejí v NAKAŽENÝCH VODOJEMECH.
textbible_english.p3d	5_3_INJECT	INJEKCE
textbible_english.p3d	5_3_INJECT_BRAWLER	OPUSŤ VRTULNÍK.
textbible_english.p3d	5_3_INJECT_BRAWLER_NOW	DEJ LOVCI INJEKCI.
textbible_english.p3d	5_3_SCAN	SKEN
textbible_english.p3d	5_3_SCAN_ABORTED	SKEN PŘERUŠEN
textbible_english.p3d	5_3_SCAN_COMPLETE1	SKEN DOKONČEN
textbible_english.p3d	5_3_SCAN_COMPLETE2	DNA LOVCE NEODPOVÍDÁ
textbible_english.p3d	5_3_SCAN_COMPLETE3	DNA LOVCE NEODPOVÍDÁ. NAJDI a OSKENUJ jiný NAKAŽENÝ VODOJEM.
textbible_english.p3d	5_3_SCAN_STARTED	SKEN ZAHÁJEN
textbible_english.p3d	5_3_TOWER_LOCATED	NAKAŽENÝ VODOJEM NALEZEN. PŘIBLIŽ SE A OSKENUJ HO.
textbible_english.p3d	5_3_SCAN_THE_WATERTOWER	OSKENUJ NAKAŽENÝ VODOJEM.
textbible_english.p3d	5_3_SCAN_WATERTOWERS	OSKENUJ NAKAŽENÉ VODOJEMY v NAKAŽENÉ ZÓNĚ.
textbible_english.p3d	5_3_STEAL_HELICOPTER	UKRAĎ TRANSPORTNÍ VRTULNÍK.
textbible_english.p3d	5_3_CAUGHT_UP	DOHNÁNO
textbible_english.p3d	5_3_FALLING_BEHIND_1	ZAOSTÁVÁŠ
textbible_english.p3d	5_3_FALLING_BEHIND_2	DOŽEŇ HO
textbible_english.p3d	5_3_FALLING_BEHIND_3	HROZÍ SELHÁNÍ
textbible_english.p3d	5_3_OBJ_STEAL_HELICOPTER	UKRAĎ TRANSPORTNÍ VRTULNÍK a HLEDEJ LOVCE.
textbible_english.p3d	5_3_OBJ_SCAN_TOWERS	OSKENUJ NAKAŽENÝ VODOJEM kvůli potřebné DNA.
textbible_english.p3d	5_3_OBJ_INJECT_BRAWLER	DEJ LOVCI INJEKCI.
textbible_english.p3d	5_3_OBJ_CHASE_BRAWLER	DRŽ SE u LOVCE.
textbible_english.p3d	5_3_OBJ_CONSUME_BRAWLER	POHLŤ LOVCE.
textbible_english.p3d	5_3_STUN_THEN_INJECT	OMRAČ LOVCE.
textbible_english.p3d	5_3_GRAB_BRAWLER	CHYŤ LOVCE.
textbible_english.p3d	5_3_TUT_THROTTLE	STISKNI %0:BUTTON01 pro STOUPÁNÍ.
textbible_english.p3d	5_3_TUT_THROTTLE_DOWN	STISKNI %0:BUTTON03 pro KLESÁNÍ.
textbible_english.p3d	5_3_TUT_MOVE	POUŽIJ %0:BUTTON06 pro POHYB VRTULNÍKU.
textbible_english.p3d	5_3_TUT_ROTATE	POUŽIJ %0:BUTTON07 pro OTÁČENÍ VRTULNÍKU.
textbible_english.p3d	5_3_TUT_TARGET	STISKNI %0:BUTTON12 pro ZAMĚŘENÍ VIROVÉHO DETEKTORU.
textbible_english.p3d	5_3_TUT_UNTARGET	STISKNI %0:BUTTON12 ZNOVU pro ZRUŠENÍ VÝBĚRU VIROVÉHO DETEKTORU.
textbible_english.p3d	5_3_TUT_FIRE	STISKNI %0:BUTTON13 pro PALBU ZVOLENÝM ZBRAŇOVÝM SYSTÉMEM.
textbible_english.p3d	5_3_TUT_SWAP	STISKNI %0:BUTTON11 pro ZMĚNU ZBRAŇOVÝCH SYSTÉMŮ.
textbible_english.p3d	5_3_TUT_FIREAGAIN	STISKNI %0:BUTTON03 znovu pro PALBU ZVOLENÝM ZBRAŇOVÝM SYSTÉMEM.
textbible_english.p3d	5_3_TUT_DESTROY	ZNIČ VIROVÉ DETEKTORY. STISKNI %0:BUTTON03 pro PALBU.
textbible_english.p3d	5_3_TUT_ENTER_HELI	PŘIBLIŽ SE ke KOKPITU VRTULNÍKU a STISKNI %0:BUTTON02 pro NASTOUPENÍ.
textbible_english.p3d	5_3_TUT_START	TUTORIÁL: TUTORIÁL VRTULNÍKU ZAHÁJEN
textbible_english.p3d	5_3_TUT_COMPLETE	TUTORIÁL: TUTORIÁL VRTULNÍKU DOKONČEN
textbible_english.p3d	5_3_TUT_TARGETSNIFFER	ZAMĚŘ VIROVÝ DETEKTOR.
textbible_english.p3d	5_3_TUT_UNTARGETSNIFFER	ZRUŠ VÝBĚR VIROVÉHO DETEKTORU.
textbible_english.p3d	5_3_TUT_FIRESNIFFER	ZNIČ VIROVÉ DETEKTORY.
textbible_english.p3d	5_3_CONSUME_PILOT	POHLŤ PILOTA VRTULNÍKU.
textbible_english.p3d	5_3_RETURN_TO_ZONE	VRAŤ SE do NAKAŽENÉ ZÓNY.
textbible_english.p3d	5_3_FAIL_PILOT_DEAD	PILOT VRTULNÍKU MRTVÝ
textbible_english.p3d	5_3_FAIL_HINT_PILOT_DEAD	POUŽIJ PŘEVLEK, ABY SIS HO NEVŠIMLI
textbible_english.p3d	5_3_FAIL_BRAWLER_TOO_FAR	LOVEC S INJEKCÍ UNIKL
textbible_english.p3d	5_3_FAIL_HINT_BRAWLER_TOO_FAR	PLACHTĚNÍM ZVĚTŠI UJITOU VZDÁLENOST
textbible_english.p3d	5_3_FAIL_HELI_DEAD	VRTULNÍK ZNIČEN
textbible_english.p3d	5_3_FAIL_HINT_HELI_DEAD	STOUPEJ, ABY SES VYHNUL HROZBÁM
textbible_english.p3d	5_3_FAIL_BRAWLER_DEAD	LOVEC S INJEKCÍ MRTVÝ
textbible_english.p3d	5_3_FAIL_HINT_BRAWLER_DEAD	NIČ HROZBY PRO LOVCE S INJEKCÍ
textbible_english.p3d	5_3_TUT_GOTO	BĚŽ k VIROVÉMU DETEKTORU.
textbible_english.p3d	5_3_HINT_COCKPIT_GRAB	STISKNI %0:BUTTON02 pro NÁSTUP do VRTULNÍKU.
textbible_english.p3d	5_3_HINT_LOCKON_TO_SCAN	STISKNI %0:BUTTON12 pro ZAMĚŘENÍ NAKAŽENÉHO VODOJEMU ke SKENU.
textbible_english.p3d	5_3_OBJ_LOCKON	ZAMĚŘ NAKAŽENÝ VODOJEM.
textbible_english.p3d	5_3_HINT_HOW_TO_USE_METER	NAJDI NAKAŽENÝ VODOJEM naplněním UKAZATELE SÍLY SIGNÁLU.
textbible_english.p3d	5_3_TUT_HOW_TO_USE_METER_HEAD	UKAZATEL SÍLY SIGNÁLU
textbible_english.p3d	5_3_TUT_HOW_TO_USE_METER_BODY	UKAZATEL SÍLY SIGNÁLU ukazuje, jak BLÍZKO jsi NAKAŽENÉMU VODOJEMU.
textbible_english.p3d	5_3_SCAN_PROGRESS	SKENOVÁNÍ...
textbible_english.p3d	5_3_TUT_CHANGE_TARGET	DRŽ %0:BUTTON12 a TRHNI %0:BUTTON07 pro ZMĚNU CÍLE na jiný VIROVÝ DETEKTOR.
textbible_english.p3d	5_3_TUT_CHANGETARGETSNIFFER	ZMĚŇ CÍL na jiný VIROVÝ DETEKTOR.
textbible_english.p3d	5_3_HINT_HELI_GET_OUT	DRŽ %0:BUTTON02 pro VYSTOUPENÍ z VRTULNÍKU.
textbible_english.p3d	5_3_TUT_TEST_FLIGHT	TEST LETOVÝCH SYSTÉMŮ
textbible_english.p3d	5_3_TUT_TEST_WEAPONS	TEST ZBRAŇOVÝCH SYSTÉMŮ
textbible_english.p3d	5_3_TUT_TEST_WEAPONS_GOTO	DOJEĎ K BODU A PROVEĎ TESTY ZBRANÍ. POUŽIJ %0:BUTTON06 pro POHYB VRTULNÍKU.
textbible_english.p3d	5_3_TUT_SWAP_AND_FIRE	STISKNI %0:BUTTON03 pro PALBU a %0:BUTTON01 pro PŘEPÍNÁNÍ ZBRAŇOVÝCH SYSTÉMŮ.
textbible_english.p3d	5_3_HLO_1	NAJDI VHODNÉHO LOVCE PRO INJEKCI
textbible_english.p3d	5_3_HLO_2	NAUČ SE SYSTÉMY VRTULNÍKU
textbible_english.p3d	5_3_HLO_3	VPRAV DO LOVCE PARAZITA
textbible_english.p3d	5_3_HLO_4	NECH PROTILÁTKY LOVCE NARŮST
textbible_english.p3d	5_3_HLO_5	VSTŘEBEJ PROTILÁTKY
textbible_english.p3d	5_3_TYPEWRITER	Základna BLACKWATCH BE-7, Midtown East
textbible_english.p3d	6_1_OBJECTIVE_DEFEAT_BRAWLERS	PORAZ POSILY VŮDČÍHO LOVCE.
textbible_english.p3d	6_1_OBJECTIVE_RESCUE_DANA	PRONÁSLEDUJ VŮDČÍHO LOVCE.
textbible_english.p3d	6_1_OBJECTIVE_GET_OUT_OF_VEHICLE	POSTAV SE VŮDCI! VYSTUP z VOZIDLA.
textbible_english.p3d	6_1_FAIL_REASON_1	VŮDČÍ LOVEC UNIKL S DANOU
textbible_english.p3d	6_1_FAIL_HINT_1	NENECH UKAZATEL VYPRÁZDNIT
textbible_english.p3d	6_1_FAIL_REASON_2	DANA JE MRTVÁ
textbible_english.p3d	6_1_FAIL_HINT_2	ARMÁDA ÚTOČÍ NA LOVCE NA POTKÁNÍ, CHRAŇ DANU NIČENÍM VŠEHO, CO NAPADNE VŮDCE
textbible_english.p3d	6_1_PO_DEFEAT_BRAWLERS	ZABIJ LOVCE. NEÚTOČ NA VŮDCE.
textbible_english.p3d	6_1_PO_KEEP_DANA_ALIVE	DANA musí PŘEŽÍT.
textbible_english.p3d	6_1_OBJECTIVE_FAIL_WARNING_1	ZAOSTÁVÁŠ
textbible_english.p3d	6_1_OBJECTIVE_FAIL_WARNING_2	POSLEDNÍ ŠANCE
textbible_english.p3d	6_1_NOTICE_DANA_INJURED	DANA BYLA ZRANĚNA
textbible_english.p3d	6_1_NOTICE_DANA_DEAD	DANA JE MRTVÁ
textbible_english.p3d	6_1_DISTANCE_TITLE	VZDÁLENOST
textbible_english.p3d	6_1_DANA_TITLE	DANA
textbible_english.p3d	6_1_HLO_1	ZACHRAŇ DANU
textbible_english.p3d	6_1_HLO_2	PORAZ LOVCE
textbible_english.p3d	LURE_TUT_TITLE	LÁKÁNÍ VŮDCE
textbible_english.p3d	LURE_TUT_1	VŮDČÍ LOVEC ztratil ZÁJEM. Aktuální ÚROVEŇ ZÁJMU se zobrazuje na UKAZATELI ZÁJMU.  ZAÚTOČ na VŮDCE a ZÍSKEJ jeho ZÁJEM zpět.
textbible_english.p3d	6_2_LEADER_INTEREST	ZÁJEM VŮDCE
textbible_english.p3d	6_2_FAIL_DEADLEADER	VŮDČÍ LOVEC JE MRTVÝ
textbible_english.p3d	6_2_FAILHINT_CONSUME	POHLŤ VŮDČÍHO LOVCE, NEŽ ZEMŘE
textbible_english.p3d	6_2_FAILHINT_PROTECT	UDRŽ VŮDČÍHO LOVCE NAŽIVU
textbible_english.p3d	6_2_GOTOZONE	BĚŽ do NAKAŽENÉ ZÓNY.
textbible_english.p3d	6_2_CONSUME	POHLŤ VŮDČÍHO LOVCE.
textbible_english.p3d	6_2_LEAD	VYLÁKEJ VŮDČÍHO LOVCE do OPUŠTĚNÉ VOJENSKÉ ZÁKLADNY.
textbible_english.p3d	6_2_ATTRACT	ZAÚTOČ na VŮDCE a ZÍSKEJ jeho ZÁJEM zpět.
textbible_english.p3d	6_2_DEFEAT	PORAZ VŮDCE a zkroť ho.
textbible_english.p3d	6_2_KILLBRAWLERS	ZABIJ LOVCE, kteří střeží VŮDCE.
textbible_english.p3d	6_2_GOTOHIVE	BĚŽ k HNÍZDU VŮDCE.
textbible_english.p3d	6_2_LOWHEALTH	ZDRAVÍ VŮDČÍHO LOVCE je NÍZKÉ. BRAŇ ho před ARMÁDOU.
textbible_english.p3d	LEADER_ATTACKED_TUT_TITLE	VŮDČÍ LOVEC je pod ÚTOKEM.
textbible_english.p3d	LEADER_ATTACKED_TUT_BODY	VŮDČÍ LOVEC je pod ÚTOKEM. CHRAŇ ho před ARMÁDOU a UDRŽ jeho POZORNOST na SOBĚ.
textbible_english.p3d	6_2_FAIL_LOSTLEADER	ZTRATIL JSI VŮDCE
textbible_english.p3d	6_2_HLO_1	NAJDI DANU
textbible_english.p3d	6_2_HLO_2	CHYŤ VŮDČÍHO LOVCE PRO RAGLANDA
textbible_english.p3d	6_3_OBJECTIVE_GOTO_BASE	DOJDI do BLÍZKÉ VOJENSKÉ ZÁKLADNY a POHLŤ NAKAŽENÉ PŘENAŠEČE, aby ses NAPOJIL na MYSL HNÍZDA.
textbible_english.p3d	6_3_OBJECTIVE_CONSUME_SOLDIER_2	POHLŤ NAKAŽENÉHO PŘENAŠEČE.
textbible_english.p3d	6_3_TITLE_HIVEMIND_UNLOCK	ZRAK NAKAŽENÝCH ODEMČEN
textbible_english.p3d	6_3_TUTORIAL_HIVE_MIND_UNLOCK	ZRAK NAKAŽENÝCH byl PLNĚ odemčen.\nZRAK NAKAŽENÝCH ti umožňuje vidět svět očima Nakažených, takže snadno rozeznáš vojenské jednotky a Nakažené od okolního šumu města.
textbible_english.p3d	6_3_METER_HIVEMIND_CONNECTION	SPOJENÍ S MYSLÍ HNÍZDA
textbible_english.p3d	6_3_OBJECTIVE_BACKTO_BASE	VSTUP do OPUŠTĚNÉ VOJENSKÉ ZÁKLADNY.
textbible_english.p3d	6_3_OBJECTIVE_CONNECTTO_HIVEMIND	POHLŤ víc NAKAŽENÝCH PŘENAŠEČŮ, aby ses NAPOJIL na MYSL HNÍZDA.
textbible_english.p3d	6_3_OBJECTIVE_CONSUME_HUNTER	POHLŤ VŮDČÍHO LOVCE.
textbible_english.p3d	6_3_OBJECTIVE_CONSUME_HUNTER_2	POHLŤ VŮDČÍHO LOVCE a najdi toho, který vzal DANU.
textbible_english.p3d	6_3_OBJECTIVE_CONSUME_STRIPEDHUNTER	POHLŤ ZMUTOVANÉHO LOVCE a najdi DANU.
textbible_english.p3d	6_3_OBJECTIVE_GOTO_STRIPEDHUNTER	BĚŽ na místo, kde je ZMUTOVANÝ LOVEC.
textbible_english.p3d	6_3_OBJECTIVE_USE_MOTHERVISION_2	POMOCÍ ZRAKU NAKAŽENÝCH urči NAKAŽENÉHO PŘENAŠEČE.
textbible_english.p3d	6_3_KILL_INFECTED_FORCES	ZABÍJEJ NAKAŽENÉ a vylákej VŮDČÍHO LOVCE VEN.
textbible_english.p3d	6_3_FAIL_REASON_1	VŮDCE JE MRTVÝ
textbible_english.p3d	6_3_FAIL_HINT_1	VŮDCE ZEMŘEL
textbible_english.p3d	6_3_FAIL_REASON_2	VŮDCE JE MRTVÝ
textbible_english.p3d	6_3_FAIL_HINT_2	VŮDCE ZEMŘEL
textbible_english.p3d	6_3_PO_CONSUME_LEVEL_ZERO	POMOCÍ ZRAKU NAKAŽENÝCH urči NAKAŽENÉHO PŘENAŠEČE.
textbible_english.p3d	6_3_PO_CONSUME_HUNTER	POHLŤ VŮDČÍHO LOVCE.
textbible_english.p3d	6_3_PO_CONSUME_STRIPE	POHLŤ ZMUTOVANÉHO VŮDČÍHO LOVCE.
textbible_english.p3d	6_3_OBJECTIVE_USE_MOTHERVISION_1	AKTIVUJ ZRAK NAKAŽENÝCH otevřením KOLA VÝBĚRU SCHOPNOSTÍ pomocí %0:BUTTON10 a JEHO ZVOLENÍM.\n\nPŘEPÍNEJ ho ze SLOTU RYCHLÉ VOLBY smyslových schopností pomocí %0:BUTTON00.
textbible_english.p3d	6_3_EXIT_TITLE	ODCHOD
textbible_english.p3d	6_3_TITLE_NEW_ABILITY	NOVÁ DOVEDNOST
textbible_english.p3d	6_3_TITLE_HIVE_MIND	MYSL HNÍZDA
textbible_english.p3d	6_3_TUTORIAL_IV_1	ZRAK NAKAŽENÝCH ti dává schopnost VIDĚT NAKAŽENÉ PŘENAŠEČE.\n\nNAKAŽENÍ PŘENAŠEČI jsou CHODCI a VOJÁCI, kteří jsou NAKAŽENÍ, ale NEVÍ O TOM. Jejich POHLCENÍ TĚ PŘIBLÍŽÍ k ODHALENÍ DANINY POLOHY.
textbible_english.p3d	6_3_OBJECTIVE_CONSUME_SOLDIER	POHLŤ NAKAŽENÉHO PŘENAŠEČE ve skupině MARINES.
textbible_english.p3d	6_3_TUTORIAL_HIVE_MIND_1	POHLCOVÁNÍ NAKAŽENÝCH PŘENAŠEČŮ tě napojuje na MYSL HNÍZDA NAKAŽENÝCH. VSTUP do tohoto SPOLEČENSTVÍ na okamžik ODHALÍ POLOHU VŮDČÍHO LOVCE, který vzal DANU.
textbible_english.p3d	6_3_TUTORIAL_HIVE_MIND_2	SPOJENÍ s MYSLÍ HNÍZDA SÍLÍ s každým POHLCENÝM NAKAŽENÝM PŘENAŠEČEM, ale také ČASEM SLÁBNE. POHLCUJ RYCHLE a ZAJISTI si ČISTÉ SPOJENÍ.
textbible_english.p3d	6_3_TUTORIAL_HIVE_MIND_3	ELIZABETH GREENE infiltruje ARMÁDU. HLEDEJ VYSOKÉ KONCENTRACE NAKAŽENÝCH PŘENAŠEČŮ uvnitř VOJENSKÝCH ZÁKLADEN.
textbible_english.p3d	6_3_OBJECTIVE_EXIT_BASE	OPUSŤ ZÁKLADNU.
textbible_english.p3d	6_3_OBJECTIVE_VECTOR_CONSUMED	POHLCENÍ NAKAŽENÍ PŘENAŠEČI
textbible_english.p3d	6_3_OBJECTIVE_FIND_VECTORS	BĚŽ do ZÁKLADNY a NAJDI NAKAŽENÉ PŘENAŠEČE.
textbible_english.p3d	6_3_OBJECTIVE_HM_OBTAINED	SPOJENÍ S MYSLÍ HNÍZDA NAVÁZÁNO
textbible_english.p3d	6_3_OBJECTIVE_HL_ACQUIRED	POLOHA VŮDČÍHO LOVCE ZÍSKÁNA
textbible_english.p3d	6_3_HINT_VECTOR_DEAD	NAKAŽENÝ PŘENAŠEČ je MRTVÝ
textbible_english.p3d	6_3_HINT_VECTOR_DEAD_2	POHLŤ NAKAŽENÉHO PŘENAŠEČE mezi MARINES.
textbible_english.p3d	6_3_HLO_1	POHLŤ VŮDČÍHO LOVCE
textbible_english.p3d	6_3_HLO_2	POHLŤ NAKAŽENÉHO PŘENAŠEČE
textbible_english.p3d	6_3_HLO_3	NAPOJ SE NA MYSL HNÍZDA NAKAŽENÝCH
textbible_english.p3d	6_3_HLO_4	ZJISTI, KDE DRŽÍ DANU
textbible_english.p3d	6_4_OBJECTIVE_ESCORT_TANK	CHRAŇ TERMOBARICKÝ TANK.
textbible_english.p3d	6_4_OBJECTIVE_GOTO_CHECKPOINT	JDI na VOJENSKÝ KONTROLNÍ BOD.
textbible_english.p3d	6_4_FIRE_AT_OPENING	PAL na STADION a VYTVOŘ PRŮLOM.
textbible_english.p3d	6_4_OBJECTIVE_GOTO_HIVE1	JDI k CÍLI a zahaj ÚTOK.
textbible_english.p3d	6_4_OBJECTIVE_GOTO_HIVE2	JDI k CÍLI a zahaj ÚTOK.
textbible_english.p3d	6_4_OBJECTIVE_GOTO_HIVE3	JDI k CÍLI a zahaj ÚTOK.
textbible_english.p3d	6_4_OBJECTIVE_GOTO_STADIUM	JDI na STADION.
textbible_english.p3d	6_4_OBJECTIVE_GOTO_STADIUM_TANK_JACK	JDI na STADION a UNES TERMOBARICKÝ TANK.
textbible_english.p3d	6_4_OBJECTIVE_DESTROY_TANK	ZNIČ TERMOBARICKÝ TANK.
textbible_english.p3d	6_4_OBJECTIVE_TANK_JACK	UNES TERMOBARICKÝ TANK.
textbible_english.p3d	6_4_OBJECTIVE_DESTROY_SUPERHIVES_ALL	POUŽIJ TERMOBARICKÝ TANK a ZNIČ HNÍZDA.
textbible_english.p3d	6_4_OBJECTIVE_DESTROY_SUPERHIVES_TWO_MORE	POUŽIJ TERMOBARICKÝ TANK a ZNIČ OZNAČENÁ HNÍZDA.
textbible_english.p3d	6_4_OBJECTIVE_DESTROY_SUPERHIVES_ONE_MORE	POUŽIJ TERMOBARICKÝ TANK a ZNIČ ZBÝVAJÍCÍ HNÍZDO.
textbible_english.p3d	6_4_OBJECTIVE_STADIUM	PRORAZ HLAVNÍ HNÍZDO TERMOBARICKÝM TANKEM.
textbible_english.p3d	6_4_OBJECTIVE_PROTECT_TANK	CHRAŇ TERMOBARICKÝ TANK.
textbible_english.p3d	6_4_FAIL_REASON_1	TERMOBARICKÝ TANK BYL ZNIČEN
textbible_english.p3d	6_4_FAIL_HINT_1	TANK BYL ZNIČEN
textbible_english.p3d	6_4_PO_CLEAN_HIVE_1	VYČISTI OKOLÍ HNÍZDA od OZNAČENÝCH NAKAŽENÝCH.
textbible_english.p3d	6_4_PO_CLEAN_HIVE_2	VYČISTI OKOLÍ HNÍZDA od OZNAČENÝCH NAKAŽENÝCH.
textbible_english.p3d	6_4_PO_CLEAN_HIVE_3	VYČISTI OKOLÍ HNÍZDA od OZNAČENÝCH NAKAŽENÝCH.
textbible_english.p3d	6_4_PO_CLEAN_STADIUM	VYČISTI OKOLÍ HNÍZDA od OZNAČENÝCH NAKAŽENÝCH.
textbible_english.p3d	6_4_OBJECTIVE_KILL_INFECTED	ZAÚTOČ na OZNAČENÉ NAKAŽENÉ.
textbible_english.p3d	6_4_TITLE_THERMO_TANK	TERMOBARICKÝ TANK
textbible_english.p3d	6_4_OBJECTIVE_ESCORT_TANK_1	DOPROVOĎ TANK k PRVNÍMU OPANCÉŘOVANÉMU HNÍZDU.
textbible_english.p3d	6_4_OBJECTIVE_ESCORT_TANK_2	DOPROVOĎ TANK k DRUHÉMU OPANCÉŘOVANÉMU HNÍZDU.
textbible_english.p3d	6_4_OBJECTIVE_ESCORT_TANK_3	DOPROVOĎ TANK k TŘETÍMU OPANCÉŘOVANÉMU HNÍZDU.
textbible_english.p3d	6_4_OBJECTIVE_CLEAN_AREA	VYČISTI okolí HNÍZDA od OZNAČENÝCH NAKAŽENÝCH.
textbible_english.p3d	6_4_OBJECTIVE_GETIN_TANK	NASTUP do TANKU.
textbible_english.p3d	6_4_OBJECTIVE_DESTROY_HIVE	ZNIČ OPANCÉŘOVANÉ HNÍZDO.
textbible_english.p3d	6_4_OBJECTIVE_CREATE_OPENING	PRORAZ HLAVNÍ HNÍZDO TERMOBARICKÝM TANKEM.
textbible_english.p3d	6_4_FAIL_REASON	TERMOBARICKÝ TANK ZNIČEN
textbible_english.p3d	6_4_HLO_1	ZACHRAŇ DANU Z HLAVNÍHO HNÍZDA
textbible_english.p3d	6_5_OBJECTIVE_1	PORAZ NEJVYŠŠÍHO LOVCE.
textbible_english.p3d	6_5_FAILURE_HINT_2	UVOLNI VCHOD, ABY DO ARÉNY MOHLA VSTOUPIT VOJENSKÁ PODPORA
textbible_english.p3d	6_5_FAILURE_HINT_1	ARMÁDA JE TVŮJ SPOJENEC PROTI NEJVYŠŠÍMU LOVCI
textbible_english.p3d	6_5_TITLE_SUPREME	NEJVYŠŠÍ LOVEC
textbible_english.p3d	6_5_FAILURE_HINT_3	ZAMĚŘENÍM SI UDRŽ NEJVYŠŠÍHO LOVCE V ZÁBĚRU
textbible_english.p3d	6_5_FAILURE_HINT_4	SILNÉ ÚTOKY NEJVYŠŠÍHO LOVCE MAJÍ POMALÉ ZOTAVENÍ - VYUŽIJ TOHO VE SVŮJ PROSPĚCH
textbible_english.p3d	6_5_FAILURE_HINT_5	ÚTOKY NEJVYŠŠÍHO LOVCE MAJÍ VELKÝ DOSAH - UNIKEJ JIM KOTOULEM
textbible_english.p3d	6_5_FAILURE_HINT_6	KOMBINUJ SCHOPNOSTI PRO MAXIMÁLNÍ ÚČINEK - PANCÍŘ PRO ODOLNOST, SVALOVÁ HMOTA PRO ZRANĚNÍ
textbible_english.p3d	6_5_FAILURE_HINT_7	KOMBINUJ SCHOPNOSTI PRO MAXIMÁLNÍ ÚČINEK - ŠTÍT PRO OCHRANU, ČEPEL PRO KUCHÁNÍ
textbible_english.p3d	6_5_FAILURE_HINT_8	POUŽIJ SCHOPNOST ČEPEL A PROSEKEJ SE NEJVYŠŠÍM LOVCEM
textbible_english.p3d	6_5_FAILURE_HINT_9	NA BOSSE POUŽÍVEJ DEVASTATORY, ZPŮSOBÍ OBROVSKÉ ZRANĚNÍ
textbible_english.p3d	6_5_FAILURE_HINT_10	KDYKOLI TO JDE, POHLCUJ BLÍZKÉ NAKAŽENÉ NEBO VOJÁKY A DOPLŇ SI ZDRAVÍ
textbible_english.p3d	6_5_HLO_1	PORAZ NEJVYŠŠÍHO LOVCE
textbible_english.p3d	7_1_BLOODTOX_HINT	DMYCHADLA BLOODTOX vypouštějí BLOODTOX, který ti v BLÍZKOSTI UBÍRÁ ZDRAVÍ.
textbible_english.p3d	7_1_CANNOT_ENTER_BRIEFING_ROOM	DO BRIEFINGU NELZE VSTOUPIT VE VOZIDLE
textbible_english.p3d	7_1_ESCAPE	UTEČ ze ZÁKLADNY.
textbible_english.p3d	7_1_GROUND_SUPPORT	KRYJ ze VZDUCHU OZNAČENÉ POZEMNÍ JEDNOTKY.
textbible_english.p3d	7_1_OBJECTIVE_2A_KILL_INFECTED	ZNIČ všechny OZNAČENÉ NAKAŽENÉ CÍLE.
textbible_english.p3d	7_1_GROUND_SUPPORT_WARNING1	PODMÍNKA MISE: POZEMNÍ JEDNOTKY MUSÍ PŘEŽÍT
textbible_english.p3d	7_1_GROUND_SUPPORT_WARNING2	KRYJ ze VZDUCHU OZNAČENÉ POZEMNÍ JEDNOTKY.
textbible_english.p3d	7_1_GROUND_SUPPORT_WARNING3	ZLIKVIDUJ VŠECHNY LOVCE útočící na OZNAČENÉ JEDNOTKY.
textbible_english.p3d	7_1_LAND_HELI	PŘISTAŇ s VRTULNÍKEM.
textbible_english.p3d	7_1_MISSION_FAILED	MISE SELHALA
textbible_english.p3d	7_1_MISSION_FAILED_HINT1	VRTULNÍK BYL ZNIČEN
textbible_english.p3d	7_1_MISSION_FAILED_HINT10	NEZBYL ŽÁDNÝ VOJENSKÝ PERSONÁL
textbible_english.p3d	7_1_MISSION_FAILED_HINT2	ZŮSTAŇ VE VRTULNÍKU
textbible_english.p3d	7_1_MISSION_FAILED_HINT3	NESPLNIL JSI ROZKAZY
textbible_english.p3d	7_1_MISSION_FAILED_HINT4	NEPRONIKL JSI DO VOJENSKÉ ZÁKLADNY
textbible_english.p3d	7_1_MISSION_FAILED_HINT5	NEUDRŽEL JSI PŘEVLEK
textbible_english.p3d	7_1_MISSION_FAILED_HINT6	NEOCHRÁNIL JSI POZEMNÍ JEDNOTKY
textbible_english.p3d	7_1_MISSION_FAILED_HINT7	NEUTEKL JSI ZE ZÁKLADNY
textbible_english.p3d	7_1_MISSION_FAILED_HINT8	NEPORAZIL JSI SUPERVOJÁKY
textbible_english.p3d	7_1_MISSION_FAILED_HINT9	NEEVAKUOVAL JSI VOJENSKÉ JEDNOTKY
textbible_english.p3d	7_1_OBJECTIVE_1_HINT_1	POHLŤ VOJÁKA BLACKWATCH.
textbible_english.p3d	7_1_OBJECTIVE_1_HINT_2	ZÍSKEJ PŘEVLEK BLACKWATCH.
textbible_english.p3d	7_1_OBJECTIVE_1_STEAL_HELI	UKRADNI VRTULNÍK.
textbible_english.p3d	7_1_OBJECTIVE_1_STEAL_HELI_HINT	POHLŤ VOJÁKA BLACKWATCH.
textbible_english.p3d	7_1_OBJECTIVE_1_GOTO	JDI na URČENÝ BOD.
textbible_english.p3d	7_1_OBJECTIVE_1_VANTAGE_POINT	SLEDUJ střechu, kde stojí VRTULNÍK.
textbible_english.p3d	7_1_OBJECTIVE_2A_RETRIEVE_SOLDIERS	EVAKUUJ VOJENSKÉ JEDNOTKY z URČENÉHO BODU.
textbible_english.p3d	7_1_OBJECTIVE_2_ROLEPLAY_PILOT_ALT_1	NEPROZRAĎ SVŮJ PŘEVLEK
textbible_english.p3d	7_1_OBJECTIVE_3_GOTO_PMB	PRONIKNI do VOJENSKÉ ZÁKLADNY, aniž PROZRADÍŠ svůj PŘEVLEK.
textbible_english.p3d	7_1_OBJECTIVE_3_GOTO_PMB_ALT_1	PŘISTAŇ s VRTULNÍKEM.
textbible_english.p3d	7_1_OBJECTIVE_3_GOTO_PMB_ALT_2	PŘISTAŇ s VRTULNÍKEM.
textbible_english.p3d	7_1_OBJECTIVE_4_DESTROY_ALL	ZNIČ všechny jednotky BLACKWATCH.
textbible_english.p3d	7_1_OBJECTIVE_4_DESTROY_SUPERSOLDIERS_ALT_1	ZABIJ SUPERVOJÁKY.
textbible_english.p3d	7_1_PAUSE_STEAL_HELI	UKRADNI VRTULNÍK.
textbible_english.p3d	7_1_PAUSE_2A_DESTROY_HIVE	ZNIČ HNÍZDO.
textbible_english.p3d	7_1_PAUSE_RTB	PŘISTAŇ s VRTULNÍKEM.
textbible_english.p3d	7_1_PAUSE_KILL_ALL	ZABIJ všechny NEPŘÁTELE na ZÁKLADNĚ.
textbible_english.p3d	7_1_PAUSE_ESCAPE_BASE	UTEČ z VOJENSKÉ ZÁKLADNY.
textbible_english.p3d	7_1_OBJECTIVE_2A_DEPLOY_SOLDIERS	VYSAĎ VOJENSKÉ JEDNOTKY na URČENÉM BODĚ.
textbible_english.p3d	7_1_OBJECTIVE_2B_EXTRACT_SOLDIERS	EVAKUUJ VOJENSKÉ JEDNOTKY z URČENÉHO BODU.
textbible_english.p3d	7_1_OBJECTIVE_2C_EVACUATE_SOLDIERS	EVAKUUJ VOJENSKÉ JEDNOTKY.
textbible_english.p3d	7_1_OBJECTIVE_2B_DESTROY_HYDRAS	ZNIČ HYDRY.
textbible_english.p3d	7_1_PAUSE_2C_EVACUATE_SOLDIERS	ZNIČ HYDRY.
textbible_english.p3d	7_1_OBJECTIVE_2A_DESTROY_HIVE	ZNIČ HNÍZDO.
textbible_english.p3d	7_1_GET_IN_HELICOPTER	VRAŤ se k URČENÉMU VRTULNÍKU.
textbible_english.p3d	TUTORIAL_HELICOPTER_CONTROLS_TITLE	OVLÁDÁNÍ VRTULNÍKU
textbible_english.p3d	7_1_CLEAR_HOSTILES	PŘED PŘISTÁNÍM ZNIČ všechny LOVCE na ZEMI.
textbible_english.p3d	7_1_OBJECTIVE_CONSUME_BLACKWATCH	POHLŤ HLÍDKU BLACKWATCH na STŘEŠE.
textbible_english.p3d	7_1_HLO_1	PRONIKNI K LETECTVU BLACKWATCH
textbible_english.p3d	7_1_HLO_2	POMÁHEJ ARMÁDĚ, DOKUD TĚ NEPOVOLAJÍ NA ZÁKLADNU
textbible_english.p3d	7_1_HLO_3	VYRAŽ NA ZVLÁŠTNÍ BRIEFING
textbible_english.p3d	7_1_HLO_4	UTEČ
textbible_english.p3d	7_1_HYDRA_SUBMERGED_HINT	SNIŽ VÝŠKU a VYLÁKEJ HYDRY z ÚKRYTU.
textbible_english.p3d	7_2_BLOWER_DESCRIPT	DMYCHADLO BLOODTOX
textbible_english.p3d	7_2_MISSION_FAILED	MISE SELHALA
textbible_english.p3d	7_2_MISSION_FAILED_HINT	MUSÍŠ ZNIČIT VŠECHNA DMYCHADLA BLOODTOX
textbible_english.p3d	7_2_OBJECTIVE_1_DESTROY_BLOODTOX_BLOWERS	ZNIČ všechna DMYCHADLA BLOODTOX.
textbible_english.p3d	7_2_OBJECTIVE_1_DESTROY_BLOODTOX_BLOWERS_ALT_1	ZNIČ DMYCHADLA BLOODTOX.
textbible_english.p3d	7_2_OBJECTIVE_1_GOTO_BLOODTOX_BLOWERS_AREA	JDI na SHROMAŽDIŠTĚ BLOODTOX.
textbible_english.p3d	7_2_OBJECTIVE_1_GOTO_BLOODTOX_BLOWERS_AREA_ALT_1	ZNIČ DMYCHADLA BLOODTOX.
textbible_english.p3d	7_2_PAUSE_DESTROY_ALL_BLOWERS	ZNIČ DMYCHADLA BLOODTOX.
textbible_english.p3d	7_2_METER_LABEL	ZNIČENÁ DMYCHADLA
textbible_english.p3d	7_2_HLO_1	ZASTAV NASAZENÍ BLOODTOXU
textbible_english.p3d	7_4_FILTER_DESCRIPT	FILTR BLOODTOX
textbible_english.p3d	7_4_MISSION_FAILED	MISE SELHALA
textbible_english.p3d	7_4_MISSION_FAILED_HINT1	NEZNIČIL JSI ZÁVOD BLOODTOX
textbible_english.p3d	7_4_MISSION_FAILED_HINT2	ZÁVOD BLOODTOX JE STÁLE V PROVOZU
textbible_english.p3d	7_4_OBJECTIVE_1_GOTO_BLOODTOX_FACILITY	JDI k ZÁVODU BLOODTOX.
textbible_english.p3d	7_4_OBJECTIVE_2_DESTROY_FACILITY	ZNIČ FILTRAČNÍ JEDNOTKY a VYŘAĎ ZÁVOD.
textbible_english.p3d	7_4_OBJECTIVE_2_DESTROY_FACILITY_ALT_1	ZNIČ FILTRAČNÍ JEDNOTKY a VYŘAĎ ZÁVOD.
textbible_english.p3d	7_4_OBJECTIVE_2_DESTROY_FACILITY_ALT_2	ZNIČ FILTRAČNÍ JEDNOTKY a VYŘAĎ ZÁVOD.
textbible_english.p3d	7_4_PAUSE_OBJECTIVE	ZNIČ FILTRAČNÍ JEDNOTKY a VYŘAĎ ZÁVOD.
textbible_english.p3d	7_4_METER_LABEL	ZNIČENÉ FILTRY
textbible_english.p3d	7_4_OBJECTIVE_ESCAPE_ALERT	ZABIJ ARMÁDU NEBO JÍ UNIKNI A UKONČI POPLACH.
textbible_english.p3d	7_4_HLO_1	ZNIČ VÝROBNÍ ZÁVOD BLOODTOX
textbible_english.p3d	8_2_MISSION_COMPLETE	MISE SPLNĚNA
textbible_english.p3d	8_2_MISSION_FAIL	MISE SELHALA
textbible_english.p3d	8_2_HINT_USE_BODY	ZABLOKUJ NAKAŽENÉ SVÝM TANKEM
textbible_english.p3d	8_2_HINT_DONT_BE_BAD	SKRÝVEJ SCHOPNOSTI, ABYS SI UDRŽEL PŘEVLEK
textbible_english.p3d	8_2_FAIL_HINT_TANK_DEAD	TVŮJ TANK MUSÍ PŘEŽÍT
textbible_english.p3d	8_2_FAIL_TANK_DEAD	TANK ZNIČEN
textbible_english.p3d	8_2_FAIL_HINT_BTT_DEAD	VOZIDLO S PUMPOU BLOODTOX MUSÍ PŘEŽÍT
textbible_english.p3d	8_2_FAIL_BTT_DEAD	VOZIDLO S PUMPOU BLOODTOX ZNIČENO
textbible_english.p3d	8_2_FAIL_HINT_COMMANDER_DEAD	MUSÍŠ POHLTIT VELITELE ZÁVODU BLOODTOX. BUĎ NENÁPADNÝ.
textbible_english.p3d	8_2_FAIL_COMMANDER_DEAD	VELITEL ZÁVODU BLOODTOX JE MRTVÝ
textbible_english.p3d	8_2_FAIL_HINT_COMMANDER_BLOWN	ZABIJ ARMÁDU NEBO JÍ UNIKNI A UKONČI POPLACH.
textbible_english.p3d	8_2_FAIL_COMMDNER_BLOWN	VELITEL ZÁVODU BLOODTOX MRTVÝ
textbible_english.p3d	8_2_FAIL_BTT_DESTROYED	VOZIDLO S PUMPOU BLOODTOX ZNIČENO
textbible_english.p3d	8_2_FAIL_DISGUISE_BLOWN	VELITEL ZÁVODU BLOODTOX MRTVÝ
textbible_english.p3d	8_2_OBJECTIVE_ARTILLERY	BLÍŽÍ SE DĚLOSTŘELBA
textbible_english.p3d	8_2_OBJECTIVE_COMPLETE	CÍL SPLNĚN
textbible_english.p3d	8_2_OBJECTIVE_CONSUME_BTF_COMMANDER	POHLŤ VELITELE ZÁVODU BLOODTOX.
textbible_english.p3d	8_2_OBJECTIVE_CRITICAL_COMPLETE	CÍL SPLNĚN. ZÍSKÁN KLÍČOVÝ PŘEVLEK.
textbible_english.p3d	8_2_HINT_DEFEND_BTT	PUMPA BLOODTOX je pod ÚTOKEM.
textbible_english.p3d	8_2_TAG_START_CONVOY	VYSLAT KONVOJ
textbible_english.p3d	8_2_OBJECTIVE_DEFEND_LOCATION	BRAŇ POZICI.
textbible_english.p3d	8_2_OBJECTIVE_ENTER_COMMDAND_VEHICLE	NASTUP do VELITELSKÉHO VOZU.
textbible_english.p3d	8_2_OBJECTIVE_ESCORT_BLOODTOX_PUMPER	DOPROVOĎ PUMPU BLOODTOX na Times Square.
textbible_english.p3d	8_2_OBJECTIVE_GO_TO_BLOODTOX_FACILITY	JDI k ZÁVODU BLOODTOX.
textbible_english.p3d	8_2_OBJECTIVE_GO_START_CONVOY	JDI k ZÁPADNÍMU STANOVIŠTI a VYŠLI KONVOJ.
textbible_english.p3d	8_2_OBJECTIVE_ESCORT_CONVOY	PUMPA BLOODTOX musí dorazit na TIMES SQUARE.
textbible_english.p3d	8_2_OBJECTIVE_STRIKE_TEAM	BLÍŽÍ SE ÚDERNÝ TÝM
textbible_english.p3d	8_2_OBJECTIVE_CONSUME_BTF_COMMANDER_SHORT	POHLŤ VELITELE ZÁVODU BLOODTOX.
textbible_english.p3d	8_2_OBJECTIVE_ESCORT_CONVOY_SHORT	DOPROVOĎ PUMPU BLOODTOX.
textbible_english.p3d	8_2_OBJECTIVE_DEFEND_BTT	DOPROVOĎ PUMPU BLOODTOX.
textbible_english.p3d	8_2_OBJECTIVE_CHECKPOINT_ONE	KONTROLNÍ BOD JEDNA DOSAŽEN
textbible_english.p3d	8_2_OBJECTIVE_CHECKPOINT_TWO	KONTROLNÍ BOD DVA DOSAŽEN
textbible_english.p3d	8_2_OBJECTIVE_CHECKPOINT_THREE	KONTROLNÍ BOD TŘI DOSAŽEN
textbible_english.p3d	8_2_OBJECTIVE_CHECKPOINT_FOUR	KONTROLNÍ BOD ČTYŘI DOSAŽEN
textbible_english.p3d	8_2_CONVOY_ABMUSHED	KONVOJ POD ÚTOKEM
textbible_english.p3d	8_2_CONVOY_REFORMED	KONVOJ SE FORMUJE
textbible_english.p3d	8_2_BTV_ATTACKED	VOZIDLO BLOODTOX POD ÚTOKEM
textbible_english.p3d	8_2_ESCORTS_ATTACKED	DOPROVOD KONVOJE POD ÚTOKEM
textbible_english.p3d	8_2_ESCORTS_REMAINING	ZBÝVAJÍCÍ DOPROVOD
textbible_english.p3d	8_2_ESCORT_LOST	VOZ DOPROVODU ZTRACEN
textbible_english.p3d	8_2_LEAVE_ALERT	UKONČI POPLACH, než vyšleš KONVOJ.
textbible_english.p3d	8_2_USE_ANYTHING	VYBER SI ZBRAŇ
textbible_english.p3d	8_2_FIND_BTF_COMMANDER	POHLŤ VELITELE ZÁVODU BLOODTOX.
textbible_english.p3d	8_2_SUPERSOLDIERS	POZOR na SUPERVOJÁKY.
textbible_english.p3d	8_2_HUD_BLOODTOX_VEHICLE	VOZIDLO BLOODTOX
textbible_english.p3d	8_2_HLO_1	DOPRAV PUMPU BLOODTOX NA TIMES SQUARE
textbible_english.p3d	8_2_HLO_2	BRAŇ PUMPU BLOODTOX
textbible_english.p3d	8_2_TYPEWRITER	Závod BLOODTOX, West Harlem
textbible_english.p3d	8_3_HINT_DONT_BE_BAD	NEDOVOL, ABY BYL TVŮJ PŘEVLEK PROZRAZEN
textbible_english.p3d	8_3_HINT_USE_POWERS	CHRAŇ PUMPU BLOODTOX
textbible_english.p3d	8_3_FAIL_BTT_DEAD	PUMPA BLOODTOX ZNIČENA
textbible_english.p3d	8_3_FAIL_HINT_BTT_DEAD	UDRŽ PUMPU BLOODTOX V PROVOZU
textbible_english.p3d	8_3_FAIL_DISGUISE_BLOWN	KLÍČOVÝ PŘEVLEK MISE PROZRAZEN
textbible_english.p3d	8_3_HINT_EAST	NAKAŽENÍ NA VÝCHODĚ
textbible_english.p3d	8_3_HINT_NORTH	NAKAŽENÍ NA SEVERU
textbible_english.p3d	8_3_HINT_REINFORCEMENTS	BLÍŽÍ SE POSILY BLACKWATCH
textbible_english.p3d	8_3_HINT_SOUTH	NAKAŽENÍ NA JIHU
textbible_english.p3d	8_3_HINT_WEST	NAKAŽENÍ NA ZÁPADĚ
textbible_english.p3d	8_3_OBJECTIVE_DEFEND_THE_PUMP	BRAŇ PUMPU BLOODTOX.
textbible_english.p3d	8_3_OBJECTIVE_GO_SWITCH_DISGUISE	PŘEVLEČ SE za VELITELE ZÁVODU BLOODTOX.
textbible_english.p3d	8_3_OBJECTIVE_GET_OUT_OF_ALERT	ZABIJ ARMÁDU NEBO JÍ UNIKNI A UKONČI POPLACH.
textbible_english.p3d	8_3_OBJECTIVE_GO_TO_TIMES_SQUARE	JDI na URČENÝ BOD.
textbible_english.p3d	8_3_OBJECTIVE_DONT_BLOW_DISGUISE	NEDOVOL, ABY BYL TVŮJ PŘEVLEK PROZRAZEN.
textbible_english.p3d	8_3_OBJECTIVE_START_PUMP	SPUSŤ PUMPU BLOODTOX.
textbible_english.p3d	8_3_START_PUMP_NIS_PLACEHOLDER	8.3 START PUMP NIS PLACEHOLDER: Alex starts the pumping of bloodtox
textbible_english.p3d	8_3_TAG_START_PUMP	START PUMPY
textbible_english.p3d	8_3_OBJECTIVE_GO_SWITCH_DISGUISE_SHORT	PŘEVLEČ SE ZA VELITELE ZÁVODU BLOODTOX.
textbible_english.p3d	8_3_OBJECTIVE_GET_OUT_OF_ALERT_SHORT	ZABIJ ARMÁDU NEBO JÍ UNIKNI A UKONČI POPLACH.
textbible_english.p3d	8_3_OBJECTIVE_GO_TO_TIMES_SQUARE_SHORT	JDI na TIMES SQUARE.
textbible_english.p3d	8_3_OBJECTIVE_DONT_BLOW_DISGUISE_SHORT	NEDOVOL, ABY BYL TVŮJ PŘEVLEK PROZRAZEN.
textbible_english.p3d	8_3_LEAVE_ALERT	UKONČI POPLACH, než spustíš PUMPU BLOODTOX.
textbible_english.p3d	8_3_OBJECTIVE_NORTH	BRAŇ SEVERNÍ PERIMETR.
textbible_english.p3d	8_3_OBJECTIVE_SOUTH	BRAŇ JIŽNÍ PERIMETR.
textbible_english.p3d	8_3_OBJECTIVE_EAST	BRAŇ VÝCHODNÍ PERIMETR.
textbible_english.p3d	8_3_OBJECTIVE_WEST	BRAŇ ZÁPADNÍ PERIMETR.
textbible_english.p3d	8_3_OBJECTIVE_DESTROY_ALL	ZNIČ všechny zbývající NAKAŽENÉ.
textbible_english.p3d	8_3_HUD_BLOODTOX_PUMP	PUMPA BLOODTOX
textbible_english.p3d	8_3_OBJECTIVE_PUMPER_UNDER_ATTACK	PUMPA BLOODTOX POD ÚTOKEM
textbible_english.p3d	8_3_HLO_1	VYLÁKEJ ELIZABETH GREENE Z ÚKRYTU
textbible_english.p3d	8_4_OBJECTIVE_1	PORAZ ELIZABETH GREENE.
textbible_english.p3d	8_4_OBJECTIVE_2	ZABIJ 3 HYDRY u ZÁKLADNY MONSTRA.
textbible_english.p3d	8_4_OBJECTIVE_3	ZABIJ 2 zbývající HYDRY u  ZÁKLADNY MONSTRA.
textbible_english.p3d	8_4_OBJECTIVE_4	ZABIJ zbývající HYDRU u ZÁKLADNY MONSTRA.
textbible_english.p3d	8_4_OBJECTIVE_5	POHLŤ MATKU.
textbible_english.p3d	8_4_OBJECTIVE_6	POHLŤ ELIZABETH GREENE.
textbible_english.p3d	8_4_FAILURE_HINT_1	ZKOUŠEJ RŮZNÉ KOMBINACE SCHOPNOSTÍ NA ZÁKLADNU TVORA, PAK POTRESTEJ ODHALENÉ JÁDRO PRO MAXIMÁLNÍ ÚČINEK
textbible_english.p3d	8_4_FAILURE_HINT_2	NEOPOUŠTĚJ OBLAST TIMES SQUARE
textbible_english.p3d	8_4_FAILURE_HINT_3	AŤ TI ARMÁDA POMŮŽE - ZAMĚŘ SE NA SPOLEČNÉHO NEPŘÍTELE
textbible_english.p3d	8_4_FAILURE_HINT_4	KDYKOLI TO JDE, POUŽIJ DEVASTATORY A ZASAĎ ZÁKLADNĚ TVORA SOLIDNÍ ZRANĚNÍ
textbible_english.p3d	8_4_HLO_1	PORAZ ELIZABETH GREENE
textbible_english.p3d	9_1_OBJECTIVE_NEARLY_ESCAPED	TRANSPORT TÉMĚŘ UNIKL!
textbible_english.p3d	9_1_ALERT_HELI_ALMOST_ESCAPED	NENECH UNIKNOUT ŽÁDNÝ VRTULNÍK
textbible_english.p3d	9_1_GOTO_PHASE_1	PŘESUŇ se na  SHROMAŽDIŠTĚ LETECKÉ PODPORY.
textbible_english.p3d	9_1_GOTO_PHASE_2	PŘESUŇ se na SHROMAŽDIŠTĚ LETECKÉ PODPORY.
textbible_english.p3d	9_1_GOTO_PHASE_3	PŘESUŇ se na SHROMAŽDIŠTĚ LETECKÉ PODPORY.
textbible_english.p3d	9_1_LABEL_ESCAPE_METER	ČAS DO ÚNIKU
textbible_english.p3d	9_1_MISSION_COMPLETE	MISE SPLNĚNA
textbible_english.p3d	9_1_MISSION_FAILED	MISE SELHALA
textbible_english.p3d	9_1_OBJECTIVE_DESTROY_TRANSPORTS	ZNIČ TAGGARTOVY TRANSPORTNÍ VRTULNÍKY.
textbible_english.p3d	9_1_FE_OBJECTIVE_1	PŘESUŇ se na SHROMAŽDIŠTĚ LETECKÉ PODPORY.
textbible_english.p3d	9_1_FE_OBJECTIVE_2	ZNIČ VŠECHNY TRANSPORTNÍ VRTULNÍKY v OBLASTI.
textbible_english.p3d	9_1_FE_OBJECTIVE_3	PŘESUŇ se na SHROMAŽDIŠTĚ LETECKÉ PODPORY.
textbible_english.p3d	9_1_FE_OBJECTIVE_4	ZNIČ TAGGARTOVY TRANSPORTNÍ VRTULNÍKY.
textbible_english.p3d	9_1_FE_OBJECTIVE_5	PŘESUŇ se na SHROMAŽDIŠTĚ LETECKÉ PODPORY.
textbible_english.p3d	9_1_FE_OBJECTIVE_6	ZNIČ TAGGARTOVY TRANSPORTNÍ VRTULNÍKY.
textbible_english.p3d	9_1_FE_OBJ_1	JDI na PRVNÍ SHROMAŽDIŠTĚ VRTULNÍKŮ.
textbible_english.p3d	9_1_FE_OBJ_2	JDI na DRUHÉ SHROMAŽDIŠTĚ VRTULNÍKŮ.
textbible_english.p3d	9_1_FE_OBJ_3	JDI na TŘETÍ SHROMAŽDIŠTĚ VRTULNÍKŮ.
textbible_english.p3d	9_1_FE_OBJ_4	ZNIČ TAGGARTOVY TRANSPORTNÍ VRTULNÍKY.
textbible_english.p3d	9_1_TRANSPORT_ESCAPED	TRANSPORT UNIKL Z KARANTÉNY MANHATTAN
textbible_english.p3d	9_1_TRANSPORT_DESTROYED	TRANSPORT ZNIČEN
textbible_english.p3d	9_1_TRANSPORT_DISABLED	TRANSPORT VYŘAZEN
textbible_english.p3d	9_1_HLO_1	ZABRAŇ TAGGARTOVU ÚNIKU VZDUCHEM
textbible_english.p3d	SLOT_ENTRIES	POLOŽKY SLOTU
textbible_english.p3d	X_OF_Y_EP	%1:NUMBER/%2:NUMBER EP
textbible_english.p3d	EVENT_CATEGORY	KATEGORIE
textbible_english.p3d	MAP_LEGEND	LEGENDA
textbible_english.p3d	MAP_OVERLAY	DETAIL
textbible_english.p3d	SELECT_MENU	VYBRAT MENU
textbible_english.p3d	OBJECTIVE	CÍL:
textbible_english.p3d	STAT_BWSUPERSOLDIERS_KILLED	ZABITÍ SUPERVOJÁCI
textbible_english.p3d	STAT_BWSCIENTISTS_KILLED	ZABITÍ VĚDCI
textbible_english.p3d	STAT_BWSCIENTISTS_CONSUMED	POHLCENÍ VĚDCI
textbible_english.p3d	STAT_UAVS_KILLED	ZNIČENÉ UAV
textbible_english.p3d	STAT_VIRAL_DETECTORS_KILLED	ZNIČENÉ VIROVÉ DETEKTORY
textbible_english.p3d	STAT_GUN_TURRETS_KILLED	ZNIČENÉ KULOMETNÉ VĚŽE
textbible_english.p3d	STAT_BASES_KILLED	ZNIČENÉ ZÁKLADNY BLACKWATCH
textbible_english.p3d	STAT_HIVES_KILLED	ZNIČENÁ HNÍZDA NAKAŽENÝCH
textbible_english.p3d	STAT_KILLS_THERMOBARIC	TERMOBARICKÝM TANKEM
textbible_english.p3d	STAT_MILITARY_TRUCKS_KILLED	ZNIČENÉ VOJENSKÉ NÁKLAĎÁKY
textbible_english.p3d	STAT_THERMOBARICS_KILLED	ZNIČENÉ TERMOBARICKÉ TANKY
textbible_english.p3d	STAT_THERMOBARICS_HIJACKED	UNESENÉ TERMOBARICKÉ TANKY
textbible_english.p3d	alex	ALEX MERCER
textbible_english.p3d	ALEX_MERCER	ALEX MERCER
textbible_english.p3d	BASE	ZÁKLADNA
textbible_english.p3d	ENEMIES	NEPŘÁTELÉ
textbible_english.p3d	HIVE	HNÍZDO
textbible_english.p3d	SCORE	VÝSLEDEK
textbible_english.p3d	AWARD	OCENĚNÍ
textbible_english.p3d	MEDAL	MEDAILE
textbible_english.p3d	MARK_EVENT	OZNAČIT
textbible_english.p3d	UNMARK_EVENT	ODZNAČIT
textbible_english.p3d	NEXT_OPTION	DALŠÍ MOŽNOST %0:BUTTON11
textbible_english.p3d	PREVIOUS_OPTION	PŘEDCHOZÍ MOŽNOST %0:BUTTON10
textbible_english.p3d	MISSION_OBJECTIVES	CÍLE MISE
textbible_english.p3d	ZOOM_IN	PŘIBLÍŽIT
textbible_english.p3d	ZOOM_OUT	ODDÁLIT
textbible_english.p3d	DESTROY	ZNIČIT
textbible_english.p3d	PROTECT	CHRÁNIT
textbible_english.p3d	KILL	ZABÍT
textbible_english.p3d	CONSUME	POHLTIT
textbible_english.p3d	GOTO	JÍT NA
textbible_english.p3d	MISSION	MISE
textbible_english.p3d	WEBNODE	UZEL SÍTĚ
textbible_english.p3d	INFECTED	NAKAŽENÍ
textbible_english.p3d	MILITARY	ARMÁDA
textbible_english.p3d	PLAYER	HRÁČ
textbible_english.p3d	BACKHINT	ZPĚT %0:BUTTON02
textbible_english.p3d	WOI	SÍŤ
textbible_english.p3d	PAUSE_CONTROLLER	OVLÁDÁNÍ
textbible_english.p3d	MOVE	POHYB
textbible_english.p3d	PAUSE_SCREEN	PAUZA
textbible_english.p3d	SEC_ATK_CONSUME	SPECIÁL
textbible_english.p3d	CAMERA	KAMERA
textbible_english.p3d	STEER	ŘÍZENÍ / JÍZDA
textbible_english.p3d	STEER_STRAFE	ŘÍZENÍ / ÚKROK
textbible_english.p3d	SWITCH_POSITION	ZMĚNIT POZICI
textbible_english.p3d	PRIMARY_FIRE	HLAVNÍ PALBA
textbible_english.p3d	EXIT_TANK	VEN Z TANKU
textbible_english.p3d	BREAK_REVERSE	BRZDA / ZPÁTEČKA
textbible_english.p3d	ACCELERATE	ZRYCHLENÍ
textbible_english.p3d	AIM_TURRET	ZAMĚŘIT VĚŽ \nSTISK RESETUJE KAMERU
textbible_english.p3d	SECONDARY_FIRE	VEDLEJŠÍ PALBA
textbible_english.p3d	STRAFE	ÚKROK
textbible_english.p3d	FIRE	PALBA
textbible_english.p3d	ASCEND	STOUPÁNÍ
textbible_english.p3d	DESCEND	KLESÁNÍ
textbible_english.p3d	EXIT_GUNSHIP	VEN Z VOZIDLA
textbible_english.p3d	SWITCH_WEAPON	ZMĚNIT ZBRAŇ
textbible_english.p3d	THROTTLE	PLYN
textbible_english.p3d	NEXT_CATEGORY	DALŠÍ KATEGORIE %0:BUTTON00
textbible_english.p3d	PREVIOUS_CATEGORY	PŘEDCHOZÍ KATEGORIE %0:BUTTON16 
textbible_english.p3d	NEXT_ENTRY	DALŠÍ ZÁZNAM %0:BUTTON15
textbible_english.p3d	PREVIOUS_ENTRY	PŘEDCHOZÍ ZÁZNAM %0:BUTTON14
textbible_english.p3d	UNLOCK_RETURN_FROM_PREVIEW	ZPĚT
textbible_english.p3d	UNLOCK_PURCHASE	KOUPIT
textbible_english.p3d	INFO	VÍCE INFO
textbible_english.p3d	PROMPT_PURCHASE	OPRAVDU CHCEŠ KOUPIT %1:STRING?
textbible_english.p3d	UNLOCK_PREVIEW	NÁHLED
textbible_english.p3d	EVENTS	UDÁLOSTI
textbible_english.p3d	STATISTICS	STATISTIKY
textbible_english.p3d	OBJECTIVES	CÍLE
textbible_english.p3d	LOGS	ZÁZNAMY
textbible_english.p3d	PURCHASED	ZÍSKÁNO
textbible_english.p3d	UNAVAILABLE	[UTAJENO]
textbible_english.p3d	POWERS	SCHOPNOSTI
textbible_english.p3d	VEHICLE	VOZIDLO
textbible_english.p3d	WEAPON	ZBRANĚ
textbible_english.p3d	DISGUISE	PŘEVLEK
textbible_english.p3d	HEALTH	ODOLNOST
textbible_english.p3d	LOCOMOTION	POHYB
textbible_english.p3d	COMBAT	BOJ
textbible_english.p3d	LOCKED_OUT	ZAMČENO
textbible_english.p3d	CONTINUE_MISSION	OBNOVIT KONTROLNÍ BOD
textbible_english.p3d	ABORT_MISSION	ZRUŠIT MISI
textbible_english.p3d	LOSE_PROGRESS_WARNING	OPRAVDU CHCEŠ PROVÉST TUTO AKCI?  NEULOŽENÝ POSTUP BUDE ZTRACEN.
textbible_english.p3d	QUIT	UKONČIT
textbible_english.p3d	EP_COST	%1:NUMBER EP
textbible_english.p3d	LOAD_GAME	NAČÍST HRU
textbible_english.p3d	QUIT_GAME	UKONČIT HRU
textbible_english.p3d	SAVE_GAME	ULOŽIT HRU
textbible_english.p3d	Unlock_PurchaseType_1_Cost	Pohlť %1:NUMBER/%2:NUMBER\nvelitelů BLACKWATCH
textbible_english.p3d	Unlock_PurchaseType_2_Cost	Pohlť %1:NUMBER/%2:NUMBER\ndůstojníků z vrtulníků
textbible_english.p3d	Unlock_PurchaseType_4_Cost	Pohlť %1:NUMBER/%2:NUMBER\ndůstojníků z obrněných vozidel
textbible_english.p3d	Unlock_PurchaseType_10_Cost	Pohlť %1:NUMBER/%2:NUMBER\nzbrojmistrů ze základen
textbible_english.p3d	Unlock_PurchaseType_11_Cost	Pohlť %1:NUMBER/%2:NUMBER\nzbrojmistrů ze základen
textbible_english.p3d	Unlock_PurchaseType_12_Cost	Pohlť %1:NUMBER/%2:NUMBER\nzbrojmistrů ze základen
textbible_english.p3d	Unlock_PurchaseType_13_Cost	Pohlť %1:NUMBER/%2:NUMBER\nzbrojmistrů ze základen
textbible_english.p3d	Unlock_H01_Name	DRÁPY
textbible_english.p3d	Unlock_H02_Name	ČEPEL
textbible_english.p3d	Unlock_H03_Name	KLADIVOVÉ PĚSTI
textbible_english.p3d	Unlock_H04_Name	BIČOVÁ PĚST
textbible_english.p3d	Unlock_H05_Name	SVALOVÁ HMOTA
textbible_english.p3d	Unlock_H06_Name	SMYSLOVÉ SCHOPNOSTI
textbible_english.p3d	Unlock_H07_Name	OBRNĚNÉ VOZIDLO
textbible_english.p3d	Unlock_H09_Name	VRTULNÍK
textbible_english.p3d	Unlock_H11_Name	ÚTOČNÁ PUŠKA
textbible_english.p3d	Unlock_H12_Name	KULOMET
textbible_english.p3d	Unlock_H13_Name	RAKETOMET
textbible_english.p3d	Unlock_H14_Name	GRANÁTOMET
textbible_english.p3d	Unlock_H15_Name	DĚLOSTŘELECKÝ ÚDER
textbible_english.p3d	Unlock_H16_Name	POHLTIT
textbible_english.p3d	Unlock_H17_Name	OBĚTNÍ BERÁNEK
textbible_english.p3d	Unlock_H18_Name	VYLEPŠENÍ ZDRAVÍ
textbible_english.p3d	Unlock_H19_Name	REGENERACE ZDRAVÍ
textbible_english.p3d	Unlock_H20_Name	VYLEPŠENÍ SKOKU
textbible_english.p3d	Unlock_H21_Name	VYLEPŠENÍ SPRINTU
textbible_english.p3d	Unlock_H22_Name	VZDUŠNÁ VYLEPŠENÍ
textbible_english.p3d	Unlock_H23_Name	ÚTOKY
textbible_english.p3d	Unlock_H24_Name	VZDUCH
textbible_english.p3d	Unlock_H25_Name	PLOŠNÝ ÚČINEK
textbible_english.p3d	Unlock_H26_Name	ÚCHOP
textbible_english.p3d	Unlock_H27_Name	DEVASTATORY
textbible_english.p3d	Unlock_H28_Name	OBRANNÉ SCHOPNOSTI
textbible_english.p3d	Unlock_H29_Name	VYLEPŠENÍ ÚCHOPU A HODU
textbible_english.p3d	Unlock_H30_Name	VYLEPŠENÍ KRITICKÉ MASY
textbible_english.p3d	Unlock_A01_Bttn	UCHOP VOZIDLO %0:BUTTON02
textbible_english.p3d	Unlock_A01_Name	UNES OBRNĚNÉ VOZIDLO
textbible_english.p3d	Unlock_A03_Bttn	UCHOP VRTULNÍK %0:BUTTON02
textbible_english.p3d	Unlock_A03_Desc	SKYJACK nepřátelské VRTULNÍKY. Naskoč na palubu a převezmi řízení.
textbible_english.p3d	Unlock_A03_Name	SKYJACK VRTULNÍKU
textbible_english.p3d	Unlock_A05_Desc	Shoď munici z nebe a odpal nepřátele do doby kamenné.\n\nLze vylepšit.
textbible_english.p3d	Unlock_A05_Name	DĚLOSTŘELECKÝ ÚDER
textbible_english.p3d	Unlock_A05_Bttn	(VE VOJENSKÉM PŘEVLEKU) (ZAMĚŘ NEPŘÍTELE) > (DRŽ) %0:BUTTON11 > %0:BUTTON04
textbible_english.p3d	Unlock_A06_Desc	VYLEPŠENÁ PALEBNÁ SÍLA, DOSAH a TRVÁNÍ.\n\nLze vylepšit.
textbible_english.p3d	Unlock_A06_Bttn	(VE VOJENSKÉM PŘEVLEKU) (ZAMĚŘ NEPŘÍTELE) > (DRŽ) %0:BUTTON11 > %0:BUTTON04
textbible_english.p3d	Unlock_A06_Name	VYLEPŠENÍ DĚLOSTŘELECKÉHO ÚDERU 1
textbible_english.p3d	Unlock_A07_Desc	VYLEPŠENÁ PALEBNÁ SÍLA, DOSAH a TRVÁNÍ.\n\nLze vylepšit.
textbible_english.p3d	Unlock_A07_Name	VYLEPŠENÍ DĚLOSTŘELECKÉHO ÚDERU 2
textbible_english.p3d	Unlock_A07_Bttn	(VE VOJENSKÉM PŘEVLEKU) (ZAMĚŘ NEPŘÍTELE) > (DRŽ) %0:BUTTON11 > %0:BUTTON04
textbible_english.p3d	Unlock_A08_Desc	VYLEPŠENÁ PALEBNÁ SÍLA, DOSAH a TRVÁNÍ.\n\nLze vylepšit.
textbible_english.p3d	Unlock_A08_Bttn	(VE VOJENSKÉM PŘEVLEKU) (ZAMĚŘ NEPŘÍTELE) > (DRŽ) %0:BUTTON11 > %0:BUTTON04
textbible_english.p3d	Unlock_A08_Name	VYLEPŠENÍ DĚLOSTŘELECKÉHO ÚDERU 3
textbible_english.p3d	Unlock_A09_Desc	VYLEPŠENÁ PALEBNÁ SÍLA, DOSAH a TRVÁNÍ.\n\nLze vylepšit.
textbible_english.p3d	Unlock_A09_Bttn	(VE VOJENSKÉM PŘEVLEKU) (ZAMĚŘ NEPŘÍTELE) > (DRŽ) %0:BUTTON11 > %0:BUTTON04
textbible_english.p3d	Unlock_A09_Name	VYLEPŠENÍ DĚLOSTŘELECKÉHO ÚDERU 4
textbible_english.p3d	Unlock_A10_Desc	MAXIMÁLNÍ PALEBNÁ SÍLA, DOSAH a TRVÁNÍ.
textbible_english.p3d	Unlock_A10_Bttn	(VE VOJENSKÉM PŘEVLEKU) (ZAMĚŘ NEPŘÍTELE) > (DRŽ) %0:BUTTON11 > %0:BUTTON04
textbible_english.p3d	Unlock_A10_Name	VYLEPŠENÍ DĚLOSTŘELECKÉHO ÚDERU MAX
textbible_english.p3d	Unlock_A14_Desc	ZVÝŠENÁ ÚČINNOST RAKETOMETU.\n\nLze vylepšit.
textbible_english.p3d	Unlock_A14_Name	RAKETOMET 1
textbible_english.p3d	Unlock_A15_Desc	ZVÝŠENÁ ÚČINNOST RAKETOMETU.\n\nLze vylepšit.
textbible_english.p3d	Unlock_A15_Name	RAKETOMET 2
textbible_english.p3d	Unlock_A16_Desc	MAXIMÁLNÍ ÚČINNOST RAKETOMETU.
textbible_english.p3d	Unlock_A16_Name	RAKETOMET MAX
textbible_english.p3d	Unlock_A20_Desc	ZVÝŠENÁ ÚČINNOST GRANÁTOMETU.\n\nLze vylepšit.
textbible_english.p3d	Unlock_A20_Name	GRANÁTOMET 1
textbible_english.p3d	Unlock_A21_Desc	ZVÝŠENÁ ÚČINNOST GRANÁTOMETU.\n\nLze vylepšit.
textbible_english.p3d	Unlock_A21_Name	GRANÁTOMET 2
textbible_english.p3d	Unlock_A22_Desc	MAXIMÁLNÍ ÚČINNOST GRANÁTOMETU.
textbible_english.p3d	Unlock_A22_Name	GRANÁTOMET MAX
textbible_english.p3d	Unlock_A32_Desc	ZVÝŠENÁ ÚČINNOST KULOMETU.\n\nLze vylepšit.
textbible_english.p3d	Unlock_A32_Name	KULOMET 1
textbible_english.p3d	Unlock_A33_Desc	ZVÝŠENÁ ÚČINNOST KULOMETU.\n\nLze vylepšit.
textbible_english.p3d	Unlock_A33_Name	KULOMET 2
textbible_english.p3d	Unlock_A34_Desc	MAXIMÁLNÍ ÚČINNOST KULOMETU.
textbible_english.p3d	Unlock_A34_Name	KULOMET MAX
textbible_english.p3d	Unlock_A38_Desc	ZVÝŠENÁ ÚČINNOST ÚTOČNÉ PUŠKY.\n\nLze vylepšit.
textbible_english.p3d	Unlock_A38_Name	ÚTOČNÁ PUŠKA 1
textbible_english.p3d	Unlock_A39_Desc	ZVÝŠENÁ ÚČINNOST ÚTOČNÉ PUŠKY.\n\nLze vylepšit.
textbible_english.p3d	Unlock_A39_Name	ÚTOČNÁ PUŠKA 2
textbible_english.p3d	Unlock_A40_Desc	MAXIMÁLNÍ ÚČINNOST ÚTOČNÉ PUŠKY.
textbible_english.p3d	Unlock_A40_Name	ÚTOČNÁ PUŠKA MAX
textbible_english.p3d	Unlock_A49_Desc	ZVÝŠENÁ ÚČINNOST OBRNĚNÝCH VOZIDEL.\n\nLze vylepšit.
textbible_english.p3d	Unlock_A49_Name	OBRNĚNÉ VOZIDLO 1
textbible_english.p3d	Unlock_A50_Desc	ZVÝŠENÁ ÚČINNOST OBRNĚNÝCH VOZIDEL.\n\nLze vylepšit.
textbible_english.p3d	Unlock_A50_Name	OBRNĚNÉ VOZIDLO 2
textbible_english.p3d	Unlock_A51_Desc	MAXIMÁLNÍ ÚČINNOST OBRNĚNÝCH VOZIDEL
textbible_english.p3d	Unlock_A51_Name	OBRNĚNÉ VOZIDLO MAX
textbible_english.p3d	Unlock_A55_Desc	ZVÝŠENÁ ÚČINNOST VRTULNÍKŮ.\n\nLze vylepšit.
textbible_english.p3d	Unlock_A55_Name	VRTULNÍK 1
textbible_english.p3d	Unlock_A56_Desc	ZVÝŠENÁ ÚČINNOST VRTULNÍKŮ.\n\nLze vylepšit.
textbible_english.p3d	Unlock_A56_Name	VRTULNÍK 2
textbible_english.p3d	Unlock_A57_Desc	MAXIMÁLNÍ ÚČINNOST VRTULNÍKŮ.
textbible_english.p3d	Unlock_A57_Name	VRTULNÍK MAX
textbible_english.p3d	Unlock_M01_Bttn	%0:BUTTON03 + %0:BUTTON04
textbible_english.p3d	Unlock_M01_Desc	Udeř do země. Tento silný plošný účinek skvěle vyčistí prostor od slabších nepřátel a vymrští je do vzduchu.  NABÍJENÍM zvětšíš dosah i sílu útoku.
textbible_english.p3d	Unlock_M01_Desc_Core	OTŘES ZEMĚ je zásadní technika pro odklízení skupin nepřátel z cesty. Vynikající proti davům slabších nepřátel. Přidej si vylepšení VZDUŠNÝ OTŘES ZEMĚ.
textbible_english.p3d	Unlock_M01_Name	OTŘES ZEMĚ
textbible_english.p3d	Unlock_M02_Bttn	(VE VZDUCHU) > %0:BUTTON03 + %0:BUTTON04
textbible_english.p3d	Unlock_M02_Desc	Dopadni z výšky a vyvolej obrovský otřes země. Skvělé na čištění skupin nepřátel nebo prostě na ničení. NABÍJENÍM nebo větší výškou dopadu zvětšíš dosah i sílu útoku.  
textbible_english.p3d	Unlock_M02_Name	OTŘES ZEMĚ DOPADEM
textbible_english.p3d	Unlock_M03_Bttn	(V KRITICKÉ MASE) > (DRŽ)%0:BUTTON03 + %0:BUTTON04
textbible_english.p3d	Unlock_M03_Desc	Jeden z nejsilnějších pohybů vůbec. Znič vše kolem kaskádou smrtících ZEMNÍCH BODCŮ. DEVASTATORY LZE SPUSTIT POUZE V KRITICKÉ MASE.
textbible_english.p3d	Unlock_M03_Name	DEVASTATOR HŘBITOV ZEMNÍCH BODCŮ
textbible_english.p3d	Unlock_M04_Bttn	(VE VZDUCHU) > (V KRITICKÉ MASE) > (DRŽ)%0:BUTTON03 + %0:BUTTON04
textbible_english.p3d	Unlock_M04_Desc	Snes se z nebe a rozpoutej vlnu smrtících ZEMNÍCH BODCŮ, které nabodnou okolní nepřátele. Velmi silné proti vozidlům. DEVASTATORY LZE POUŽÍT POUZE V KRITICKÉ MASE.
textbible_english.p3d	Unlock_M04_Name	VZDUŠNÝ DEVASTATOR HŘBITOV ZEMNÍCH BODCŮ
textbible_english.p3d	Unlock_M05_Bttn	%0:BUTTON04 + %0:BUTTON02
textbible_english.p3d	Unlock_M05_Desc	Bouchni pěstmi o sebe a odmrsti protivníky pryč.  Nezpůsobí velké poškození, ale získá ti spoustu času, když nepřátele odhodíš z cesty.  Skvělé na čištění prostoru od slabších soupeřů. NABÍJENÍM zvýšíš sílu.
textbible_english.p3d	Unlock_M05_Desc_Core	RÁZOVÁ VLNA PĚSTÍ slouží k získání odstupu od nepřátel.  Bouchni pěstmi o sebe a vyvolej lokální explozi - NABÍJENÍM zvýšíš DOSAH.
textbible_english.p3d	Unlock_M05_Name	RÁZOVÁ VLNA PĚSTÍ
textbible_english.p3d	Unlock_M06_Bttn	(VE VZDUCHU) > %0:BUTTON04 + %0:BUTTON02
textbible_english.p3d	Unlock_M06_Desc	Bouchni pěstmi o sebe a vytvoř silnou rázovou vlnu.  Není to nejničivější útok, ale skvěle vyčistí vzduch.  Použij ho při skoku a smeť slabé nebo poškozené vzdušné protivníky.
textbible_english.p3d	Unlock_M06_Name	VZDUŠNÁ RÁZOVÁ VLNA PĚSTÍ
textbible_english.p3d	Unlock_M07_Bttn	(V KRITICKÉ MASE) > (DRŽ)%0:BUTTON04 + %0:BUTTON02
textbible_english.p3d	Unlock_M07_Desc	Z tvého těla vyrazí smrtící chapadla a nabodnou všechny nepřátele v okolí.  Nejsilnější proti biologickým soupeřům. LZE POUŽÍT POUZE V KRITICKÉ MASE.
textbible_english.p3d	Unlock_M07_Desc_Core	SMRŠŤ CHAPADEL je první DEVASTATOR, který získáš.  DEVASTATORY jsou tvoje NEJSILNĚJŠÍ ÚTOKY.  Pro aktivaci téhle dovednosti musíš být v KRITICKÉ MASE.
textbible_english.p3d	Unlock_M07_Name	DEVASTATOR SMRŠŤ CHAPADEL
textbible_english.p3d	Unlock_M08_Bttn	(VE VZDUCHU) > (V KRITICKÉ MASE) > (DRŽ)%0:BUTTON04 + %0:BUTTON02
textbible_english.p3d	Unlock_M08_Desc	VZDUŠNÁ verze DEVASTATORU SMRŠŤ CHAPADEL. Z tvého těla vyrazí chapadla a nabodnou všechny nepřátele v okolí.  Nejsilnější proti velkému množství slabších nepřátel nebo rychlým unikajícím cílům, jako jsou vrtulníky.
textbible_english.p3d	Unlock_M08_Name	VZDUŠNÝ DEVASTATOR SMRŠŤ CHAPADEL
textbible_english.p3d	Unlock_M09_Bttn	%0:BUTTON03 + %0:BUTTON02
textbible_english.p3d	Unlock_M09_Desc	Dej nepříteli najevo, co si o něm myslíš, rychlým ÚDEREM DLANÍ.  Cíleným silovým útokem odklidí nepřátele z cesty.  Odemyká DEVASTATOR KRITICKÁ BOLEST.  
textbible_english.p3d	Unlock_M09_Name	ÚDER DLANÍ
textbible_english.p3d	Unlock_M10_Bttn	(V KRITICKÉ MASE) > (DRŽ) %0:BUTTON03 + %0:BUTTON02
textbible_english.p3d	Unlock_M10_Desc	DEVASTATOR KRITICKÁ BOLEST způsobí nevýslovné poškození všem nepřátelům v palebné linii. Vynikající proti velkým, silným nebo unikajícím nepřátelům.
textbible_english.p3d	Unlock_M10_Name	DEVASTATOR KRITICKÁ BOLEST
textbible_english.p3d	Unlock_M11_Bttn	(Z BĚHU PO ZDI)%0:BUTTON04
textbible_english.p3d	Unlock_M11_Desc	Snes se z výšky přímo do obličeje.  Čím vyšší pád, tím větší náraz.   Úder loktem se hodí na pozemní nepřátele - vyšplháš nahoru a pak dopadneš drtivým úderem.
textbible_english.p3d	Unlock_M11_Name	LETÍCÍ ÚDER LOKTEM
textbible_english.p3d	Unlock_M12_Bttn	(VE VZDUCHU) > %0:BUTTON04
textbible_english.p3d	Unlock_M12_Desc	Rychle dopadni a vytvoř silnou rázovou vlnu.  Hodí se na vyčištění nahuštěné skupiny nepřátel nebo omráčení většího soupeře pro okamžitý navazující útok.
textbible_english.p3d	Unlock_M12_Name	DUPNUTÍ Z VÝŠKY
textbible_english.p3d	Unlock_M13_Bttn	(VE VZDUCHU) > %0:BUTTON03
textbible_english.p3d	Unlock_M13_Desc	Tohle vylepšení zvýší dosah, rychlost i poškození LETÍCÍHO KOPU.  Skvělé proti VRTULNÍKŮM a DRONŮM.
textbible_english.p3d	Unlock_M13_Desc_Core	POSÍLENÝM LETÍCÍM KOPEM sundáš nepřátelská letadla, drony nebo vytáhneš jednotlivce z davu.  Odstřeluj větší nepřátele rychlými zásahy a pak se ÚHYBNÝM PŘEVALEM dostaň z dosahu jejich protiútoků.
textbible_english.p3d	Unlock_M13_Name	POSÍLENÝ LETÍCÍ KOP
textbible_english.p3d	Unlock_M14_Bttn	%0:BUTTON03 (VE VZDUCHU) > %0:BUTTON03 %0:BUTTON03 %0:BUTTON03 %0:BUTTON03
textbible_english.p3d	Unlock_M14_Desc	KOMBO LETÍCÍCH KOPŮ ti dovolí mlátit protivníka znovu a znovu z bezpečí vzduchu.  Skoč, kopni a kopni znovu.  Všechny zásahy lze nabíjet.
textbible_english.p3d	Unlock_M14_Name	KOMBO LETÍCÍCH KOPŮ
textbible_english.p3d	Unlock_M15_Bttn	(VE VZDUCHU)(DRŽ)%0:BUTTON03 > (ZASÁHNI CÍL) > %0:BUTTON03
textbible_english.p3d	Unlock_M15_Desc	SALTOKOP promění nepřítele v projektil.  Kopni ze skoku a pak nabij k vymrštění!
textbible_english.p3d	Unlock_M15_Name	SALTOKOP
textbible_english.p3d	Unlock_M16_Bttn	(DRŽ)%0:BUTTON12 > %0:BUTTON06(OD SEBE) > (DRŽ)%0:BUTTON03
textbible_english.p3d	Unlock_M16_Desc	Vymrsti nepřítele drtivým ZVEDÁKEM do brady.  Naval ve vzduchu, nebo naváž DUPNUTÍM Z VÝŠKY.
textbible_english.p3d	Unlock_M16_Name	ZVEDÁK
textbible_english.p3d	Unlock_M17_Bttn	(DRŽ)%0:BUTTON12 > %0:BUTTON06(OD SEBE) > %0:BUTTON04
textbible_english.p3d	Unlock_M17_Desc	ŠVIHOVÝM KOPEM vymrštíš jednoho nepřítele vysoko do vzduchu.  NABÍJENÍM zesílíš účinek.
textbible_english.p3d	Unlock_M17_Name	ŠVIHOVÝ KOP
textbible_english.p3d	Unlock_M18_Bttn	ZVEDÁK > (NEPŘÍTEL VE VZDUCHU)%0:BUTTON03 %0:BUTTON03 %0:BUTTON03
textbible_english.p3d	Unlock_M18_Desc	Odpal cíl k obzoru kombem, které drtí kosti!  Navazuje přímo na ZVEDÁK.
textbible_english.p3d	Unlock_M18_Name	VZDUŠNÉ KOMBO
textbible_english.p3d	Unlock_M19_Bttn	(ZE VZDUŠNÉHO KOMBA) > %0:BUTTON03
textbible_english.p3d	Unlock_M19_Desc	Sraž nepřítele BODCEM k zemi. NABÍJENÍM BODCOVÉHO ÚDERU zvýšíš poškození.
textbible_english.p3d	Unlock_M19_Name	BODCOVÝ ÚDER
textbible_english.p3d	Unlock_M20_Bttn	(DRŽÍŠ NEPŘÍTELE VE VZDUCHU) > %0:BUTTON04
textbible_english.p3d	Unlock_M20_Desc	Obličeji, tohle je beton.  Podělte se o společný zážitek s gravitací díky POWERBOMBĚ.  Vynikající proti odolnějším humanoidním soupeřům.
textbible_english.p3d	Unlock_M20_Name	POWERBOMB
textbible_english.p3d	Unlock_M21_Bttn	(VE VZDUCHU) > %0:BUTTON13
textbible_english.p3d	Unlock_M21_Desc	Za letu změň směr pomocí VZDUŠNÉHO VÝPADU.  VZDUŠNÝ VÝPAD ti umožní uhnout projektilům, prodloužit skok nebo změnit dráhu za letu.  Experimentuj s ním - je důležité ho zvládnout. Lze vylepšit.
textbible_english.p3d	Unlock_M21_Desc_Core	VZDUŠNÝ VÝPAD je zásadní součástí Alexova pohybu.  Skoč a VZDUŠNÝM VÝPADEM %0:BUTTON13 uhni útokům nebo prostě změň směr letu.  Zkoušej ho v různých fázích skoku: hned po odrazu, ve vrcholu skoku nebo těsně před dopadem - každá varianta se hodí na něco jiného.
textbible_english.p3d	Unlock_M21_Name	VZDUŠNÝ VÝPAD
textbible_english.p3d	Unlock_M22_Bttn	(VE VZDUCHU) > %0:BUTTON13
textbible_english.p3d	Unlock_M22_Desc	Tohle vylepšení zvýší rychlost a dálku tvého VZDUŠNÉHO VÝPADU.
textbible_english.p3d	Unlock_M22_Name	POSÍLENÝ VZDUŠNÝ VÝPAD
textbible_english.p3d	Unlock_M23_Bttn	(VE VZDUCHU) > %0:BUTTON13 %0:BUTTON13
textbible_english.p3d	Unlock_M23_Desc	Přidej si druhý VZDUŠNÝ VÝPAD ke každému skoku.  DVOJITÝM VZDUŠNÝM VÝPADEM uhneš dvakrát, nebo uhneš útoku a hned vyrazíš na nepřítele s odvetou!\n\nLze vylepšit.
textbible_english.p3d	Unlock_M23_Name	DVOJITÝ VZDUŠNÝ VÝPAD
textbible_english.p3d	Unlock_M24_Bttn	(VE VZDUCHU) > %0:BUTTON13 %0:BUTTON13
textbible_english.p3d	Unlock_M24_Desc	Tohle vylepšení prodlouží DVOJITÝ VZDUŠNÝ VÝPAD.  Každý VZDUŠNÝ VÝPAD je delší a rychlejší!
textbible_english.p3d	Unlock_M24_Name	POSÍLENÝ DVOJITÝ VZDUŠNÝ VÝPAD
textbible_english.p3d	Unlock_M25_Bttn	(VYMRŠTĚN NEPŘÁTELSKÝM ÚTOKEM) > %0:BUTTON01
textbible_english.p3d	Unlock_M25_Desc	Vymrštil tě výbuch nebo útok?  VZDUŠNÝM VYROVNÁNÍM se otočíš zpět dřív.
textbible_english.p3d	Unlock_M25_Desc_Core	VZDUŠNÉ VYROVNÁNÍ ti vrátí kontrolu ještě ve vzduchu.  Díky němu proměníš trestuhodný let po zásahu v agresivní protiútok.
textbible_english.p3d	Unlock_M25_Name	VZDUŠNÉ VYROVNÁNÍ
textbible_english.p3d	Unlock_M26_Bttn	(VE VZDUCHU) > (DRŽ)%0:BUTTON13 > (STISKNI)%0:BUTTON01
textbible_english.p3d	Unlock_M26_Desc	PLACHTĚNÍ je zásadní dovednost, která rozšíří tvoje možnosti pohybu. Ideální na rychlé pokrytí velké vzdálenosti nebo na nenápadné seskočení do základen.
textbible_english.p3d	Unlock_M26_Desc_Core	PLACHTĚNÍ je pokročilá technika pohybu, která ve spojení s VZDUŠNÝM VÝPADEM nabízí nevídanou volnost.  Drž %0:BUTTON13 a pak SKOČ %0:BUTTON01 do plachtění.  Na konci naváž dalšími VZDUŠNÝMI VÝPADY pro maximální kontrolu.
textbible_english.p3d	Unlock_M26_Name	PLACHTĚNÍ
textbible_english.p3d	Unlock_M27_Bttn	(PLACHTĚNÍ) > %0:BUTTON04
textbible_english.p3d	Unlock_M27_Desc	Z PLACHTĚNÍ se tvrdě a rychle vrhni dolů a vyvolej maximální plošný náraz STŘELHBITÝM DOPADEM.  Střelhbitý dopad špatně sleduje cíl, ale  bije extrémně tvrdě - je to tvůj nejsilnější dopadový útok.
textbible_english.p3d	Unlock_M27_Name	STŘELHBITÝ DOPAD
textbible_english.p3d	Unlock_M28_Bttn	(DRŽ)%0:BUTTON13 + %0:BUTTON06 > %0:BUTTON02
textbible_english.p3d	Unlock_M28_Desc	ÚCHOP ZA BĚHU ti umožní chňapnout munici nebo oběť bez zpomalení.  Popadni - a běž.
textbible_english.p3d	Unlock_M28_Desc_Core	ÚCHOP ZA BĚHU ti dovolí sbírat předměty i nepřátele v pohybu.  Zkombinuj ho s HODEM ZA BĚHU pro maximální volnost útoků za běhu.  Popadni oběti k pohlcení bez zastavení a pohlť je z bezpečí střechy.
textbible_english.p3d	Unlock_M28_Name	ÚCHOP ZA BĚHU
textbible_english.p3d	Unlock_M29_Bttn	(DRŽÍŠ PŘEDMĚT) > (DRŽ)%0:BUTTON13 + %0:BUTTON06 > %0:BUTTON02
textbible_english.p3d	Unlock_M29_Desc	Umožní Alexovi házet předměty za pohybu.
textbible_english.p3d	Unlock_M29_Name	HOD ZA BĚHU
textbible_english.p3d	Unlock_M30_Bttn	(DRŽÍŠ ČLOVĚKA) > %0:BUTTON03
textbible_english.p3d	Unlock_M30_Desc	ÚDEREM Z ÚCHOPU práskneš člověkem o zem a vyvoláš omračující rázovou vlnu - silný útok na jednu ránu.
textbible_english.p3d	Unlock_M30_Name	ÚDER Z ÚCHOPU
textbible_english.p3d	Unlock_M31_Bttn	(DRŽ)%0:BUTTON12 (NA ČLOVĚKU) > (VE VZDUCHU) > (DRŽ)%0:BUTTON03
textbible_english.p3d	Unlock_M31_Desc	S JÍZDOU NA TĚLE se nezastavíš; proměň nepřítele v nový způsob pohybu.  Funguje jen na lidské nepřátele.
textbible_english.p3d	Unlock_M31_Name	JÍZDA NA TĚLE
textbible_english.p3d	Unlock_M32_Bttn	(UCHOP PŘEDMĚT) > %0:BUTTON03
textbible_english.p3d	Unlock_M32_Desc	Vymrsti cokoli, co držíš, bez ztráty rychlosti.
textbible_english.p3d	Unlock_M32_Name	VYMRŠŤUJÍCÍ KOP
textbible_english.p3d	Unlock_M33_Bttn	(SRAŽENÝ SOUPEŘ) > %0:BUTTON03
textbible_english.p3d	Unlock_M33_Desc	Představ obličej poraženého nepřítele podrážce své boty.
textbible_english.p3d	Unlock_M33_Name	DUPNUTÍ NA HLAVU
textbible_english.p3d	Unlock_M34_Bttn	(OMRAČ LOVCE) %0:BUTTON02
textbible_english.p3d	Unlock_M34_Desc	Zlom Lovce - a pohlť ho pro zdraví.
textbible_english.p3d	Unlock_M34_Name	SMRTÍCÍ ÚDER NA LOVCE
textbible_english.p3d	Unlock_M35_Bttn	%0:BUTTON03, %0:BUTTON03 > %0:BUTTON04
textbible_english.p3d	Unlock_M35_Desc	Sekaný zakončovací útok komba se smrtícím poškozením.
textbible_english.p3d	Unlock_M35_Name	SEKNUTÍ VZHŮRU
textbible_english.p3d	Unlock_M36_Bttn	(DRŽ)%0:BUTTON13 + %0:BUTTON06 > %0:BUTTON04
textbible_english.p3d	Unlock_M36_Desc	Sekej. Štípej. Řež. Krveprolití za pohybu.  
textbible_english.p3d	Unlock_M36_Name	SEK ZA BĚHU
textbible_english.p3d	Unlock_M37_Bttn	%0:BUTTON04
textbible_english.p3d	Unlock_M37_Desc	Přeměň svou hmotu ve smrtící bodec, který vyrazí zpod nepřátel. Ve spojení se zaměřováním je bodec naprosto přesný.\n\nLze vylepšit.
textbible_english.p3d	Unlock_M37_Desc_Core	ZEMNÍ BODEC ti umožní protlačit biomasu pod zemí a pak nepřítele nabodnout zespodu.  ZEMNÍ BODEC je vynikající proti hustým skupinám slabších nepřátel nebo pomalým pozemním cílům, jako jsou obrněná vozidla.  Zkombinuj ho se ZAMĚŘENÍM %0:BUTTON12 a zasáhneš s naprostou přesností.  NABÍJENÍM %0:BUTTON04 zvýšíš poškození.  Lze vylepšit na větší bodce.
textbible_english.p3d	Unlock_M37_Name	ZEMNÍ BODEC
textbible_english.p3d	Unlock_M38_Bttn	(DRÁPY) > %0:BUTTON04 > %0:BUTTON04 > %0:BUTTON04
textbible_english.p3d	Unlock_M38_Desc	Vyšli sérii smrtících ZEMNÍCH BODCŮ, jeden za druhým.  Skvělé na dav nepřátel nebo zmatenou mlýnici soupeřů.  Nasaď to proti davům a nezůstane po nich nic než počet mrtvých.
textbible_english.p3d	Unlock_M38_Name	OPAKOVAČ ZEMNÍCH BODCŮ
textbible_english.p3d	Unlock_M39_Bttn	(ČEPEL) > %0:BUTTON04 %0:BUTTON04 %0:BUTTON04 
textbible_english.p3d	Unlock_M39_Desc	Silné, ale pomalé kombo pro schopnost ČEPEL.  Mimořádně účinné proti OBRNĚNÝM VOZIDLŮM a VELKÝM, SILNÝM NEPŘÁTELŮM.
textbible_english.p3d	Unlock_M39_Name	KOMBO KŘÍŽOVÝ SEK ČEPELÍ
textbible_english.p3d	Unlock_M40_Bttn	(DRŽ)%0:BUTTON13 + %0:BUTTON06 > %0:BUTTON04
textbible_english.p3d	Unlock_M40_Desc	Rozsekni nepřátele výpadem s čepelí přímo ze sprintu.
textbible_english.p3d	Unlock_M40_Name	ZUŘIVÝ SEK ZE SPRINTU
textbible_english.p3d	Unlock_M41_Bttn	%0:BUTTON04
textbible_english.p3d	Unlock_M41_Desc	Rozpoutej sérii sekaných útoků z místa.
textbible_english.p3d	Unlock_M41_Name	ZUŘIVOST ČEPELE
textbible_english.p3d	Unlock_M42_Bttn	(VE VZDUCHU) > %0:BUTTON04
textbible_english.p3d	Unlock_M42_Desc	Sekej a krájej ze vzduchu. Tímhle padajícím řezem rozetneš nepřítele vedví.
textbible_english.p3d	Unlock_M42_Name	VZDUŠNÝ SEK ČEPELÍ
textbible_english.p3d	Unlock_M43_Bttn	%0:BUTTON04
textbible_english.p3d	Unlock_M43_Desc	Tímhle silným kombem odmeteš nepřátele z cesty. Je pomalé, ale mocné - obzvlášť účinné proti nepřátelskému pancíři.  Proti rychlejším soupeřům s ním opatrně.
textbible_english.p3d	Unlock_M43_Name	DRTIVÁ RÁNA KLADIVEM
textbible_english.p3d	Unlock_M44_Bttn	(DRŽ)%0:BUTTON13 + %0:BUTTON06 > %0:BUTTON04
textbible_english.p3d	Unlock_M44_Desc	Ze sprintu se vrhni sám na cíl; vlož celou svou váhu do jediného soustředěného útoku.  KLADIVOVÝ VRH je nebezpečný, když mineš - a smrtící, když trefíš.
textbible_english.p3d	Unlock_M44_Name	KLADIVOVÝ VRH
textbible_english.p3d	Unlock_M45_Bttn	(VE VZDUCHU) > %0:BUTTON04
textbible_english.p3d	Unlock_M45_Desc	Vyskoč a dopadni.  Smrtící proti pancíři.  Větší výška zvýší poškození i plošný účinek.  Za správných podmínek rozpůlíš nepřátelský tank jedinou ranou.  
textbible_english.p3d	Unlock_M45_Name	KLADIVOVÝ ÚDER LOKTEM
textbible_english.p3d	Unlock_M46_Bttn	%0:BUTTON03 > %0:BUTTON04
textbible_english.p3d	Unlock_M46_Desc	Rozsekej všechny nepřátele v okolí širokým švihem BIČOVÉ PĚSTI.
textbible_english.p3d	Unlock_M46_Name	ZAMETAČ ULIC
textbible_english.p3d	Unlock_M47_Bttn	%0:BUTTON02
textbible_english.p3d	Unlock_M47_Desc	Když je nepřítel daleko, přitáhni si ho DÁLKOVÝM ÚCHOPEM. Zkombinuj ho se SKYJACKEM a vystřel se až k VRTULNÍKU.
textbible_english.p3d	Unlock_M47_Name	DÁLKOVÝ ÚCHOP
textbible_english.p3d	Unlock_M48_Desc	Využij svůj převlek a označ někoho jiného za nepřítele.\n\nLze vylepšit.
textbible_english.p3d	Unlock_M48_Bttn	(VE VOJENSKÉM PŘEVLEKU) (ZAMĚŘ NEPŘÍTELE) > (DRŽ) %0:BUTTON11 > %0:BUTTON03
textbible_english.p3d	Unlock_M48_Name	OBĚTNÍ BERÁNEK
textbible_english.p3d	Unlock_M49_Desc	Zvýšení dosahu pohybu OBĚTNÍ BERÁNEK.
textbible_english.p3d	Unlock_M49_Bttn	(VE VOJENSKÉM PŘEVLEKU) (ZAMĚŘ NEPŘÍTELE) > (DRŽ) %0:BUTTON11 > %0:BUTTON03
textbible_english.p3d	Unlock_M49_Name	DOSAH OBĚTNÍHO BERÁNKA
textbible_english.p3d	Unlock_M50_Bttn	%0:BUTTON03 %0:BUTTON03 (DRŽ)%0:BUTTON03
textbible_english.p3d	Unlock_M50_Desc	Ničivý útok s velkým potenciálem nabíjení. Naváž na něj kombem a nabij pro vynikající poškození.
textbible_english.p3d	Unlock_M50_Name	DRTIVÝ ROZKLAD
textbible_english.p3d	Unlock_M51_Bttn	%0:BUTTON04
textbible_english.p3d	Unlock_M51_Desc	Vyšší poškození a plošný účinek ZEMNÍHO BODCE.\n\nLze vylepšit.
textbible_english.p3d	Unlock_M51_Name	VYLEPŠENÍ ZEMNÍHO BODCE 1
textbible_english.p3d	Unlock_M52_Bttn	%0:BUTTON04
textbible_english.p3d	Unlock_M52_Desc	Maximální poškození a plošný účinek ZEMNÍHO BODCE.
textbible_english.p3d	Unlock_M52_Name	VYLEPŠENÍ ZEMNÍHO BODCE MAX
textbible_english.p3d	Unlock_M53_Bttn	(U ZDI) > %0:BUTTON01
textbible_english.p3d	Unlock_M53_Desc	S vylepšením PŘICHYCENÍ NA ZDI zřetězíš rychlé skoky po zdech.  Hodí se na rychlé změny směru a zlepšuje kontrolu nad pohybem.
textbible_english.p3d	Unlock_M53_Name	PŘICHYCENÍ NA ZDI
textbible_english.p3d	Unlock_M54_Bttn	(SMĚROVĚ)%0:BUTTON06 > (STISKNI)%0:BUTTON13
textbible_english.p3d	Unlock_M54_Desc	ÚHYBNÝM PŘEVALEM se vyhneš projektilům i útokům. ÚHYBNÝ PŘEVAL je důležité zvládnout.
textbible_english.p3d	Unlock_M54_Desc_Core	ÚHYBNÝ PŘEVAL je klíčový pro přežití v boji zblízka.  ÚHYBNÝM PŘEVALEM %0:BUTTON13 se vyhneš hrozícím útokům zblízka i letícím projektilům.  Často ti to otevře šanci na zdrcující protiútok; udeř a zmiz!
textbible_english.p3d	Unlock_M54_Name	ÚHYBNÝ PŘEVAL
textbible_english.p3d	Unlock_M55_Bttn	(DRŽÍŠ PŘEDMĚT) > %0:BUTTON02 nebo (DRŽ)%0:BUTTON02
textbible_english.p3d	Unlock_M55_Desc	Zvyš dosah hodu předměty; se ZAMĚŘENÍM sundáš soupeře i přes celý blok.  Vynikající proti vzdáleným skupinám nepřátel, HNÍZDŮM NAKAŽENÝCH nebo VOJENSKÝM ZÁKLADNÁM.
textbible_english.p3d	Unlock_M55_Desc_Core	DALEKONOSNÝ HOD je zásadní vylepšení.  ZVEDNI a pak HOĎ skoro cokoli na světě: lidi, vozidla, trosky... čím těžší, tím lepší!  Házení je tvoje nejsilnější zbraň proti letadlům a skvěle jím rozmlátíš vojenský pancíř na dálku.  Nezapomeň NABÍJET pro maximální dosah a sílu hodu; chvíli to trvá, ale rozhodně se to vyplatí.
textbible_english.p3d	Unlock_M55_Name	DALEKONOSNÝ HOD
textbible_english.p3d	Unlock_M56_Bttn	(DRŽÍŠ PŘEDMĚT) > (DRŽ)%0:BUTTON02
textbible_english.p3d	Unlock_M56_Desc	Před vypuštěním hod NABIJ a výrazně zvýšíš jeho dosah i sílu.  NABÍJENÍ HODU je zásadní v souboji s letadly.
textbible_english.p3d	Unlock_M56_Desc_Core	Tohle vylepšení odemyká NABÍJENÍ HODU.  Alex může ZVEDNOUT a HODIT jakýkoli předmět ve hře a proměnit tak manhattanský provoz v dalekonosnou zbraň.  S tímhle vylepšením můžeš NABÍJET HODY pro vyšší POŠKOZENÍ.
textbible_english.p3d	Unlock_M56_Name	NABITÝ HOD
textbible_english.p3d	Unlock_M57_Bttn	(VE VZDUCHU) > (V KRITICKÉ MASE) > (DRŽ) %0:BUTTON03 + %0:BUTTON02
textbible_english.p3d	Unlock_M57_Desc	Vzdušná verze útoku DEVASTATOR KRITICKÁ BOLEST. Způsobí obrovské poškození všemu v palebné linii; ve vzduchu můžeš skočit a nabít útok, aniž by ses vystavil protiútoku.
textbible_english.p3d	Unlock_M57_Name	VZDUŠNÝ DEVASTATOR KRITICKÁ BOLEST
textbible_english.p3d	Unlock_M58_Bttn	(DRŽ) %0:BUTTON03 + %0:BUTTON02 (VE VZDUCHU)
textbible_english.p3d	Unlock_M58_Desc	Schoul se a val; prořízni vzduch a rozpoutej na soupeře smrtící plošný náraz.  DĚLOVÁ KOULE má vynikající dosah i sledování cíle, takže je skvělá proti letadlům.
textbible_english.p3d	Unlock_M58_Name	DĚLOVÁ KOULE
textbible_english.p3d	Unlock_M59_Desc	Výrazně zvýší poškození útoků SVALOVÉ HMOTY; i základní údery pěstmi bijí ještě tvrději.
textbible_english.p3d	Unlock_M59_Bttn	(DRŽ)%0:BUTTON10 > %0:BUTTON07 > SVALOVÁ HMOTA
textbible_english.p3d	Unlock_M59_Name	POSÍLENÁ SVALOVÁ HMOTA
textbible_english.p3d	Unlock_M60_Bttn	%0:BUTTON04
textbible_english.p3d	Unlock_M60_Desc	Potřebuješ někoho oslovit na dálku?  DÁLKOVÝM ÚDEREM zasáhneš nepřátele i předměty z velké vzdálenosti.  Skvělý proti nepřátelským vrtulníkům a otravným hlídkovým dronům - je to tvoje vestavěná odstřelovačka.
textbible_english.p3d	Unlock_M60_Name	DÁLKOVÝ ÚDER
textbible_english.p3d	Unlock_M61_Bttn	(DRŽÍŠ PŘEDMĚT) > %0:BUTTON02 nebo (DRŽ)%0:BUTTON02
textbible_english.p3d	Unlock_M61_Desc	Výrazně zvýší dosah a poškození hodů se SVALOVOU HMOTOU.
textbible_english.p3d	Unlock_M61_Name	HOD SVALOVOU HMOTOU
textbible_english.p3d	Unlock_M62_Bttn	(PŘI ÚCHOPU LOVCE) %0:BUTTON02
textbible_english.p3d	Unlock_M62_Desc	Popadni LOVCE a práskni s ním o zem.  Dobrá taktická volba, když tě obklíčí smečka nakažených nebo se chceš zbavit jednoho otravného LOVCE.
textbible_english.p3d	Unlock_M62_Name	LOVEC K ZEMI
textbible_english.p3d	Unlock_P01_Bttn	(DRŽ)%0:BUTTON10 > %0:BUTTON07 > DRÁPY
textbible_english.p3d	Unlock_P01_Desc	Proměň ruce ve smrtící ostří; sekej a krájej a udržuj dav zblízka pod kontrolou.
textbible_english.p3d	Unlock_P01_Desc_Core	Útoky drápy jsou velmi účinné proti lidem a silné proti pozemním protivníkům. Omezený potenciál poškození proti obrněným či velkým nepřátelům. Neúčinné proti letounům.
textbible_english.p3d	Unlock_P01_Name	SCHOPNOST DRÁPY
textbible_english.p3d	Unlock_P02_Bttn	(DRŽ)%0:BUTTON10 > %0:BUTTON07 > SVALOVÁ HMOTA
textbible_english.p3d	Unlock_P02_Desc	Zdvojnásobuje sílu.  HODY letí dál a všechny ÚDERY působí větší poškození.\n\nLze vylepšit.
textbible_english.p3d	Unlock_P02_Desc_Core	SCHOPNOST SVALOVÁ HMOTA posiluje VŠECHNY tvé útoky zblízka.  Házej dál.  Udeř tvrději.  Způsob celkově víc poškození.  Jedinou nevýhodou je pozornost, kterou na sebe strhneš.
textbible_english.p3d	Unlock_P02_Name	SCHOPNOST SVALOVÁ HMOTA
textbible_english.p3d	Unlock_P03_Bttn	(DRŽ)%0:BUTTON10 > %0:BUTTON07 > KLADIVOVÉ PĚSTI
textbible_english.p3d	Unlock_P03_Desc	Vyměň rychlost za sílu - přesuň biomasu do předloktí a rozpoutej smrtící plošné útoky, drť kryjící se nepřátele a tříšti obrněná vozidla. KLADIVOVÉ PĚSTI přinášejí bolest.
textbible_english.p3d	Unlock_P03_Desc_Core	Útoky KLADIVOVÝMI PĚSTMI nejsou nejrychlejší, zato drtí kosti.  Nejlépe je uplatníš proti pomalým či nehybným cílům; jsou vynikající proti nepřátelským TANKŮM, KONSTRUKCÍM BUDOV a dalším velkým, pomalým protivníkům.  Nabíjením útoků vyčistíš široké okolí od davů slabších nepřátel, třeba od sevřených skupin vojáků nebo hord nakažených.  Jsou silné, ale o něco pomalejší, takže hbitější nepřátelé dokážou minutý útok potrestat.  Zvaž přidání ÚDERU LOKTEM KLADIVOVÝCH PĚSTÍ, který ti do repertoáru přidá smrtící vzdušnou techniku.
textbible_english.p3d	Unlock_P03_Name	SCHOPNOST KLADIVOVÉ PĚSTI
textbible_english.p3d	Unlock_P04_Bttn	(DRŽ)%0:BUTTON10 > %0:BUTTON07 > BIČOVÁ PĚST
textbible_english.p3d	Unlock_P04_Desc	BIČOVÁ PĚST je tenká, pružná paže s ostřím, kterou zaútočíš na extrémní vzdálenost nebo prošvihneš celé davy nepřátel.  Zkroť své nepřátele z bezpečné vzdálenosti.
textbible_english.p3d	Unlock_P04_Desc_Core	BIČOVÁ PĚST se nejlépe hodí na skupiny slabších nepřátel nebo na uhýbající letouny.  Základní schopnost umožňuje útoky na střední vzdálenost proti silnějším protivníkům, takže je skvělým nástrojem na krocení lovců.  Jakmile to půjde, zvaž vylepšení DALEKONOSNÝ ÚDER %0:BUTTON04, jímž odstřelíš nepřátele i letouny na extrémní vzdálenost, nebo vylepšení DALEKONOSNÉ CHYCENÍ %0:BUTTON02, kterým letoun prostě popadneš a provedeš SKYJACK!
textbible_english.p3d	Unlock_P04_Name	SCHOPNOST BIČOVÁ PĚST
textbible_english.p3d	Unlock_P05_Bttn	(DRŽ)%0:BUTTON10 > %0:BUTTON07 > ČEPEL
textbible_english.p3d	Unlock_P05_Desc	ČEPEL je mocná a smrtící sečná i bodná zbraň; ideální k rozřezání i těch nejodolnějších obrněných vozidel nebo kůží nakažených.  Tato útočná schopnost otevírá přístup k nejsilnějším úderům.
textbible_english.p3d	Unlock_P05_Desc_Core	ČEPEL je jediné smrtící ostří a zároveň tvá nejsilnější útočná schopnost.  Nekompromisní ČEPEL prořízne tuhý vojenský pancíř skoro stejně snadno jako maso.  Používej ji s naprostým pohrdáním veškerým životem.
textbible_english.p3d	Unlock_P05_Name	SCHOPNOST ČEPEL
textbible_english.p3d	Unlock_P06_Bttn	(DRŽ)%0:BUTTON10 > %0:BUTTON07 > ŠTÍT
textbible_english.p3d	Unlock_P06_Desc	Štít pohltí poškození při zásahu a tvé zdraví zůstane zcela nedotčené - dokud se NEROZBIJE.  Po ROZBITÍ se štít musí REGENEROVAT, než začne zase odrážet poškození.
textbible_english.p3d	Unlock_P06_Desc_Core	SCHOPNOST ŠTÍT při zásahu vytvoří biologický štít.  Pohlcuje poškození a časem se hojí.  Pokud utrpí velké poškození v krátké době, štít se ROZBIJE , což schopnost na chvíli vyřadí.  ŠTÍT skvěle tlumí mírné poškození, ale proti silnějším nepřátelům tě vystavuje riziku.
textbible_english.p3d	Unlock_P06_Name	SCHOPNOST ŠTÍT
textbible_english.p3d	Unlock_P07_Bttn	(DRŽ)%0:BUTTON10 > %0:BUTTON07 > PANCÍŘ
textbible_english.p3d	Unlock_P07_Desc	Pancíř celkově zvyšuje odolnost vůči poškození na úkor pohybových dovedností jako PLACHTĚNÍ nebo KOTOUL.  V pancíři Alex nepřekonává překážky; místo toho si ramenem prorazí cestu vozidly a slabšími nepřáteli.
textbible_english.p3d	Unlock_P07_Name	SCHOPNOST PANCÍŘ
textbible_english.p3d	Unlock_P08_Bttn	%0:BUTTON15
textbible_english.p3d	Unlock_P08_Desc	Splyň s pozadím díky chameleoní kůži; vynikající pro únik a infiltraci. Chameleoní kůže ti umožní zasévat zmatek a paniku všude, kudy projdeš.
textbible_english.p3d	Unlock_P08_Name	CHAMELEONÍ KŮŽE
textbible_english.p3d	Unlock_P09_Bttn	(DRŽ)%0:BUTTON10 > %0:BUTTON07 > TERMÁLNÍ VIDĚNÍ
textbible_english.p3d	Unlock_P09_Desc	TERMÁLNÍ VIDĚNÍ ti umožní vidět skrz zastírající kouř a další tenké překážky za cenu omezeného dohledu.  Použij TERMÁLNÍ VIDĚNÍ, když ti výhled zaplní kouř a trosky.
textbible_english.p3d	Unlock_P09_Desc_Core	Zbystři své dravčí smysly TERMÁLNÍM VIDĚNÍM.  Po aktivaci tato schopnost prořízne clonu kouře a trosek, abys viděl to podstatné: živé nepřátele.  Kvůli povaze infračerveného spektra je nevýhodou omezený dohled.
textbible_english.p3d	Unlock_P09_Name	SCHOPNOST TERMÁLNÍ VIDĚNÍ
textbible_english.p3d	Unlock_P10_Bttn	(DRŽ)%0:BUTTON10 > %0:BUTTON07 > VIDĚNÍ NAKAŽENÝCH
textbible_english.p3d	Unlock_P10_Desc	Viz svět očima nakažených; napoj se na samotnou mysl hnízda pomocí VIDĚNÍ NAKAŽENÝCH.  Odhalíš tak nepřátele na dálku a rozeznáš nepřátelské postavy od obyčejných kolemjdoucích.
textbible_english.p3d	Unlock_P10_Desc_Core	VIDĚNÍ NAKAŽENÝCH tě napojí na MYSL HNÍZDA NAKAŽENÝCH.  Rozeznáš nepřátele i vozidla i na extrémní vzdálenosti.
textbible_english.p3d	Unlock_P10_Name	SCHOPNOST VIDĚNÍ NAKAŽENÝCH
textbible_english.p3d	Unlock_P11_Bttn	(DRŽ)%0:BUTTON10 > %0:BUTTON07 > PŘEVLEK
textbible_english.p3d	Unlock_P11_Desc	Lidstvo je tvá maska; použij PŘEVLEK a skryj se jako dokonalá kopie posledního jedince, kterého jsi pohltil.
textbible_english.p3d	Unlock_P11_Name	SCHOPNOST PŘEVLEK
textbible_english.p3d	Unlock_U01_Desc	Vyšší ZDRAVÍ ti dovolí pohltit více poškození.\n\nLze vylepšit.
textbible_english.p3d	Unlock_U01_Name	POSÍLENÍ ZDRAVÍ 1
textbible_english.p3d	Unlock_U02_Desc	Další zvýšení ZDRAVÍ, které posílí tvou schopnost snášet útoky nepřátel.\n\nLze vylepšit.
textbible_english.p3d	Unlock_U02_Name	POSÍLENÍ ZDRAVÍ 2
textbible_english.p3d	Unlock_U03_Desc	Maximální ZDRAVÍ.  Toto je největší možné zvýšení ZDRAVÍ pomocí vylepšení.
textbible_english.p3d	Unlock_U03_Name	POSÍLENÍ ZDRAVÍ MAX
textbible_english.p3d	Unlock_U04_Desc	Překroč hranice MAXIMÁLNÍHO ZDRAVÍ a vstup do režimu KRITICKÉ MASY pro vyšší poškození útoků a možnost použít útoky DEVASTATOR.\n\nLze vylepšit.
textbible_english.p3d	Unlock_U04_Desc_Core	KRITICKÁ MASA je zásadní vylepšení, díky němuž proměníš přebytečné zdraví v mrtvé nepřátele.  Jak pohlcuješ protivníky, tvé zdraví překročí běžný strop a ty vstoupíš do KRITICKÉ MASY.  V KRITICKÉ MASE můžeš spustit své nejsilnější techniky - útoky DEVASTATOR - a jediným útokem zlikvidovat velké skupiny nepřátel nebo zničit mocné protivníky.  Odemkni jednotlivé útoky DEVASTATOR a všechny si vyzkoušej.
textbible_english.p3d	Unlock_U04_Bttn	[DOSÁHNI MAXIMÁLNÍHO ZDRAVÍ]\nZÍSKEJ DALŠÍ ZDRAVÍ
textbible_english.p3d	Unlock_U04_Name	DOVEDNOST KRITICKÁ MASA
textbible_english.p3d	Unlock_U05_Desc	Zvýšení kapacity KRITICKÉ MASY.  Dostaň se dál za hranici a získej až DVA útoky DEVASTATOR.\n\nLze vylepšit.
textbible_english.p3d	Unlock_U05_Bttn	[DOSÁHNI MAXIMÁLNÍHO ZDRAVÍ]\nZÍSKEJ DALŠÍ ZDRAVÍ
textbible_english.p3d	Unlock_U05_Name	POSÍLENÍ KRITICKÉ MASY 1
textbible_english.p3d	Unlock_U06_Bttn	[DOSÁHNI MAXIMÁLNÍHO ZDRAVÍ]\nZÍSKEJ DALŠÍ ZDRAVÍ
textbible_english.p3d	Unlock_U06_Desc	Maximum KRITICKÉ MASY. Při plném zdraví umožňuje až TŘI útoky DEVASTATOR.
textbible_english.p3d	Unlock_U06_Name	POSÍLENÍ KRITICKÉ MASY MAX
textbible_english.p3d	Unlock_U07_Bttn	(DRŽ)%0:BUTTON01
textbible_english.p3d	Unlock_U07_Desc	Posílené svalstvo nohou znamená delší skoky a rychlejší nabíjení.  Toto vylepšení je klíčové pro rychlý pohyb na velké vzdálenosti.\n\nLze vylepšit.
textbible_english.p3d	Unlock_U07_Name	VYLEPŠENÍ SKOKU 2
textbible_english.p3d	Unlock_U08_Bttn	(DRŽ)%0:BUTTON01
textbible_english.p3d	Unlock_U08_Desc	Skákej dál, nabíjej rychleji.  Toto vylepšení druhé úrovně je klíčové pro rychlý pohyb na velké vzdálenosti.\n\nLze vylepšit.
textbible_english.p3d	Unlock_U08_Name	VYLEPŠENÍ SKOKU 3
textbible_english.p3d	Unlock_U09_Bttn	(DRŽ)%0:BUTTON01
textbible_english.p3d	Unlock_U09_Desc	Maximalizuj nabíjení skoku.  Toto vylepšení je klíčové pro rychlý pohyb na velké vzdálenosti.  Nejvyšší úroveň vylepšení.
textbible_english.p3d	Unlock_U09_Name	VYLEPŠENÍ SKOKU MAX
textbible_english.p3d	Unlock_U10_Bttn	(DRŽ) %0:BUTTON13 > (SMĚR) %0:BUTTON06
textbible_english.p3d	Unlock_U10_Desc	Posil klouby a zeštíhli stavbu těla, abys SPRINTOVAL rychleji než kdy dřív.\n\nLze vylepšit.
textbible_english.p3d	Unlock_U10_Desc_Core	RYCHLOST SPRINTU 1 ti umožní běhat rychleji než dřív.  Klíčové vylepšení pro únik ÚDERNÝM TÝMŮM - nebo pro lov kořisti.
textbible_english.p3d	Unlock_U10_Name	RYCHLOST SPRINTU  1
textbible_english.p3d	Unlock_U11_Desc	SPRINTUJ rychleji než kdy dřív.  Zásadní evoluční výhoda.\n\nLze vylepšit.
textbible_english.p3d	Unlock_U11_Bttn	(DRŽ) %0:BUTTON13 > (SMĚR) %0:BUTTON06
textbible_english.p3d	Unlock_U11_Name	RYCHLOST SPRINTU 2
textbible_english.p3d	Unlock_U12_Bttn	(DRŽ) %0:BUTTON13 > (SMĚR) %0:BUTTON06
textbible_english.p3d	Unlock_U12_Desc	Zvyš schopnost SPRINTU ještě víc.  Důležité vylepšení.
textbible_english.p3d	Unlock_U12_Name	RYCHLOST SPRINTU MAX
textbible_english.p3d	Unlock_U13_Bttn	(ZA ČLOVĚKEM) > (DRŽ)%0:BUTTON11 > %0:BUTTON02
textbible_english.p3d	Unlock_U13_Desc	POHLŤ nepřítele bez vyvolání POPLACHU. Zvlášť užitečné při infiltraci ZÁKLADEN.\n\nLze vylepšit.
textbible_english.p3d	Unlock_U13_Desc_Core	NENÁPADNÉ POHLCENÍ ti umožní pohltit nic netušící kořist za pochodu. Připlíž se ke kořisti zezadu a stiskni %0:BUTTON11 pro otevření NABÍDKY PŘEVLEKŮ. Až se zvýrazní INDIKÁTOR NENÁPADNÉHO POHLCENÍ, stiskni %0:BUTTON02 pro NENÁPADNÉ POHLCENÍ.
textbible_english.p3d	Unlock_U13_Name	NENÁPADNÉ POHLCENÍ
textbible_english.p3d	Unlock_U14_Bttn	(ZA ČLOVĚKEM) > (DRŽ)%0:BUTTON11 > %0:BUTTON02
textbible_english.p3d	Unlock_U14_Desc	ZVYŠUJE RYCHLOST tvého NENÁPADNÉHO POHLCENÍ.
textbible_english.p3d	Unlock_U14_Name	POSÍLENÍ NENÁPADNÉHO POHLCENÍ
textbible_english.p3d	Unlock_U15_Desc	ZÍSKEJ více ZDRAVÍ z těch, které POHLTÍŠ.\n\nLze vylepšit.
textbible_english.p3d	Unlock_U15_Name	POSÍLENÍ POHLCENÍ 1
textbible_english.p3d	Unlock_U16_Desc	ZÍSKEJ více ZDRAVÍ z těch, které POHLTÍŠ.
textbible_english.p3d	Unlock_U16_Name	POSÍLENÍ POHLCENÍ MAX
textbible_english.p3d	Unlock_U17_Desc	Mimo boj se tvé zdraví obnovuje stálým tempem.  S tímto vylepšením se zdraví obnovuje rychleji.\n\nLze vylepšit.
textbible_english.p3d	Unlock_U17_Name	POSÍLENÍ REGENERACE 1
textbible_english.p3d	Unlock_U18_Desc	Mimo boj se tvé zdraví obnovuje stálým tempem.  S tímto vylepšením se zdraví obnovuje rychleji.
textbible_english.p3d	Unlock_U18_Name	POSÍLENÍ REGENERACE MAX
textbible_english.p3d	Unlock_U19_Desc	Nějakou dobu po zranění se začneš automaticky léčit. Toto vylepšení zkracuje prodlevu, než REGENERACE spustí léčení.\n\nLze vylepšit.
textbible_english.p3d	Unlock_U19_Name	PRODLEVA REGENERACE 1
textbible_english.p3d	Unlock_U20_Desc	Nějakou dobu po zranění se začneš automaticky léčit. Toto vylepšení dále zkracuje prodlevu, než REGENERACE spustí léčení.
textbible_english.p3d	Unlock_U20_Name	PRODLEVA REGENERACE MAX
textbible_english.p3d	Unlock_U21_Desc	PŘÍVAL ADRENALINU je nejvyšší záchranná síť.  Když ti dojde téměř všechno zdraví, získáš okamžik NEZRANITELNOSTI a jeden ÚTOK DEVASTATOR.  Využij ho moudře.
textbible_english.p3d	Unlock_U21_Desc_Core	Popadni dech - a vrať se do vražedné hry.  PŘÍVAL ADRENALINU se spustí těsně předtím, než bys normálně zemřel, a dá ti krátký okamžik nezranitelnosti a možnost JEDNOHO útoku DEVASTATOR zdarma.  Spoj obě výhody, otoč situaci proti nepřátelům - a dodělej je dřív, než oni dodělají tebe.
textbible_english.p3d	Unlock_U21_Name	PŘÍVAL ADRENALINU
textbible_english.p3d	UPGRADES	VYLEPŠENÍ
textbible_english.p3d	CORE_UPGRADE	JÁDRO
textbible_english.p3d	STATS_FILLER	CATALOG # A63/KNP\n520G    LINE\n      80HZ\nCLASS  E49-a\nFEEDBACK RESPONSE\nNOMINAL NEURAL LINK\n\nZOOM RATIO    4:1\nCONTINUOUS GAIN
textbible_english.p3d	STATS_FILLER2	PROJECT       SIM#
textbible_english.p3d	OBJ_FILLER	ŘÍZENÍ POLE\nANALÝZA VSTUPU
textbible_english.p3d	STATS_ALERTS	POPLACHY
textbible_english.p3d	STATS_ATTACKS	ÚTOKY
textbible_english.p3d	STATS_BASES_HIVES	ZÁKLADNY A HNÍZDA
textbible_english.p3d	STATS_BLACKWATCH	BLACKWATCH
textbible_english.p3d	STATS_BY_TYPE	TYP
textbible_english.p3d	STATS_COLLECTIBLES	SBĚRATELSKÉ PŘEDMĚTY
textbible_english.p3d	STATS_TIME	ČAS
textbible_english.p3d	STATS_CONSUMES	POHLCENÍ
textbible_english.p3d	STATS_DEATH	ÚMRTÍ
textbible_english.p3d	STATS_DISGUISE	PŘEVLEK
textbible_english.p3d	STATS_EP	EP
textbible_english.p3d	STATS_GENERAL	OBECNÉ
textbible_english.p3d	STATS_HIJACKS	ÚNOSY
textbible_english.p3d	STATS_INFECTED	NAKAŽENÍ
textbible_english.p3d	STATS_KILLS	ZABITÍ
textbible_english.p3d	STATS_LOCOMOTION	POHYB
textbible_english.p3d	STATS_MARINES	MARINES
textbible_english.p3d	STATS_MILITARY	ARMÁDA
textbible_english.p3d	STATS_MISSIONS	MISE
textbible_english.p3d	STATS_VEHICLES	VOZIDLA
textbible_english.p3d	STATS_WEAPONS	ZBRANĚ
textbible_english.p3d	STATS_WOI	SÍŤ INTRIK
textbible_english.p3d	STAT_CURRENT_EVOLUTION_POINTS	AKTUÁLNÍ EVOLUČNÍ BODY
textbible_english.p3d	STAT_TOTAL_EVOLUTION_POINTS	CELKEM ZÍSKANÝCH EVOLUČNÍCH BODŮ
textbible_english.p3d	STAT_ATTACKS	ÚTOKY
textbible_english.p3d	STAT_2_HIT	KOMBA ZE 2 ZÁSAHŮ
textbible_english.p3d	STAT_3_HIT	KOMBA ZE 3 ZÁSAHŮ
textbible_english.p3d	STAT_DEVASTATORS	DEVASTATORY
textbible_english.p3d	STAT_KILLS_RIFLES	ZABITÍ ÚTOČNOU PUŠKOU
textbible_english.p3d	STAT_KILLS_HELIS	POMOCÍ VRTULNÍKŮ
textbible_english.p3d	STAT_KILLS_ABRAMS	POMOCÍ TANKŮ
textbible_english.p3d	STAT_KILLS_BRADLEYS	POMOCÍ OBRNĚNCŮ
textbible_english.p3d	STAT_RUNOVERS	RETARDÉRY
textbible_english.p3d	STAT_DISMEMBERMENTS	UTRŽENÉ ÚDY
textbible_english.p3d	STAT_PEDESTRIANS	ZABITÍ CHODCI
textbible_english.p3d	STAT_ENEMIES_KILLED	ZABITÍ NEPŘÁTELÉ
textbible_english.p3d	STAT_MARINES_KILLED	ZABITÍ MARINES
textbible_english.p3d	STAT_MARINES_CONSUMED	POHLCENÍ MARINES
textbible_english.p3d	STAT_COMMANDERS_KILLED	ZABITÍ VELITELÉ
textbible_english.p3d	STAT_COMMANDERS_CONSUMED	POHLCENÍ VELITELÉ MARINES
textbible_english.p3d	STAT_PILOTS_KILLED	ZABITÍ PILOTI
textbible_english.p3d	STAT_PILOTS_CONSUMED	POHLCENÍ PILOTI
textbible_english.p3d	STAT_BWMARINES_KILLED	ZABITÍ VOJÁCI BLACKWATCH
textbible_english.p3d	STAT_BWMARINES_CONSUMED	POHLCENÍ VOJÁCI BLACKWATCH
textbible_english.p3d	STAT_BWCOMMANDERS_KILLED	ZABITÍ VELITELÉ BLACKWATCH
textbible_english.p3d	STAT_BWCOMMANDERS_CONSUMED	POHLCENÍ VELITELÉ BLACKWATCH
textbible_english.p3d	STAT_CIV_VEHICLES_KILLED	ZNIČENÁ CIVILNÍ VOZIDLA
textbible_english.p3d	STAT_APACHES_KILLED	ZNIČENÉ BITEVNÍ VRTULNÍKY
textbible_english.p3d	STAT_APACHES_HIJACKED	UNESENÉ BITEVNÍ VRTULNÍKY
textbible_english.p3d	STAT_BLACKHAWKS_KILLED	ZNIČENÉ TRANSPORTÉRY
textbible_english.p3d	STAT_BLACKHAWKS_HIJACKED	UNESENÉ TRANSPORTÉRY
textbible_english.p3d	STAT_HELI_KILLS_HELIS	VRTULNÍKY ZNIČENÉ VRTULNÍKEM
textbible_english.p3d	STAT_ABRAMS_KILLED	ZNIČENÉ TANKY
textbible_english.p3d	STAT_ABRAMS_HIJACKED	UNESENÉ TANKY
textbible_english.p3d	STAT_BRADLEYS_KILLED	ZNIČENÉ OBRNĚNCE
textbible_english.p3d	STAT_BRADLEYS_HIJACKED	UNESENÉ OBRNĚNCE
textbible_english.p3d	STAT_INFECTED1_KILLED	ZABITÍ NAKAŽENÍ CIVILISTÉ
textbible_english.p3d	STAT_INFECTED1_CONSUMED	POHLCENÍ NAKAŽENÍ
textbible_english.p3d	STAT_INFECTED2_KILLED	ZABITÍ VYVINUTÍ NAKAŽENÍ
textbible_english.p3d	STAT_INFECTED2_CONSUMED	POHLCENÍ VYVINUTÍ NAKAŽENÍ
textbible_english.p3d	STAT_BRAWLERS_KILLED	ZABITÍ LOVCI
textbible_english.p3d	STAT_BRAWLERS_CONSUMED	POHLCENÍ LOVCI
textbible_english.p3d	STAT_LEADERS_KILLED	ZABITÍ VŮDCI
textbible_english.p3d	STAT_LEADERS_CONSUMED	POHLCENÍ VŮDCI
textbible_english.p3d	STAT_HYDRAS_KILLED	ZABITÉ HYDRY
textbible_english.p3d	STAT_WATERTOWERS_DESTROYED	ZNIČENÉ NAKAŽENÉ VODÁRNY
textbible_english.p3d	STAT_RIFLE_SHOTS	VÝSTŘELY Z ÚTOČNÉ PUŠKY
textbible_english.p3d	STAT_MISSILE_SHOTS	VÝSTŘELY RAKET
textbible_english.p3d	STAT_HOMING_SHOTS	VÝSTŘELY NAVÁDĚNÝCH RAKET
textbible_english.p3d	STAT_GRENADE_SHOTS	VÝSTŘELY GRANÁTŮ
textbible_english.p3d	STAT_MACHINEGUN_SHOTS	VÝSTŘELY Z KULOMETU
textbible_english.p3d	STAT_JUMPS	SKOKY
textbible_english.p3d	STAT_DEATHS	ÚMRTÍ
textbible_english.p3d	STAT_DEATHS_BY_INFECTED	ÚMRTÍ OD NAKAŽENÝCH
textbible_english.p3d	STAT_DEATHS_BY_MILITARY	ÚMRTÍ OD ARMÁDY
textbible_english.p3d	STAT_CARS_CRUSHED	AUTA ROZDRCENÁ TANKEM
textbible_english.p3d	STAT_STEALTH_CONSUMES	NENÁPADNÁ POHLCENÍ
textbible_english.p3d	STAT_PED_CONSUMES	POHLCENÍ CHODCI
textbible_english.p3d	STAT_CHARACTER_CONSUMES	POHLCENÍ CELKEM
textbible_english.p3d	STAT_ALERTS_CAUSED	VYVOLANÉ POPLACHY
textbible_english.p3d	STAT_ALERTS_AVOIDED	ÚNIKY Z POPLACHŮ
textbible_english.p3d	STAT_MISSIONS_COMPLETED	DOKONČENÉ MISE
textbible_english.p3d	STAT_CHARACTERS_CONSUMED	POHLCENÉ POSTAVY
textbible_english.p3d	STAT_INFECTED_KILLED	ZABITÍ NAKAŽENÍ
textbible_english.p3d	STAT_VEHICLES_KILLED	ZNIČENÁ VOZIDLA
textbible_english.p3d	STAT_WOI_NODES	UZLY SÍTĚ INTRIK
textbible_english.p3d	STAT_WATERTOWERS_KILLED	ZNIČENÉ VODÁRNY
textbible_english.p3d	STAT_HATCHING_WTS_KILLED	ZNIČENÉ LÍHNOUCÍ VODÁRNY
textbible_english.p3d	STAT_SCIENTISTS_CONSUMED	POHLCENÍ VĚDCI
textbible_english.p3d	STAT_GOLDEN_BRAWLERS_KILLED	ZABITÍ ZMUTOVANÍ LOVCI
textbible_english.p3d	STAT_LANDMARK_COLLECTIBLES	ORIENTAČNÍ BODY
textbible_english.p3d	STAT_HINT_COLLECTIBLES	RADY
textbible_english.p3d	STAT_MISS_NO_ALERT	MISE BEZ POPLACHU
textbible_english.p3d	STAT_MISS_NO_DEATH	MISE BEZ ÚMRTÍ
textbible_english.p3d	STAT_HUMANS_CONSUMED	POHLCENÍ LIDÉ
textbible_english.p3d	STAT_ENEMIES_KILLED_WHIPFIST	ZABITÍ BIČOVOU PĚSTÍ
textbible_english.p3d	STAT_SOLDIERS_PATSIED	OBĚTNÍ BERÁNCI
textbible_english.p3d	STAT_BASES_INFILTRATED	INFILTROVANÉ ZÁKLADNY
textbible_english.p3d	STAT_SHAPESHIFTS	PROMĚNY
textbible_english.p3d	STAT_INFILTRATIONS	INFILTRACE
textbible_english.p3d	STAT_STRIKE_TEAMS_KILLED	ZNIČENÉ ÚDERNÉ TÝMY
textbible_english.p3d	STAT_STRIKE_TEAMS_AVOIDED	ÚNIKY ÚDERNÝM TÝMŮM
textbible_english.p3d	STAT_OUTBREAK_HIVES_KILLED	ZNIČENÁ HNÍZDA NÁKAZY
textbible_english.p3d	STAT_MILITARY_FIREBASES_KILLED	ZNIČENÉ VOJENSKÉ ZÁKLADNY
textbible_english.p3d	STAT_VEHICLES_HIJACKED	UNESENÁ VOZIDLA
textbible_english.p3d	STAT_HELIS_KILLED_VEHICLES	VRTULNÍKY ZNIČENÉ Z OBRNĚNCE
textbible_english.p3d	STAT_VEHICLES_KILLED_HELIS	OBRNĚNCE ZNIČENÉ Z VRTULNÍKU
textbible_english.p3d	STAT_TOTAL_VEHICLES_KILLED	CELKEM ZNIČENÝCH VOZIDEL
textbible_english.p3d	STAT_TOTAL_VEHICLES_HIJACKED	CELKEM UNESENÝCH VOZIDEL
textbible_english.p3d	STAT_POWERS_BOUGHT	KOUPENÉ SCHOPNOSTI
textbible_english.p3d	STAT_UPGRADES_BOUGHT	KOUPENÁ VYLEPŠENÍ
textbible_english.p3d	STAT_ABILTIES_BOUGHT	KOUPENÉ DOVEDNOSTI
textbible_english.p3d	STAT_MOVES_BOUGHT	KOUPENÉ POHYBY
textbible_english.p3d	STAT_TOTAL_TIME_PLAYED	ODEHRANÝ ČAS
textbible_english.p3d	freF02	...TEĎ SKLÍZEJ VICHŘICI
textbible_english.p3d	freF03	PŘIVOLAL JSI HROM...
textbible_english.p3d	freF06	CHYŤ
textbible_english.p3d	freF07	VÝBUŠNÉ
textbible_english.p3d	freL00	BABYLONSKÁ VĚŽ
textbible_english.p3d	freL01	SKOKY PO ŘÍMSÁCH
textbible_english.p3d	freL02	VYSOKÝ LET
textbible_english.p3d	freL03	BĚŽEC PO STŘECHÁCH
textbible_english.p3d	freL04	Z BODU DO BODU
textbible_english.p3d	freL10	ROHY
textbible_english.p3d	freL11	MRAKODRAPY
textbible_english.p3d	freL12	CENTRUM MOCI
textbible_english.p3d	freL13	MEZI MRAKY
textbible_english.p3d	freL14	VOLNÝ BĚH
textbible_english.p3d	freL20	Z VÝŠIN
textbible_english.p3d	freL21	TRIUMFÁLNÍ OBLOUK
textbible_english.p3d	freL22	DO ČERNÉHO
textbible_english.p3d	freL23	FONTÁNA MLÁDÍ
textbible_english.p3d	freL24	NA PIEDESTALU
textbible_english.p3d	freP00	VYVRHNUTÍ
textbible_english.p3d	freP01	ROZTRHÁNÍ
textbible_english.p3d	freP02	ROZDRŤ KOSTI
textbible_english.p3d	freP03	ZAMETAČ ULIC
textbible_english.p3d	freP07	NIKDO NEPŘEŽIJE
textbible_english.p3d	freP08	NEANDRTÁLEC
textbible_english.p3d	freP09	MÝCENÍ
textbible_english.p3d	freP11	MASAKR
textbible_english.p3d	freP14	NÁRAZ
textbible_english.p3d	freV00	DÉŠŤ OHNĚ
textbible_english.p3d	freV01	PROJEKTILY
textbible_english.p3d	freV02	OHEŇ NA NEBI
textbible_english.p3d	freV03	SMRT SHŮRY
textbible_english.p3d	freV04	VLASTNÍ PALBA
textbible_english.p3d	freV10	HLÍDKA NAKAŽENÝCH
textbible_english.p3d	freV12	IRONIE
textbible_english.p3d	freV14	PANCÍŘ
textbible_english.p3d	freV15	MUNICE
textbible_english.p3d	freV16	VALÍCÍ SE HROM
textbible_english.p3d	freV17	DEMOLICE
textbible_english.p3d	freW00	NÁJEZD
textbible_english.p3d	freW01	NEPŘÍTEL NEPŘÍTELE
textbible_english.p3d	freW02	POSLEDNÍ BOJ
textbible_english.p3d	freW03	BLÍZKÝ KONTAKT
textbible_english.p3d	freW04	BOJIŠTĚ
textbible_english.p3d	freW05	MOC LIDU
textbible_english.p3d	freW06	PODIVNÍ SPOJENCI
textbible_english.p3d	freW07	SCHODIŠTĚ 
textbible_english.p3d	freW08	PROCHÁZKA PARKEM
textbible_english.p3d	freW09	ZAJÍMAVÝ BOD
textbible_english.p3d	EVENT_WAR_MILITARY_DESCRIPTION	Bojuj jako SPOJENEC ARMÁDY a poraz NAKAŽENÉ.
textbible_english.p3d	EVENT_WAR_INFECTED_DESCRIPTION	Bojuj jako SPOJENEC NAKAŽENÝCH a poraz ARMÁDU.
textbible_english.p3d	EVENT_WAR_DISGUISED_DESCRIPTION	Bojuj jako SPOJENEC ARMÁDY a udrž si vojenský PŘEVLEK. POUŽÍVEJ jen POSKYTNUTOU ZBRAŇ.
textbible_english.p3d	EVENT_LOCO_DESCRIPTION	PROJDI BODY TRASY co NEJRYCHLEJI.
textbible_english.p3d	EVENT_GLIDE_DESCRIPTION	PLACHTI k CÍLI a PŘISTAŇ co NEJBLÍŽE.
textbible_english.p3d	EVENT_KILL_HELI_DESCRIPTION	POUŽIJ VRTULNÍK a ZABIJ co nejvíc NEPŘÁTEL v ČASOVÉM LIMITU.\n\nTIPY:\n- Zaměř se na označené nepřátele\n- Používej naváděné rakety a NEZASTAVUJ SE!
textbible_english.p3d	EVENT_VEHICLES_HELI_OBJ_TEXT	POUŽIJ VRTULNÍK a ZABIJ co nejvíc NEPŘÁTEL v ČASOVÉM LIMITU.
textbible_english.p3d	EVENT_KILL_TANK_DESCRIPTION	POUŽIJ OBRNĚNÉ VOZIDLO a ZABIJ co nejvíc NEPŘÁTEL v ČASOVÉM LIMITU.\nTIPY:\n- Zaměř se na označené nepřátele\n- Používej VĚŽ i KULOMET\n- NEZASTAVUJ SE!
textbible_english.p3d	EVENT_VEHICLES_TANK_OBJ_TEXT	POUŽIJ OBRNĚNÉ VOZIDLO a ZABIJ co nejvíc NEPŘÁTEL v ČASOVÉM LIMITU.
textbible_english.p3d	EVENT_KILL_FIREARM_DESCRIPTION	POUŽIJ POSKYTNUTOU ZBRAŇ a ZABIJ co nejvíc NEPŘÁTEL v ČASOVÉM LIMITU.
textbible_english.p3d	EVENT_KILL_POWERS_DESCRIPTION	POUŽIJ AKTIVNÍ SCHOPNOST a ZABIJ co nejvíc NEPŘÁTEL v ČASOVÉM LIMITU.
textbible_english.p3d	freO00	ARMÁDA (LEHKÁ)
textbible_english.p3d	freO01	ARMÁDA (STŘEDNÍ)
textbible_english.p3d	freO02	ARMÁDA (TĚŽKÁ)
textbible_english.p3d	freO10	NAKAŽENÍ (LEHKÁ)
textbible_english.p3d	freO11	NAKAŽENÍ (STŘEDNÍ)
textbible_english.p3d	freO12	NAKAŽENÍ (TĚŽKÁ)
textbible_english.p3d	Unlock_U22_Name	VYLEPŠENÍ SKOKU 1
textbible_english.p3d	Unlock_U22_Bttn	(DRŽ)%0:BUTTON01
textbible_english.p3d	Unlock_U22_Desc	Skákej dál a rychleji. Klíčové pro rychlý pohyb na velké vzdálenosti.  Velmi důležité vylepšení.\n\nLze vylepšit.
textbible_english.p3d	Unlock_U22_Desc_Core	VYLEPŠENÍ SKOKU 1 ti umožní skákat dál, výš a rychleji.  Řetěz skoky za sebou tak, že NABÍJÍŠ další skok ještě ve vzduchu z toho předchozího!
textbible_english.p3d	Unlock_H31_Name	ÚNOS
textbible_english.p3d	freL25	HÁZENÍ ŽABEK
textbible_english.p3d	freL26	NA ZÁPAD
textbible_english.p3d	freL27	ŠPATNÁ STRANA KOLEJÍ
textbible_english.p3d	freL28	ČTYŘLÍSTEK
textbible_english.p3d	freL29	KŘIVOLAKÁ
textbible_english.p3d	freF01	VZDUŠNÝ ÚTOK
textbible_english.p3d	Unlock_H30_Desc	KRITICKÁ MASA. Překroč hranice maximálního zdraví a vstup do KRITICKÉ MASY pro vyšší poškození útoků a možnost použít útoky DEVASTATOR.
textbible_english.p3d	CONTINUE_NOSAVE	Pokračovat bez uložení
textbible_english.p3d	SaveDataCorrupted	Uložená data jsou poškozená. Pro ukládání smaž poškozená uložená data.
textbible_english.p3d	SaveProfileCorrupted	Uložená data profilu jsou poškozená. Pro ukládání smaž poškozená data profilu.
textbible_english.p3d	BACK_TUTORIAL	ZPĚT %0:BUTTON02
textbible_english.p3d	CONTINUE_TUTORIAL	POKRAČOVAT %0:BUTTON01
textbible_english.p3d	QUIT_TUTORIAL	UKONČIT %0:BUTTON01
textbible_english.p3d	PRESS_TO_CYCLE	STISKNI %0:BUTTON01 PRO PŘEPNUTÍ
textbible_english.p3d	AUDIO	ZVUK
textbible_english.p3d	DefaultDataSlotName	SLOT
textbible_english.p3d	DefaultProfileSlotName	PROFIL
textbible_english.p3d	NewDataSlot	Vytvořit nový slot
textbible_english.p3d	SlotCorrupted	Slot poškozen
textbible_english.p3d	NewProfileSlot	Vytvořit nový profil
textbible_english.p3d	NoStorageDiskSpace	Smazat uložená data pro místo?
textbible_english.p3d	AutoLoad	AUTOM. NAČÍTÁNÍ
textbible_english.p3d	AutoSave	AUTOM. UKLÁDÁNÍ
textbible_english.p3d	BootCheck	KONTROLA ÚLOŽIŠTĚ
textbible_english.p3d	ConfirmDelete	OPRAVDU CHCEŠ SMAZAT?
textbible_english.p3d	ConfirmLoad	OPRAVDU CHCEŠ NAČÍST?
textbible_english.p3d	ConfirmSave	OPRAVDU CHCEŠ ULOŽIT? VŠECHNA PŘEDCHOZÍ NASTAVENÍ BUDOU ZTRACENA.
textbible_english.p3d	ConfirmSaveCancel	Nevybral jsi slot pro uložení. Abys mohl uložit postup, musíš vybrat slot. Chceš výběr slotu zopakovat?
textbible_english.p3d	ConfirmOverwrite	OPRAVDU CHCEŠ PŘEPSAT TENTO SLOT?
textbible_english.p3d	ConfirmCreate	OPRAVDU CHCEŠ VYTVOŘIT NOVÝ SLOT?
textbible_english.p3d	CONTINUE	POKRAČOVAT
textbible_english.p3d	NAVIGATION	NAVIGACE
textbible_english.p3d	NEXT_CONTROL_SET	DALŠÍ SADA OVLÁDÁNÍ %0:BUTTON00
textbible_english.p3d	PREVIOUS_CONTROL_SET	PŘEDCHOZÍ SADA OVLÁDÁNÍ %0:BUTTON16
textbible_english.p3d	CONFIRM	POTVRDIT
textbible_english.p3d	Delete	SMAZAT DATA
textbible_english.p3d	DeleteFailure	SMAZÁNÍ DAT SELHALO
textbible_english.p3d	DeleteSuccessful	SMAZÁNÍ ÚSPĚŠNÉ
textbible_english.p3d	DeviceNotSelected	Nevybral jsi úložné zařízení. Abys mohl uložit postup, musíš vybrat úložné zařízení. Chceš výběr zařízení zopakovat?
textbible_english.p3d	SAVING_NOT_POSSIBLE	UKLÁDÁNÍ POSTUPU HRY A PROFILU BYLO ZAKÁZÁNO
textbible_english.p3d	DIALOGUE	DIALOGY
textbible_english.p3d	DIFFICULTY_1	LEHKÁ
textbible_english.p3d	DIFFICULTY_2	NORMÁLNÍ
textbible_english.p3d	DIFFICULTY_3	TĚŽKÁ
textbible_english.p3d	DIFFICULTY_SELECT	OBTÍŽNOST
textbible_english.p3d	DOWNLOADABLE_CONTENT	STAŽITELNÝ OBSAH
textbible_english.p3d	DOWNLOAD	STÁHNOUT
textbible_english.p3d	ERROR	CHYBA
textbible_english.p3d	Exception	VAROVÁNÍ
textbible_english.p3d	EXPERIENCE_LEVEL	ÚROVEŇ ZKUŠENOSTÍ
textbible_english.p3d	EXTRAS	BONUSY
textbible_english.p3d	TRAILER	TRAILER WOLFENSTEIN
textbible_english.p3d	FailureAccessingDevice	CHYBA PŘÍSTUPU K ÚLOŽNÉMU ZAŘÍZENÍ
textbible_english.p3d	FileQuotaExceeded	PŘEKROČEN LIMIT SOUBORŮ
textbible_english.p3d	GAME_SETTING	NASTAVENÍ HRY
textbible_english.p3d	GeneralFailure	OBECNÁ CHYBA
textbible_english.p3d	InvalidLoadOfCorruptFile	Poškozený soubor nelze načíst
textbible_english.p3d	LANGUAGES	JAZYKY
textbible_english.p3d	Load	Načíst data
textbible_english.p3d	LoadFailure	Uložená data se nepodařilo načíst. Používané úložné zařízení možná není dostupné. Chceš zkusit načíst z jiného zařízení?
textbible_english.p3d	LoadSuccessful	Načtení úspěšné
textbible_english.p3d	MemoryQuotaExceeded	Překročen limit paměti
textbible_english.p3d	Mono	MONO
textbible_english.p3d	NEW	NOVÝ
textbible_english.p3d	CHARACTER	VÝBĚR ULOŽENÉ HRY
textbible_english.p3d	USING_EXISTING_CHARACTER	Vyber uloženou hru a projdi příběhový režim znovu se všemi dříve odemčenými schopnostmi, cíli SÍTĚ INTRIK, pohyby a dovednostmi.
textbible_english.p3d	NO	NE
textbible_english.p3d	NoFreeFiles	Nejsou volné soubory
textbible_english.p3d	NoFreeSpace	Není volné místo
textbible_english.p3d	NothingToDelete	Není co smazat
textbible_english.p3d	NothingToLoad	Není co načíst
textbible_english.p3d	OFF	VYP
textbible_english.p3d	OK	OK
textbible_english.p3d	NEXT	DALŠÍ
textbible_english.p3d	PREVIOUS	PŘEDCHOZÍ
textbible_english.p3d	ON	ZAP
textbible_english.p3d	OPTIONS	MOŽNOSTI
textbible_english.p3d	OUTPUT_OPTIONS	NASTAVENÍ VÝSTUPU
textbible_english.p3d	OVERWRITE_GAME_WARNING	Tato akce přepíše tvá stávající uložená data v tomto herním profilu. Chceš pokračovat?
textbible_english.p3d	PLAYERS_HEADPHONES	Hráči se sluchátky
textbible_english.p3d	PLEASE_WAIT	ČEKEJ PROSÍM...
textbible_english.p3d	ProfileDelete	SMAZAT PROFIL
textbible_english.p3d	ProfileLoad	NAČÍST PROFIL
textbible_english.p3d	ProfileSave	ULOŽIT PROFIL
textbible_english.p3d	PROFILE_OPTIONS	MOŽNOSTI PROFILU
textbible_english.p3d	RETRY	ZNOVU
textbible_english.p3d	Save	Uložit data
textbible_english.p3d	SaveSuccessful	ULOŽENÍ ÚSPĚŠNÉ
textbible_english.p3d	Saving...	UKLÁDÁNÍ...
textbible_english.p3d	SEARCHING	HLEDÁNÍ...
textbible_english.p3d	SelectDeleteEntry	Vyber položku ke smazání
textbible_english.p3d	SELECTDEVICE	VYBER ZAŘÍZENÍ
textbible_english.p3d	SelectLoadEntry	Vyber položku k načtení
textbible_english.p3d	SelectSaveEntry	Vyber položku k uložení
textbible_english.p3d	SOUNDTRACK	HUDBA
textbible_english.p3d	SOUND_FX	ZVUKY
textbible_english.p3d	Stereo	STEREO
textbible_english.p3d	SUBTITLES	TITULKY
textbible_english.p3d	Surround	SURROUND
textbible_english.p3d	SYSTEM_LINK	SYSTEM LINK
textbible_english.p3d	UserNotLoggedIn	PRO PŘÍSTUP K ÚLOŽIŠTÍM MUSÍŠ BÝT PŘIHLÁŠEN
textbible_english.p3d	VIBRATION	VIBRACE
textbible_english.p3d	VIDEO	VIDEO
textbible_english.p3d	GAME	HRA
textbible_english.p3d	WARNING	VAROVÁNÍ
textbible_english.p3d	WriteFailure	ULOŽENÍ DAT SELHALO
textbible_english.p3d	YES	ANO
textbible_english.p3d	LOW	NÍZKÁ
textbible_english.p3d	MED	STŘEDNÍ
textbible_english.p3d	HIGH	VYSOKÁ
textbible_english.p3d	SAVE	ULOŽIT
textbible_english.p3d	DISCARD	ZAHODIT
textbible_english.p3d	SAVE/LOAD	ULOŽIT / NAČÍST
textbible_english.p3d	CANCEL	ZRUŠIT
textbible_english.p3d	Gentek	GENTEK - 51. patro, výzkumná divize BLACKLIGHT
textbible_english.p3d	BwCommandCenter	Velitelství BLACKWATCH - velení RED CROWN, Battery Park
textbible_english.p3d	BwHideout	Byt Dany Mercer - Chelsea
textbible_english.p3d	KarensHideout	Laboratoř Karen Parker - East Harlem
textbible_english.p3d	KarensApartment	Byt Karen Parker - Upper West Side
textbible_english.p3d	DanasSafehouse	Danin úkryt - Midtown West
textbible_english.p3d	AlexsApartment	Byt Alexe Mercera - budova Renalia, Upper East Side
textbible_english.p3d	RaglandsMorgue	Márnice Dr. Raglanda - nemocnice St. Paul's, Upper East Side
textbible_english.p3d	GentekMorgue	Márnice GENTEK - budova GENTEK, Gramercy
textbible_english.p3d	UssReagan	U.S.S Reagan - velení CITADEL, jihozápadně od Manhattanu
textbible_english.p3d	McMullensLab	Laboratoř Dr. McMullena - základna BLACKWATCH, utajené místo
textbible_english.p3d	SomewhereInChelsea	Někde v Chelsea
textbible_english.p3d	GENTEK2	Nádvoří GENTEK - budova GENTEK, Gramercy
textbible_english.p3d	CONTACT1	Místo kontaktu 1 - Lower East Side
textbible_english.p3d	CONTACT2	Místo kontaktu 2 - Upper West Side
textbible_english.p3d	CONTACT3	Místo kontaktu 3 - SoHo
textbible_english.p3d	CONTACT4	Bojová vyhlídka - kontrolní zóna SoHo
textbible_english.p3d	15Days	O 18 DNÍ DŘÍVE
textbible_english.p3d	UssReaganBayOne	Hangár jedna, U.S.S Reagan - velení CITADEL, jihozápadně od Manhattanu
textbible_english.p3d	HiveRooftop	Hnízdo nakažených, kontrolní zóna Upper East Side
textbible_english.p3d	HiveInterior	Interiér hnízda nakažených, kontrolní zóna Upper East Side
textbible_english.p3d	AbandonedBASE	Dobytá základna Marine AE-6, East Harlem
textbible_english.p3d	Debrief	Velitelství BLACKWATCH - velení RED CROWN, Battery Park
textbible_english.p3d	OpeningDay15	New York, 2009: 15. den nákazy
textbible_english.p3d	Meanwhile	Mezitím
textbible_english.p3d	LOADING	NAČÍTÁNÍ
textbible_english.p3d	GENTEK3	Budova GENETEK, Gramercy
textbible_english.p3d	X360Saving...	Ukládám obsah. Nevypínej prosím konzoli.
textbible_english.p3d	WOI_TARGET	CÍL SÍTĚ INTRIK
textbible_english.p3d	WOI_NAVIGATION	NAVIGACE
textbible_english.p3d	WOI_SEQUENCE_SHORT	SEK %1:NUMBER
textbible_english.p3d	WOI_SEQUENCE	SEKVENCE %1:NUMBER
textbible_english.p3d	WOI_NAVHINT_HIDE	PŘEPNOUT MINIMAPU
textbible_english.p3d	WOI_NAVHINT_SHOW	PŘEPNOUT MINIMAPU
textbible_english.p3d	WOI_MINIMAP_LEGEND	PŘEPNOUT LEGENDU
textbible_english.p3d	WOI_LEGEND_COMPLETE	Dokončeno
textbible_english.p3d	WOI_LEGEND_AVAILABLE	Dostupné
textbible_english.p3d	WOI_LEGEND_UNAVAILABLE	Nedostupné
textbible_english.p3d	WOI_NAVHINT_CONFIRM	Potvrdit
textbible_english.p3d	WOI_PREVIEW_DIR	ZOBRAZIT VZPOMÍNKU
textbible_english.p3d	WOI_EpZoomLvlAmount	%1:NUMBER X
textbible_english.p3d	WOI_ZoomText	ZOOM
textbible_english.p3d	WOI_EpisodeLevel	EPIZODA
textbible_english.p3d	WOI_TUT_EXP_1	SÍŤ INTRIK je tvé ROZHRANÍ pro ODEMYKÁNÍ, PROZKOUMÁVÁNÍ a ZÍSKÁVÁNÍ VZPOMÍNEK.
textbible_english.p3d	WOI_TUT_EXP_2	POHLCENÍ CÍLŮ SÍTĚ INTRIK odemyká spojení k NOVÝM CÍLŮM, které můžeš NAJÍT a POHLTIT.
textbible_english.p3d	WOI_TUT_EXP_3	Každý UZEL je PROPOJEN s dalšími UZLY pomocí VLÁKEN. To ZNÁZORŇUJE VZTAH mezi těmito CÍLI SÍTĚ. 
textbible_english.p3d	WOI_TUT_EXP_4_MOUSE	POUŽIJ MYŠ k výběru ÚPONKŮ a PŘESUNU z UZLU na UZEL.
textbible_english.p3d	WOI_TUT_EXP_5	Tento UZEL je VZPOMÍNKA POHLCENÉHO CÍLE. STISKNI %0:BUTTON01 a PŘEHRAJ VZPOMÍNKU.
textbible_english.p3d	WOI_TUT_EXP_5_MOUSE	Tento UZEL je VZPOMÍNKA POHLCENÉHO CÍLE. KLIKNI na UZEL MYŠÍ a PŘEHRAJ VZPOMÍNKU. 
textbible_english.p3d	WOI_TUT_EXP_6	Když se VZPOMÍNKA PŘEHRÁVÁ, stiskni %0:BUTTON01 pro PŘESKOČENÍ FILMU a návrat do ROZHRANÍ SÍTĚ INTRIK.
textbible_english.p3d	WOI_TUT_EXP_6_MOUSE	STISKNI [ENTER] pro PŘESKOČENÍ FILMU a návrat do ROZHRANÍ SÍTĚ INTRIK.
textbible_english.p3d	WOI_TUT_EXP_7_MOUSE	POUŽIJ MYŠ K VÝBĚRU ÚPONKŮ A PŘESUNU Z UZLU NA UZEL V SÍTI.
textbible_english.p3d	WOI_TUT_EXP_8	Toto je NÁHLEDOVÝ UZEL. VYSTOPUJ tu OSOBU a POHLŤ ji, abys ODEMKL její VZPOMÍNKU a další UZLY.
textbible_english.p3d	WOI_TUT_EXP_9	STISKNI %0:BUTTON08 pro VSTUP nebo ODCHOD ze SÍTĚ INTRIK.
textbible_english.p3d	WOI_TUT_EXP_9_MOUSE	STISKNI TLAČÍTKO TAB pro VSTUP nebo ODCHOD ze SÍTĚ INTRIK.
textbible_english.p3d	WOI_TUT_EXP_10	Vracej se do SÍTĚ INTRIK, abys znovu PŘEHRÁL VZPOMÍNKY a POROVNAL SOUVISLOSTI.
textbible_english.p3d	WOI_TUT_EXP_11	Když POHLTÍŠ CÍL, jeho UZEL se ZAČLENÍ do SÍTĚ.
textbible_english.p3d	WOI_TUT_EXP_12	Toto je ODEMČENÝ UZEL SÍTĚ INTRIK. Jeho VZPOMÍNKU si můžeš PŘEHRÁT kdykoli.
textbible_english.p3d	WOI_TUT_EXP_13	BLIKAJÍCÍ GRAFIKA ukazuje, která SEKVENCE SÍTĚ je PRÁVĚ VYBRANÁ. STISKNI %0:BUTTON11 nebo %0:BUTTON10 pro PŘEPNUTÍ mezi DOSTUPNÝMI SEKVENCEMI.
textbible_english.p3d	WOI_TUT_EXP_14	STISKNI %0:BUTTON11 nebo %0:BUTTON10 pro PŘEPNUTÍ mezi DOSTUPNÝMI SEKVENCEMI.
textbible_english.p3d	WOI_TUT_EXP_15	UZLY SÍTĚ jsou ROZDĚLENY do SEKVENCÍ. STISKNI %0:BUTTON11 nebo %0:BUTTON10 pro PŘEPNUTÍ mezi DOSTUPNÝMI SEKVENCEMI.
textbible_english.p3d	WOI_TUT_DIR_1	DALŠÍ
textbible_english.p3d	WOI_TUT_DIR_BUTTON_1	%0:BUTTON01 
textbible_english.p3d	WOI_TUT_DIR_2	DALŠÍ
textbible_english.p3d	WOI_TUT_DIR_BUTTON_2	%0:BUTTON06
textbible_english.p3d	WOI_TUT_DIR_3	PŘEHRÁT VZPOMÍNKU
textbible_english.p3d	WOI_TUT_DIR_BUTTON_3	%0:BUTTON01
textbible_english.p3d	WOI_TUT_DIR_4	ODEJÍT
textbible_english.p3d	WOI_TUT_DIR_BUTTON_4	%0:BUTTON08
textbible_english.p3d	WOI_TUT_DIR_5	STISKNI %0:BUTTON11 nebo %0:BUTTON10 pro POHYB mezi DOSTUPNÝMI SEKVENCEMI
textbible_english.p3d	WOI_NODE_COMPLETE_TITLE	CÍL SÍTĚ INTRIK
textbible_english.p3d	WOI_NODE_38	1stLt James Goodwin
textbible_english.p3d	WOI_NODE_41	Lt Charles Perri
textbible_english.p3d	WOI_NODE_39	Cpl Luke Dennard
textbible_english.p3d	WOI_NODE_1	1stLt John Chen
textbible_english.p3d	WOI_NODE_217	Lt Neil Inglis
textbible_english.p3d	WOI_NODE_3	Sgt Joseph Sorenson
textbible_english.p3d	WOI_NODE_24	Dr. Jon Tynes
textbible_english.p3d	WOI_NODE_68	Dr. Ricardo Garcia
textbible_english.p3d	WOI_NODE_5	Cptn Mac Marshall
textbible_english.p3d	WOI_NODE_25	1stLt Todd Chupka
textbible_english.p3d	WOI_NODE_219	PFC Jesse Arel
textbible_english.p3d	WOI_NODE_40	SSgt Ernesto Sain
textbible_english.p3d	WOI_NODE_29	Dr. Joseph Schulze
textbible_english.p3d	WOI_NODE_43	Dr. Bryan McChord
textbible_english.p3d	WOI_NODE_28	1stLt Brian Regensberg
textbible_english.p3d	WOI_NODE_6	Dr. Harris Widgeir
textbible_english.p3d	WOI_NODE_155	LCpl Anthony Coffman
textbible_english.p3d	WOI_NODE_33	Dr. Howard Leonhardt
textbible_english.p3d	WOI_NODE_18	Dr. Rustle Lee
textbible_english.p3d	WOI_NODE_93	Cptn Charles Conley
textbible_english.p3d	WOI_NODE_207	GySgt Mark Mead
textbible_english.p3d	WOI_NODE_208	Cptn Emile Zurta
textbible_english.p3d	WOI_NODE_64	Edmond Harper PhD
textbible_english.p3d	WOI_NODE_129	SgtMaj Robert Watson
textbible_english.p3d	WOI_NODE_4	Dr. William D. Weber
textbible_english.p3d	WOI_NODE_31	Dr. Sean Walker
textbible_english.p3d	WOI_NODE_168	PFC Tyrone Steuben
textbible_english.p3d	WOI_NODE_44	1stSgt Thomas Rickard
textbible_english.p3d	WOI_NODE_45	Lt Charles Sanders
textbible_english.p3d	WOI_NODE_22	Cptn Raymond Basiti
textbible_english.p3d	WOI_NODE_27	Dr. Patricia Martin
textbible_english.p3d	WOI_NODE_62	Dr. Jeffery Campbell
textbible_english.p3d	WOI_NODE_94	Robert Arrington
textbible_english.p3d	WOI_NODE_42	1stLt Bruno Tapia
textbible_english.p3d	WOI_NODE_48	Cptn Curtis Blum
textbible_english.p3d	WOI_NODE_26	Dr. Kyle Flynn
textbible_english.p3d	WOI_NODE_58	2ndLt James Martinez
textbible_english.p3d	WOI_NODE_73	Charles Messina PhD
textbible_english.p3d	WOI_NODE_35	Dr. Henrik Sebring
textbible_english.p3d	WOI_NODE_209	2ndLt Joel Brunner
textbible_english.p3d	WOI_NODE_211	Cptn Derrick Kaufman
textbible_english.p3d	WOI_NODE_46	1stLt Nathan Talbot
textbible_english.p3d	WOI_NODE_37	Gerald Burgess
textbible_english.p3d	WOI_NODE_114	Dr. Shane Ivey
textbible_english.p3d	WOI_NODE_169	Michael Hamlin
textbible_english.p3d	WOI_NODE_23	James Lyon
textbible_english.p3d	WOI_NODE_95	Scott Woodford
textbible_english.p3d	WOI_NODE_49	Colin Noppers
textbible_english.p3d	WOI_NODE_74	Dr. Edgar Ruiz
textbible_english.p3d	WOI_NODE_9	1stSgt Mark Haughton
textbible_english.p3d	WOI_NODE_51	MSgt Matthew Cobb
textbible_english.p3d	WOI_NODE_59	Patrick Koehler PhD
textbible_english.p3d	WOI_NODE_69	Brian Zermeno
textbible_english.p3d	WOI_NODE_7	PFC Arthur Coleman
textbible_english.p3d	WOI_NODE_66	Dr. Craig Wight
textbible_english.p3d	WOI_NODE_117	Dr. Mark Katsaounis
textbible_english.p3d	WOI_NODE_32	Dr. Ryan Cleven
textbible_english.p3d	WOI_NODE_220	1stLt Steven Yarish
textbible_english.p3d	WOI_NODE_201	Lt Armand Helden
textbible_english.p3d	WOI_NODE_212	Cptn Eric Lim
textbible_english.p3d	WOI_NODE_221	Cptn Marcus Graves
textbible_english.p3d	WOI_NODE_36	Dr. David Chapman
textbible_english.p3d	WOI_NODE_100	Pvt Damien Loshek
textbible_english.p3d	WOI_NODE_53	Pvt Timothy Longoria
textbible_english.p3d	WOI_NODE_101	Dr. Malcolm Fraser
textbible_english.p3d	WOI_NODE_99	Dennis Rickhardt
textbible_english.p3d	WOI_NODE_57	1stLt Darren Alpaugh
textbible_english.p3d	WOI_NODE_55	1stLt Daniel Eckert
textbible_english.p3d	WOI_NODE_50	PFC. Daniel Hull
textbible_english.p3d	WOI_NODE_122	1stSgt John McGraw
textbible_english.p3d	WOI_NODE_67	Paul Evans
textbible_english.p3d	WOI_NODE_65	Jonas Phillips
textbible_english.p3d	WOI_NODE_8	Cptn Daniel McCaskill
textbible_english.p3d	WOI_NODE_119	Dr. Jared Cooper
textbible_english.p3d	WOI_NODE_86	Travis Morgan
textbible_english.p3d	WOI_NODE_19	Arthur Osborne
textbible_english.p3d	WOI_NODE_17	Theodore Anderson
textbible_english.p3d	WOI_NODE_13	Dr. Stanley Washington
textbible_english.p3d	WOI_NODE_91	1stSgt Carl Achuleta
textbible_english.p3d	WOI_NODE_105	Dr. William Demeza
textbible_english.p3d	WOI_NODE_120	Dr. Kendrick Chua
textbible_english.p3d	WOI_NODE_213	Vůdčí lovec
textbible_english.p3d	WOI_NODE_214	Vůdčí lovec
textbible_english.p3d	WOI_NODE_153	LCpl Michael Rossiter
textbible_english.p3d	WOI_NODE_60	Cptn David Spearman
textbible_english.p3d	WOI_NODE_30	Dr. James Whitney
textbible_english.p3d	WOI_NODE_75	Dr. Gary Langkabel
textbible_english.p3d	WOI_NODE_102	Dr. Lawrence Kuhn
textbible_english.p3d	WOI_NODE_150	SSgt Marlon Contreras
textbible_english.p3d	WOI_NODE_71	Walter Farrel PhD
textbible_english.p3d	WOI_NODE_34	1stLt James Schneider
textbible_english.p3d	WOI_NODE_98	Robert Baugh
textbible_english.p3d	WOI_NODE_72	Dr. Morgan Durnell
textbible_english.p3d	WOI_NODE_80	Dr. Claude Cavillo
textbible_english.p3d	WOI_NODE_109	Dr. Roy Hodgin
textbible_english.p3d	WOI_NODE_124	Dr. Bryant Ho
textbible_english.p3d	WOI_NODE_87	Nicholas Villejo
textbible_english.p3d	WOI_NODE_61	Steven Chambers
textbible_english.p3d	WOI_NODE_81	Thomas Wagner PhD
textbible_english.p3d	WOI_NODE_10	Walter Avery
textbible_english.p3d	WOI_NODE_106	Dr. Alan Windsor
textbible_english.p3d	WOI_NODE_70	Vincent Bateman PhD
textbible_english.p3d	WOI_NODE_84	Mark Harrison PhD
textbible_english.p3d	WOI_NODE_92	Joseph Sumner
textbible_english.p3d	WOI_NODE_47	2ndLt Jason Moss
textbible_english.p3d	WOI_NODE_15	Calum Kirkland
textbible_english.p3d	WOI_NODE_103	Dr. Martin Bennett
textbible_english.p3d	WOI_NODE_172	2ndLt Michael Sunderland
textbible_english.p3d	WOI_NODE_11	Raymond Vinson
textbible_english.p3d	WOI_NODE_104	Dr. Sean Grier
textbible_english.p3d	WOI_NODE_78	David Damiano
textbible_english.p3d	WOI_NODE_128	Anthony Savoie PhD
textbible_english.p3d	WOI_NODE_14	Alan Dupuy
textbible_english.p3d	WOI_NODE_107	PFC Timothy Lamons
textbible_english.p3d	WOI_NODE_21	Gerald Morse
textbible_english.p3d	WOI_NODE_110	1stLt Charles Tunney
textbible_english.p3d	WOI_NODE_173	PFC. Michael Gercak
textbible_english.p3d	WOI_NODE_16	James Winninger
textbible_english.p3d	WOI_NODE_112	Paul Baughman PhD
textbible_english.p3d	WOI_NODE_189	Jesus Beall
textbible_english.p3d	WOI_NODE_185	Thomas Weigand
textbible_english.p3d	WOI_NODE_191	Elizabeth Greene
textbible_english.p3d	WOI_NODE_177	Pvt John Lamberth
textbible_english.p3d	WOI_NODE_127	John Hafner PhD
textbible_english.p3d	WOI_NODE_187	Manuel Garcia
textbible_english.p3d	WOI_NODE_125	Dr. Nathan McKnight
textbible_english.p3d	WOI_NODE_126	Dr. Bernard Morgan
textbible_english.p3d	WOI_NODE_63	1stLt Luis Robertson
textbible_english.p3d	WOI_NODE_79	Eric Stewart
textbible_english.p3d	WOI_NODE_215	1stLt Marvin Turner
textbible_english.p3d	WOI_NODE_216	Colonel Ian Taggart
textbible_english.p3d	WOI_NODE_190	General Peter Randall
textbible_english.p3d	WOI_NO_TARGETS_WARNING	NEJSOU DOSTUPNÉ ŽÁDNÉ CÍLE SÍTĚ. Dokončuj PŘÍBĚHOVÉ MISE a ODEMKNI nové CÍLE SÍTĚ.
textbible_english.p3d	KEYBOARD	KLÁVESNICE
textbible_english.p3d	SMARTHINT_CAMERA_STICK	POHYBEM %0:BUTTON07 ZMĚNÍŠ KAMERU. Kdykoli můžeš kliknout na %0:BUTTON17 a RESETOVAT kameru.
textbible_english.p3d	NUM_SUBTRACT	Num -
textbible_english.p3d	TUTORIAL_EP_3_WIN32_KEYB	STISKNI %0:BUTTON09 během hry a přes OBRAZOVKU PAUZY otevři MENU VYLEPŠENÍ. V MENU VYLEPŠENÍ přepínáš záložky pomocí %0:BUTTON22 nebo %0:BUTTON23.
textbible_english.p3d	loading_hint_049_WIN32_KEYB	S vylepšením LONGSHOT můžeš BIČOVOU PĚSTÍ unášet HELIKOPTÉRY.
textbible_english.p3d	Unlock_M30_Bttn_WIN32_KEYB	(DRŽÍŠ ČLOVĚKA) > %0:BUTTON02
textbible_english.p3d	1_2_TUTORIAL_THROW_OBJECTS_2_WIN32_KEYB	STISKNI %0:BUTTON03 a HÁZEJ PŘEDMĚTY na NEPŘÁTELE.
textbible_english.p3d	1_1_TUTORIAL_THROW_TUTORIAL_WIN32_KEYB	STISKNI %0:BUTTON02 u PŘEDMĚTU a UCHOP ho. STISKNI %0:BUTTON03 a HOĎ jím.
textbible_english.p3d	TUTORIAL_THROW_OBJECT_1_WIN32_KEYB	Alex je nesmírně silný, takže dokáže zvednout a HODIT téměř cokoli na světě. Zkombinuj ZAMĚŘENÍ %0:BUTTON12 a HOD %0:BUTTON03 a nič NEPŘÁTELE na dálku.
textbible_english.p3d	Unlock_M59_Bttn_WIN32_KEYB	DRŽ %0:BUTTON10 a pomocí %0:BUTTON07 vyber SVALOVOU HMOTU
textbible_english.p3d	loading_hint_041_WIN32_KEYB	Stisknutím a držením %0:BUTTON03 NABIJEŠ délku hodu i poškození.
textbible_english.p3d	Unlock_M61_Bttn_WIN32_KEYB	(DRŽÍŠ PŘEDMĚT) > %0:BUTTON03 nebo (DRŽ)%0:BUTTON03
textbible_english.p3d	TUTORIAL_ARTILLERY_STRIKE_3_WIN32_KEYB	DĚLOSTŘELECKÉ ÚDERY se aktivují v menu AKCÍ PŘEVLEKU.\n\nKlepnutím na %0:BUTTON11 vyvolej menu, pomocí %0:BUTTON12 ZAMĚŘ nepřítele uprostřed oblasti, kterou chceš zasáhnout, a STISKNI %0:BUTTON04 pro PŘIVOLÁNÍ ÚDERU.
textbible_english.p3d	Unlock_M55_Bttn_WIN32_KEYB	(DRŽÍŠ PŘEDMĚT) > %0:BUTTON03 nebo (DRŽ)%0:BUTTON03
textbible_english.p3d	Unlock_M62_Bttn_WIN32_KEYB	(PŘI DRŽENÍ LOVCE) %0:BUTTON03
textbible_english.p3d	Unlock_M56_Bttn_WIN32_KEYB	(DRŽÍŠ PŘEDMĚT) > (DRŽ)%0:BUTTON03
textbible_english.p3d	collectible_hint026_collected_WIN32_KEYB	NABITÝ hod způsobí MNOHEM větší poškození. Hody NABÍJEJ držením HODU %0:BUTTON03.
textbible_english.p3d	collectible_hint024_collected_WIN32_KEYB	VYSKOČ %0:BUTTON01 před HODEM %0:BUTTON03 a zvyš tak šanci, že cíl zasáhneš.
textbible_english.p3d	collectible_hint012_collected_WIN32_KEYB	Změň jakýkoli předmět v raketu stisknutím ZAMĚŘIT %0:BUTTON12 a HODIT %0:BUTTON03.  S dostatečným NABITÍM zasáhneš i toho nejmrštnějšího nepřítele na extrémní vzdálenost.
textbible_english.p3d	loading_hint_039_WIN32_KEYB	Zkombinuj ZAMĚŘENÍ %0:BUTTON12 a HOD %0:BUTTON03 a nič NAKAŽENÉ VODOJEMY na dálku.
textbible_english.p3d	Unlock_M21_Desc_Core_WIN32_KEYB	AIRDASH je zásadní součástí Alexova pohybu. AIRDASH provedeš DVOJITÝM STISKEM + UVOLNĚNÍM %0:BUTTON06, vyhneš se tak útokům nebo prostě změníš směr skoku za letu. Experimentuj!
textbible_english.p3d	Unlock_M26_Desc_Core_WIN32_KEYB	PLACHTĚNÍ je pokročilá technika pohybu, která v kombinaci s AIRDASHEM nabízí nevídanou volnost. SPRINTUJ a pak SKOČ %0:BUTTON01 do plachtění. Ukonči ho dalšími AIRDASHI pro maximální kontrolu.
textbible_english.p3d	Unlock_M54_Desc_Core_WIN32_KEYB	ÚHYBNÝ PŘEMET je klíčem k přežití boje zblízka. Pro ÚHYBNÝ PŘEMET DVAKRÁT STISKNI + PUSŤ libovolnou klávesu POHYBU a vyhni se hrozícím útokům zblízka nebo letícím projektilům. Často tím získáš šanci na zničující protiútok; udeř a zmiz!
textbible_english.p3d	collectible_hint036_collected	STISKNI D-PAD ve směru a aktivuj SCHOPNOST v daném SLOTU. NAHORU pro ÚTOK. DOLŮ pro OBRANU. VPRAVO pro SMYSLY. VLEVO pro PŘEVLEK.
textbible_english.p3d	3_1_OBJECTIVE_BACKUP_WIN32_KEYB	STISKNI a DRŽ %0:BUTTON21 pro couvání.
textbible_english.p3d	1_1_CAM_RESET_TUTORIAL_PS3	STISKNI %0:BUTTON07 DOLŮ pro RESET KAMERY.
textbible_english.p3d	3_1_OBJECTIVE_CAMERARESET	KLIKNI %0:BUTTON17 pro RESET KAMERY.
textbible_english.p3d	7_1_TUTORIAL_HELICOPTER_CONTROLS_1	LEVÁ PÁČKA %0:BUTTON06 POHYB\nPRAVÁ PÁČKA %0:BUTTON07 MÍŘENÍ\n%0:BUTTON13 PLYN\n%0:BUTTON03 PALBA\n%0:BUTTON01 ZMĚNA ZBRANĚ\n%0:BUTTON02 KATAPULT
textbible_english.p3d	SMARTHINT_CAMERA_RESET	KLIKNI %0:BUTTON17 pro RESET KAMERY.
textbible_english.p3d	Unlock_A01_Desc	UNES nepřátelská OBRNĚNÁ VOZIDLA.  Vytrhni poklop a zmocni se jich.
textbible_english.p3d	WOI_TUT_EXP_4	POUŽIJ %0:BUTTON06 pro PŘESUN mezi UZLY.
textbible_english.p3d	WOI_TUT_EXP_7	POUŽIJ %0:BUTTON06 pro PŘESUN mezi UZLY.
textbible_english.p3d	LOGIN	Přihlásit se
textbible_english.p3d	NOT_LOGGED_IN	NEJSI PŘIHLÁŠEN
textbible_english.p3d	NOT_LOGIN_WARNING	Nejsi přihlášen. Pro uložení postupu musíš být přihlášen. Chceš se přihlásit teď?
textbible_english.p3d	SMARTHINT_CAMERA_RESET_IN_TANK	KLIKNI %0:BUTTON17 při řízení OBRNĚNÉHO VOZIDLA pro RESET KAMERY a směru VĚŽE.
textbible_english.p3d	ONLINE_DEFAULTS	VÝCHOZÍ ONLINE
textbible_english.p3d	ACTIVEDEVICEREMOVED	Úložné zařízení bylo odebráno. Vyber nový slot uložení, aby fungovalo automatické ukládání postupu.
textbible_english.p3d	QUITTODESKTOP	OPRAVDU CHCEŠ UKONČIT HRU A PŘEJÍT NA PLOCHU?
textbible_english.p3d	UPC_DISCONNECT_TITLE	UBISOFT CONNECT
textbible_english.p3d	UPC_DISCONNECT_MESSAGE	Spojení s Ubisoft Connect bylo ztraceno. Protože hra využívá některé funkce Ubisoft Connect, měl bys ji ukončit a znovu spustit, aby nedošlo ke ztrátě funkčnosti.
textbible_english.p3d	MOUSE_SEN_1_OPTION	VELMI POMALU - 1
textbible_english.p3d	MOUSE_SEN_2_OPTION	VELMI POMALU - 2
textbible_english.p3d	MOUSE_SEN_3_OPTION	VELMI POMALU - 3
textbible_english.p3d	MOUSE_SEN_4_OPTION	VELMI POMALU - 4
textbible_english.p3d	MOUSE_SEN_5_OPTION	POMALU - 5
textbible_english.p3d	MOUSE_SEN_6_OPTION	POMALU - 6
textbible_english.p3d	MOUSE_SEN_7_OPTION	POMALU - 7
textbible_english.p3d	MOUSE_SEN_8_OPTION	POMALU - 8
textbible_english.p3d	MOUSE_SEN_9_OPTION	STŘEDNĚ - 9
textbible_english.p3d	MOUSE_SEN_10_OPTION	STŘEDNĚ - 10
textbible_english.p3d	MOUSE_SEN_11_OPTION	STŘEDNĚ - 11
textbible_english.p3d	MOUSE_SEN_12_OPTION	STŘEDNĚ - 12
textbible_english.p3d	MOUSE_SEN_13_OPTION	RYCHLE - 13
textbible_english.p3d	MOUSE_SEN_14_OPTION	RYCHLE - 14
textbible_english.p3d	MOUSE_SEN_15_OPTION	RYCHLE - 15
textbible_english.p3d	MOUSE_SEN_16_OPTION	RYCHLE - 16
textbible_english.p3d	MOUSE_SEN_17_OPTION	VELMI RYCHLE - 17
textbible_english.p3d	MOUSE_SEN_18_OPTION	VELMI RYCHLE - 18
textbible_english.p3d	MOUSE_SEN_19_OPTION	VELMI RYCHLE - 19
textbible_english.p3d	MOUSE_SEN_20_OPTION	VELMI RYCHLE - 20
textbible_english.p3d	VIDEO_PRE_PROMPT	NASTAVENÍ OBRAZU BUDE ZMĚNĚNO.  MŮŽE TO CHVÍLI TRVAT.  POKRAČUJ VOLBOU OK.
textbible_english.p3d	PRESS_BUTTON_TO_START	STISKNI ENTER
textbible_english.p3d	PRESS_BUTTON_TO_START_XENON	STISKNI TLAČÍTKO START
textbible_english.p3d	CONTROLLER	OVLADAČ
textbible_english.p3d	TITLE_SETTINGS_CONTROLLER	OVLÁDÁNÍ
textbible_english.p3d	DEFAULT_CONTROLLER_WARNING	Výchozí vstupní zařízení bylo nastaveno na %1:STRING.  Ovládání je přizpůsobeno tomuto zařízení.  Výchozí volbu lze změnit v nastavení ovladače.
textbible_english.p3d	ControllerDisconnect	OVLADAČ BYL ODPOJEN
textbible_english.p3d	PWALK_SYMBOL	%0:BUTTON18
textbible_english.p3d	PHOVER_SYMBOL	\\phover
textbible_english.p3d	PTARG_SYMBOL	%0:BUTTON19
textbible_english.p3d	WIN32_DPR	VPRAVO
textbible_english.p3d	WIN32_BJU	SKOK
textbible_english.p3d	WIN32_BGR	CHYTIT
textbible_english.p3d	WIN32_BAT	ÚTOK
textbible_english.p3d	WIN32_BSP	POHLTIT
textbible_english.p3d	WIN32_DPA	RYCHLÁ VOLBA
textbible_english.p3d	WIN32_ALE	klávesa POHYBU
textbible_english.p3d	WIN32_ARI	MYŠ
textbible_english.p3d	WIN32_BSE	SÍŤ
textbible_english.p3d	WIN32_BST	PAUZA
textbible_english.p3d	WIN32_BL1	ZAMĚŘIT
textbible_english.p3d	WIN32_BR1	SPRINT
textbible_english.p3d	WIN32_BL2	SCHOPNOSTI
textbible_english.p3d	WIN32_BR2	NEPŘIŘAZENO
textbible_english.p3d	WIN32_DPU	NAHORU
textbible_english.p3d	WIN32_DPD	DOLŮ
textbible_english.p3d	WIN32_DPL	VLEVO
textbible_english.p3d	WIN32_BR3	RESET KAMERY
textbible_english.p3d	WIN32_PWALK	CHŮZE
textbible_english.p3d	WIN32_PHOVER	VZNÁŠENÍ
textbible_english.p3d	WIN32_PTARG	ZAMĚŘIT
textbible_english.p3d	AutoSaveWarningWin32	TATO HRA V URČITÝCH BODECH AUTOMATICKY UKLÁDÁ/NAČÍTÁ DATA. NEUKONČUJ HRU, KDYŽ BLIKÁ NÁSLEDUJÍCÍ IKONA.
textbible_english.p3d	VIDEO_RES_OPTIONS	ROZLIŠENÍ
textbible_english.p3d	ANTI_ALIAS_OPTIONS	ÚROVEŇ ANTI-ALIAS
textbible_english.p3d	ANTI_ALIAS_NONE	ŽÁDNÝ
textbible_english.p3d	ANTI_ALIAS_2	2x
textbible_english.p3d	ANTI_ALIAS_4	4x
textbible_english.p3d	VSYNC_OPTIONS	Vsync ZAPNUT
textbible_english.p3d	SHADOW_OPTIONS	DETAIL STÍNŮ
textbible_english.p3d	GRAPHIC_QUALITY_OPTIONS	KVALITA GRAFIKY
textbible_english.p3d	RESTRICT_TO_KEYBOARD	PRO PŘEMAPOVÁNÍ STISKNI POUZE KLÁVESU
textbible_english.p3d	BUTTON_NOT_FOUND	Žádné tlačítko
textbible_english.p3d	PRESS_ANY_KEY	STISKNI NOVOU KLÁVESU
textbible_english.p3d	CANNOT_REMAP_MOUSE	AKCI NELZE PŘEMAPOVAT NA MYŠ
textbible_english.p3d	DEFAULT_CONTROLLER	VÝCHOZÍ OVLADAČ
textbible_english.p3d	KEYBOARD_MOUSE	Klávesnice + myš
textbible_english.p3d	SELECT_PREFERED_DEVICE	VYBER PREFEROVANÉ VSTUPNÍ ZAŘÍZENÍ PRO HRU
textbible_english.p3d	SELECT_DEVICE	VYBER ZAŘÍZENÍ
textbible_english.p3d	DEFAULT_CONTROLLER_DISCONNECT	VÝCHOZÍ OVLADAČ, KTERÝ JSI VYBRAL, BYL ODPOJEN
textbible_english.p3d	KEYBOARD_SETUP	NASTAVENÍ KLÁVES
textbible_english.p3d	HOVER	VZNÁŠENÍ
textbible_english.p3d	REMAP	PŘEMAPOVAT
textbible_english.p3d	EMPTY_REMAP_ACTION	%1:STRING akce %2:STRING nemá přiřazenou žádnou klávesu.
textbible_english.p3d	SEVERAL_EMPTY_REMAP_ACTION	Akcí bez přiřazené klávesy je %1:NUMBER.
textbible_english.p3d	LEFT_MOUSE	Levé tlačítko myši
textbible_english.p3d	RIGHT_MOUSE	Pravé tlačítko myši
textbible_english.p3d	MIDDLE_MOUSE	Střední tlačítko myši
textbible_english.p3d	HINT_SWITCH_CONTROLLER	PŘEPNOUT OVLADAČ
textbible_english.p3d	5_3_TUT_HOVER_KEYBOARD	DRŽ \\phover pro VZNÁŠENÍ.
textbible_english.p3d	5_3_TUT_HOVER	DRŽ %0:BUTTON13 NAPŮL pro VZNÁŠENÍ.
textbible_english.p3d	HOTKEY_F1	PŘEVLEK
textbible_english.p3d	HOTKEY_F2	PODOBA ALEXE
textbible_english.p3d	HOTKEY_F3	DRÁPY
textbible_english.p3d	HOTKEY_F4	KLADIVOVÁ PĚST
textbible_english.p3d	HOTKEY_F5	SVALOVÁ HMOTA
textbible_english.p3d	HOTKEY_F6	BIČOVÁ PĚST
textbible_english.p3d	HOTKEY_F7	ČEPEL
textbible_english.p3d	HOTKEY_F8	TERMOVIZE
textbible_english.p3d	HOTKEY_F9	VIZE NAKAŽENÝCH
textbible_english.p3d	HOTKEY_F10	PANCÍŘ
textbible_english.p3d	HOTKEY_F11	ŠTÍT
textbible_english.p3d	TUTORIAL_HELICOPTER_CONTROLS_1	%0:BUTTON06 POHYB\n%0:BUTTON07 MÍŘENÍ\n%0:BUTTON01 STOUPÁNÍ\n%0:BUTTON03 KLESÁNÍ\n%0:BUTTON13 PALBA\n%0:BUTTON11 ZMĚNA ZBRANĚ\n[DRŽ] %0:BUTTON02 KATAPULT
textbible_english.p3d	TUTORIAL_SPRINT_1_WIN32_KEYB	DVAKRÁT STISKNI A DRŽ %0:BUTTON06 pro REŽIM SPRINTU. V REŽIMU SPRINTU BĚŽÍŠ co nejrychleji, PŘESKAKUJEŠ překážky a BĚHÁŠ PO STĚNÁCH.
textbible_english.p3d	TUTORIAL_WALL_RUN_1_WIN32_KEYB	DVAKRÁT STISKNI A DRŽ %0:BUTTON06 a rozeběhni se na stěnu; přejdeš do REŽIMU BĚHU PO STĚNÁCH.
textbible_english.p3d	TUTORIAL_POWER_DEFENCE_1_WIN32_KEYB	Získal jsi svou první OBRANNOU schopnost. DRŽ %0:BUTTON10 pro zobrazení KOLA VÝBĚRU SCHOPNOSTÍ a vyber ji pomocí %0:BUTTON07. Poslední použitou OBRANNOU schopnost RYCHLE AKTIVUJEŠ pomocí %0:BUTTON15. Dalším stiskem ji DEAKTIVUJEŠ.
textbible_english.p3d	TUTORIAL_POWER_SENSORY_1_WIN32_KEYB	Získal jsi svou první SMYSLOVOU schopnost. DRŽ %0:BUTTON10 pro zobrazení KOLA VÝBĚRU SCHOPNOSTÍ a vyber ji pomocí %0:BUTTON07. Poslední použitou SMYSLOVOU schopnost RYCHLE AKTIVUJEŠ pomocí %0:BUTTON00. Dalším stiskem ji DEAKTIVUJEŠ.
textbible_english.p3d	TUTORIAL_POWER_SELECT_WHEEL_2_WIN32_KEYB	POHNI %0:BUTTON07 a zvýrazni požadovanou SCHOPNOST, pak PUSŤ %0:BUTTON10.\n\nNezapomeň, že klávesami RYCHLÉ VOLBY můžeš vybrané SCHOPNOSTI rychle zapínat a vypínat.
textbible_english.p3d	TUTORIAL_GLIDE_1_WIN32_KEYB	PLACHTĚNÍ je nejrychlejší způsob pohybu po městě. Kombinuj PLACHTĚNÍ s VZDUŠNÝM VÝPADEM a využij pohyb naplno.\n\nVE VZDUCHU DRŽ SPRINT a pak STISKNI A PUSŤ %0:BUTTON01 pro PLACHTĚNÍ.
textbible_english.p3d	SMARTHINT_TARGET_WIN32_KEYB	STISKNI %0:BUTTON12 pro REŽIM ZAMĚŘOVÁNÍ. Když je CÍL vybrán, míří na něj všechny ÚTOKY.
textbible_english.p3d	SMARTHINT_CAMERA_RESET_WIN32_KEYB	STISKNI %0:BUTTON17 pro RESET KAMERY.
textbible_english.p3d	SMARTHINT_CAMERA_RESET_IN_TANK_WIN32_KEYB	STISKNI %0:BUTTON17 při řízení OBRNĚNÉHO VOZIDLA pro RESET KAMERY.
textbible_english.p3d	SMARTHINT_AIR_DASH_WIN32_KEYB	DVAKRÁT STISKNI A PUSŤ %0:BUTTON06 ve vzduchu pro VZDUŠNÝ VÝPAD.
textbible_english.p3d	SMARTHINT_GLIDE_REMIND_WIN32_KEYB	DRŽ SPRINT a pak ve vzduchu STISKNI SKOK %0:BUTTON01 pro PLACHTĚNÍ.
textbible_english.p3d	1_1_CAM_RESET_TUTORIAL_WIN32_KEYB	STISKNI %0:BUTTON17 pro RESET KAMERY.
textbible_english.p3d	1_1_TUTORIAL_LOCOMOTION_TUTORIAL_WIN32_KEYB	DVAKRÁT STISKNI + DRŽ %0:BUTTON06 pro SPRINT.\nVyběhni po STĚNÁCH.\nPřeběhni PŘEKÁŽKY.
textbible_english.p3d	1_1_TUTORIAL_LOCOMOTION_TUTORIAL_2_WIN32_KEYB	STISKNI %0:BUTTON12 pro ZAMĚŘENÍ.\nDRŽ %0:BUTTON12 a POHNI %0:BUTTON07 pro ZMĚNU CÍLE.
textbible_english.p3d	1_1_TUTORIAL_TARGET_AND_SWITCH_WIN32_KEYB	STISKNI %0:BUTTON12 pro ZAMĚŘENÍ.\nDRŽ %0:BUTTON12 a POHNI %0:BUTTON07 pro ZMĚNU CÍLE.
textbible_english.p3d	1_1_TUTORIAL_TARGET_TUTORIAL_WIN32_KEYB	STISKNI %0:BUTTON12 pro ZAMĚŘENÍ objektů.
textbible_english.p3d	1_1_TUTORIAL_TARGET_TUTORIAL_2_WIN32_KEYB	DRŽ %0:BUTTON12 a POHNI %0:BUTTON07 pro změnu CÍLŮ.
textbible_english.p3d	2_5_CLAW_TUTORIAL_4_WIN32_KEYB	DRŽ %0:BUTTON10 pro vyvolání KOLA VÝBĚRU SCHOPNOSTÍ. Pomocí %0:BUTTON07 VYBER libovolnou SCHOPNOST. PUSŤ %0:BUTTON10 pro její AKTIVACI.
textbible_english.p3d	3_1_OBJECTIVE_LEFTTHUMBSTICKMOVE_WIN32_KEYB	Pomocí %0:BUTTON20 a %0:BUTTON21 zrychluj a zpomaluj.
textbible_english.p3d	3_1_OBJECTIVE_TRIGGER_WIN32_KEYB	STISKNI %0:BUTTON12 pro ZAMĚŘENÍ NAKAŽENÝCH.
textbible_english.p3d	3_1_OBJECTIVE_MAINGUN_WIN32_KEYB	STISKNI %0:BUTTON03 pro PALBU z KANÓNU.
textbible_english.p3d	3_1_OBJECTIVE_TOW_WIN32_KEYB	STISKNI %0:BUTTON04 pro odpálení RAKET na NAKAŽENÉ.
textbible_english.p3d	3_1_OBJECTIVE_CAMERARESET_WIN32_KEYB	STISKNI %0:BUTTON17 pro RESET KAMERY.
textbible_english.p3d	5_3_TUT_THROTTLE_WIN32_KEYB	ROLUJ KOLEČKEM MYŠI nebo STISKNI %0:BUTTON01 pro STOUPÁNÍ.
textbible_english.p3d	5_3_TUT_THROTTLE_DOWN_WIN32_KEYB	ROLUJ KOLEČKEM MYŠI nebo STISKNI %0:BUTTON03 pro KLESÁNÍ.
textbible_english.p3d	Unlock_A03_Bttn_WIN32_KEYB	CHYŤ VRTULNÍK %0:BUTTON02
textbible_english.p3d	Unlock_M16_Bttn_WIN32_KEYB	(ZAMĚŘ NEPŘÍTELE) > %0:BUTTON06 (PRYČ) > (DRŽ)%0:BUTTON03
textbible_english.p3d	Unlock_M17_Bttn_WIN32_KEYB	(ZAMĚŘ NEPŘÍTELE) > %0:BUTTON06 (PRYČ) > %0:BUTTON04
textbible_english.p3d	Unlock_M21_Bttn_WIN32_KEYB	(VE VZDUCHU) > DVAKRÁT STISKNI + PUSŤ %0:BUTTON06
textbible_english.p3d	Unlock_M22_Bttn_WIN32_KEYB	(VE VZDUCHU) > DVAKRÁT STISKNI + PUSŤ %0:BUTTON06
textbible_english.p3d	Unlock_M23_Bttn_WIN32_KEYB	(VE VZDUCHU) > DVAKRÁT STISKNI + PUSŤ %0:BUTTON06 2x
textbible_english.p3d	Unlock_M24_Bttn_WIN32_KEYB	(VE VZDUCHU) > DVAKRÁT STISKNI + PUSŤ %0:BUTTON06 2x
textbible_english.p3d	Unlock_M26_Bttn_WIN32_KEYB	(VE VZDUCHU) > DVAKRÁT STISKNI + DRŽ %0:BUTTON06 > (STISK) %0:BUTTON01
textbible_english.p3d	Unlock_M28_Bttn_WIN32_KEYB	DVAKRÁT STISKNI + DRŽ %0:BUTTON06 > %0:BUTTON02
textbible_english.p3d	Unlock_M29_Bttn_WIN32_KEYB	(DRŽÍŠ OBJEKT) > DVAKRÁT STISKNI + DRŽ %0:BUTTON06 > %0:BUTTON03
textbible_english.p3d	Unlock_M31_Bttn_WIN32_KEYB	(DRŽ) %0:BUTTON12 (NA ČLOVĚKU) > (VE VZDUCHU) > (DRŽ) %0:BUTTON03
textbible_english.p3d	Unlock_M36_Bttn_WIN32_KEYB	DVAKRÁT STISKNI + DRŽ klávesu POHYBU > %0:BUTTON04
textbible_english.p3d	Unlock_M40_Bttn_WIN32_KEYB	DVAKRÁT STISKNI + DRŽ klávesu POHYBU > %0:BUTTON04
textbible_english.p3d	Unlock_M44_Bttn_WIN32_KEYB	DVAKRÁT STISKNI + DRŽ klávesu POHYBU > %0:BUTTON04
textbible_english.p3d	Unlock_M54_Bttn_WIN32_KEYB	DVAKRÁT STISKNI + PUSŤ %0:BUTTON06
textbible_english.p3d	Unlock_P01_Bttn_WIN32_KEYB	DRŽ %0:BUTTON10 a pomocí %0:BUTTON07 vyber DRÁPY
textbible_english.p3d	Unlock_P02_Bttn_WIN32_KEYB	DRŽ %0:BUTTON10 a pomocí %0:BUTTON07 vyber SVALOVOU HMOTU
textbible_english.p3d	Unlock_P03_Bttn_WIN32_KEYB	DRŽ %0:BUTTON10 a pomocí %0:BUTTON07 vyber KLADIVOVOU PĚST
textbible_english.p3d	Unlock_P04_Bttn_WIN32_KEYB	DRŽ %0:BUTTON10 a pomocí %0:BUTTON07 vyber BIČOVOU PĚST
textbible_english.p3d	Unlock_P05_Bttn_WIN32_KEYB	DRŽ %0:BUTTON10 a pomocí %0:BUTTON07 vyber ČEPEL
textbible_english.p3d	Unlock_P06_Bttn_WIN32_KEYB	DRŽ %0:BUTTON10 a pomocí %0:BUTTON07 vyber ŠTÍT
textbible_english.p3d	Unlock_P07_Bttn_WIN32_KEYB	DRŽ %0:BUTTON10 a pomocí %0:BUTTON07 vyber PANCÍŘ
textbible_english.p3d	Unlock_P09_Bttn_WIN32_KEYB	DRŽ %0:BUTTON10 a pomocí %0:BUTTON07 vyber TERMOVIZI
textbible_english.p3d	Unlock_P10_Bttn_WIN32_KEYB	DRŽ %0:BUTTON10 a pomocí %0:BUTTON07 vyber VIZI NAKAŽENÝCH
textbible_english.p3d	Unlock_P11_Bttn_WIN32_KEYB	DRŽ %0:BUTTON10 a pomocí %0:BUTTON07 vyber PŘEVLEK
textbible_english.p3d	Unlock_U10_Bttn_WIN32_KEYB	DVAKRÁT STISKNI + DRŽ %0:BUTTON06
textbible_english.p3d	Unlock_U11_Bttn_WIN32_KEYB	DVAKRÁT STISKNI + DRŽ %0:BUTTON06
textbible_english.p3d	Unlock_U12_Bttn_WIN32_KEYB	DVAKRÁT STISKNI + DRŽ %0:BUTTON06
textbible_english.p3d	Unlock_U13_Bttn_WIN32_KEYB	(ZA ČLOVĚKEM) > %0:BUTTON11 > %0:BUTTON02
textbible_english.p3d	Unlock_U13_Desc_Core_WIN32_KEYB	TICHÉ POHLCENÍ ti umožní pohltit nic netušící kořist za pochodu. Připliž se za kořist a stiskni %0:BUTTON11 pro otevření NABÍDKY PŘEVLEKŮ. Když se zvýrazní INDIKÁTOR TICHÉHO POHLCENÍ, stiskni %0:BUTTON02 pro TICHÉ POHLCENÍ.
textbible_english.p3d	Unlock_U14_Bttn_WIN32_KEYB	(ZA ČLOVĚKEM) > %0:BUTTON11 > %0:BUTTON02
textbible_english.p3d	TUTORIAL_HELICOPTER_CONTROLS_1_WIN32_KEYB	POHYB pomocí %0:BUTTON06\nMÍŘENÍ pomocí %0:BUTTON07\nSTOUPÁNÍ KOLEČKEM MYŠI nebo %0:BUTTON01\nKLESÁNÍ KOLEČKEM MYŠI nebo %0:BUTTON03\nPALBA pomocí %0:BUTTON13\nZMĚNA ZBRANĚ pomocí %0:BUTTON11\n(DRŽ) %0:BUTTON02 pro KATAPULT
textbible_english.p3d	collectible_hint013_collected_WIN32_KEYB	DVAKRÁT STISKNI + PUSŤ %0:BUTTON06 pro ÚHYBNÝ PŘEMET. Vyhni se útokům a pak nepřítele potrestej.
textbible_english.p3d	collectible_hint036_collected_WIN32_KEYB	Klávesami %0:BUTTON05 aktivuješ nedávno vybrané SCHOPNOSTI. %0:BUTTON14 pro ÚTOK. %0:BUTTON16 pro PŘEVLEK. %0:BUTTON00 pro SMYSLY. %0:BUTTON15 pro OBRANU.
textbible_english.p3d	loading_hint_050_WIN32_KEYB	ROLUJ KOLEČKEM MYŠI pro KLESÁNÍ ve VRTULNÍKU.
textbible_english.p3d	loading_hint_008_WIN32_KEYB	STISKNI %0:BUTTON12 pro ZAMĚŘENÍ.\nDRŽ %0:BUTTON12 a POHNI %0:BUTTON07 pro ZMĚNU CÍLE.
textbible_english.p3d	loading_hint_011_WIN32_KEYB	Když DRŽÍŠ %0:BUTTON12 pro ZAMĚŘENÍ, hra se zpomalí a můžeš MĚNIT CÍLE pomocí %0:BUTTON07.
textbible_english.p3d	loading_hint_006_WIN32_KEYB	Potřebuješ v zápalu boje rychle měnit SCHOPNOSTI? Přiřaď oblíbené SCHOPNOSTI ke klávesám RYCHLÉ VOLBY.
textbible_english.p3d	collectible_location_collected	ZÍSKÁN ORIENTAČNÍ BOD
textbible_english.p3d	collectible_hint_collected	RADA ZÍSKÁNA
textbible_english.p3d	collectible_hint001_collected	NABÍJEJ své útoky DRŽENÍM tlačítka. NABITÝ útok je pomalejší, ale MNOHEM ničivější.
textbible_english.p3d	collectible_hint002_collected	HODIT můžeš skoro cokoli. CHYŤ, NABIJ pro sílu a HOĎ.  Čím je objekt těžší, tím větší škodu způsobí.  VYLEPŠENÍ hodu ti zvýší dosah i poškození a přidá CHYCENÍ V BĚHU.  Házení skvěle doplňuje boj zblízka; použij ho na nepřátelské budovy, uhýbající vozidla nebo k likvidaci otravných protivníků, když máš málo ZDRAVÍ.
textbible_english.p3d	collectible_hint003_collected	Střídej KOMBA mezi %0:BUTTON03 a %0:BUTTON04 a objevuj nová. Některá komba je nutné nejdřív odemknout.
textbible_english.p3d	collectible_hint004_collected	Útoky ze skoku se špatně trefují, ale moc nezraňují. Používej je k pozvolnému oslabování protivníků.
textbible_english.p3d	collectible_hint005_collected	Zápas s LOVCI je skvělý způsob, jak v boji zblízka napáchat velké škody. CHYŤ pomocí %0:BUTTON02 a pak MRŠTI pomocí %0:BUTTON02.
textbible_english.p3d	collectible_hint006_collected	ZDRAVÍ se obnoví, když pár vteřin neutrpíš žádné zranění. Najdi si úkryt a zdraví se rychle doplní.
textbible_english.p3d	collectible_hint007_collected	V nabídce VYLEPŠENÍ si kup nové SCHOPNOSTI, VYLEPŠENÍ, DOVEDNOSTI a POHYBY.
textbible_english.p3d	collectible_hint008_collected	Ne všechny schopnosti fungují na všechny nepřátele. Na nové typy nepřátel schopnosti zkoušej.
textbible_english.p3d	collectible_hint009_collected	Skoro každého živého tvora lze POHLTIT a získat ZDRAVÍ.
textbible_english.p3d	collectible_hint010_collected	Výbušné zbraně způsobují plošné poškození.  Nemusíš trefit přímo - stačí být dost blízko a výbuch odvede práci.
textbible_english.p3d	collectible_hint011_collected	STŘÍLEJ v krátkých dávkách pro maximální PŘESNOST a POŠKOZENÍ.
textbible_english.p3d	collectible_hint012_collected	Jakýkoli objekt proměníš ve střelu stiskem ZAMĚŘIT %0:BUTTON12 a HOD %0:BUTTON02.  S dostatečným NABITÍM zasáhneš i toho nejmrštnějšího nepřítele na obrovskou dálku.
textbible_english.p3d	collectible_hint013_collected	STISKNI %0:BUTTON13 pro ÚHYBNÝ PŘEMET. Vyhni se útokům a pak nepřítele potrestej.
textbible_english.p3d	collectible_hint014_collected	Kanón BITEVNÍHO VRTULNÍKU má výbušné náboje s PLOŠNÝM POŠKOZENÍM. Postřik oblasti palbou je velmi účinný.
textbible_english.p3d	collectible_hint015_collected	V boji s TANKY NABÍJEJ útoky držením tlačítka %0:BUTTON03, abys prorazil jejich pancíř.
textbible_english.p3d	collectible_hint016_collected	Střídej proti protivníkům RYCHLÉ a NABITÉ útoky. Každý typ nepřítele je zranitelný jinými útoky.
textbible_english.p3d	collectible_hint017_collected	Díky VYLEPŠENÍM získáš ZLATO ve všech UDÁLOSTECH.
textbible_english.p3d	collectible_hint018_collected	TANKY v plné rychlosti drtí provoz, překážky i nepřátele.
textbible_english.p3d	collectible_hint019_collected	Sleduj UKAZATEL PŘEVLEKU, ať tvůj převlek nikdo neprohlédne.
textbible_english.p3d	collectible_hint020_collected	STŘELNÉ ZBRANĚ se hodí na lidi - proti NAKAŽENÝM je používej uvážlivě.
textbible_english.p3d	collectible_hint021_collected	Chceš zničit VOJENSKOU ZÁKLADNU? Přilákej do boje LOVCE.
textbible_english.p3d	collectible_hint022_collected	V PŘESTŘELCE využívej kryt. POHYBUJ SE při PALBĚ. Nepřátelé tě pak nedokážou ZAMĚŘIT.
textbible_english.p3d	collectible_hint023_collected	ÚHYBNÝ PŘEMET je zásadní DOVEDNOST proti silným protivníkům. Udeř a stáhni se dřív, než stihnou oplatit.
textbible_english.p3d	collectible_hint024_collected	SKOČ %0:BUTTON01 před HODEM %0:BUTTON02 a zvyš tak šanci, že CÍL zasáhneš.
textbible_english.p3d	collectible_hint025_collected	Házej větší objekty a způsob větší poškození.
textbible_english.p3d	collectible_hint026_collected	NABITÝ hod způsobí MNOHEM větší poškození. Nabíjej hody držením HODU %0:BUTTON02.
textbible_english.p3d	collectible_hint027_collected	Velké NEPŘÁTELE CHYŤ tlačítkem %0:BUTTON02 a PŘERUŠ jim útok.
textbible_english.p3d	collectible_hint028_collected	SCHOPNOST ČEPEL je tvůj nejúčinnější ÚTOK. Je POMALEJŠÍ než DRÁPY, ale silnější.
textbible_english.p3d	collectible_hint029_collected	Získej VZDUŠNÝ VÝPAD a DVOJITÝ VZDUŠNÝ VÝPAD a prodluž si DÉLKU SKOKU.
textbible_english.p3d	collectible_hint030_collected	Plň UDÁLOSTI, zvyšuj skóre EP a kupuj VYLEPŠENÍ.
textbible_english.p3d	collectible_hint031_collected	Ničení HNÍZD NAKAŽENÝCH a VOJENSKÝCH ZÁKLADEN, plnění UDÁLOSTÍ, hledání SBĚRATELSKÝCH PŘEDMĚTŮ a pohlcování cílů SÍTĚ INTRIK - to vše ti přinese EVOLUČNÍ BODY.
textbible_english.p3d	collectible_hint032_collected	V MAPĚ v nabídce pauzy uvidíš NAKAŽENÉ a ZAJIŠTĚNÉ zóny. NAKAŽENÉ ZÓNY jsou ČERVENÉ kruhy. ZAJIŠTĚNÉ ZÓNY jsou MODRÉ kruhy.
textbible_english.p3d	collectible_hint033_collected	SUPERVOJÁCI ODHALÍ ALEXE i v PŘEVLEKU. Drž si odstup, pokud zrovna netoužíš po boji.
textbible_english.p3d	collectible_hint034_collected	Schopností BIČOVÁ PĚST CHYTÍŠ objekty na DÁLKU.
textbible_english.p3d	collectible_hint035_collected	Stiskni %0:BUTTON10 pro aktivaci KOLA VÝBĚRU SCHOPNOSTÍ. Pomocí %0:BUTTON07 vybírej ze SCHOPNOSTÍ a PŘEVLEKŮ.
textbible_english.p3d	collectible_hint037_collected	VÝKLENKY, STŘECHY a ULIČKY jsou ideální místa pro změnu převleku.
textbible_english.p3d	collectible_hint038_collected	Po odemknutí CHYŤ %0:BUTTON02 VRTULNÍK ve vzduchu a aktivuj dovednost SKYJACK.
textbible_english.p3d	collectible_hint039_collected	CIVILISTY nelze ručně zaměřit, když jsou poblíž VOJÁCI nebo NAKAŽENÍ.
textbible_english.p3d	collectible_hint040_collected	Když je tvůj PŘEVLEK prozrazen, počkej na VÝZVU a teprve pak změň podobu.
textbible_english.p3d	collectible_hint041_collected	%0:BUTTON11 aktivuje NABÍDKU SPECIÁLNÍCH DOVEDNOSTÍ PŘEVLEKU. Stiskem získáš přístup k TICHÉMU POHLCENÍ, OBĚTNÍMU BERÁNKOVI a DĚLOSTŘELECKÉMU ÚDERU.
textbible_english.p3d	collectible_hint042_collected	Vyráží ti někdo OBĚŤ POHLCENÍ ze SEVŘENÍ? Během POHLCOVÁNÍ můžeš udělat ÚHYBNÝ PŘEMET.
textbible_english.p3d	collectible_hint043_collected	KONTROLNÍ BODY uvnitř mise se neukládají. POSTUP ULOŽÍŠ, JEN KDYŽ MISI DOKONČÍŠ.
textbible_english.p3d	collectible_hint044_collected	Vždycky měj po ruce PLATNÝ PŘEVLEK, jen tak pro jistotu.
textbible_english.p3d	collectible_hint045_collected	Nechoď na VOJENSKOU ZÁKLADNU bez VOJENSKÉHO PŘEVLEKU. Základny jsou pro CIVILISTY ZAKÁZANÉ.
textbible_english.p3d	collectible_hint046_collected	Útoky ZEMNÍ TŘESK jsou skvělé proti davům. Kombinuj je s KLADIVOVÝMI PĚSTMI pro maximální účinek.
textbible_english.p3d	collectible_hint047_collected	Když přivolají ÚDERNÉ TÝMY, můžeš je NAPADNOUT, UNIKNOUT jim - nebo se PŘEVLÉKNOUT a sledovat, jak tě hledají.
textbible_english.p3d	collectible_hint048_collected	ZABIJ protivníka dřív, než stihne přivolat ÚDERNÝ TÝM. Pak se žádný ÚDERNÝ TÝM neobjeví.
textbible_english.p3d	collectible_hint049_collected	NABÍJENÍ SKOKŮ ti umožní skákat RYCHLEJI, DÁL a VÝŠ. DALŠÍ SKOK si NABÍJEJ už ve vzduchu.
textbible_english.p3d	collectible_hint050_collected	Alexe můžeš OVLÁDAT i při zapnutém KOLE VÝBĚRU SCHOPNOSTÍ. VYBÍREJ SCHOPNOSTI za pohybu.
textbible_english.p3d	loading_hint_001	EXPERIMENTUJ s KOMBY. Zkoušej každou SCHOPNOST a ÚTOK na každého NEPŘÍTELE a najdi nejúčinnější kombinace.
textbible_english.p3d	loading_hint_013	Míchej ÚTOČNÉ a OBRANNÉ schopnosti a vytvářej různé kombinace.
textbible_english.p3d	loading_hint_026	V Times Square a Central Parku je 92 SBĚRATELSKÝCH PŘEDMĚTŮ.
textbible_english.p3d	loading_hint_047	SBĚRATELSKÉ PŘEDMĚTY na těžko dostupných místech získáš SNÁZ, až budeš umět létat VRTULNÍKEM.
textbible_english.p3d	loading_hint_021	RAKETOMETY jsou proti LETOUNŮM k nezaplacení. Zaměř %0:BUTTON12 a pal.
textbible_english.p3d	loading_hint_053	Přitahuješ moc pozornosti? DRŽ %0:BUTTON11 pro vyvolání nabídky dovedností. Zaměř nepřítele a STISKNI %0:BUTTON03, ať z něj uděláš OBĚTNÍHO BERÁNKA.
textbible_english.p3d	loading_hint_050	DRŽ %0:BUTTON03 pro KLESÁNÍ ve VRTULNÍKU.
textbible_english.p3d	loading_hint_051	Nejsilnější zbraní BITEVNÍHO VRTULNÍKU je SAMONAVÁDĚCÍ RAKETA. Zaměř %0:BUTTON12 a odpal.
textbible_english.p3d	loading_hint_052	Většina VRTULNÍKŮ je vyzbrojena RAKETAMI. Jsou SILNÉ proti POMALÝM nepřátelům nebo SKUPINÁM slabších protivníků.
textbible_english.p3d	loading_hint_048	OBRNĚNCE a TANKY přitahují POZORNOST ARMÁDY, když se prodírají CHODCI a PROVOZEM. Buď opatrný.
textbible_english.p3d	loading_hint_038	KLIMATIZACE NA STŘECHÁCH jsou dobrým zdrojem MUNICE proti LETOUNŮM nebo HNÍZDŮM NAKAŽENÝCH.
textbible_english.p3d	loading_hint_039	Spoj ZAMĚŘENÍ %0:BUTTON12 a HOD %0:BUTTON02 a nič NAKAŽENÉ VODOJEMY na dálku.
textbible_english.p3d	loading_hint_040	Davy NAKAŽENÝCH jsou zranitelné PLOŠNÝMI útoky. Schopnost KLADIVOVÉ PĚSTI je obzvlášť účinná. UDEŘ do země a ODMRŠTI je.
textbible_english.p3d	loading_hint_002	Střídej ÚTOK %0:BUTTON03 a SPECIÁL %0:BUTTON04 a objevuj NOVÁ KOMBA BOJE ZBLÍZKA.
textbible_english.p3d	loading_hint_003	Když máš málo zdraví, udeř a zmiz ÚTOKY ZE SKOKU.
textbible_english.p3d	loading_hint_041	Dosah a poškození hodu NABIJEŠ stiskem a držením %0:BUTTON02.
textbible_english.p3d	loading_hint_022	Skoro každého živého nepřítele lze POHLTIT. VELKÉ protivníky musíš nejdřív OMRÁČIT.
textbible_english.p3d	loading_hint_027	GRANÁTOMETY jsou skvělé proti davům. Vystřel VÍCEKRÁT a vyčisti DAVY nebo PŘEKÁŽKY.
textbible_english.p3d	loading_hint_023	Potřebuješ ZBRAŇ nebo VOZIDLO? Přilákej ÚDERNÝ TÝM a seber mu VÝBAVU.
textbible_english.p3d	loading_hint_033	PŘEVLEK funguje jen na ARMÁDU. NAKAŽENÍ NEPŘÁTELÉ tě ODHALÍ v jakémkoli PŘEVLEKU.
textbible_english.p3d	loading_hint_046	Jakmile odemkneš dovednost SABOTÁŽ VIROVÝCH DETEKTORŮ, můžeš ji použít kdykoli.
textbible_english.p3d	loading_hint_014	Do nabídky VYLEPŠENÍ často přibývají nové SCHOPNOSTI, POHYBY a DOVEDNOSTI. Některou MISI možná nedokončíš, dokud nezískáš klíčové VYLEPŠENÍ.
textbible_english.p3d	loading_hint_028	ZÁKLADNÍ VYLEPŠENÍ jsou v nabídce VYLEPŠENÍ ty nejdůležitější. Kupuj je co nejdřív.
textbible_english.p3d	loading_hint_042	ČEPEL je tvá NEJSILNĚJŠÍ PROTIPANCÉŘOVÁ schopnost. Spoj ji s VZDUŠNÝM SEKEM a získáš zničující protitankovou sílu.
textbible_english.p3d	loading_hint_004	Když se vyhneš zranění, spustí se REGENERACE. Najdi si klidné místo a část zdraví se ti vrátí.
textbible_english.p3d	loading_hint_029	VYLEPŠENÍ ADRENALINOVÁ VLNA ti zachrání život. Kup si ho jako ZÁCHRANNOU SÍŤ ZDRAVÍ, která ti dá poslední šanci před smrtí.
textbible_english.p3d	loading_hint_030	Během ADRENALINOVÉ VLNY máš k dispozici JEDEN útok DEVASTATOR zdarma. Použij ho moudře.
textbible_english.p3d	loading_hint_043	DEVASTATORY patří k tvým nejničivějším dovednostem. EXPERIMENTUJ s KAŽDÝM TYPEM a zjisti, k čemu je dobrý.
textbible_english.p3d	loading_hint_015	Skoro KAŽDÁ AKCE ti PŘIDÁ EP. Čím NEBEZPEČNĚJŠÍ ÚKOL, tím víc EP získáš.
textbible_english.p3d	loading_hint_016	Dokončení částí SÍTĚ INTRIK přináší štědré odměny v EP. Prokousej se k pravdě.
textbible_english.p3d	loading_hint_007	V boji se SKUPINAMI VOJÁKŮ zaměřuj nejdřív ty s NEJSILNĚJŠÍMI ZBRANĚMI.
textbible_english.p3d	loading_hint_019	Jakmile nepřítel začne volat ÚDERNÝ TÝM, zabij ho a týmu tak zabráníš v příjezdu.
textbible_english.p3d	loading_hint_020	ÚDERNÉ TÝMY jsou rychlé vzdušné jednotky a tví nejnebezpečnější protivníci. Jakmile někdo přivolá ÚDERNÝ TÝM, rozhodni se: BOJ, nebo ÚTĚK.
textbible_english.p3d	loading_hint_044	Chceš ZNIČIT HNÍZDO NAKAŽENÝCH? PŘILÁKEJ do BOJE VRTULNÍKY nebo OBRNĚNCE.
textbible_english.p3d	loading_hint_008	Jakmile spustíš ZAMĚŘOVÁNÍ %0:BUTTON12, CÍL ZMĚNÍŠ ŠVIHNUTÍM %0:BUTTON07 směrem k novému cíli. Opakovaným ŠVIHNUTÍM %0:BUTTON07 procházíš skupinu nepřátel.
textbible_english.p3d	loading_hint_009	Nejdůležitější cíl na obrazovce vybereš STISKEM %0:BUTTON12.
textbible_english.p3d	loading_hint_005	Pro maximální dosah a rychlost skoku NABÍJEJ SKOK %0:BUTTON01 a pusť ho hned po dopadu z předchozího skoku.
textbible_english.p3d	loading_hint_017	REGENERACE ti nevystačí na všechno. CHYŤ %0:BUTTON02 a POHLŤ %0:BUTTON04 nepřátele, RYCHLE si tak doplníš ZDRAVÍ a dosáhneš KRITICKÉ HMOTNOSTI. Tím odemkneš útoky DEVASTATOR.
textbible_english.p3d	loading_hint_031	VZDUŠNÝM VÝPADEM se dostaneš na těžko dosažitelná místa nebo unikneš útokům. Je to k nezaplacení doplněk tvých pohybových dovedností.
textbible_english.p3d	loading_hint_032	Až budeš mít VZDUŠNÝ VÝPAD, zkoušej ho v různých fázích skoku a dostaň se co nejvýš.
textbible_english.p3d	loading_hint_024	Sleduj EFEKTY ÚTOKŮ při každém ZÁSAHU. Některé jsou ÚČINNÉ, jiné NEÚČINNÉ. Přizpůsob se a použij ve správnou chvíli ten nejlepší útok.
textbible_english.p3d	loading_hint_006	Pokud jeden postup nefunguje, zkus jiný: jiné schopnosti, jiné zbraně nebo nenápadnější cestu s převlekem.  Experimentuj a najdi ten správný nástroj - přizpůsob se a zvítěz.
textbible_english.p3d	loading_hint_045	S VYLEPŠENÍM SKYJACK unášej nepřátelské stroje a ber si je za své. Proměň špatnou zprávu o ÚDERNÉM TÝMU v dobrou: vlastní BITEVNÍ VRTULNÍK.
textbible_english.p3d	loading_hint_034	POHLŤ VELITELE základny a STAŇ SE JÍM, získáš přístup na kteroukoli ZÁKLADNU. Uvnitř najdi CENNÝ PERSONÁL a VYLEPŠI si DOVEDNOSTI.
textbible_english.p3d	loading_hint_035	POHLCUJ VELITELE a získáš dovednost DĚLOSTŘELECKÝ ÚDER. Najdeš ji v nabídce %0:BUTTON11.
textbible_english.p3d	loading_hint_025	Dovednost PLACHTĚNÍ prodlužuje let. Spoj VZDUŠNÝ VÝPAD s PLACHTĚNÍM pro maximální kontrolu ve vzduchu.
textbible_english.p3d	loading_hint_036	PRONÁSLEDUJE TĚ ARMÁDA? Zavleč ji do NAKAŽENÉ ZÓNY a setřes ji.
textbible_english.p3d	loading_hint_010	%0:BUTTON12 ZAMĚŘÍ nepřítele. UDRŽ zaměření a miř na něj HODY, STŘELBU i ÚTOKY.
textbible_english.p3d	loading_hint_049	Vrtulníky udržují ZAMĚŘENÍ CÍLE AUTOMATICKY. DRŽ %0:BUTTON12 pro spuštění zaměřování, ŠVIHEJ %0:BUTTON07, dokud nezaměříš požadovaný cíl, a PUSŤ %0:BUTTON12. Dalším stiskem %0:BUTTON12 zaměřování vynuluješ.
textbible_english.p3d	loading_hint_037	Při útoku na VOJENSKOU ZÁKLADNU nebo HNÍZDO NAKAŽENÝCH jsou VOZIDLA tvůj nejlepší přítel. Seber jedno a pal, dokud z budovy nezbude suť.
textbible_english.p3d	loading_hint_018	VÝKLENKY, ULIČKY a ŘÍMSY se náramně hodí, když potřebuješ ZMĚNIT PŘEVLEK.
textbible_english.p3d	loading_hint_054	Opakované KLADIVOVÉ PĚSTI v kombech drží nepřátele zblízka, třeba LOVCE, v nevýhodě.
textbible_english.p3d	loading_hint_055	ŠTÍT nejen snižuje utržené poškození, ale hodí se i k prorážení davů NAKAŽENÝCH ve vysoké rychlosti.
textbible_english.p3d	loading_hint_056	Když ti kouř a trosky zakryjí nepřátele, prohlédni chaos pomocí TERMOVIZE.
textbible_english.p3d	loading_hint_057	ZEMNÍ BODEC se hodí na konkrétní cíle na dálku.  ZAMĚŘ cíl a beztrestně ho naboď.
textbible_english.p3d	loading_hint_058	Jediný zásah z raketometu ti prorazí ŠTÍT.
textbible_english.p3d	loading_hint_059	Útoky BIČOVOU PĚSTÍ dokážou přerušit LOVCE. Drž si je od těla a ušetříš zdraví.
textbible_english.p3d	loading_hint_060	DRÁPY jsou rychlé, ale moc nezraňují. Nepřátele rozdrť ZEMNÍMI BODCI.
textbible_english.p3d	loading_hint_061	KLADIVOVÝ VRH napáchá velké škody na dálku a zasáhne TANKY či OBRNĚNCE dřív, než oni tebe.
textbible_english.p3d	loading_hint_062	Když tě obklopí nakažení protivníci, vyber BIČOVOU PĚST a ZAMETAČEM ULIC si proraz cestu.
textbible_english.p3d	loading_hint_063	ŠTÍT je skvělý proti bossům, kteří útočí projektily.
textbible_english.p3d	loading_hint_064	V boji účinné útoky bliknou ČERVENĚ, běžné BÍLE a neúčinné MODŘE. Pokud jsou tvé útoky na daného nepřítele neúčinné, změň SCHOPNOST.
textbible_english.p3d	collectible_hint_title	RADA
textbible_english.p3d	loading_hint_011	Když spustíš ZAMĚŘOVÁNÍ %0:BUTTON12, hra se zpomalí a cíle můžeš měnit POHYBEM %0:BUTTON07.
textbible_english.p3d	loading_hint_012	ZAMĚŘOVÁNÍ %0:BUTTON12 automaticky vybírá NEJNEBEZPEČNĚJŠÍ cíle v tvém zorném poli.
textbible_english.p3d	E9M3_TANK_DESTROY_FAIL_HINT	TAGGART JE MRTEV
textbible_english.p3d	E9M3_CATCH_TAGGART	DOHOŇ TAGGARTA
textbible_english.p3d	E9M3_TANK_DESTROY_FAIL_REASON	TAGGARTŮV TANK BYL ZNIČEN
textbible_english.p3d	E9M3_TANK_DESTROY_FAIL_REASON2	TAGGART BYL ZABIT PŘI POKUSU O ÚTĚK Z VOJENSKÉ KARANTÉNY
textbible_english.p3d	E9M3_TANK_ESCAPE_FAIL_HINT	DRŽ KROK s TAGGARTOVÝM TANKEM
textbible_english.p3d	E9M3_TANK_ESCAPE_FAIL_REASON	TAGGART UNIKL
textbible_english.p3d	E9M3_GOTO_BASE_OBJ	JDI k TAGGARTOVĚ ZÁKLADNĚ.
textbible_english.p3d	E9M3_KILL_BASE_OBJ	ZNIČ TAGGARTOVU ZÁKLADNU.
textbible_english.p3d	E9M3_KILL_BASE_HINT	K ÚTOKU na ZÁKLADNU POUŽIJ TANK nebo RAKETOMET.
textbible_english.p3d	E9M3_RUN_1_OBJ	TAGGART UTÍKÁ. PRONÁSLEDUJ HO.
textbible_english.p3d	E9M3_RUN_1_HINT	DRŽ KROK s TAGGARTOVÝM TANKEM.
textbible_english.p3d	E9M3_BACKUP_DESTROY_OBJ	ZNIČ TAGGARTOVY POSILY.
textbible_english.p3d	E9M3_BACKUP_DESTROY_HINT	Když TAGGART stojí, může použít TERMOBARICKÝ KANÓN, ale jen na dálku. DRŽ SE BLÍZKO a vyhneš se mu.
textbible_english.p3d	E9M3_RUN_2_OBJ	TAGGART se přesouvá. SLEDUJ HO.
textbible_english.p3d	E9M3_RUN_3_OBJ	TAGGART míří k mostu. POHLŤ HO HNED.
textbible_english.p3d	E9M3_RUN_3_HINT	POHLŤ TAGGARTA, než UNIKNE.
textbible_english.p3d	E9M3_DONT_GRAB	POČKEJ, až TAGGART opustí NAKAŽENOU ZÓNU, a pak ho POHLŤ.
textbible_english.p3d	E9M3_INTEGRITY	STAV ZÁKLADNY
textbible_english.p3d	E9M3_DISTANCE	VZDÁLENOST TAGGARTA
textbible_english.p3d	E9M3_DAMAGEWARN	POZOR: TANK POŠKOZEN
fe_textbible.p3d	ENGLISH	ENGLISH
fe_textbible.p3d	TM	™
fe_textbible.p3d	RETURN_TO_START_WARNING	Pokračováním v této akci přijdeš o všechna neuložená data.\n\nChceš přesto ukončit?
fe_textbible.p3d	FRENCH	FRENCH
fe_textbible.p3d	ITALIAN	ITALIAN
fe_textbible.p3d	SPANISH	SPANISH
fe_textbible.p3d	YOU_WILL_NOT_BE_ABLE_TO_SAVE	NEBUDEŠ SI MOCI ULOŽIT HRU
fe_textbible.p3d	XBOX_CONTROLLER_NAME	Xbox 360 Controller
fe_textbible.p3d	ACHIEVEMENTS	ÚSPĚCHY
fe_textbible.p3d	ATTACK_THROW	ÚTOK / HOD
fe_textbible.p3d	ATTACK	ÚTOK
fe_textbible.p3d	ATTACK_ONLY	ÚTOK
fe_textbible.p3d	ATTACK_POWER	ÚTOČNÁ SCHOPNOST
fe_textbible.p3d	SAVEICON_SAVE	UKLÁDÁM...
fe_textbible.p3d	SAVEICON_LOAD	UKLÁDÁM...
fe_textbible.p3d	DISABLED	VYPNUTO
fe_textbible.p3d	LOCKED	ZAMČENO
fe_textbible.p3d	INSTALL_COPYING	Instalace herních dat. Nevypínej napájení, dokud bliká kontrolka přístupu na HDD.
fe_textbible.p3d	INSTALL_REPAIRING	Herní data jsou poškozená. Probíhá oprava. Nevypínej napájení, dokud bliká kontrolka přístupu na HDD.
fe_textbible.p3d	INSTALL_INSUFFICIENT_SPACE	Na HDD není dostatek volného místa. [PROTOTYPE]™ vyžaduje alespoň %1:NUMBER MB volného místa. Stiskem tlačítka PS se vrátíš na \nobrazovku XMB™. Hru můžeš spustit znovu po uvolnění %1:NUMBER MB místa na HDD.
fe_textbible.p3d	INSTALL_CORRUPT	Herní data jsou poškozená. Ukonči hru a smaž tato herní data.
fe_textbible.p3d	CANCEL_CTRL_SETTINGS	RUŠENÍ NOVÉHO NASTAVENÍ OVLÁDÁNÍ...
fe_textbible.p3d	CANCEL_CTRL_SETTINGS_MSG	NASTAVENÍ BYLO ZMĚNĚNO. ZAHODIT NOVÉ NASTAVENÍ?
fe_textbible.p3d	CHECKING_GAME_DATA	KONTROLA HERNÍCH DAT........OK
fe_textbible.p3d	CHECKING_INSTALATION	KONTROLA INSTALACE..........OK
fe_textbible.p3d	CHECKING_NETWORK	KONTROLA SÍTĚ..........ONLINE
fe_textbible.p3d	CHECKING_SAVED_DATA	KONTROLA ULOŽENÝCH DAT.......OK
fe_textbible.p3d	CONFIRM_CTRL_SETTINGS	POTVRZOVÁNÍ NOVÉHO NASTAVENÍ OVLÁDÁNÍ...
fe_textbible.p3d	CONFIRM_CTRL_SETTINGS_MSG	POUŽÍT NOVÉ NASTAVENÍ?
fe_textbible.p3d	CREDITS	TVŮRCI
fe_textbible.p3d	DEFAULT_CAMERA	VÝCHOZÍ KAMERA
fe_textbible.p3d	DEFENSE_POWER	OBRANNÁ SCHOPNOST
fe_textbible.p3d	DISGUISE_POWER	SCHOPNOST PŘEVLEKU
fe_textbible.p3d	DISGUISE_SWITCH	ZMĚNIT
fe_textbible.p3d	DUPLICATE_ERROR_MSG	%1:STRING je přiřazeno ke stejné klávese jako %2:STRING ve schématu ovládání %3:STRING
fe_textbible.p3d	GRAB_THROW	CHYTIT / HOD
fe_textbible.p3d	GRAB_ONLY	CHYTIT
fe_textbible.p3d	BGR_SYMBOL	%0:BUTTON02
fe_textbible.p3d	DPA_SYMBOL	%0:BUTTON05
fe_textbible.p3d	DPR_SYMBOL	%0:BUTTON00
fe_textbible.p3d	DPL_SYMBOL	%0:BUTTON16
fe_textbible.p3d	DPU_SYMBOL	%0:BUTTON14
fe_textbible.p3d	DPD_SYMBOL	%0:BUTTON15
fe_textbible.p3d	BJU_SYMBOL	%0:BUTTON01
fe_textbible.p3d	BAT_SYMBOL	%0:BUTTON03
fe_textbible.p3d	BSP_SYMBOL	%0:BUTTON04
fe_textbible.p3d	ALE_SYMBOL	%0:BUTTON06
fe_textbible.p3d	ARI_SYMBOL	%0:BUTTON07
fe_textbible.p3d	BSE_SYMBOL	%0:BUTTON08
fe_textbible.p3d	BL1_SYMBOL	%0:BUTTON10
fe_textbible.p3d	BR1_SYMBOL	%0:BUTTON11
fe_textbible.p3d	BL2_SYMBOL	%0:BUTTON12
fe_textbible.p3d	BR2_SYMBOL	%0:BUTTON13
fe_textbible.p3d	BR3_SYMBOL	%0:BUTTON17
fe_textbible.p3d	HINT_SWITCH_CONTROL_SET	ZMĚNIT SADU OVLÁDÁNÍ
fe_textbible.p3d	HINT_BACK	ZPĚT
fe_textbible.p3d	HINT_CANCEL	ZRUŠIT
fe_textbible.p3d	HINT_CONFIRM	POTVRDIT
fe_textbible.p3d	HINT_APPLY	POUŽÍT
fe_textbible.p3d	HINT_EDIT	UPRAVIT
fe_textbible.p3d	HINT_RESUME	POKRAČOVAT
fe_textbible.p3d	HINT_VIEW	ZOBRAZIT
fe_textbible.p3d	INVALID_USERNAME	UŽIVATELSKÉ JMÉNO NESMÍ OBSAHOVAT TYTO ZNAKY:\n \\ / : * ? , < >
fe_textbible.p3d	JUMP	SKOK
fe_textbible.p3d	LEGALTEXTRADICAL	© 2009 Activision Publishing, Inc. Activision is a registered trademark and Prototype is a trademark of Activision Publishing, Inc.  All rights reserved.
fe_textbible.p3d	LEGALTEXTRADICAL_WIN32	© 2009 Activision Publishing, Inc. Activision is a registered trademark and Prototype is a trademark of Activision Publishing, Inc. Alienware and the Alienware logo are registered trademarks and trademarks of Alienware Corporation.  All rights reserved.
fe_textbible.p3d	MAIN_MENU	HLAVNÍ MENU
fe_textbible.p3d	TANK	PANCÍŘ
fe_textbible.p3d	HELI	HELI
fe_textbible.p3d	HINTS	RADY
fe_textbible.p3d	TUTORIALS	NÁVODY
fe_textbible.p3d	INVERT_X_OPTIONS	INVERTOVAT OSU X - ALEX
fe_textbible.p3d	INVERT_Y_OPTIONS	INVERTOVAT OSU Y - ALEX
fe_textbible.p3d	INVERT_Y_OPTIONS_TANK	INVERTOVAT OSU Y - PANCÍŘ
fe_textbible.p3d	INVERT_Y_OPTIONS_HELI	INVERTOVAT OSU Y - HELI
fe_textbible.p3d	INVERT_WHEEL_OPTIONS_HELI	INVERTOVAT KOLEČKO - HELI
fe_textbible.p3d	TARGET_TOGGLE_OPTIONS	PŘEPÍNÁNÍ CÍLE
fe_textbible.p3d	RUMBLE_OPTIONS	VIBRACE
fe_textbible.p3d	VIEW_GAMEPAD_OPTION	ZOBRAZIT MAPOVÁNÍ OVLADAČE
fe_textbible.p3d	VIEW_KEYBOARD_OPTION	MAPOVÁNÍ KLÁVES
fe_textbible.p3d	GAMMA_OPTIONS	ÚROVEŇ GAMA
fe_textbible.p3d	SPEAKERS_OPTIONS	NASTAVENÍ REPRO
fe_textbible.p3d	SPEAKERS_OFF	BEZ REPRO
fe_textbible.p3d	SPEAKERS_2	STEREO
fe_textbible.p3d	SPEAKERS_2_1	2.1 STEREO
fe_textbible.p3d	SPEAKERS_3_1	3.1 SURROUND
fe_textbible.p3d	SPEAKERS_4	4.0 SURROUND
fe_textbible.p3d	SPEAKERS_4_1	4.1 SURROUND
fe_textbible.p3d	SPEAKERS_5_1	5.1 SURROUND
fe_textbible.p3d	SPEAKERS_7_1	7.1 SURROUND
fe_textbible.p3d	BUFFER_OPTIONS	UMÍSTĚNÍ BUFFERU
fe_textbible.p3d	BUFFER_DONTCARE	NEVÍM
fe_textbible.p3d	BUFFER_HARDWARE	HARDWARE
fe_textbible.p3d	BUFFER_SOFTWARE	SOFTWARE
fe_textbible.p3d	LATENCY_OPTIONS	LATENCE
fe_textbible.p3d	LATENCY_1536_32MS	32ms
fe_textbible.p3d	LATENCY_2048_43MS	43ms
fe_textbible.p3d	LATENCY_2560_53MS	53ms
fe_textbible.p3d	LATENCY_3072_64MS	64ms
fe_textbible.p3d	LATENCY_3584_75MS	75ms
fe_textbible.p3d	LATENCY_4096_85MS	85ms
fe_textbible.p3d	LATENCY_4608_96MS	96ms
fe_textbible.p3d	MIX_TYPE_OPTIONS	TYP MIXU
fe_textbible.p3d	MIX_TYPE_POLLING	POLLING
fe_textbible.p3d	MIX_TYPE_EVENTS	tyo
fe_textbible.p3d	SUBTITLE_OPTIONS	TITULKY
fe_textbible.p3d	LANGUAGE_OPTIONS	JAZYK
fe_textbible.p3d	SMARTHINTS_OPTIONS	CHYTRÉ RADY
fe_textbible.p3d	SAVE_SETTINGS_WARNING	OPRAVDU CHCEŠ ULOŽIT?
fe_textbible.p3d	CANCEL_SAVE_SETTINGS_WARNING	CHCEŠ ULOŽIT, NEBO ZAHODIT SVÉ ZMĚNY?
fe_textbible.p3d	RESTORE_DEFAULT_SETTINGS_WARNING	OPRAVDU CHCEŠ OBNOVIT VÝCHOZÍ HODNOTY TOHOTO NASTAVENÍ?
fe_textbible.p3d	SAVELOADTITLE	ULOŽIT NAČÍST
fe_textbible.p3d	MOUSE_SENSITIVITY	CITLIVOST MYŠI
fe_textbible.p3d	MOVE_BACKWARD	POHYB VZAD
fe_textbible.p3d	MOVE_FORWARD	POHYB VPŘED
fe_textbible.p3d	MOVE_LEFT	POHYB VLEVO
fe_textbible.p3d	MOVE_RIGHT	POHYB VPRAVO
fe_textbible.p3d	PAUSE_GAME	PAUZA HRY
fe_textbible.p3d	DISGUISE_POWERS	SCHOPNOSTI PŘEVLEKU
fe_textbible.p3d	POWER_SELECT	VÝBĚR SCHOPNOSTÍ
fe_textbible.p3d	POWER_SELECT_QUICK	RYCHLÁ AKTIVACE
fe_textbible.p3d	CAMERA_AND_POWERS	VÝBĚR SCHOPNOSTI \nVÝBĚR CÍLE \nKAMERA / STISK PRO RESET
fe_textbible.p3d	CAMERA_YAW	MÍŘENÍ \nSTISK PRO RESET KAMERY
fe_textbible.p3d	PITCH_ROLL	SKLON / NÁKLON
fe_textbible.p3d	DISGUISE_ACTIONS	AKCE PŘEVLEKU
fe_textbible.p3d	PROGRESS_STATS	STATISTIKY POSTUPU
fe_textbible.p3d	REMAPPING	PŘEMAPOVÁNÍ...
fe_textbible.p3d	REMAP_ERROR	CHYBA: NELZE PŘEMAPOVAT
fe_textbible.p3d	REVERSE	CHŮZE/TANK ZPÁTEČKA
fe_textbible.p3d	RUN	SPRINT
fe_textbible.p3d	WALK	CHŮZE
fe_textbible.p3d	SELECT_ACCOUNT	VYBRAT ÚČET
fe_textbible.p3d	SENSORY_POWER	SMYSLOVÁ SCHOPNOST
fe_textbible.p3d	SPECIAL_ATTACK	SPECIÁL
fe_textbible.p3d	TARGET	ZAMĚŘIT
fe_textbible.p3d	WEBOFINTRIGUE	SÍŤ INTRIK
fe_textbible.p3d	PERCENT_COMPLETE	SÍŤ INTRIK: %1:NUMBER % DOKONČENO
fe_textbible.p3d	WEB_OF_INTRIGUE	SÍŤ INTRIK
fe_textbible.p3d	CONTROLLER_NOT_FOUND	Ovladač nenalezen
fe_textbible.p3d	LANGUAGE_CHANGE	ZMĚNIL JSI JAZYK NA %1:STRING.  CHCEŠ TOTO NASTAVENÍ ZACHOVAT?
fe_textbible.p3d	WAIT_REVERT_SETTINGS_WARNING	OPRAVDU CHCEŠ TOTO NASTAVENÍ ZACHOVAT?  BUDE VRÁCENO ZA\n%1:NUMBER SEKUND.
fe_textbible.p3d	RESTORE_DEFAULTS	VÝCHOZÍ
fe_textbible.p3d	WaitingForStorageResponse	Čekání na odpověď úložného zařízení...
fe_textbible.p3d	OUTSTANDING_STORAGE_OP	JIŽ PROBÍHÁ JINÁ OPERACE S ÚLOŽIŠTĚM. POČKEJ NA JEJÍ DOKONČENÍ A ZKUS TO ZNOVU.
fe_textbible.p3d	ActiveDeviceHasBeenRemoved	Aktivní úložné zařízení bylo odebráno.
fe_textbible.p3d	PROMOCODE	CHEAT KÓD
fe_textbible.p3d	ENTER_PROMO_CODE	ZADEJ NYNÍ SVŮJ CHEAT KÓD
fe_textbible.p3d	PROMO_ENTRY_FAIL	Zadán neplatný kód.  Zkus to prosím znovu!
fe_textbible.p3d	PROMO_ENTRY_SUCCESS_TITLE	ÚSPĚCH
fe_textbible.p3d	PROMO_ENTRY_SUCCESS	Gratulujeme, odemkl jsi BODY SURF!\nS BODY SURF se nepřestávej hýbat; proměň nepřítele v dočasnou obuv.  Funguje jen na LIDSKÉ nepřátele.  Aktivuje se skokovým kopem na MAX. NABITÍ.\n\nPoužití > SKOK a pak (DRŽ)%0:BUTTON03
fe_textbible.p3d	PROMO_ENTRY_SUCCESS_DUPE	Tento kód jsi už zadal a Body Surf máš odemčený!
fe_textbible.p3d	MISSION_FAIL	MISE SELHALA
fe_textbible.p3d	M_EXITHELICOPTER	OPUSTIT VOZIDLO
fe_textbible.p3d	CANCEL_KEEP_SETTINGS_WARNING	CHCEŠ SVÉ ZMĚNY ZACHOVAT, NEBO ZAHODIT?
fe_textbible.p3d	KEEP	ZACHOVAT
fe_textbible.p3d	EP_TUTORIAL	14000 EP
fe_textbible.p3d	HYDRA_DESCRIPT	HYDRA
fe_textbible.p3d	COMMANDER_DESCRIPT	VELITEL
fe_textbible.p3d	BRAWLER_DESCRIPT	RVÁČ
fe_textbible.p3d	INFECTED_DESCRIPT	NAKAŽENÝ
fe_textbible.p3d	M_SELFDESTRUCT	SEBEDESTRUKCE
fe_textbible.p3d	EVENT_SKIP_CAMERA	PŘESKOČIT
fe_textbible.p3d	UPGRADE_JAVELIN	RAKETOMET
fe_textbible.p3d	UPGRADED_SKILL	DOVEDNOST VYLEPŠENA
fe_textbible.p3d	ACQUIRED_SKILL	DOVEDNOST ZÍSKÁNA
fe_textbible.p3d	EVENT_BLOCKED_BY_VEHICLE	Abys mohl hrát UDÁLOST, musíš OPUSTIT VOZIDLO
fe_textbible.p3d	UPGRADE_GRENADE	GRANÁTOMET
fe_textbible.p3d	UPGRADE_RIFLE	ÚTOČNÁ PUŠKA
fe_textbible.p3d	UPGRADE_SAW	KULOMET
fe_textbible.p3d	UPGRADE_PILOTARMOUR	ŘÍZENÍ PANCÍŘE
fe_textbible.p3d	UPGRADE_PILOTHELICOPTER	ŘÍZENÍ VRTULNÍKU
fe_textbible.p3d	UPGRADE_ARTILLERY	DĚLOSTŘELBA
fe_textbible.p3d	BASE_ALERTDEFEATED	INTERIÉR ZÁKLADNY ZNEŠKODNĚN
fe_textbible.p3d	CONSUME_ONE_WITHALERT	BONUS EP ZA POHLCENÍ
fe_textbible.p3d	CONSUME_ONE_NOALERT	BONUS ZA POHLCENÍ + NENÁPADNOST
fe_textbible.p3d	CONSUME_TWO_WITHALERT	BONUS EP ZA POHLCENÍ
fe_textbible.p3d	CONSUME_TWO_NOALERT	BONUS ZA POHLCENÍ + NENÁPADNOST
fe_textbible.p3d	CONSUME_THREE_WITHALERT	BONUS EP ZA POHLCENÍ
fe_textbible.p3d	CONSUME_THREE_NOALERT	BONUS EP ZA POHLCENÍ + NENÁPADNOST
fe_textbible.p3d	CONSUME_FOUR_WITHALERT	BONUS EP ZA POHLCENÍ
fe_textbible.p3d	CONSUME_FOUR_NOALERT	BONUS ZA POHLCENÍ + NENÁPADNOST
fe_textbible.p3d	EVENT_COLLECTIBLES_LOC_THRESHOLD_BANNER	%1:NUMBER ORIENTAČNÍCH BODŮ ZÍSKÁNO
fe_textbible.p3d	EVENT_COLLECTIBLES_LOC_THRESHOLD_INFO1	Každý ORIENTAČNÍ BOD nyní za %1:NUMBER EP!
fe_textbible.p3d	EVENT_COLLECTIBLES_THRESHOLD_EP_AWARD	BONUS EP: %1:NUMBER
fe_textbible.p3d	EVENT_COLLECTIBLES_LOC_ALL_BANNER	VŠECHNY ORIENTAČNÍ BODY ZÍSKÁNY
fe_textbible.p3d	EVENT_COLLECTIBLES_HINT_THRESHOLD_BANNER	%1:NUMBER RAD ZÍSKÁNO
fe_textbible.p3d	EVENT_COLLECTIBLES_HINT_THRESHOLD_INFO1	Každá RADA nyní za %1:NUMBER EP!
fe_textbible.p3d	EVENT_COLLECTIBLES_HINT_ALL_BANNER	VŠECHNY RADY ZÍSKÁNY
fe_textbible.p3d	MS_CIVILIAN_CASUALTIES	CIVILNÍ OBĚTI
fe_textbible.p3d	MS_INFECTED_CASUALTIES	ZABITÍ NAKAŽENÍ
fe_textbible.p3d	MS_MILITARY_CASUALTIES	VOJENSKÉ OBĚTI
fe_textbible.p3d	MS_EXPENDITURE	VOJENSKÉ VÝDAJE
fe_textbible.p3d	MS_UNLOCKED	%1:NUMBER %2:STRING odemčeno
fe_textbible.p3d	CIVILIAN	CIVILISTA
fe_textbible.p3d	MS_STAT	%1:STRING
fe_textbible.p3d	MS_STAT_WITH_UNIT	%1:STRING %2:STRING
fe_textbible.p3d	MS_STAT_CLASSIFIED	TAJNÉ
fe_textbible.p3d	EVENT	UDÁLOST
fe_textbible.p3d	UPGRADE	VYLEPŠENÍ
fe_textbible.p3d	CCR_TITLE	[ OPERAČNÍ HLÁŠENÍ ]
fe_textbible.p3d	CCR_INFECTED_KILLED_LABEL	ZABITÍ NAKAŽENÍ
fe_textbible.p3d	CCR_CIVILIAN_KILLED_LABEL	CIVILNÍ OBĚTI
fe_textbible.p3d	CCR_MILITARY_KILLED_LABEL	VOJENSKÉ OBĚTI
fe_textbible.p3d	CCR_MILITARY_EXPENSE_LABEL	VOJENSKÉ VÝDAJE
fe_textbible.p3d	UNITS_MILLIONS	milionů
fe_textbible.p3d	UNITS_MILLIONS_SHORT	M
fe_textbible.p3d	UNITS_BILLIONS_SHORT	B
fe_textbible.p3d	UNITS_BILLIONS	miliard
fe_textbible.p3d	UNITS_TRILLIONS	bilionů
fe_textbible.p3d	UNITS_TRILLIONS_SHORT	T
fe_textbible.p3d	ALEX_DEATH_MSG	ALEX JE MRTVÝ
fe_textbible.p3d	WOI_EC1	18. DEN NÁKAZY
fe_textbible.p3d	WOI_EC_FINISHED_1	3. DEN NÁKAZY:\nNÁKAZA POTVRZENA NA OSTROVĚ MANHATTAN
fe_textbible.p3d	WOI_EC_FINISHED_2	4. DEN NÁKAZY:\nNAKAŽENO 4 % CELKOVÉ POPULACE
fe_textbible.p3d	WOI_EC_FINISHED_3	6. DEN NÁKAZY:\nNAKAŽENO 20 % CELKOVÉ POPULACE\n
fe_textbible.p3d	WOI_EC_FINISHED_4	8. DEN NÁKAZY:\nNAKAŽENO 49 % CELKOVÉ POPULACE
fe_textbible.p3d	WOI_EC_FINISHED_5	10. DEN NÁKAZY:\nNAKAŽENO 68 % CELKOVÉ POPULACE
fe_textbible.p3d	WOI_EC_FINISHED_6	12. DEN NÁKAZY:\nNAKAŽENO 81 % CELKOVÉ POPULACE
fe_textbible.p3d	WOI_EC_FINISHED_7	15. DEN NÁKAZY:\nNAKAŽENO 60 % CELKOVÉ POPULACE
fe_textbible.p3d	WOI_EC_FINISHED_8	17. DEN NÁKAZY:\nNAKAŽENO 47 % CELKOVÉ POPULACE
fe_textbible.p3d	ONDEATH_PROMPT	VYBRAT
fe_textbible.p3d	TUTORIAL_DANAS_APARTMENT_TITLE	ZÍSKÁNÍ MISE
fe_textbible.p3d	TUTORIAL_DANAS_APARTMENT_1	VSTUP do SVÍTÍCÍ ZÓNY na střeše budovy a stiskni %0:BUTTON04 pro zahájení MISE.
fe_textbible.p3d	TUTORIAL_DISGUISE_TITLE	PŘEVLEK
fe_textbible.p3d	TUTORIAL_DISGUISE_1	Napravo od MINIMAPY je UKAZATEL PŘEVLEKU a dole na něm CLONA. \n\nKdyž je CLONA OTEVŘENÁ, SLEDUJÍ TĚ NEPŘÁTELÉ. \n\nKdyž je ZAVŘENÁ, NIKDO TĚ NEVIDÍ.
fe_textbible.p3d	TUTORIAL_DISGUISE_2	Každá AKCE, která odhalí tvou PRAVOU IDENTITU, plní UKAZATEL. Když se ZCELA NAPLNÍ, tvůj PŘEVLEK je PROZRAZEN.
fe_textbible.p3d	TUTORIAL_DISGUISE_3	PROZRAZENÝ PŘEVLEK je označen ČERVENĚ.  Znamená to, že vojenské jednotky jsou v POPLACHU a zaútočí na tebe, jakmile tě uvidí.
fe_textbible.p3d	TUTORIAL_DISGUISE_4	Když tě NEPŘÁTELÉ ztratí z dohledu, IKONA PŘEVLEKU se pomalu vyprazdňuje. Zůstaň mimo dohled, dokud není IKONA PRÁZDNÁ.
fe_textbible.p3d	TUTORIAL_DISGUISE_5	Pokud máš v druhém slotu převleku ŠEDOU PODOBU a nikdo tě právě nevidí, objeví se IKONA PŘEPNUTÍ. \n\nStiskni %0:BUTTON16 a bezpečně změň podobu, abys UNIKL nepřátelům. Je to nejrychlejší způsob, jak se zbavit armády.
fe_textbible.p3d	TUTORIAL_CLIMB_TITLE	ŠPLHÁNÍ
fe_textbible.p3d	TUTORIAL_CLIMB_1	STISKNI %0:BUTTON02 na jakémkoli povrchu a ŠPLHEJ. Dalším STISKEM %0:BUTTON02 se pustíš, nebo %0:BUTTON01 pro SKOK.
fe_textbible.p3d	TUTORIAL_PREREQUISITEPOWER_TITLE	NUTNÁ NOVÁ SCHOPNOST
fe_textbible.p3d	TUTORIAL_PREREQUISITEPOWER_1	Před vstupem do další MISE si musíš KOUPIT NOVOU SCHOPNOST.  Stiskni PAUZU %0:BUTTON09 a vyber VYLEPŠENÍ, kde požadovanou schopnost koupíš.
fe_textbible.p3d	TUTORIAL_FIREARMS_TITLE	ZBRANĚ
fe_textbible.p3d	TUTORIAL_FIREARMS_1	POŠKOĎ APC, aby AGENT VYSKOČIL ven.
fe_textbible.p3d	TUTORIAL_FIREARMS_2	RAKETOMETY jsou velmi účinné proti OBRNĚNÝM VOZIDLŮM.
fe_textbible.p3d	TUTORIAL_FIREARMS_3	Můžeš použít každou ZBRAŇ, kterou nepřítel upustí. ZABIJ nepřítele a stiskni %0:BUTTON02 pro VZETÍ jeho zbraně.
fe_textbible.p3d	TUTORIAL_FIREARMS_4	Když máš ZBRAŇ v ruce, stiskni %0:BUTTON03 pro PALBU.
fe_textbible.p3d	TUTORIAL_EVENTS_TITLE	UDÁLOSTI
fe_textbible.p3d	TUTORIAL_EVENTS_1	ZNAČKY UDÁLOSTÍ se zobrazují na MINIMAPĚ a na MAPĚ V PAUZE.
fe_textbible.p3d	TUTORIAL_EVENTS_4	Nové UDÁLOSTI se odemykají s postupem hrou. \n\nUDÁLOSTI jsou skvělý způsob, jak získat EP na nákup nových SCHOPNOSTÍ, POHYBŮ a DOVEDNOSTÍ.
fe_textbible.p3d	TUTORIAL_EVENTS_2	Za dokončené UDÁLOSTI získáš BRONZ, STŘÍBRO nebo ZLATO.
fe_textbible.p3d	TUTORIAL_EVENTS_3	ZLATO ve VŠECH UDÁLOSTECH odemkne UDÁLOSTI PLATINOVÉ ÚROVNĚ.  Jsou to nejtěžší UDÁLOSTI - dokonči je pro velké odměny v EP.
fe_textbible.p3d	TUTORIAL_INFILTRATION_TITLE	INFILTRACE ZÁKLADNY
fe_textbible.p3d	TUTORIAL_INFILTRATION_1	Musíš POHLTIT ŘIDIČE APC, abys získal schopnost UNÉST a ŘÍDIT APC.
fe_textbible.p3d	TUTORIAL_INFILTRATION_2	VOJENSKÉ ZÁKLADNY ukrývají KLÍČOVÝ PERSONÁL, který lze POHLTIT pro VYLEPŠENÍ. NAVŠTĚVUJ ZÁKLADNY často a ZLEPŠUJ nebo PŘIDÁVEJ DOVEDNOSTI.
fe_textbible.p3d	TUTORIAL_INFILTRATION_3	Abys prošel SKENERY IDENTITY, musíš POHLTIT VELITELE a PŘEVZÍT JEHO PODOBU.
fe_textbible.p3d	TUTORIAL_INTERIORS_TITLE	VNITŘEK ZÁKLADEN
fe_textbible.p3d	TUTORIAL_INTERIORS_1	KAŽDÁ VOJENSKÁ ZÁKLADNA ukrývá DŮLEŽITÝ PERSONÁL, který můžeš POHLTIT a získat VYLEPŠENÉ nebo NOVÉ DOVEDNOSTI.
fe_textbible.p3d	TUTORIAL_INTERIORS_2	POHLŤ ŘIDIČE APC a získej schopnost UNÁŠET a ŘÍDIT APC.
fe_textbible.p3d	TUTORIAL_METAGAME_TITLE	BOJ O KONTROLU
fe_textbible.p3d	TUTORIAL_METAGAME_1	ARMÁDA podniká kroky k OPEVNĚNÍ STRATEGICKÝCH OBLASTÍ, aby zabránila šíření viru po městě.\n\nZÓNY ZAJIŠTĚNÉ ARMÁDOU a ZÓNY zasažené VIROVOU NÁKAZOU jsou vyznačeny na HLAVNÍ MAPĚ i MINIMAPĚ.
fe_textbible.p3d	TUTORIAL_METAGAME_2	ZÓNY označené MODŘE jsou zajištěné ARMÁDOU. V srdci většiny VOJENSKÝCH ZÓN stojí VOJENSKÁ ZÁKLADNA.\n\nNIČ VOJENSKÉ ZÁKLADNY, abys DOČASNĚ POTLAČIL ARMÁDU V DANÉ ZÓNĚ a ZÍSKAL OBROVSKÉ BONUSY EP.
fe_textbible.p3d	TUTORIAL_METAGAME_3	ZÁKLADNY označené PLUSEM na MAPĚ V PAUZE a MINIMAPĚ ukrývají vojenský personál, který můžeš POHLTIT pro VYLEPŠENÍ.\n\nZÁKLADNY bez PLUSU personál poskytující VYLEPŠENÍ nemají.
fe_textbible.p3d	TUTORIAL_METAGAME_4	ZÓNY označené ČERVENĚ jsou NAKAŽENÉ VIREM. Většina NAKAŽENÝCH ZÓN má ve svém středu HNÍZDO NAKAŽENÝCH.\n\nNIČ HNÍZDA NAKAŽENÝCH, abys DOČASNĚ POTLAČIL NÁKAZU V DANÉ OBLASTI a ZÍSKAL OBROVSKÉ BONUSY EP.
fe_textbible.p3d	TUTORIAL_ARTILLERY_TITLE	DĚLOSTŘELBA
fe_textbible.p3d	TUTORIAL_ARTILLERY_1	ZÍSKAL jsi SCHOPNOST přivolat DĚLOSTŘELECKÝ ÚDER.
fe_textbible.p3d	TUTORIAL_ARTILLERY_2	DĚLOSTŘELECKÉ ÚDERY se UKLÁDAJÍ a můžeš je POUŽÍT POZDĚJI, dokud jsi ve VOJENSKÉM PŘEVLEKU.
fe_textbible.p3d	TUTORIAL_ARTILLERY_3	POHLCUJ VELITELE BLACKWATCH uvnitř VOJENSKÝCH ZÁKLADEN a ZVYŠ počet DĚLOSTŘELECKÝCH ÚDERŮ, které si můžeš ULOŽIT.
fe_textbible.p3d	TUTORIAL_ARTILLERY_4	ZNIČ PŘIJÍŽDĚJÍCÍ TANKY svým DĚLOSTŘELECKÝM ÚDEREM.
fe_textbible.p3d	TUTORIAL_ARTILLERY_5	Stiskni %0:BUTTON10 pro ZAMĚŘENÍ TANKU a stiskni %0:BUTTON04 pro PŘIVOLÁNÍ DĚLOSTŘELBY.
fe_textbible.p3d	TUTORIAL_STRIKE_TEAM_RADIO_TITLE	ÚDERNÝ TÝM
fe_textbible.p3d	TUTORIAL_STRIKE_TEAM_RADIO_1	NEPŘÍTEL vysílá vysílačkou ŽÁDOST O ÚDERNÝ TÝM.  ÚDERNÉ TÝMY JSOU rychlé vzdušné jednotky, které tě budou pronásledovat a napadnou tě.  ZABIJ NEPŘÍTELE dřív, než ŽÁDOST dokončí, a nasazení ÚDERNÉHO TÝMU zrušíš.
fe_textbible.p3d	TUTORIAL_STRIKE_TEAM_INBOUND_TITLE	ÚDERNÝ TÝM
fe_textbible.p3d	TUTORIAL_STRIKE_TEAM_INBOUND_1	ÚDERNÝ TÝM míří na tvou pozici.\n\nUNIKNI z oblasti, než dorazí, nebo si VEZMI PŘEVLEK, než dorazí.\n\nPokud tě ÚDERNÝ TÝM najde, ZNIČ ho nebo mu UNIKNI pro BONUS EP.
fe_textbible.p3d	TUTORIAL_STRIKE_TEAM_INBOUND_2	UNIKNI z oblasti nebo si VEZMI PŘEVLEK, než ÚDERNÝ TÝM dorazí. \n\nPokud tě ÚDERNÝ TÝM najde, ZNIČ ho nebo mu UNIKNI pro BONUSY EP.
fe_textbible.p3d	TUTORIAL_BASE_HIVE_DESTROY_REMIND_TITLE	BOJ O KONTROLU
fe_textbible.p3d	TUTORIAL_BASE_HIVE_DESTROY_REMIND_1	NIČ VOJENSKÉ ZÁKLADNY a HNÍZDA NAKAŽENÝCH, abys DOČASNĚ POTLAČIL NEPŘÁTELSKÉ SÍLY a ZÍSKAL OBROVSKÉ BONUSY EP.
fe_textbible.p3d	TUTORIAL_BASE_INFILTRATE_REMIND_TITLE	VOJENSKÉ ZÁKLADNY
fe_textbible.p3d	TUTORIAL_BASE_INFILTRATE_REMIND_1	ZÍSKÁVEJ VYLEPŠENÍ INFILTRACÍ ZÁKLADEN a POHLCOVÁNÍM KLÍČOVÉHO PERSONÁLU.
fe_textbible.p3d	TUTORIAL_SPRINT_TITLE	SPRINT
fe_textbible.p3d	TUTORIAL_SPRINT_1	DRŽ %0:BUTTON13 pro REŽIM SPRINTU. Ve SPRINTU se pohybuješ vysokou rychlostí, PŘEKONÁVÁŠ překážky PARKOUREM a můžeš BĚHAT PO SVISLÝCH STĚNÁCH.
fe_textbible.p3d	TUTORIAL_WALL_RUN_TITLE	BĚH PO ZDECH
fe_textbible.p3d	TUTORIAL_WALL_RUN_1	DRŽ %0:BUTTON13 a rozeběhni se na SVISLOU STĚNU pro BĚH PO ZDI.
fe_textbible.p3d	TUTORIAL_SPECIAL_TITLE	SPECIÁLNÍ ÚTOKY
fe_textbible.p3d	TUTORIAL_SPECIAL_1	STISKNI %0:BUTTON04 pro SPECIÁLNÍ ÚTOKY.
fe_textbible.p3d	TUTORIAL_ATTACK_TITLE	ZÁKLADNÍ ÚTOKY
fe_textbible.p3d	TUTORIAL_ATTACK_1	STISKNI %0:BUTTON03 pro ZÁKLADNÍ ÚTOKY.
fe_textbible.p3d	TUTORIAL_THROW_OBJECT_TITLE	HÁZENÍ PŘEDMĚTŮ
fe_textbible.p3d	TUTORIAL_THROW_OBJECT_1	Alex je nesmírně silný, takže může zvednout a HODIT téměř cokoli na světě. Kombinuj ZAMĚŘENÍ %0:BUTTON12 a HOD %0:BUTTON02 a nič NEPŘÁTELE na dálku.
fe_textbible.p3d	TUTORIAL_EP_TITLE	EVOLUČNÍ BODY
fe_textbible.p3d	TUTORIAL_EP_1	Získal jsi EP (EVOLUČNÍ BODY).\nVíce EP získáš porážením NEPŘÁTEL, ničením ÚDERNÝCH TÝMŮ nebo únikem před nimi a DOKONČOVÁNÍM MISÍ.
fe_textbible.p3d	TUTORIAL_EP_2	EP se utrácejí v MENU VYLEPŠENÍ za nové SCHOPNOSTI, POHYBY a DOVEDNOSTI.\nNOVÉ POLOŽKY se v MENU VYLEPŠENÍ objevují, jak dokončuješ mise a postupuješ příběhem.
fe_textbible.p3d	TUTORIAL_EP_3	Během hry STISKNI %0:BUTTON09 pro PŘÍSTUP do MENU VYLEPŠENÍ přes OBRAZOVKU PAUZY. V MENU VYLEPŠENÍ přepínáš záložky STISKEM %0:BUTTON10 nebo %0:BUTTON11.
fe_textbible.p3d	TUTORIAL_CONSUME_TITLE	POHLCOVÁNÍ
fe_textbible.p3d	TUTORIAL_CONSUME_1	POHLŤ téměř jakéhokoli živého tvora a získej ZDRAVÍ. Chyť nepřítele pomocí %0:BUTTON02 a pak STISKNI %0:BUTTON04, abys ho POHLTIL.  Někteří větší nepřátelé musí být nejprve OMRÁČENI extrémním poškozením, teprve pak je lze POHLTIT.
fe_textbible.p3d	TUTORIAL_EP_REMIND_TITLE	EVOLUČNÍ BODY
fe_textbible.p3d	TUTORIAL_EP_REMIND_1	Jsou dostupná NOVÁ VYLEPŠENÍ. Zajdi do MENU VYLEPŠENÍ a podívej se, jaké SCHOPNOSTI, DOVEDNOSTI nebo POHYBY můžeš odemknout.
fe_textbible.p3d	TUTORIAL_JACK_ARMOURED_VEHICLE_TITLE	ÚNOS PANCÍŘE
fe_textbible.p3d	TUTORIAL_JACK_ARMOURED_VEHICLE_1	Odemkl jsi schopnost UNÁŠET a ŘÍDIT OBRNĚNÁ VOZIDLA.
fe_textbible.p3d	TUTORIAL_JACK_HELICOPTER_TITLE	SKYJACK VRTULNÍKŮ
fe_textbible.p3d	TUTORIAL_JACK_HELICOPTER_1	Odemkl jsi schopnost SKYJACK a pilotování vrtulníků.  Pro SKYJACK chyť %0:BUTTON02 libovolný VRTULNÍK ve vzduchu.
fe_textbible.p3d	TUTORIAL_ARTILLERY_STRIKE_TITLE	DĚLOSTŘELECKÝ ÚDER
fe_textbible.p3d	TUTORIAL_ARTILLERY_STRIKE_1	Získal jsi schopnost přivolat DĚLOSTŘELECKÝ ÚDER.\n\nDĚLOSTŘELECKÉ ÚDERY se UKLÁDAJÍ a můžeš je POUŽÍT POZDĚJI, dokud jsi ve VOJENSKÉM PŘEVLEKU.
fe_textbible.p3d	TUTORIAL_ARTILLERY_STRIKE_2	Pohlcování VELITELŮ MARINE MIMO ZÁKLADNY ti doplňuje zásobu DĚLOSTŘELECKÝCH ÚDERŮ.\n\nPohlcování VELITELŮ BLACKWATCH UVNITŘ ZÁKLADEN zvyšuje CELKOVÝ POČET DĚLOSTŘELECKÝCH ÚDERŮ, které lze ULOŽIT.
fe_textbible.p3d	TUTORIAL_ARTILLERY_STRIKE_3	DĚLOSTŘELECKÉ ÚDERY se aktivují v menu AKCE PŘEVLEKU.\n\nDRŽ %0:BUTTON11 pro vyvolání menu, DRŽ %0:BUTTON12 pro ZAMĚŘENÍ nepřítele ve středu oblasti, kterou chceš zasáhnout, a STISKNI %0:BUTTON04 pro PŘIVOLÁNÍ ÚDERU.
fe_textbible.p3d	TUTORIAL_ARTILLERY_STRIKE_DURATION_TITLE	DĚLOSTŘELECKÝ ÚDER
fe_textbible.p3d	TUTORIAL_ARTILLERY_STRIKE_DURATION_1	DĚLOSTŘELECKÉ ÚDERY jsou vylepšeny.  Vystřelí se více granátů a oblast zásahu je větší.
fe_textbible.p3d	TUTORIAL_ARTILLERY_STRIKE_AMMO_TITLE	DĚLOSTŘELECKÝ ÚDER
fe_textbible.p3d	TUTORIAL_ARTILLERY_STRIKE_AMMO_1	Nyní si můžeš ULOŽIT více DĚLOSTŘELECKÝCH ÚDERŮ.
fe_textbible.p3d	TUTORIAL_POWER_BLADE_TITLE	SCHOPNOST ČEPEL
fe_textbible.p3d	TUTORIAL_POWER_BLADE_1	ČEPEL je mocná a smrtící sečná a bodná zbraň - ideální k rozřezání i těch nejodolnějších obrněných vozidel či kůže nakažených. Proti jednotlivým cílům je to tvá nejsilnější útočná schopnost.
fe_textbible.p3d	TUTORIAL_POWER_DEFENCE_TITLE	OBRANNÉ SCHOPNOSTI
fe_textbible.p3d	TUTORIAL_POWER_DEFENCE_1	Získal jsi svou první OBRANNOU schopnost. DRŽ %0:BUTTON10 pro zobrazení KOLA VÝBĚRU SCHOPNOSTÍ, pak vyber pomocí %0:BUTTON07. Zvolenou OBRANNOU schopnost přepneš pomocí %0:BUTTON15. 
fe_textbible.p3d	TUTORIAL_POWER_DEFENCE_2	OBRANNÉ schopnosti ZLEPŠUJÍ tvou šanci přežít díky VĚTŠÍ ODOLNOSTI VŮČI POŠKOZENÍ.
fe_textbible.p3d	TUTORIAL_POWER_ARMOUR_TITLE	SCHOPNOST PANCÍŘ
fe_textbible.p3d	TUTORIAL_POWER_ARMOUR_1	PANCÍŘ snižuje veškeré utrpěné poškození za cenu nižší pohyblivosti. Když je tato schopnost aktivní, nemůžeš PLACHTIT, dělat PARKOUR ani KOTOUL.
fe_textbible.p3d	TUTORIAL_POWER_SHIELD_TITLE	SCHOPNOST ŠTÍT
fe_textbible.p3d	TUTORIAL_POWER_SHIELD_1	ŠTÍT je obranná schopnost, která pohltí počáteční poškození od nepřátel. Pokud ŠTÍT dostane najednou velké poškození, PRASKNE a musí se obnovit. Se ŠTÍTEM nemůžeš dělat PARKOUR - místo toho si PROBOURÁŠ CESTU překážkami. STISKNI %0:BUTTON10 pro aktivaci KOLA VÝBĚRU SCHOPNOSTÍ a zvol ŠTÍT.  Tuto schopnost rychle ZAPNEŠ nebo VYPNEŠ pomocí %0:BUTTON15.
fe_textbible.p3d	TUTORIAL_POWER_SENSORY_TITLE	SMYSLOVÉ SCHOPNOSTI
fe_textbible.p3d	TUTORIAL_POWER_SENSORY_1	Získal jsi svou první SMYSLOVOU schopnost. DRŽ %0:BUTTON10 pro zobrazení KOLA VÝBĚRU SCHOPNOSTÍ a vyber ji pomocí %0:BUTTON07. STISKNI %0:BUTTON00 pro PŘEPNUTÍ aktuální SMYSLOVÉ SCHOPNOSTI.
fe_textbible.p3d	TUTORIAL_POWER_SENSORY_2	SMYSLOVÉ schopnosti zlepšují tvé vnímání a usnadňují ti vidět nepřátele i v tom nejpřeplněnějším prostředí bojiště.
fe_textbible.p3d	TUTORIAL_WOI_TARGET_SEEN_TITLE	SÍŤ INTRIK
fe_textbible.p3d	TUTORIAL_WOI_TARGET_SEEN_1	Toto je CÍL SÍTĚ INTRIK. POHLŤ ho, získáš vzpomínky a odemkneš další CÍLE SÍTĚ INTRIK.
fe_textbible.p3d	TUTORIAL_SKYJACK_HELICOPTER_TITLE	SKYJACKING
fe_textbible.p3d	TUTORIAL_SKYJACK_HELICOPTER_1	VRTULNÍKY jsou rychlé a mocné. SKYJACK jednoho z nich může zvrátit těžkou bitvu.  Pro SKYJACK SKOČ %0:BUTTON01 a pak u vrtulníku CHYŤ %0:BUTTON02, abys vyšplhal na palubu.\n\nTip: Šance na SKYJACK zvýšíš SKOKOVÝM KOPEM %0:BUTTON01 > %0:BUTTON03 na vrtulník a hned při dotyku CHYŤ %0:BUTTON02, tím zahájíš SKYJACK!
fe_textbible.p3d	TUTORIAL_SKYJACK_HELICOPTER_2	STISKNI %0:BUTTON01 a SKOČ k letícímu VRTULNÍKU. CHYŤ VRTULNÍK pomocí %0:BUTTON02. Pokud je VRTULNÍK moc daleko, po skoku můžeš STISKNOUT %0:BUTTON03 a zkrátit vzdálenost LETÍCÍM KOPEM, než ho chytíš pomocí %0:BUTTON02.
fe_textbible.p3d	TUTORIAL_POWER_UNUSED_TITLE	NEVYUŽITÉ SCHOPNOSTI
fe_textbible.p3d	TUTORIAL_POWER_UNUSED_1	Získal jsi SCHOPNOSTI, které jsi zatím neAKTIVOVAL. STISKNI %0:BUTTON10, otevři KOLO VÝBĚRU SCHOPNOSTÍ a vyzkoušej své nové SCHOPNOSTI.
fe_textbible.p3d	TUTORIAL_FREE_ROAM_TITLE	VOLNÝ POHYB
fe_textbible.p3d	TUTORIAL_FREE_ROAM_1	Jsi v režimu VOLNÝ POHYB. Zamiř ke ZNAČCE na MINI-MAPĚ a převezmi MISI.
fe_textbible.p3d	TUTORIAL_ARTILLERY_STRIKE_USED_TITLE	DĚLOSTŘELECKÝ ÚDER
fe_textbible.p3d	TUTORIAL_ARTILLERY_STRIKE_USED_1	Další DĚLOSTŘELECKÉ ÚDERY ZÍSKÁŠ POHLCENÍM dalších VELITELŮ.
fe_textbible.p3d	TUTORIAL_ARTILLERY_STRIKE_USED_2	Číslo vedle %0:BUTTON04 v MENU AKCÍ PŘEVLEKU ukazuje, kolik DĚLOSTŘELECKÝCH ÚDERŮ máš uloženo. VYLEPŠENÍ této dovednosti zvýší celkový počet ÚDERŮ, které lze najednou uložit.
fe_textbible.p3d	TUTORIAL_ARTILLERY_STRIKE_USED_3	Počet DĚLOSTŘELECKÝCH ÚDERŮ, které můžeš ULOŽIT, ZVÝŠÍŠ pohlcováním VELITELŮ BLACKWATCH ve VOJENSKÝCH ZÁKLADNÁCH.
fe_textbible.p3d	TUTORIAL_WOI_COMPLETE_50_TITLE	SÍŤ INTRIK
fe_textbible.p3d	TUTORIAL_WOI_COMPLETE_50_1	Kopeš hluboko do historie nákazy na Manhattanu - pohltil jsi 50 % SÍTĚ INTRIK.  Najdi zbytek a odhal pravdu.
fe_textbible.p3d	TUTORIAL_WOI_COMPLETE_75_TITLE	SÍŤ INTRIK
fe_textbible.p3d	TUTORIAL_WOI_COMPLETE_75_1	Pohltil jsi 75 % SÍTĚ INTRIK a nebezpečně se blížíš k tomu, abys věděl o nákaze na Manhattanu úplně všechno.
fe_textbible.p3d	TUTORIAL_WOI_COMPLETE_100_TITLE	SÍŤ INTRIK
fe_textbible.p3d	TUTORIAL_WOI_COMPLETE_100_1	Gratulace!  Probil, prosekal a prokousal ses celou SÍTÍ INTRIK.  Odhalil jsi všechny dostupné vzpomínky o událostech, které vedly k nákaze na Manhattanu - ale znáš celý příběh?
fe_textbible.p3d	TUTORIAL_START_MISSION_TITLE	MISE
fe_textbible.p3d	TUTORIAL_START_MISSION_1	ZNAČKA přidaná na mini-mapu je MÍSTO STARTU MISE. Zamiř k této ZNAČCE a spusť další MISI.
fe_textbible.p3d	TUTORIAL_WEAPON_GRAB_TITLE	ZBRANĚ
fe_textbible.p3d	TUTORIAL_WEAPON_GRAB_1	STISKNI %0:BUTTON02 a SEBER nebo ODHOĎ jakoukoli ZBRAŇ, od PUŠKY po RAKETOMET. Když máš ZBRAŇ VYBAVENOU, stiskni %0:BUTTON03 a STŘÍLEJ.
fe_textbible.p3d	TUTORIAL_BASE_INTERIOR_ALERT_TITLE	UZAVŘENÍ ZÁKLADNY
fe_textbible.p3d	TUTORIAL_BASE_INTERIOR_ALERT_1	PŘI POPLACHU JSOU ZÁKLADNY UZAVŘENY.\n\nZABIJ NEBO SETŘES armádu a OPUSŤ ZÁKLADNU.
fe_textbible.p3d	TUTORIAL_POWER_SELECT_WHEEL_TITLE	KOLO VÝBĚRU SCHOPNOSTÍ
fe_textbible.p3d	TUTORIAL_POWER_SELECT_WHEEL_1	PODRŽ %0:BUTTON10 a otevři KOLO VÝBĚRU SCHOPNOSTÍ.\n\nSlouží k VÝBĚRU a PŘEPÍNÁNÍ tvých různých SCHOPNOSTÍ.
fe_textbible.p3d	TUTORIAL_POWER_SELECT_WHEEL_2	POHNI %0:BUTTON07, zvýrazni požadovanou SCHOPNOST a pak UVOLNI %0:BUTTON10.\n\nNezapomeň, že SLOTY RYCHLÉ VOLBY na %0:BUTTON05 umí rychle zapínat a vypínat vybrané SCHOPNOSTI. 
fe_textbible.p3d	TUTORIAL_POWER_SELECT_WHEEL_3	Můžeš mít najednou aktivní libovolnou kombinaci ÚTOČNÝCH, OBRANNÝCH a SMYSLOVÝCH SCHOPNOSTÍ.  Zkoušej je míchat a hledej kombinace, které ti sedí.  Když jedna nefunguje, zkus jinou.
fe_textbible.p3d	TUTORIAL_BASE_DESTROY_TITLE	NIČENÍ VOJENSKÉ ZÁKLADNY
fe_textbible.p3d	TUTORIAL_BASE_DESTROY_1	VOJENSKÉ ZÁKLADNY brání VOJÁCI i OBRNĚNÁ TECHNIKA. Jsou to hrozivé cíle.\nTvé SCHOPNOSTI jsou proti tomuto typu CÍLE většinou NEÚČINNÉ.\nNa zničení VOJENSKÉ ZÁKLADNY použij ZBRANĚ, UNESENÁ VOZIDLA a útoky DEVASTATOR.
fe_textbible.p3d	TUTORIAL_HIVE_DESTROY_TITLE	NIČENÍ HNÍZDA NAKAŽENÝCH
fe_textbible.p3d	TUTORIAL_HIVE_DESTROY_1	HNÍZDA NAKAŽENÝCH brání hordy NAKAŽENÝCH a LOVCI. Jsou to hrozivé cíle.\nTvé SCHOPNOSTI jsou proti tomuto typu CÍLE většinou NEÚČINNÉ.\nPro MAXIMÁLNÍ POŠKOZENÍ použij ZBRANĚ, UNESENOU TECHNIKU a útoky DEVASTATOR.
fe_textbible.p3d	TUTORIAL_GLIDE_TITLE	PLACHTĚNÍ
fe_textbible.p3d	TUTORIAL_GLIDE_1	PLACHTĚNÍ je nejrychlejší způsob pohybu po městě. Kombinuj PLACHTĚNÍ s AIRDASHEM a posuň svůj pohyb na maximum.\n\nVE VZDUCHU PODRŽ %0:BUTTON13 a pak STISKNI A PUSŤ %0:BUTTON01, začneš PLACHTIT.
fe_textbible.p3d	TUTORIAL_NEW_GAME_PLUS_TITLE	NOVÁ HRA+
fe_textbible.p3d	TUTORIAL_NEW_GAME_PLUS_1	Režim NOVÁ HRA+ odemčen.\n\nVyber NOVÁ HRA v HLAVNÍM MENU a projdi hru znovu se všemi ALEXOVÝMI VYLEPŠENÍMI ODEMČENÝMI.
fe_textbible.p3d	TUTORIAL_ENDGAME_FREE_ROAM_1	Město je stále částečně nakažené a čeká tě spousta práce. Najdi zbývající cíle SÍTĚ INTRIK, infiltruj nebo znič vojenské základny a dokonči všechny zbylé události za odměny v EP.\n\nZa tyto odměny vylepšuj své dovednosti a dosáhni plného potenciálu. Bitva neskončila.
fe_textbible.p3d	TUTORIAL_ENDGAME_FREE_ROAM_TITLE	VOLNÝ POHYB
fe_textbible.p3d	TUTORIAL_CONSUME_EVENT_TARGET_SEEN_TITLE	UDÁLOSTI POHLCENÍ
fe_textbible.p3d	TUTORIAL_CONSUME_EVENT_TARGET_SEEN_1	POHLŤ označený CÍL a spusť UDÁLOST POHLCENÍ VOJÁKŮ nebo NAKAŽENÝCH.  Jsou to příležitosti odhalit cíle SÍTĚ INTRIK, odemknout VYLEPŠENÍ DOVEDNOSTÍ a získat bonusové EP v časovaných výzvách.
fe_textbible.p3d	SMARTHINT_STRIKE_TEAM_DESTROY_REMIND	ÚDERNÝ TÝM lze PORAZIT tím, že ho ZNIČÍŠ.
fe_textbible.p3d	SMARTHINT_STRIKE_TEAM_EVADE_REMIND	ÚDERNÝ TÝM lze PORAZIT i tím, že mu UNIKNEŠ.  Použij POHYBOVÉ dovednosti nebo PŘEVLEK, uteč nebo ÚDERNÝ TÝM oklam.
fe_textbible.p3d	SMARTHINT_TARGET	PODRŽ %0:BUTTON12 a přejdi do REŽIMU ZAMĚŘENÍ. Když je CÍL vybrán, míří na něj všechny ÚTOKY a zůstává v ZÁBĚRU KAMERY.
fe_textbible.p3d	SMARTHINT_COMBO	MÍCHEJ ÚTOK %0:BUTTON03 a SPECIÁL %0:BUTTON04 a vytvářej jedinečná komba.\nZkus %0:BUTTON03 %0:BUTTON03 %0:BUTTON04.
fe_textbible.p3d	SMARTHINT_ATTACK_CHARGED	STISKNI a PODRŽ %0:BUTTON03 a nabij své ÚTOKY. STISKNI a PODRŽ %0:BUTTON04 a nabij SPECIÁLNÍ ÚTOKY. NABITÉ útoky dělají větší škodu, doletí dál a udeří tvrději.
fe_textbible.p3d	SMARTHINT_JUMP_CHARGED	NABÍJENÍ SKOKŮ ti umožní skákat RYCHLEJI, DÁL a VÝŠ. PODRŽ %0:BUTTON01 a NABIJ SKOK.
fe_textbible.p3d	SMARTHINT_JUMP_CHARGED_SPRINTING	NABIJ SKOK během sprintu. Provedeš DALEKÉ SKOKY - skvělé na únik před nepřáteli, před palbou nebo na rychlý přesun městem.
fe_textbible.p3d	SMARTHINT_JUMP_MULTI	NABIJ DALŠÍ SKOK už ve vzduchu. Uvolni %0:BUTTON01 při dopadu a ZŘETĚZ VÍCE SKOKŮ.
fe_textbible.p3d	SMARTHINT_COLLECTIBLE_HINT	Najdi další SBĚRATELSKÉ PŘEDMĚTY S RADAMI a získej velké odměny v EP.  Čím víc jich máš, tím větší odměna.
fe_textbible.p3d	SMARTHINT_COLLECTIBLE_LOCATION	Najdi další SBĚRATELSKÉ ORIENTAČNÍ BODY a získej velké odměny v EP.  Čím víc jich máš, tím větší odměna.
fe_textbible.p3d	SMARTHINT_ARMOURED_VEHICLE_UPGRADE	ZVÝŠIL jsi svou ÚČINNOST v OBRNĚNÝCH VOZIDLECH.
fe_textbible.p3d	SMARTHINT_HELICOPTER_UPGRADE	ZVÝŠIL jsi svou ÚČINNOST ve VRTULNÍCÍCH.
fe_textbible.p3d	SMARTHINT_JAVELIN_UPGRADE	ZVÝŠIL jsi svou ÚČINNOST s RAKETOMETEM.
fe_textbible.p3d	SMARTHINT_GRENADE_LAUNCHER_UPGRADE	ZVÝŠIL jsi svou ÚČINNOST s GRANÁTOMETEM.
fe_textbible.p3d	SMARTHINT_SAW_UPGRADE	ZVÝŠIL jsi svou ÚČINNOST s KULOMETEM.
fe_textbible.p3d	SMARTHINT_RIFLE_UPGRADE	ZVÝŠIL jsi svou ÚČINNOST s ÚTOČNOU PUŠKOU.
fe_textbible.p3d	SMARTHINT_AIR_DASH	STISKNI %0:BUTTON13 ve vzduchu a provedeš AIRDASH.  AIRDASH slouží k úhybu ve vzduchu, ke změně směru skoku nebo prostě k delšímu doletu.  AIRDASH je důležité zvládnout.
fe_textbible.p3d	SMARTHINT_DEVASTATOR	Jsi v KRITICKÉ HMOTĚ a můžeš provést drtivý útok DEVASTATOR. Jsou to tvé nejsilnější útoky - DEVASTATOR zabije většinu nepřátel jedinou ranou.
fe_textbible.p3d	SMARTHINT_WOI_TARGET_KILLED	NEZABÍJEJ CÍLE SÍTĚ. POHLŤ každý z nich a odemkni nové VZPOMÍNKY v SÍTI INTRIK. Vrať se později a zkus tento CÍL SÍTĚ znovu.
fe_textbible.p3d	SMARTHINT_WEAPON_FIRE	STISKNI %0:BUTTON12 a ZAMĚŘ NEPŘÍTELE. Stiskni %0:BUTTON03 a STŘÍLEJ.
fe_textbible.p3d	SMARTHINT_THERMAL_VISION_UNUSED	TERMOVIZE je SMYSLOVÁ SCHOPNOST, díky které vidíš NEPŘÁTELE skrz kouř a oheň.
fe_textbible.p3d	SMARTHINT_WOI_NEGLECTED	Na svobodě je deset a více CÍLŮ SÍTĚ INTRIK. POHLŤ je a odemkni další VZPOMÍNKY v SÍTI INTRIK.
fe_textbible.p3d	SMARTHINT_GLIDE_REMIND	PODRŽ SPRINT %0:BUTTON13 a pak VE VZDUCHU STISKNI SKOK %0:BUTTON01, tím provedeš PLACHTĚNÍ.
fe_textbible.p3d	SMARTHINT_HELICOPTER_ROCKETS	TENTO VRTULNÍK je vybaven RAKETAMI. RAKETY jsou skvělé na ostřelování SKUPIN NEPŘÁTEL. Rozptyl palbu po okolí a PLOŠNÝM POŠKOZENÍM zasáhni všechny nepřátele ve výbuchu.
fe_textbible.p3d	SMARTHINT_HELICOPTER_HOMING_MISSILES	TENTO VRTULNÍK je vybaven SAMONAVÁDĚCÍMI RAKETAMI. Po zaměření sledují svůj cíl se smrtící přesností.
fe_textbible.p3d	SMARTHINT_ARTILLERY_STRIKE_REFILL	POHLCENÍ VELITELE doplní MUNICI pro DĚLOSTŘELECKÝ ÚDER.
fe_textbible.p3d	SMARTHINT_POWER_SHIELD_BROKEN	Tvá SCHOPNOST ŠTÍT utrpěla PŘÍLIŠ VELKÉ POŠKOZENÍ a je dočasně ROZBITÁ. ŠTÍT bude NEFUNKČNÍ, dokud se NEREGENERUJE.
fe_textbible.p3d	SMARTHINT_POWER_SHIELD_HEALED	Tvá SCHOPNOST ŠTÍT se REGENEROVALA a znovu tě ochrání před poškozením.
fe_textbible.p3d	DISGUISE_ACTION_ARTILLERY_STRIKE_FAIL_NOT_READY	DĚLOSTŘELECKÝ ÚDER je teď nedostupný.
fe_textbible.p3d	DISGUISE_ACTION_ARTILLERY_STRIKE_FAIL_NO_AMMO	Nemáš MUNICI pro DĚLOSTŘELECKÝ ÚDER. POHLŤ VELITELE a doplň si MUNICI.
fe_textbible.p3d	DISGUISE_ACTION_ARTILLERY_STRIKE_FAIL_DEFAULT	Chceš-li přivolat DĚLOSTŘELECKÝ ÚDER, nejdřív ZAMĚŘ NEPŘÍTELE v platném VOJENSKÉM PŘEVLEKU.  Pak stiskni %0:BUTTON11 a otevři MENU PŘEVLEKU.
fe_textbible.p3d	DISGUISE_ACTION_PATSY_FAIL_OUT_OF_RANGE	Musíš být BLÍŽ k CÍLI, abys spustil OBĚTNÍHO BERÁNKA.
fe_textbible.p3d	DISGUISE_ACTION_PATSY_FAIL_RECHARGING	Musíš počkat, než znovu použiješ OBĚTNÍHO BERÁNKA.
fe_textbible.p3d	DISGUISE_ACTION_PATSY_FAIL_DEFAULT	Musíš ZAMĚŘIT %0:BUTTON12 ČLOVĚKA v platném VOJENSKÉM PŘEVLEKU, abys spustil OBĚTNÍHO BERÁNKA.
fe_textbible.p3d	DISGUISE_ACTION_STEALTH_CONSUME_FAIL_SEEN	NENÁPADNĚ POHLTIT CÍL nemůžeš, když tě někdo SLEDUJE.
fe_textbible.p3d	DISGUISE_ACTION_STEALTH_CONSUME_FAIL_DEFAULT	Pro NENÁPADNÉ POHLCENÍ musíš být ZA LIDSKÝM NEPŘÍTELEM a NESPATŘEN armádou.
fe_textbible.p3d	META_DISTRICT_1	West Harlem
fe_textbible.p3d	META_DISTRICT_2	East Harlem
fe_textbible.p3d	META_DISTRICT_3	Upper West Side
fe_textbible.p3d	META_DISTRICT_4	Central Park
fe_textbible.p3d	META_DISTRICT_5	Upper East Side
fe_textbible.p3d	META_DISTRICT_6	Midtown West
fe_textbible.p3d	META_DISTRICT_7	Times Square
fe_textbible.p3d	META_DISTRICT_8	Midtown East
fe_textbible.p3d	META_DISTRICT_9	Chelsea
fe_textbible.p3d	META_DISTRICT_10	Gramercy
fe_textbible.p3d	META_DISTRICT_11	Greenwich
fe_textbible.p3d	META_DISTRICT_12	East Village
fe_textbible.p3d	META_DISTRICT_13	SoHo
fe_textbible.p3d	META_DISTRICT_14	Little Italy
fe_textbible.p3d	META_DISTRICT_15	Lower East Side
fe_textbible.p3d	META_DISTRICT_16	Chinatown
fe_textbible.p3d	META_DISTRICT_17	Financial
fe_textbible.p3d	10_SEC_WARNING	ZBÝVÁ 10 SEKUND
fe_textbible.p3d	1_MIN_WARNING	ZBÝVÁ 1 MINUTA
fe_textbible.p3d	2_MIN_WARNING	ZBÝVAJÍ 2 MINUTY
fe_textbible.p3d	30_SEC_WARNING	ZBÝVÁ 30 SEKUND
fe_textbible.p3d	5_MIN_WARNING	ZBÝVÁ 5 MINUT
fe_textbible.p3d	bwabr	VELITEL TANKU BLACKWATCH
fe_textbible.p3d	bwbhk	PILOT TRANSPORTÉRU BLACKWATCH
fe_textbible.p3d	bwbra	VELITEL APC BLACKWATCH
fe_textbible.p3d	bwgsp	PILOT BITEVNÍKU BLACKWATCH
fe_textbible.p3d	bwhqa	VELITELSTVÍ BLACKWATCH
fe_textbible.p3d	lim	KAPITÁN LIM
fe_textbible.p3d	bwmls	VELITEL MLRS BLACKWATCH
fe_textbible.p3d	bwagent	AGENT BLACKWATCH
fe_textbible.p3d	bwoff	VELITEL BLACKWATCH
fe_textbible.p3d	bwtra	VOJÁK BLACKWATCH
fe_textbible.p3d	contact	KONTAKT
fe_textbible.p3d	karen	KAREN PARKER
fe_textbible.p3d	LOADLASTSAVE	NAČÍST ULOŽENOU HRU
fe_textbible.p3d	maabr	VELITEL TANKU MARINE
fe_textbible.p3d	mabcm	VELENÍ ZÁKLADNY MARINE
fe_textbible.p3d	mabhk	PILOT TRANSPORTÉRU MARINE
fe_textbible.p3d	mabra	VELITEL APC MARINE
fe_textbible.p3d	maf35	PILOT STÍHAČKY MARINE
fe_textbible.p3d	magsp	PILOT BITEVNÍKU MARINE
fe_textbible.p3d	mahqb	DŮSTOJNÍK VELITELSTVÍ MARINE
fe_textbible.p3d	mahqa	SPOJOVACÍ DŮSTOJNÍK VELITELSTVÍ MARINE
fe_textbible.p3d	mamls	VELITEL MLRS MARINE
fe_textbible.p3d	maoff	DŮSTOJNÍK MARINE
fe_textbible.p3d	mar	MARINE
fe_textbible.p3d	MISSION_COMPLETE	MISE SPLNĚNA
fe_textbible.p3d	MISSION_FAILED	MISE SELHALA
fe_textbible.p3d	MISSION_OBJECTIVE	CÍL MISE
fe_textbible.p3d	MISSION_ACQUISITION	PŘEVZETÍ MISE
fe_textbible.p3d	nydisp	POLICEJNÍ DISPEČINK
fe_textbible.p3d	nypd	POLICISTA
fe_textbible.p3d	OBJECTIVE_COMPLETE	CÍL SPLNĚN
fe_textbible.p3d	OBJECTIVE_NEW	NOVÝ CÍL
fe_textbible.p3d	R3_CANCEL	%0:BUTTON07 VYBRAT
fe_textbible.p3d	POWERS_ATTACK_CLAW	DRÁPY
fe_textbible.p3d	POWERS_ATTACK_HAMMER	KLADIVOVÉ PĚSTI
fe_textbible.p3d	POWERS_ATTACK_MUSCLE	SVALOVÁ HMOTA
fe_textbible.p3d	POWERS_ATTACK_WHIP	BIČOVÁ PĚST
fe_textbible.p3d	POWERS_DEFENCE_ARMOUR	PANCÍŘ
fe_textbible.p3d	POWERS_DEFENCE_CHAMELEON	CHAMELEONÍ KŮŽE
fe_textbible.p3d	POWERS_DEFENCE_SHIELD	ŠTÍT
fe_textbible.p3d	POWERS_DISGUISE_DEFAULT	PŘEVLEK
fe_textbible.p3d	POWERS_VISION_BLADES	ČEPEL
fe_textbible.p3d	POWERS_VISION_MOTHER	VIZE NAKAŽENÝCH
fe_textbible.p3d	POWERS_VISION_THERMAL	TERMOVIZE
fe_textbible.p3d	p_ctf	CHODKYNĚ
fe_textbible.p3d	p_ctm	CHODEC
fe_textbible.p3d	p_erm	CHODEC
fe_textbible.p3d	p_fdf	CHODKYNĚ
fe_textbible.p3d	p_fdm	CHODEC
fe_textbible.p3d	p_ham	CHODEC
fe_textbible.p3d	p_hlf	CHODKYNĚ
fe_textbible.p3d	p_mtf	CHODKYNĚ
fe_textbible.p3d	p_mtm	CHODEC
fe_textbible.p3d	p_suf	CHODKYNĚ
fe_textbible.p3d	p_uem	CHODEC
fe_textbible.p3d	p_uwm	CHODEC
fe_textbible.p3d	QUITFREEROAM	ZPĚT DO VOLNÉHO POHYBU
fe_textbible.p3d	QUITTOMENU	ZPĚT DO HLAVNÍHO MENU
fe_textbible.p3d	QUITDESKTOP	UKONČIT HRU
fe_textbible.p3d	ragland	DR. RAGLAND
fe_textbible.p3d	RESTORECHECKPOINT	OBNOVIT KONTROLNÍ BOD
fe_textbible.p3d	ABORTMISSION	ZRUŠIT MISI
fe_textbible.p3d	RETRYMISSION	ZNOVU
fe_textbible.p3d	RESTARTEVENT	RESTART UDÁLOSTI
fe_textbible.p3d	ABORTEVENT	ZRUŠIT UDÁLOST
fe_textbible.p3d	STEALTH_CONSUME	NENÁPADNÉ POHLCENÍ
fe_textbible.p3d	PATSY	OBĚTNÍ BERÁNEK
fe_textbible.p3d	ARTILLERY_STRIKE	DĚLOSTŘELECKÝ ÚDER
fe_textbible.p3d	DISGUISE_ACTION_LABEL_LOCKED	SCHOPNOST ZAMČENA
fe_textbible.p3d	DISGUISE_ACTION_HINT_LOCKED	-
fe_textbible.p3d	susol	SUPERVOJÁK
fe_textbible.p3d	WORLD_BOUNDARY_HELI_WARNING_1	VAROVÁNÍ - OPOUŠTÍŠ KARANTÉNNÍ ZÓNU MANHATTAN
fe_textbible.p3d	WORLD_BOUNDARY_HELI_WARNING_2	POSLEDNÍ VAROVÁNÍ
fe_textbible.p3d	WORLD_BOUNDARY_HELI_BACK	DĚKUJEME ZA SPOLUPRÁCI
fe_textbible.p3d	WORLD_BOUNDARY_HELI_SHOT	VRTULNÍK SESTŘELEN
fe_textbible.p3d	STRIKE_TEAM_DESTROYED_PLAYER	ÚDERNÝ TÝM ZNIČEN
fe_textbible.p3d	STRIKE_TEAM_EVADED_PLAYER	ÚDERNÝ TÝM SETŘESEN
fe_textbible.p3d	EVENT_TYPE_LOCO	POHYB
fe_textbible.p3d	EVENT_TYPE_KILL	ZABÍJENÍ
fe_textbible.p3d	EVENT_TYPE_GLIDE	PLACHTĚNÍ
fe_textbible.p3d	EVENT_TYPE_WAR	VÁLKA
fe_textbible.p3d	EVENT_TYPE_OPPORTUNITY	POHLCENÍ
fe_textbible.p3d	MILITARY_CONSUME_EVENT	UDÁLOST POHLCENÍ VOJÁKŮ
fe_textbible.p3d	INFECTED_CONSUME_EVENT	UDÁLOST POHLCENÍ NAKAŽENÝCH
fe_textbible.p3d	EVENT_GLIDE_BEYOND_TARGET_RANGE	PŘÍLIŠ DALEKO OD CÍLE
fe_textbible.p3d	CHECKPOINT_SAVED	KONTROLNÍ BOD DOSAŽEN
fe_textbible.p3d	EVENT_OPP_BASE_INFILTRATE_TANK_OVERVIEW	V nedaleké ZÁKLADNĚ je INSTRUKTOR OBRNĚNÉ TECHNIKY. POHLŤ HO a zvýšíš Alexovy ŘIDIČSKÉ DOVEDNOSTI.
fe_textbible.p3d	EVENT_OPP_WOI_TARGETS_DEAD	POHLCENO PŘÍLIŠ MÁLO CÍLŮ
fe_textbible.p3d	EVENT_OPP_SCIENTISTS_OVERVIEW	VĚDCI BLACKWATCH jsou nasazeni v terénu. POHLŤ je a odhal polohu KLÍČOVÉ POSTAVY SPIKNUTÍ.
fe_textbible.p3d	EVENT_OPP_SCIENTISTS_OVERVIEW2	VĚDCI BLACKWATCH jsou nasazeni v terénu. POHLŤ jich dost a odhal polohu KAREN PARKER.
fe_textbible.p3d	EVENT_OPP_BASE_BREACHED	PRŮNIK DO VOJENSKÉ ZÁKLADNY
fe_textbible.p3d	EVENT_TYPE_LOCO_HIGH_SCORE_LABEL	NEJLEPŠÍ ČAS
fe_textbible.p3d	EVENT_TYPE_KILL_HIGH_SCORE_LABEL	REKORD
fe_textbible.p3d	EVENT_TYPE_GLIDE_HIGH_SCORE_LABEL	NEJKRATŠÍ VZDÁLENOST
fe_textbible.p3d	EVENT_TYPE_WAR_HIGH_SCORE_LABEL	REKORD
fe_textbible.p3d	EVENT_TYPE_OPPORTUNITY_HIGH_SCORE_LABEL	REKORD
fe_textbible.p3d	EVENT_TYPE_COLLECTIBLE_HIGH_SCORE_LABEL	REKORD
fe_textbible.p3d	EVENT_TYPE_LOCO_CURRENT_SCORE_LABEL	ČAS
fe_textbible.p3d	EVENT_TYPE_KILL_CURRENT_SCORE_LABEL	SKÓRE
fe_textbible.p3d	EVENT_TYPE_GLIDE_CURRENT_SCORE_LABEL	VZDÁLENOST
fe_textbible.p3d	EVENT_TYPE_WAR_CURRENT_SCORE_LABEL	SKÓRE
fe_textbible.p3d	EVENT_TYPE_OPPORTUNITY_CURRENT_SCORE_LABEL	SKÓRE
fe_textbible.p3d	EVENT_TYPE_COLLECTIBLE_CURRENT_SCORE_LABEL	SKÓRE
fe_textbible.p3d	EP_REWARD	ODMĚNA EP
fe_textbible.p3d	EVENT_OPPORTUNITY_DESCRIPTION	Přehled
fe_textbible.p3d	EVENT_OPPORTUNITY_OBJECTIVES	Cíle
fe_textbible.p3d	EVENT_OPPORTUNITY_REWARDS	Odměny
fe_textbible.p3d	EVENT_OPPORTUNITY_TIME_LIMIT	Časový limit
fe_textbible.p3d	EVENT_OPPORTUNITY_DIFFICULTY	Obtížnost
fe_textbible.p3d	EP_TOTAL	CELKEM EP
fe_textbible.p3d	EP	%1:NUMBER EP
fe_textbible.p3d	ALLIANCE	SPOJENECTVÍ
fe_textbible.p3d	NEXT_ALLIANCE	DALŠÍ SPOJENECTVÍ
fe_textbible.p3d	EVENT_LOCO_SYNOPSIS	Otestuj své pohybové dovednosti a projeď VŠEMI BODY TRASY co nejrychleji.
fe_textbible.p3d	EVENT_TYPE_LOCO_TUTORIAL	Projeď BODY TRASY co NEJRYCHLEJI. MEDAILE se UDĚLUJÍ podle celkového ČASU.
fe_textbible.p3d	EVENT_LOCO_MID_WAYPOINT	Pokračuj k DALŠÍMU BODU TRASY.
fe_textbible.p3d	EVENT_LOCO_END_WAYPOINT	Pokračuj k POSLEDNÍMU BODU TRASY.
fe_textbible.p3d	EVENT_LOCO_TOO_SLOW	ČAS VYPRŠEL
fe_textbible.p3d	EVENT_CANCELLED	UDÁLOST ZRUŠENA
fe_textbible.p3d	EVENT_MEDAL_NONE	NIC NOVÉHO: 
fe_textbible.p3d	EVENT_DATA_NULL	----
fe_textbible.p3d	EVENT_SKIP_PRESENTATION	PŘESKOČIT
fe_textbible.p3d	EVENT_BRONZE	BRONZ
fe_textbible.p3d	EVENT_SILVER	STŘÍBRO
fe_textbible.p3d	EVENT_GOLD	ZLATO
fe_textbible.p3d	EVENT_PLATINUM	PLATINA
fe_textbible.p3d	EVENT_MEDAL_AWARDED	ZÍSKÁNA MEDAILE %1:STRING
fe_textbible.p3d	EVENT_BEST_MEDAL	NEJLEPŠÍ MEDAILE
fe_textbible.p3d	EVENT_GO	START
fe_textbible.p3d	EVENT_WAR_SYNOPSIS	Uzavři DOČASNÉ SPOJENECTVÍ a BOJUJ proti SPOLEČNÉMU NEPŘÍTELI.
fe_textbible.p3d	EVENT_TYPE_WAR_MILITARY_TUTORIAL	Bojuj po boku VOJENSKÝCH SPOJENCŮ a PORAZ NAKAŽENÉ.  Pokud všichni VOJENŠTÍ SPOJENCI ZEMŘOU, bitva je PROHRANÁ.
fe_textbible.p3d	EVENT_WAR_MILITARY_ALLY_INTRO	Vzniklo dočasné VOJENSKÉ SPOJENECTVÍ. ZABÍJEJ NAKAŽENÉ a CHRAŇ VOJÁKY.
fe_textbible.p3d	EVENT_WAR_INFECTED_ALLY_INTRO	Vzniklo dočasné SPOJENECTVÍ S NAKAŽENÝMI. ZABÍJEJ VOJÁKY a CHRAŇ NAKAŽENÉ.
fe_textbible.p3d	EVENT_WAR_DISGUISED_INTRO	VOJENSKÝ PŘEVLEK nasazen. ZABÍJEJ NAKAŽENÉ a CHRAŇ VOJÁKY. UDRŽ SI PŘEVLEK.
fe_textbible.p3d	EVENT_WAR_MILITARY_ALLY	VOJENSKÝ SPOJENEC
fe_textbible.p3d	EVENT_WAR_INFECTED_ALLY	NAKAŽENÝ SPOJENEC
fe_textbible.p3d	EVENT_GLIDE_SYNOPSIS	PLACHTI a přistaň co nejblíž ke ZNAČCE.
fe_textbible.p3d	EVENT_TYPE_GLIDE_TUTORIAL	PLACHTI a přistaň co nejblíž ke ZNAČCE.
fe_textbible.p3d	EVENT_START	START UDÁLOSTI
fe_textbible.p3d	EVENT_START_MILITARY	HRÁT ZA ARMÁDU
fe_textbible.p3d	EVENT_START_INFECTED	HRÁT ZA NAKAŽENÉ
fe_textbible.p3d	EVENT_START_DISGUISED	HRÁT V PŘEVLEKU
fe_textbible.p3d	EVENT_COMPLETE	UDÁLOST SPLNĚNA
fe_textbible.p3d	EVENT_FAILED	UDÁLOST SELHALA
fe_textbible.p3d	EVENT_FIREARMS_SYNOPSIS	ZABIJ co nejvíc NEPŘÁTEL v ČASOVÉM LIMITU.\nPOUŽÍVEJ JEN PŘIDĚLENOU ZBRAŇ.
fe_textbible.p3d	EVENT_TYPE_KILL_TUTORIAL	Vhodnou ZBRANÍ, SCHOPNOSTÍ nebo VOZIDLEM ZABIJ co nejvíc NEPŘÁTEL v ČASOVÉM LIMITU.  VĚTŠÍ NEPŘÁTELÉ mají VĚTŠÍ HODNOTU.
fe_textbible.p3d	EVENT_FIREARMS_INFECTED	ZABIJ co nejvíc NAKAŽENÝCH v ČASOVÉM LIMITU. Používej jen přidělenou ZBRAŇ.
fe_textbible.p3d	EVENT_FIREARMS_MILITARY	ZABIJ co nejvíc VOJENSKÉHO PERSONÁLU v ČASOVÉM LIMITU. Používej jen přidělenou ZBRAŇ.
fe_textbible.p3d	EVENT_TYPE_OPPORTUNITY_TUTORIAL	PLŇ POKYNY a získej VELKOU ODMĚNU V EP.
fe_textbible.p3d	EVENT_TYPE_COLLECTIBLE_TUTORIAL	Najdi ve městě všechny SBĚRATELSKÉ ORIENTAČNÍ BODY a RADY.
fe_textbible.p3d	EVENT_VIEW_TUTORIAL	PŘEPNOUT NÁVOD
fe_textbible.p3d	EVENT_EXIT	ODEJÍT
fe_textbible.p3d	EVENT_REPLAY	HRÁT ZNOVU
fe_textbible.p3d	EVENT_REPLAY_MILITARY	ZNOVU ZA ARMÁDU
fe_textbible.p3d	EVENT_REPLAY_INFECTED	ZNOVU ZA NAKAŽENÉ
fe_textbible.p3d	EVENT_REPLAY_DISGUISED	ZNOVU V PŘEVLEKU
fe_textbible.p3d	1_1_MISSION_NAME	VZPOMÍNKA VE SMRTI
fe_textbible.p3d	1_1_ACQUISITION_STRING	VZPOMÍNKA VE SMRTI
fe_textbible.p3d	1_2_MISSION_NAME	NEČEKANÁ RODINA
fe_textbible.p3d	1_2_ACQUISITION_STRING	NEČEKANÁ RODINA
fe_textbible.p3d	2_1_MISSION_NAME	MINULOST A PŘÍTOMNOST
fe_textbible.p3d	2_1_ACQUISITION_STRING	MINULOST A PŘÍTOMNOST
fe_textbible.p3d	2_2_MISSION_NAME	ZA SKLEM
fe_textbible.p3d	2_2_ACQUISITION_STRING	ZA SKLEM\nJdi do Danina úkrytu.
fe_textbible.p3d	2_5_MISSION_NAME	PŘEKŘÍŽENÍ T
fe_textbible.p3d	2_5_ACQUISITION_STRING	PŘEKŘÍŽENÍ T
fe_textbible.p3d	3_1_MISSION_NAME	KOLA NÁHODY
fe_textbible.p3d	3_1_ACQUISITION_STRING	KOLA NÁHODY\nJdi do Danina úkrytu.
fe_textbible.p3d	3_2_MISSION_NAME	NOVÝ ŘÁD
fe_textbible.p3d	3_2_ACQUISITION_STRING	NOVÝ ŘÁD\nJdi do laboratoře Karen Parker.
fe_textbible.p3d	3_3_MISSION_NAME	OBNAŽENÝ SVĚT
fe_textbible.p3d	3_3_ACQUISITION_STRING	OBNAŽENÝ SVĚT\nJdi do laboratoře Karen Parker.
fe_textbible.p3d	4_1_MISSION_NAME	OTEVŘENÉ SPIKNUTÍ
fe_textbible.p3d	4_1_ACQUISITION_STRING	OTEVŘENÉ SPIKNUTÍ\nJdi do Danina úkrytu.
fe_textbible.p3d	4_2_MISSION_NAME	V SÍTI
fe_textbible.p3d	4_2_ACQUISITION_STRING	V SÍTI\nJdi do Danina úkrytu.
fe_textbible.p3d	4_3_MISSION_NAME	ZMĚNĚNÝ SVĚT
fe_textbible.p3d	4_3_ACQUISITION_STRING	ZMĚNĚNÝ SVĚT\nJdi do Danina úkrytu.
fe_textbible.p3d	4_4_MISSION_NAME	POSLÍČEK
fe_textbible.p3d	4_4_ACQUISITION_STRING	POSLÍČEK\nVrať se do laboratoře Karen Parker a zkontroluj její pokrok.
fe_textbible.p3d	4_5_MISSION_NAME	ZPOVĚDI
fe_textbible.p3d	4_5_ACQUISITION_STRING	ZPOVĚDI\nJdi do Danina úkrytu.
fe_textbible.p3d	5_1_MISSION_NAME	POD NOŽEM
fe_textbible.p3d	5_1_ACQUISITION_STRING	POD NOŽEM\nJdi do márnice Dr. Raglanda.
fe_textbible.p3d	5_2_MISSION_NAME	UKRADENÉ TĚLO
fe_textbible.p3d	5_2_ACQUISITION_STRING	UKRADENÉ TĚLO\nJdi do márnice Dr. Raglanda.
fe_textbible.p3d	5_3_MISSION_NAME	BIOLOGICKÝ IMPERATIV
fe_textbible.p3d	5_3_ACQUISITION_STRING	BIOLOGICKÝ IMPERATIV\nJdi do márnice Dr. Raglanda.
fe_textbible.p3d	6_1_MISSION_NAME	DVEŘE VE ZDI
fe_textbible.p3d	6_1_ACQUISITION_STRING	DVEŘE VE ZDI\nJdi do Danina úkrytu.
fe_textbible.p3d	6_2_MISSION_NAME	PRVNÍ A POSLEDNÍ VĚCI
fe_textbible.p3d	6_2_ACQUISITION_STRING	PRVNÍ A POSLEDNÍ VĚCI\nJdi do márnice Dr. Raglanda.
fe_textbible.p3d	6_6_MISSION_NAME	!!MISSING A NAME!!
fe_textbible.p3d	6_6_ACQUISITION_STRING	!!MISSING A NAME!!\nJdi do márnice Dr. Raglanda.
fe_textbible.p3d	6_3_MISSION_NAME	PRVNÍ MONSTRUM
fe_textbible.p3d	6_3_ACQUISITION_STRING	PRVNÍ MONSTRUM\nJdi do márnice Dr. Raglanda.
fe_textbible.p3d	6_4_MISSION_NAME	TVORBA BUDOUCNOSTI
fe_textbible.p3d	6_4_ACQUISITION_STRING	TVORBA BUDOUCNOSTI\nJdi k vojenské základně.
fe_textbible.p3d	6_5_MISSION_NAME	DĚTI BLACKLIGHTU
fe_textbible.p3d	6_5_ACQUISITION_STRING	DĚTI BLACKLIGHTU\nPOSTAV SE ELIZABETH GREENE
fe_textbible.p3d	7_1_MISSION_NAME	LIDÉ JAKO BOHOVÉ
fe_textbible.p3d	7_1_ACQUISITION_STRING	LIDÉ JAKO BOHOVÉ\nJdi k telefonní budce Kontaktu.
fe_textbible.p3d	7_2_MISSION_NAME	SEN O ARMAGEDONU
fe_textbible.p3d	7_2_ACQUISITION_STRING	SEN O ARMAGEDONU\nJdi k telefonní budce Kontaktu.
fe_textbible.p3d	7_4_MISSION_NAME	ŠOK A HRŮZA
fe_textbible.p3d	7_4_ACQUISITION_STRING	ŠOK A HRŮZA\nJdi k telefonní budce Kontaktu.
fe_textbible.p3d	8_2_MISSION_NAME	OSVOBOZENÝ SVĚT
fe_textbible.p3d	8_2_ACQUISITION_STRING	OSVOBOZENÝ SVĚT\nJdi k telefonní budce Kontaktu.
fe_textbible.p3d	8_3_MISSION_NAME	CO PŘIJDE
fe_textbible.p3d	8_3_ACQUISITION_STRING	CO PŘIJDE\nAktivuj pumpu Bloodtox.
fe_textbible.p3d	8_4_MISSION_NAME	INSTINKTEM
fe_textbible.p3d	8_4_ACQUISITION_STRING	INSTINKTEM\nPORAZ ELIZABETH GREENE
fe_textbible.p3d	9_1_MISSION_NAME	POSLEDNÍ ČLOVĚK
fe_textbible.p3d	9_1_ACQUISITION_STRING	POSLEDNÍ ČLOVĚK\nJdi na vyhlídku.
fe_textbible.p3d	9_3_MISSION_NAME	DVĚ JÍZDENKY
fe_textbible.p3d	9_3_ACQUISITION_STRING	DVĚ VSTUPENKY\nJdi na vyhlídku.
fe_textbible.p3d	10_4_MISSION_NAME	TISÍC SLUNCÍ
fe_textbible.p3d	10_4_ACQUISITION_STRING	TISÍC SLUNCÍ\nPORAZ NEJVYŠŠÍHO LOVCE
fe_textbible.p3d	11_1_MISSION_NAME	KONCOVKA
fe_textbible.p3d	ACQUISITION_ENEMIES	NEPŘÁTELÉ jsou BLÍZKO. UNIKNI jim nebo je PORAZ, než začneš MISI.
fe_textbible.p3d	ACQUISITION_GATEDMOVE_E02M02	Otevři menu VYLEPŠENÍ %0:BUTTON09 a KUP si vylepšení DIVEROLL, abys ZAČAL tuto MISI.
fe_textbible.p3d	ACQUISITION_GATEDMOVE_E03M01	Otevři menu VYLEPŠENÍ %0:BUTTON09 a KUP si vylepšení NENÁPADNÉ POHLCENÍ, abys ZAČAL tuto MISI.
fe_textbible.p3d	ACQUISITION_GATEDMOVE_E03M02	Otevři menu VYLEPŠENÍ %0:BUTTON09 a KUP si vylepšení AIRDASH, abys ZAČAL tuto MISI.
fe_textbible.p3d	ACQUISITION_GATEDMOVE_E04M01	Otevři menu VYLEPŠENÍ %0:BUTTON09 a KUP si vylepšení PLACHTĚNÍ, abys ZAČAL tuto MISI.
fe_textbible.p3d	ACQUISITION_GATEDMOVE_E04M02	Otevři menu VYLEPŠENÍ %0:BUTTON09 a KUP si vylepšení SPRINT, abys ZAČAL tuto MISI.
fe_textbible.p3d	ACQUISITION_GATEDMOVE_E04M03	Otevři menu VYLEPŠENÍ %0:BUTTON09 a KUP si vylepšení KRITICKÁ HMOTA, abys ZAČAL tuto MISI.
fe_textbible.p3d	ACQUISITION_GATEDMOVE_E04M04	Otevři menu VYLEPŠENÍ %0:BUTTON09 a KUP si VYLEPŠENÍ SKOKU 1, abys ZAČAL tuto MISI.
fe_textbible.p3d	ACQUISITION_GATEDMOVE_E05M01	Otevři menu VYLEPŠENÍ %0:BUTTON09 a KUP si vylepšení RÁZOVÁ VLNA PĚSTÍ, abys ZAČAL tuto MISI.
fe_textbible.p3d	ACQUISITION_GATEDMOVE_E06M01	Otevři menu VYLEPŠENÍ %0:BUTTON09 a KUP si vylepšení DEVASTATOR PŘÍVAL CHAPADEL, abys ZAČAL tuto MISI.
fe_textbible.p3d	BUTTONHINT_START_MISSION	ZAČÍT MISI
fe_textbible.p3d	BUTTONHINT_ENTER_BASE	DO ZÁKLADNY
fe_textbible.p3d	EXIT_BASE	ZE ZÁKLADNY
fe_textbible.p3d	BASE_IN_ALERT	UKONČI POPLACH, než vstoupíš do ZÁKLADNY.
fe_textbible.p3d	BASE_NEED_VALID_DISGUISE	Nutný PLATNÝ PŘEVLEK VELITELE a KLÍČ K ZÁKLADNĚ.
fe_textbible.p3d	EVENT_COMPLETE_RECORD_KILL_INFO	UDÁLOST SPLNĚNA s NOVÝM REKORDEM %1:NUMBER zabití.
fe_textbible.p3d	EVENT_COMPLETE_KILL_INFO	UDÁLOST SPLNĚNA s %1:NUMBER zabitími.
fe_textbible.p3d	EVENT_COMPLETE_RECORD_DISTANCE_INFO	UDÁLOST SPLNĚNA s NOVÝM REKORDEM %1:FLOATSHORT metrů.
fe_textbible.p3d	EVENT_COMPLETE_DISTANCE_INFO	UDÁLOST SPLNĚNA s %1:FLOATSHORT metry.
fe_textbible.p3d	EVENT_COMPLETE_RECORD_TIME_INFO	UDÁLOST SPLNĚNA v NOVÉM REKORDU %1:FLOATSHORT sekund.
fe_textbible.p3d	EVENT_COMPLETE_TIME_INFO	UDÁLOST SPLNĚNA za %1:FLOATSHORT sekund.
fe_textbible.p3d	EVENT_POWERS_INFECTED_CLAWS	ZABIJ co nejvíc NAKAŽENÝCH v ČASOVÉM LIMITU.  Používej jen DRÁPY.
fe_textbible.p3d	EVENT_POWERS_MILITARY_CLAWS	ZABIJ co nejvíc VOJENSKÉHO PERSONÁLU v ČASOVÉM LIMITU.  Používej jen DRÁPY.
fe_textbible.p3d	EVENT_POWERS_INFECTED_HAMMERFIST	ZABIJ co nejvíc NAKAŽENÝCH v ČASOVÉM LIMITU.  Používej jen KLADIVOVÉ PĚSTI.
fe_textbible.p3d	EVENT_POWERS_MILITARY_HAMMERFIST	ZABIJ co nejvíc VOJENSKÉHO PERSONÁLU v ČASOVÉM LIMITU.  Používej jen KLADIVOVÉ PĚSTI.
fe_textbible.p3d	EVENT_POWERS_INFECTED_BLADES	ZABIJ co nejvíc NAKAŽENÝCH v ČASOVÉM LIMITU jen pomocí ČEPELÍ.
fe_textbible.p3d	EVENT_POWERS_MILITARY_WHIPFIST	ZABIJ co nejvíc VOJENSKÉHO PERSONÁLU v ČASOVÉM LIMITU.  Používej jen BIČOVOU PĚST.
fe_textbible.p3d	EVENT_POWERS_INFECTED_WHIPFIST	ZABIJ co nejvíc NAKAŽENÝCH v ČASOVÉM LIMITU.  Používej jen BIČOVOU PĚST.
fe_textbible.p3d	EVENT_POWERS_MILITARY_BLADES	ZABIJ co nejvíc VOJENSKÉHO PERSONÁLU v ČASOVÉM LIMITU.  Používej jen ČEPELE.
fe_textbible.p3d	EVENT_OPP_TITLE	UDÁLOSTI POHLCENÍ
fe_textbible.p3d	EVENT_COLLECTIBLES_SCIENTISTS_REWARD	Všichni VĚDCI BLACKWATCH byli pohlceni. Současná poloha KAREN PARKER byla odhalena. JDI k CÍLI označenému na MAPĚ.
fe_textbible.p3d	STRIKE_TEAMS_SUPPRESS_ON	ÚDERNÉ TÝMY POTLAČENY
fe_textbible.p3d	STRIKE_TEAMS_SUPPRESS_OFF	ÚDERNÉ TÝMY AKTIVNÍ
fe_textbible.p3d	WATER_TOWERS_SUPPRESS_ON	NAKAŽENÉ VODÁRNY NEAKTIVNÍ
fe_textbible.p3d	WATER_TOWERS_SUPPRESS_OFF	NAKAŽENÉ VODÁRNY AKTIVNÍ
fe_textbible.p3d	EVENT_OUT_OF_AREA	MIMO OBLAST UDÁLOSTI
fe_textbible.p3d	EVENT_DEACTIVATING_IN_5	5 SEKUND do DEAKTIVACE
fe_textbible.p3d	EVENT_DEACTIVATING_IN_4	4 SEKUNDY do DEAKTIVACE
fe_textbible.p3d	EVENT_DEACTIVATING_IN_3	3 SEKUNDY do DEAKTIVACE
fe_textbible.p3d	EVENT_DEACTIVATING_IN_2	2 SEKUNDY do DEAKTIVACE
fe_textbible.p3d	EVENT_DEACTIVATING_IN_1	1 SEKUNDA do DEAKTIVACE
fe_textbible.p3d	EVENT_OPPORTUNITY_COMPLETE	UDÁLOST SPLNĚNA
fe_textbible.p3d	EVENT_OPPORTUNITY_FAILED	PŘÍLEŽITOST SELHALA
fe_textbible.p3d	EVENT_POWERS_SYNOPSIS	ZABIJ co nejvíc NEPŘÁTEL v ČASOVÉM LIMITU.\nPoužívej jen AKTIVOVANOU SCHOPNOST.
fe_textbible.p3d	EVENT_VEHICLES_SYNOPSIS	ZABIJ co nejvíc NEPŘÁTEL v ČASOVÉM LIMITU.\nPoužívej jen dodané VOZIDLO.
fe_textbible.p3d	EVENT_VEHICLES_INFECTED_HELI	ZABIJ co nejvíc NAKAŽENÝCH v ČASOVÉM LIMITU.\nPoužívej jen dodaný BITEVNÍ VRTULNÍK.
fe_textbible.p3d	EVENT_VEHICLES_MILITARY_HELI	ZABIJ co nejvíc VOJÁKŮ v ČASOVÉM LIMITU.\nPoužívej jen dodaný BITEVNÍ VRTULNÍK.
fe_textbible.p3d	EVENT_VEHICLES_INFECTED_TANK	ZABIJ co nejvíc NAKAŽENÝCH v ČASOVÉM LIMITU.\nPoužívej jen dodané OBRNĚNÉ VOZIDLO.
fe_textbible.p3d	EVENT_VEHICLES_MILITARY_TANK	ZABIJ co nejvíc VOJÁKŮ v ČASOVÉM LIMITU.\nPoužívej jen dodané OBRNĚNÉ VOZIDLO.
fe_textbible.p3d	EVENT_VEHICLES_DESTROYED_VEHICLE	VOZIDLO ZNIČENO
fe_textbible.p3d	EVENT_VEHICLES_ABANDONED_VEHICLE	VOZIDLO OPUŠTĚNO
fe_textbible.p3d	EVENT_FIREARMS_DROPPED_GUN	ZBRAŇ ODHOZENA
fe_textbible.p3d	EVENT_POWERS_CHANGED_FORM	SCHOPNOST ZMĚNĚNA
fe_textbible.p3d	SNIFFER_SABOTAGE_DESTROYED	VIROVÝ DETEKTOR ZNIČEN
fe_textbible.p3d	SNIFFER_SABOTAGE_SUCCESSFUL	VIROVÝ DETEKTOR SABOTOVÁN
fe_textbible.p3d	SNIFFER_SABOTAGE_BAD_BUTTON_PRESS	NEÚSPĚCH - ŠPATNÁ SEKVENCE
fe_textbible.p3d	SNIFFER_SABOTAGE_FAILED_INTERRUPTED	NEÚSPĚCH - SABOTÁŽ PŘERUŠENA
fe_textbible.p3d	SNIFFER_SABOTAGE_FAILED_SLOW	NEÚSPĚCH - ZADÁVEJ SEKVENCI RYCHLEJI
fe_textbible.p3d	EVENT_OPP_BASE_DESTROY_OVERVIEW	Nedaleká VOJENSKÁ ZÁKLADNA shromáždila jednotky k postupu hlouběji do města. ZNIČ ZÁKLADNU, než stihnou opevnit oblast.
fe_textbible.p3d	EVENT_OPP_HIVE_DESTROY_OVERVIEW	Nedaleké HNÍZDO se pokouší nakazit další budovu. ZNIČ HNÍZDO, než se nákaza rozšíří.
fe_textbible.p3d	EVENT_OPP_BASE_INFILTRATE_COMMANDER_OVERVIEW	V nedaleké ZÁKLADNĚ řídí operace VYSOCE POSTAVENÝ VELITEL.
fe_textbible.p3d	EVENT_OPP_BASE_INFILTRATE_PILOT_OVERVIEW	V nedaleké ZÁKLADNĚ je LETECKÝ INSTRUKTOR. POHLŤ HO a zlepši Alexovy PILOTNÍ DOVEDNOSTI.
fe_textbible.p3d	EVENT_OPP_BASE_INFILTRATE_ARTILLERY_OVERVIEW	DĚLOSTŘELECKÉ ÚDERY jsou řízeny přes nedalekou ZÁKLADNU. Musí tam být VELITEL DĚLOSTŘELECTVA. POHLŤ HO a vylepši Alexovy schopnosti DĚLOSTŘELECKÉHO ÚDERU.
fe_textbible.p3d	EVENT_OPP_BASE_INFILTRATE_WEAPONS_OVERVIEW	DŮSTOJNÍK VÝZBROJE řídí výdej ZBRANÍ v nedaleké ZÁKLADNĚ. POHLŤ HO a vylepši Alexovy DOVEDNOSTI SE ZBRANĚMI.
fe_textbible.p3d	EVENT_OPP_WOI_OVERVIEW	V oblasti jsou lidé, kteří vědí o virové nákaze. POHLŤ JE, než se přesunou jinam.
fe_textbible.p3d	EVENT_OPP_WOI_NULL	CÍL POHLCEN - ŽÁDNÉ NOVÉ INFORMACE
fe_textbible.p3d	EVENT_OPP_BASE_DESTROY_TITLE	UDÁLOST POHLCENÍ - ZNIČENÍ ZÁKLADNY
fe_textbible.p3d	EVENT_OPP_HIVE_DESTROY_TITLE	UDÁLOST POHLCENÍ - ZNIČENÍ HNÍZDA
fe_textbible.p3d	EVENT_OPP_BASE_INFILTRATE_TITLE	UDÁLOST POHLCENÍ - INFILTRACE ZÁKLADNY
fe_textbible.p3d	EVENT_OPP_WOI_TITLE	UDÁLOST POHLCENÍ - CÍLE SÍTĚ INTRIK
fe_textbible.p3d	EVENT_NEW_EVENTS	NOVÉ UDÁLOSTI ODEMČENY
fe_textbible.p3d	TUTORIAL_DESTROYHIVE_TITLE	HNÍZDA
fe_textbible.p3d	TUTORIAL_DESTROYHIVE_1	Tyto nakažené budovy se nazývají HNÍZDA. HNÍZDA jsou centra nákazy, plodí LOVCE a vypouštějí NAKAŽENÉ.
fe_textbible.p3d	TUTORIAL_DESTROYHIVE_2	Chceš-li ZNIČIT HNÍZDO, musíš ZAMĚŘIT %0:BUTTON12 a PÁLIT %0:BUTTON03 na HNÍZDO RAKETAMI a KANÓNEM.
fe_textbible.p3d	EVENT_TYPE_WAR_DISGUISED_TUTORIAL	Bojuj po boku ARMÁDY s dodanou ZBRANÍ.  Znič všechny VOJENSKÉ nepřátele.  Pokud jsou všichni SPOJENCI ZABITI, UDÁLOST je NESPLNĚNA.
fe_textbible.p3d	EVENT_TYPE_WAR_INFECTED_TUTORIAL	BOJUJ po boku NAKAŽENÝCH.  Znič všechny VOJENSKÉ nepřátele. Pokud jsou všichni SPOJENCI ZABITI, UDÁLOST je NESPLNĚNA.
fe_textbible.p3d	EVENT_TYPE_WAR_TUTORIAL	Uzavři dočasné spojenectví s NAKAŽENÝMI nebo s ARMÁDOU. Pomoz spojencům k vítězství. BOJUJ jen s dodanou ZBRANÍ.
fe_textbible.p3d	EVENT_OUT_OF_AREA_FAIL	MIMO OBLAST UDÁLOSTI
fe_textbible.p3d	EVENT_OPP_BASE_DESTROY_OUT_OF_TIME	ČAS VYPRŠEL
fe_textbible.p3d	EVENT_OPP_BASE_DESTROY_TITLE_SHORT	ZNIČENÍ VOJENSKÉ ZÁKLADNY
fe_textbible.p3d	EVENT_OPP_BASE_INFILTRATE_TITLE_SHORT	INFILTRACE VOJENSKÉ ZÁKLADNY
fe_textbible.p3d	EVENT_OPP_HIVE_DESTRUCTION_SHORT	ZNIČENÍ HNÍZDA
fe_textbible.p3d	EVENT_OPP_WOI_TITLE_SHORT	CÍLE SÍTĚ
fe_textbible.p3d	EVENT_OPP_SCIENTISTS_TITLE_SHORT	LOV NA VĚDCE
fe_textbible.p3d	EVENT_OPP_SCIENTISTS_TITLE	UDÁLOST POHLCENÍ - LOV NA VĚDCE
fe_textbible.p3d	EVENT_OPP_BASE_INFILTRATE_OUT_OF_TIME	ČAS VYPRŠEL
fe_textbible.p3d	EVENT_OPP_BASE_INFILTRATE_TARGET_KILLED	CÍL ZABIT
fe_textbible.p3d	EVENT_OPP_HIVE_DESTROY_OUT_OF_TIME	ČAS VYPRŠEL
fe_textbible.p3d	EVENT_OPP_WOI_OUT_OF_TIME	ČAS VYPRŠEL
fe_textbible.p3d	EVENT_OPP_SCIENTISTS_OUT_OF_TIME	ČAS VYPRŠEL
fe_textbible.p3d	EVENT_OPP_SCIENTISTS_SCI_KILLED	VĚDEC ZABIT
fe_textbible.p3d	EVENT_OPP_SCIENTISTS_SOLDIER_KILLED	OBRÁNCE ZABIT
fe_textbible.p3d	EVENT_OPP_SCIENTISTS_SCI_CONSUMED	VĚDEC POHLCEN
fe_textbible.p3d	TUTORIAL_SUPERSOLDIER_TITLE	SUPERVOJÁCI
fe_textbible.p3d	TUTORIAL_SUPERSOLDIER_1	SUPERVOJÁCI zvládají ZRYCHLENÝ POHYB a SILNÉ ÚTOKY. Dokážou ODHALIT ALEXE, i když je v PŘEVLEKU. Když BLOKUJÍ, jsou zranitelní vůči CHYCENÍ.
fe_textbible.p3d	EVENT_WAR_MILITARY_SUCCESS	VOJENSKÉ SÍLY ZVÍTĚZILY
fe_textbible.p3d	EVENT_WAR_MILITARY_FAILURE	VOJENSKÉ SÍLY PORAŽENY
fe_textbible.p3d	EVENT_WAR_INFECTED_SUCCESS	SÍLY NAKAŽENÝCH ZVÍTĚZILY
fe_textbible.p3d	EVENT_WAR_INFECTED_FAILURE	SÍLY NAKAŽENÝCH PORAŽENY
fe_textbible.p3d	EVENT_WAR_DISGUISE_LOST	PŘEVLEK ZTRACEN
fe_textbible.p3d	EVENT_WAR_MILITARY_ALLY_DISGUISED	VOJENSKÝ SPOJENEC V PŘEVLEKU
fe_textbible.p3d	EVENT_OPP_BASE_DESTROY_SUCCESS	ZÁKLADNA ZNIČENA
fe_textbible.p3d	EVENT_OPP_BASE_INFILTRATE_SUCCESS	UDÁLOST SPLNĚNA
fe_textbible.p3d	EVENT_OPP_HIVE_DESTROY_SUCCESS	HNÍZDO ZNIČENO
fe_textbible.p3d	EVENT_OPP_WOI_SUCCESS	VŠECHNY CÍLE POHLCENY
fe_textbible.p3d	EVENT_OPP_SCIENTISTS_SUCCESS_SCI	VĚDCI POHLCENI
fe_textbible.p3d	EVENT_OPP_SCIENTISTS_SUCCESS_DEF	OBRÁNCI ZABITI
fe_textbible.p3d	EVENT_OPP_SCIENTISTS_ALL_KILLED	POHLCENO PŘÍLIŠ MÁLO VĚDCŮ
fe_textbible.p3d	EVENT_OPP_WOI_VALID	CÍL POHLCEN
fe_textbible.p3d	EVENT_WAR_WEAPON_DISCARDED	ZBRAŇ ODHOZENA
fe_textbible.p3d	TUTORIAL_MINIMAP_TITLE	MINIMAPA
fe_textbible.p3d	TUTORIAL_MINIMAP_1	V LEVÉM DOLNÍM ROHU obrazovky je MINIMAPA Manhattanu. Tvoje poloha a směr jsou označeny BÍLOU ŠIPKOU.
fe_textbible.p3d	TUTORIAL_MINIMAP_2	ZNAČKY CÍLŮ jsou MODRÉ. Označují důležitá MÍSTA, NEPŘÁTELE nebo CÍLE.
fe_textbible.p3d	TUTORIAL_MINIMAP_3	NEPŘÁTELÉ jsou na minimapě značeni BÍLÝMI TEČKAMI.  Když tě uvidí, zežloutnou.  Při POPLACHU zčervenají.\n\nNAKAŽENÍ NEPŘÁTELÉ jsou VŽDY ČERVENÍ.
fe_textbible.p3d	BUTTONHINT_BUYGATEDMOVE	KOUPIT POHYB
fe_textbible.p3d	EMPTY	PRÁZDNÉ
fe_textbible.p3d	6_2_TYPEWRITER	Karanténní zóna primárně nakažených\nO několik minut později 
fe_textbible.p3d	EVENT_GLIDE_FAILED_TO_GLIDE	NEPODAŘILO SE aktivovat PLACHTĚNÍ.
fe_textbible.p3d	EVENT_GLIDE_WAITING_HINT1	Použij PLACHTĚNÍ a leť k CÍLI.
fe_textbible.p3d	EVENT_GLIDE_WAITING_HINT2	PŘISTAŇ co nejblíž k CÍLI.
fe_textbible.p3d	EVENT_GLIDE_WAITING_HINT3	SKOČ, pak DRŽ %0:BUTTON13 a znovu STISKNI SKOK pro PLACHTĚNÍ.
fe_textbible.p3d	MISSION_COMPLETE_INALERT	UNIKNI okolním NEPŘÁTELŮM nebo je PORAZ a dokonči MISI.
fe_textbible.p3d	STORY_COMPLETE_NAME	PŘÍBĚH DOKONČEN
fe_textbible.p3d	STRIKE_TEAM_INBOUND	ÚDERNÝ TÝM NA CESTĚ
fe_textbible.p3d	WOI_EC_FINISHED_SHORT_2	DEN NÁKAZY 4:\n4% CELKOVÉ POPULACE NAKAŽENO\nVojenské ztráty: %1:NUMBER %2:STRING\nProvozní ztráty: $%3:FLOATSHORT %4:STRING
fe_textbible.p3d	WOI_EC_FINISHED_SHORT_3	DEN NÁKAZY 5:\n20% CELKOVÉ POPULACE NAKAŽENO\nVojenské ztráty: %1:NUMBER %2:STRING\nProvozní ztráty: $%3:FLOATSHORT %4:STRING
fe_textbible.p3d	WOI_EC_FINISHED_SHORT_4	DEN NÁKAZY 7:\n49% CELKOVÉ POPULACE NAKAŽENO\nVojenské ztráty: %1:NUMBER %2:STRING\nProvozní ztráty: $%3:FLOATSHORT %4:STRING
fe_textbible.p3d	WOI_EC_FINISHED_SHORT_5	DEN NÁKAZY 9:\n68% CELKOVÉ POPULACE NAKAŽENO\nVojenské ztráty: %1:NUMBER %2:STRING\nProvozní ztráty: $%3:FLOATSHORT %4:STRING
fe_textbible.p3d	WOI_EC_FINISHED_SHORT_6	DEN NÁKAZY 11:\n81% CELKOVÉ POPULACE NAKAŽENO\nVojenské ztráty: %1:NUMBER %2:STRING\nProvozní ztráty: $%3:FLOATSHORT %4:STRING
fe_textbible.p3d	WOI_EC_FINISHED_SHORT_7	DEN NÁKAZY 12:\n60% CELKOVÉ POPULACE NAKAŽENO\nVojenské ztráty: %1:NUMBER %2:STRING\nProvozní ztráty: $%3:FLOATSHORT %4:STRING
fe_textbible.p3d	WOI_EC_FINISHED_SHORT_8	DEN NÁKAZY 14:\n47% CELKOVÉ POPULACE NAKAŽENO\nVojenské ztráty: %1:NUMBER %2:STRING\nProvozní ztráty: $%3:FLOATSHORT %4:STRING
fe_textbible.p3d	BUTTONHINT_EXIT_EVENT	UKONČIT UDÁLOST
fe_textbible.p3d	EVENT_QUIT_BY_GAMEFLOW_DIALOG_HEADING	UKONČIT UDÁLOST?
fe_textbible.p3d	EVENT_QUIT_BY_GAMEFLOW_DIALOG_TEXT	UKONČIT UDÁLOST a ZAČÍT MISI?
fe_textbible.p3d	EVENT_FIREARM_BLOCKED	V této UDÁLOSTI nelze použít STŘELNÉ ZBRANĚ.
fe_textbible.p3d	EVENT_VEHICLE_BLOCKED	V této UDÁLOSTI nelze použít VOZIDLA.
fe_textbible.p3d	EVENT_MUST_QUIT_TO_START_MISSION	UKONČI UDÁLOST a ZAČNI MISI.
fe_textbible.p3d	EVENT_MUST_QUIT_TO_ENTER_BASE	UKONČI UDÁLOST a VSTUP DO ZÁKLADNY.
fe_textbible.p3d	EVENT_QUIT_BY_BASE_ENTER_DIALOG_TEXT	UKONČIT UDÁLOST a VSTOUPIT DO ZÁKLADNY?
fe_textbible.p3d	blackwatch_agent_1	AGENT BLACKWATCH
fe_textbible.p3d	blackwatch_analyst	ANALYTIK BLACKWATCH
fe_textbible.p3d	blackwatch_officer_2	DŮSTOJNÍK BLACKWATCH
fe_textbible.p3d	blackwatch_pilot	PILOT BLACKWATCH
fe_textbible.p3d	blackwatch_plainclothes	AGENT BLACKWATCH
fe_textbible.p3d	blackwatch_scientist_1	VĚDEC BLACKWATCH
fe_textbible.p3d	blackwatch_scientist_2	VĚDEC BLACKWATCH 2
fe_textbible.p3d	blackwatch_trooper	VOJÁK BLACKWATCH
fe_textbible.p3d	blackwatch_trooper_1	VOJÁK BLACKWATCH
fe_textbible.p3d	bwhqb	VELITELSTVÍ BLACKWATCH
fe_textbible.p3d	bwtrb	VOJÁK BLACKWATCH
fe_textbible.p3d	cab_driver	TAXIKÁŘ
fe_textbible.p3d	cameraman	KAMERAMAN
fe_textbible.p3d	city_official	MĚSTSKÝ ÚŘEDNÍK
fe_textbible.p3d	clean_up_man	UKLÍZEČ
fe_textbible.p3d	clean_up_manager	VEDOUCÍ ÚKLIDU
fe_textbible.p3d	dana	DANA MERCER
fe_textbible.p3d	dc_representative	ZÁSTUPCE Z D.C.
fe_textbible.p3d	debriefing_voice	HLAS Z BRIEFINGU
fe_textbible.p3d	elizabeth	ELIZABETH GREENE
fe_textbible.p3d	genetech_scientist_1	VĚDEC GENTEK
fe_textbible.p3d	genetech_scientist_2	VĚDEC GENTEK 2
fe_textbible.p3d	government_official	VLÁDNÍ ÚŘEDNÍK
fe_textbible.p3d	hybrid	HYBRID NEJVYŠŠÍHO LOVCE
fe_textbible.p3d	Karen	KAREN PARKER
fe_textbible.p3d	lt_col_peter_randall	PODPLK. RANDALL
fe_textbible.p3d	mahqb1	HQ MARINE
fe_textbible.p3d	mar_a	MARINE
fe_textbible.p3d	mar_b	MARINE
fe_textbible.p3d	mar_c	MARINE
fe_textbible.p3d	marine_major	MAJOR MARINE
fe_textbible.p3d	marine_officer_2	DŮSTOJNÍK MARINE
fe_textbible.p3d	marine_pilot	PILOT MARINE
fe_textbible.p3d	marine_pilot_2	PILOT MARINE 2
fe_textbible.p3d	mcmullen	DR. MCMULLEN
fe_textbible.p3d	newscaster	HLASATEL
fe_textbible.p3d	nydisp1	POLICEJNÍ DISPEČINK
fe_textbible.p3d	nypda	POLICISTA
fe_textbible.p3d	nypdb	POLICISTA
fe_textbible.p3d	ped	CHODEC
fe_textbible.p3d	ped_2	CHODEC 2
fe_textbible.p3d	bwhqa_e10m04_081	VELITEL BLACKWATCH
fe_textbible.p3d	ped_female	PŘEŽIVŠÍ ŽENA
fe_textbible.p3d	police_captain	POLICEJNÍ KAPITÁN
fe_textbible.p3d	policeman	POLICISTA
fe_textbible.p3d	policeman_2	POLICISTA 2
fe_textbible.p3d	policeman_in_crowd	POLICISTA
fe_textbible.p3d	randall	GENERÁL RANDALL
fe_textbible.p3d	regan_officer	DŮSTOJNÍK Z U.S.S REAGAN
fe_textbible.p3d	reporter	REPORTÉR
fe_textbible.p3d	reporter_female	REPORTÉRKA
fe_textbible.p3d	sergeant	MARINE
fe_textbible.p3d	specialist	KPT. CROSS
fe_textbible.p3d	taggart	PLK. TAGGART
fe_textbible.p3d	templar_officer	DŮSTOJNÍK BLACKWATCH
fe_textbible.p3d	troop_carrier	APC BLACKWATCH
fe_textbible.p3d	uav	UAV
fe_textbible.p3d	voice	ROJOVÁ MYSL
fe_textbible.p3d	EVENT_OPP_SCIENTISTS_REWARDS	%1:NUMBER EP za každého pohlceného vědce.\nBONUS - %2:NUMBER EP za zabití VŠECH obránců.
fe_textbible.p3d	EVENT_OPP_WOI_REWARDS	%1:NUMBER EP za každý pohlcený cíl.\n%2:NUMBER EP za pohlcení VŠECH cílů.
fe_textbible.p3d	EVENT_OPP_BASE_DESTROY_REWARDS	%1:NUMBER EP
fe_textbible.p3d	EVENT_OPP_BASE_INFILTRATE_REWARDS	%1:NUMBER EP
fe_textbible.p3d	EVENT_OPP_HIVE_DESTROY_REWARDS	%1:NUMBER EP
fe_textbible.p3d	EVENT_OPP_BASE_INFILTRATE_UPGRADE_REWARDS	%1:NUMBER EP\nVYLEPŠENÍ DOVEDNOSTI
fe_textbible.p3d	EVENT_OPP_SCIENTISTS_OBJECTIVES_DIFF_EASY	1. DOSTAŇ SE k VĚDECKÉMU TÝMU v časovém limitu.\n2. POHLŤ aspoň JEDNOHO VĚDCE\n3. ZABIJ OBRÁNCE pro bonusovou odměnu.
fe_textbible.p3d	EVENT_OPP_SCIENTISTS_OBJECTIVES_DIFF_EASY_NOCR	1. DOSTAŇ SE k VĚDECKÉMU TÝMU v časovém limitu. 2. POHLŤ aspoň JEDNOHO VĚDCE\n3. ZABIJ OBRÁNCE pro bonusovou odměnu.
fe_textbible.p3d	EVENT_OPP_WOI_OBJECTIVES	POHLŤ OZNAČENÉ CÍLE.
fe_textbible.p3d	EVENT_OPP_BASE_DESTROY_OBJECTIVES	ZNIČ OZNAČENOU ZÁKLADNU.
fe_textbible.p3d	EVENT_OPP_BASE_INFILTRATE_OBJECTIVES	1. INFILTRUJ ZÁKLADNU.\n2. POHLŤ OZNAČENÝ CÍL.\n3. OPUSŤ ZÁKLADNU.
fe_textbible.p3d	EVENT_OPP_BASE_INFILTRATE_OBJECTIVES_NOCR	1. INFILTRUJ ZÁKLADNU. 2. POHLŤ OZNAČENÝ CÍL.\n3. OPUSŤ ZÁKLADNU.
fe_textbible.p3d	EVENT_OPP_HIVE_DESTROY_OBJECTIVES	ZNIČ OZNAČENÉ HNÍZDO.
fe_textbible.p3d	EVENT_WAR_FAIL_BY_DEVASTATOR	DEVASTATOR POUŽIT - PŘEVLEK ZTRACEN
fe_textbible.p3d	EVENT_OPP_SCI_AWARD1	Pohlcení vědci
fe_textbible.p3d	EVENT_OPP_SCI_AWARD2	ODMĚNA
fe_textbible.p3d	EVENT_OPP_SCI_AWARD3	Zabití obránci
fe_textbible.p3d	EVENT_OPP_SCI_AWARD4	BONUS
fe_textbible.p3d	EVENT_OPP_EP_AWARDED	Získané EP
fe_textbible.p3d	EVENT_OPP_TOTAL_EP_AWARDED	Celkem získané EP
fe_textbible.p3d	EVENT_OPP_WOI_CONSUMED	Pohlcené cíle
fe_textbible.p3d	EVENT_OPP_SCIENTISTS_OBJECTIVES_DIFF_MEDIUM	1. DOSTAŇ SE k VĚDECKÉMU TÝMU v časovém limitu.\n2 POHLŤ aspoň DVA VĚDCE\n3 ZABIJ OBRÁNCE pro bonusovou odměnu.
fe_textbible.p3d	EVENT_OPP_SCIENTISTS_OBJECTIVES_DIFF_MEDIUM_NOCR	1. DOSTAŇ SE k VĚDECKÉMU TÝMU v časovém limitu.2. POHLŤ aspoň DVA VĚDCE\n3. ZABIJ OBRÁNCE pro bonusovou odměnu.
fe_textbible.p3d	EVENT_OPP_SCIENTISTS_OBJECTIVES_DIFF_HARD	1. DOSTAŇ SE k VĚDECKÉMU TÝMU v časovém limitu.\n2 POHLŤ VŠECHNY VĚDCE\n3. ZABIJ OBRÁNCE pro bonusovou odměnu.
fe_textbible.p3d	EVENT_OPP_SCIENTISTS_OBJECTIVES_DIFF_HARD_NOCR	1. DOSTAŇ SE k VĚDECKÉMU TÝMU v časovém limitu. 2. POHLŤ VŠECHNY VĚDCE\n3. ZABIJ OBRÁNCE pro bonusovou odměnu.
fe_textbible.p3d	EVENT_OPP_ALL_MILITARY_EASY	Všechny LEHKÉ vojenské události pohlcení SPLNĚNY.
fe_textbible.p3d	EVENT_OPP_ALL_MILITARY_MEDIUM	Všechny STŘEDNÍ vojenské události pohlcení SPLNĚNY.
fe_textbible.p3d	EVENT_OPP_ALL_MILITARY_HARD	Všechny TĚŽKÉ vojenské události pohlcení SPLNĚNY.
fe_textbible.p3d	EVENT_OPP_ALL_INFECTED_EASY	Všechny LEHKÉ události pohlcení nakažených SPLNĚNY.
fe_textbible.p3d	EVENT_OPP_ALL_INFECTED_MEDIUM	Všechny STŘEDNÍ události pohlcení nakažených SPLNĚNY.
fe_textbible.p3d	EVENT_OPP_ALL_INFECTED_HARD	Všechny TĚŽKÉ události pohlcení nakažených SPLNĚNY.
fe_textbible.p3d	EVENT_OPP_ALL_COMPLETE	GRATULUJEME. Všechny události pohlcení byly SPLNĚNY.
fe_textbible.p3d	EVENT_OPP_SHOW_MILITARY_COUNT_2	Splněno %1:STRING událostí pohlcení
fe_textbible.p3d	EVENT_OPP_SHOW_INFECTED_COUNT_2	Splněno %1:STRING událostí pohlcení
fe_textbible.p3d	EVENT_MSG_TITLE	UDÁLOSTI
fe_textbible.p3d	EVENT_PLATINUM_UNLOCKED_TEXT	GRATULUJEME. Získal jsi ZLATO ve všech událostech.\n...Ale zvládneš i PLATINU?
fe_textbible.p3d	EVENT_PLATINUM_ALL_ACHIEVED_TEXT	Získal jsi PLATINU ve všech událostech.\nJsi opravdový MISTR PROTOTYPE!
fe_textbible.p3d	EVENT_PLATINUM_UPGRADES	Odpovídající skóre UDÁLOSTÍ budou automaticky POVÝŠENA na PLATINU.
fe_textbible.p3d	EVENT_PLATINUM_UPGRADE_COUNT	POVÝŠENÉ medaile:
fe_textbible.p3d	EVENT_PLATINUM_UPGRADE_EP	Získané EP:
fe_textbible.p3d	TUTORIAL_DISGUISE_6	NEPŘÁTELÉ, kteří tě NEVIDÍ, jsou na MINIMAPĚ BÍLÍ.\n\nNepřátelé, kteří tě VIDÍ, jsou ŽLUTÍ.\n\nNepřátelé, které tvá přítomnost VYBURCOVALA, jsou ČERVENÍ.
fe_textbible.p3d	behqb	VELITELSTVÍ BLACKWATCH
fe_textbible.p3d	M_COUNTER	PROTIÚTOK
fe_textbible.p3d	M_INJECT	VSTŘÍKNOUT
fe_textbible.p3d	M_CONSUME	POHLTIT
fe_textbible.p3d	M_THROW	HODIT
fe_textbible.p3d	M_PATSY	OBĚTNÍ BERÁNEK
fe_textbible.p3d	M_ATTACK_TAR	ZAÚTOČIT NA CÍL
fe_textbible.p3d	M_AIRSTRIKE	DĚLOSTŘELECKÝ ÚDER
fe_textbible.p3d	M_GRAB	CHYTIT
fe_textbible.p3d	M_ENTERVEHICLE	NASTOUPIT
fe_textbible.p3d	M_TO_COCKPIT	DO KOKPITU
fe_textbible.p3d	M_TO_WING	NA KŘÍDLO
fe_textbible.p3d	M_TO_ENGINE	K MOTORU
fe_textbible.p3d	M_HIJACK	UNÉST
fe_textbible.p3d	M_SKIP_WOI	PŘESKOČIT
fe_textbible.p3d	EVENT_WAR_DEVASTATOR_USED	DEVASTATOR ODHALIL IDENTITU
fe_textbible.p3d	EVENT_OPP_INFILTRATE_BASE_ABANDONED	ZÁKLADNA OPUŠTĚNA PŘED POHLCENÍM CÍLE
fe_textbible.p3d	EVENT_OPP_INFILTRATE_TARGET_DEAD	CÍL BYL ZABIT
fe_textbible.p3d	10_4_OBJECTIVE_1	PORAZ NEJVYŠŠÍHO LOVCE a ZASTAV JADERNOU ZBRAŇ.
fe_textbible.p3d	10_4_OBJECTIVE_2	Začalo ZÁVĚREČNÉ ODPOČÍTÁVÁNÍ.
fe_textbible.p3d	10_4_COUNTDOWN	TERMÍN EVAKUACE
fe_textbible.p3d	10_4_MISSION_BOUNDARY_WARNING	VAROVÁNÍ - OPOUŠTÍŠ OBLAST MISE
fe_textbible.p3d	10_4_MISSION_FAILED_DIED	NEW YORK ZNIČEN
fe_textbible.p3d	10_4_MISSION_FAILED_DIED2	JADERNÁ ZBRAŇ ODPÁLENA
fe_textbible.p3d	10_4_MISSION_FAILED_LEFT_AREA	MIMO OBLAST MISE
fe_textbible.p3d	10_4_MISSION_FAILED_TIMEOUT	SPUŠTĚNA ZÁVĚREČNÁ SEKVENCE DETONACE
fe_textbible.p3d	10_4_OBJECTIVE_3	ZNIČ TRANSPORTNÍ VRTULNÍKY, než VYSADÍ POSILY.
fe_textbible.p3d	10_4_DETONATION	----  DETONACE  ----
fe_textbible.p3d	10_4_TIME_TITLE	VAROVÁNÍ - ZAŘÍZENÍ JE AKTIVNÍ
fe_textbible.p3d	10_4_TROOPS_ARRIVE	POSILY VYSAZENY
fe_textbible.p3d	10_4_FAILURE_HINT_1	POHLCUJ VOJÁKY A DOPLŇUJ SI BĚHEM BOJE ZDRAVÍ
fe_textbible.p3d	10_4_GRAB_SUPREME_HUNTER_1	NEJVYŠŠÍ LOVEC OMRÁČEN
fe_textbible.p3d	10_4_GRAB_SUPREME_HUNTER_2	CHYŤ NEJVYŠŠÍHO LOVCE
fe_textbible.p3d	10_4_FAILURE_HINT_2	POUŽIJ AIR DASH A UNIKNI DEVASTATORU NEJVYŠŠÍHO LOVCE
fe_textbible.p3d	10_4_FAILURE_HINT_3	ZAMĚŘENÍM UDRŽUJ NEJVYŠŠÍHO LOVCE V ZÁBĚRU
fe_textbible.p3d	10_4_TITLE_SUPREME	HYBRID NEJVYŠŠÍHO LOVCE
fe_textbible.p3d	10_4_HLO_1	PORAZ NEJVYŠŠÍHO LOVCE
fe_textbible.p3d	10_4_HLO_2	PORAZ NEJVYŠŠÍHO LOVCE, NEŽ BOMBA VYBUCHNE
fe_textbible.p3d	GLOBAL_BOSS_FAILURE_HINT_1	S ADRENALINOVOU VLNOU MÁŠ JEDEN DEVASTATOR ZDARMA, KTERÝ VYPUSTÍŠ PŘI NÍZKÉM ZDRAVÍ
fe_textbible.p3d	1_1_OBJECTIVE_DESTROY_CHOPPER	ZNIČ VRTULNÍK.
fe_textbible.p3d	1_1_OBJECTIVE_BASIC_ATTACKS	STISKNI %0:BUTTON03 pro  ZÁKLADNÍ ÚTOKY.
fe_textbible.p3d	1_1_OBJECTIVE_KILL_BLACKWATCH	ZABIJ VOJENSKÝ PERSONÁL.
fe_textbible.p3d	1_1_OBJECTIVE_CONSUME_COMMANDER	PŘIJĎ K VELITELI a POHLŤ HO.
fe_textbible.p3d	1_1_OBJECTIVE_DESTROY_CHOPPERS	ZNIČ VRTULNÍKY.
fe_textbible.p3d	1_1_OBJECTIVE_DESTROY_TANKS	ZNIČ TANKY.
fe_textbible.p3d	1_1_TUTORIAL_KILL_HYDRA	ZABIJ HYDRU.
fe_textbible.p3d	1_1_TUTORIAL_PICKUP_WEAPON	STISKNI %0:BUTTON02 a VEZMI si ZBRAŇ.
fe_textbible.p3d	1_1_OBJECTIVE_SPECIAL_ATTACKS	STISKNI %0:BUTTON04 pro SPECIÁLNÍ ÚTOKY.
fe_textbible.p3d	1_1_OBJECTIVE_TIMESSQUARE_ESCAPE	JDI na TIMES SQUARE.
fe_textbible.p3d	1_1_OBJECTIVE_APC_JACKING	PŘIJĎ K TANKU a UNES ho.
fe_textbible.p3d	1_1_OBJECTIVE_NEXT_COMMANDER	JDI po dalším VELITELI.
fe_textbible.p3d	1_1_MOVEMENT_TUTORIAL	POUŽIJ %0:BUTTON06 k POHYBU.
fe_textbible.p3d	1_1_CAMERA_TUTORIAL	POUŽIJ %0:BUTTON07 k pohybu KAMEROU.
fe_textbible.p3d	1_1_CHARGE_TUTORIAL	STISKNI a DRŽ %0:BUTTON03 pro NABITÍ ÚTOKU A VĚTŠÍ POŠKOZENÍ.
fe_textbible.p3d	1_1_SPECIAL_TUTORIAL	STISKNI %0:BUTTON04 pro SPECIÁLNÍ ÚTOKY.
fe_textbible.p3d	1_1_TUTORIAL_COMBO_1	Střídej %0:BUTTON04 a %0:BUTTON03 a objev NOVÁ KOMBA.
fe_textbible.p3d	1_1_TUTORIAL_COMBO_EXAMPLE	STISKNI %0:BUTTON03, %0:BUTTON03, %0:BUTTON04 a VYPUSŤ KOMBO.
fe_textbible.p3d	1_1_TUTORIAL_JUMP_TUTORIAL	STISKNI a DRŽ %0:BUTTON01 pro NABITÍ SKOKU a přeskoč BRÁNU.
fe_textbible.p3d	1_1_TUTORIAL_LOCOMOTION_TUTORIAL	DRŽ %0:BUTTON13 pro SPRINT.\nSprintuj PO ZDECH.\nSprintuj PŘES PŘEKÁŽKY.
fe_textbible.p3d	1_1_TUTORIAL_LOCOMOTION_TUTORIAL_2	DRŽ %0:BUTTON13 pro SPRINT. Vyběhni po zdi a DOSTAŇ SE na OZNAČENÉ MÍSTO.
fe_textbible.p3d	1_1_TUTORIAL_TARGET_AND_SWITCH	DRŽ %0:BUTTON12 pro ZAMĚŘENÍ.\n%0:BUTTON12 + POHYB %0:BUTTON07 pro ZMĚNU CÍLE.
fe_textbible.p3d	1_1_TUTORIAL_WEAPON_PICKUP	STISKNI %0:BUTTON02 pro sebrání ZBRANĚ.\n%0:BUTTON03 pro PALBU.\n%0:BUTTON02 pro ODHOZENÍ.\nDRŽ %0:BUTTON12 pro ZAMĚŘENÍ.
fe_textbible.p3d	1_1_TUTORIAL_TARGET_TUTORIAL	STISKNI a DRŽ %0:BUTTON12 pro ZAMĚŘENÍ NEPŘÁTEL A OBJEKTŮ.
fe_textbible.p3d	1_1_TUTORIAL_TARGET_TUTORIAL_2	Se zapnutým ZAMĚŘENÍM %0:BUTTON12 TRHNI %0:BUTTON07 směrem k nepříteli a ZMĚŇ CÍL.
fe_textbible.p3d	1_1_TUTORIAL_GRAB_TUTORIAL	STISKNI %0:BUTTON02 a CHYŤ předměty jako VOZIDLA, ZBRANĚ nebo LIDI.
fe_textbible.p3d	1_1_TUTORIAL_THROW_TUTORIAL	STISKNI %0:BUTTON02 u OBJEKTU a CHYŤ ho. Dalším stiskem %0:BUTTON02 ho HOĎ.
fe_textbible.p3d	1_1_TUTORIAL_DEVASTATOR	STISKNI a DRŽ %0:BUTTON04 + %0:BUTTON02.
fe_textbible.p3d	1_1_TUTORIAL_GROUNDSPIKE	DRŽ %0:BUTTON04 pro NABITÍ útoku GROUNDSPIKE.
fe_textbible.p3d	1_1_TUTORIAL_COMPLETE	SPLNĚNO
fe_textbible.p3d	1_1_OBJECTIVE_LOCATE_COMMANDER	NAJDI VELITELE.
fe_textbible.p3d	1_1_OBJECTIVE_CONTINUE	POKRAČUJ přes TIMES SQUARE.
fe_textbible.p3d	1_1_OBJECTIVE_CHARGE_ATTACKS	DRŽ %0:BUTTON03 nebo %0:BUTTON04 pro NABITÍ ÚTOKŮ a ZVÝŠENÍ jejich SÍLY.
fe_textbible.p3d	1_1_OBJECTIVE_KILL_HUNTERS	ZABIJ LOVCE.
fe_textbible.p3d	1_1_OBJECTIVE_KILL_COMMANDER	POHLŤ VELITELE.
fe_textbible.p3d	1_1_LEAVE_WARNING	VAROVÁNÍ - OPOUŠTÍŠ TIMES SQUARE
fe_textbible.p3d	1_1_HLO_1	CÍL MISE
fe_textbible.p3d	1_2_OBJECTIVE_ASSUME_AGENT_DISGUISE	PŘEVLEČ SE za AGENTA BLACKWATCH.
fe_textbible.p3d	1_2_OBJECTIVE_CONSUME_AGENT	POHLŤ AGENTA BLACKWATCH a PRONIKNI do DANINA BYTU.
fe_textbible.p3d	1_2_OBJECTIVE_DONT_RASIE_ALERT	ODHALENÍ TVÉ PŘÍTOMNOSTI ARMÁDĚ OHROZÍ DANU.
fe_textbible.p3d	1_2_OBJECTIVE_ENTER_SAFEHOUSE	VSTUP do DANINA BYTU.
fe_textbible.p3d	1_2_OBJECTIVE_ESCAPEALERT	UKONČI POPLACH, než vstoupíš do DANINA BYTU.
fe_textbible.p3d	1_2_OBJECTIVE_GOTO_DANAS	JDI do DANINA BYTU.
fe_textbible.p3d	1_2_OBJECTIVE_GRAB_SOLDIER	CHYŤ druhého VOJÁKA BLACKWATCH a VYSLECHNI ho.
fe_textbible.p3d	1_2_OBJECTIVE_KILLONE_INTERROGATEOTHER	CHYŤ VOJÁKA BLACKWATCH a VYSLECHNI ho.
fe_textbible.p3d	1_2_OBJECTIVE_ENTER_IN_DISGUISE	VSTUP do DANINA BYTU v PŘEVLEKU.
fe_textbible.p3d	1_2_OBJECTIVE_ROOFTOP_CHECK	JDI na blízkou STŘECHU a získej PŘEHLED o SITUACI.
fe_textbible.p3d	1_2_TUTORIAL_WALLJUMP	DRŽ %0:BUTTON01 pro NABITÍ SKOKU při BĚHU PO STĚNĚ a pak PUSŤ pro SKOK VZHŮRU.
fe_textbible.p3d	1_2_TUTORIAL_WALLCLING	STISKNI %0:BUTTON02 na STĚNĚ a PŘICHYŤ se k ní pro PŘESNÝ POHYB.
fe_textbible.p3d	1_2_TUTORIAL_CONSUME_SOLDIER	STISKNI %0:BUTTON02 a CHYŤ VELITELE BLACKWATCH. STISKNI %0:BUTTON04 pro POHLCENÍ.
fe_textbible.p3d	1_2_TUTORIAL_CONSUME_COMMANDER	POHLŤ VELITELE BLACKWATCH.
fe_textbible.p3d	1_2_TUTORIAL_DISGUISE	PŘEVLEK
fe_textbible.p3d	1_2_TUTORIAL_DISGUISE_CHANGE_1	STISKNI %0:BUTTON16 pro PŘEVLEK, když tě nikdo NEVIDÍ.
fe_textbible.p3d	1_2_TUTORIAL_DISGUISE_CHANGE_2	PŘEVLEKEM UNIKNEŠ PRONÁSLEDOVATELŮM nebo PRONIKNEŠ do ZAKÁZANÝCH ZÓN.
fe_textbible.p3d	1_2_TUTORIAL_DISGUISE_CHANGE_3	STISKNI %0:BUTTON16 pro NÁVRAT k ALEXOVI.
fe_textbible.p3d	1_2_TUTORIAL_DISGUISE_CHANGE_4	STISKNI %0:BUTTON16 pro NÁVRAT k ALEXOVI. Když POHLTÍŠ NOVÝ CÍL, PŘEPÍŠE tvůj ULOŽENÝ PŘEVLEK.
fe_textbible.p3d	1_2_FAIL_REASON	DANA BYLA ZABITA
fe_textbible.p3d	1_2_FAIL_HINT	UKONČI POPLACH, NEŽ VSTOUPÍŠ DO DANINA BYTU
fe_textbible.p3d	1_2_RESCUE_DANA	JDI do DANINA BYTU.
fe_textbible.p3d	1_2_PO_GOTO_ROOFTOP	JDI na blízkou STŘECHU.
fe_textbible.p3d	1_2_OBJECTIVE_CONSUME_DISGUISE	STISKNI %0:BUTTON02 a CHYŤ VOJÁKA BLACKWATCH. STISKNI %0:BUTTON04 pro POHLCENÍ.
fe_textbible.p3d	1_2_PO_ESCAPE_ALERT	ZABIJ NEBO SETŘES ARMÁDU A UKONČI POPLACH.
fe_textbible.p3d	1_2_WOI_HEADER	SÍŤ INTRIK
fe_textbible.p3d	1_2_TUTORIAL_WOI	STISKNI %0:BUTTON08 pro PŘÍSTUP do SÍTĚ INTRIK.
fe_textbible.p3d	1_2_OBJECTIVE_JUMP_WALL	PŘESKOČ BRÁNU a UNIKNI.
fe_textbible.p3d	1_2_OBJECTIVE_ESCAPE_GENTEK	UNIKNI z OBLASTI.
fe_textbible.p3d	1_2_OBJECTIVE_FOLLOW_WAYPOINTS	SLEDUJ TRASOVÉ BODY.
fe_textbible.p3d	1_2_TUTORIAL_TARGETING_TITLE	ZAMĚŘOVÁNÍ
fe_textbible.p3d	1_2_TUTORIAL_CONSUME_TITLE	POHLCOVÁNÍ
fe_textbible.p3d	1_2_ENTER_TITLE	VSTUP
fe_textbible.p3d	1_2_TUTORIAL_CONSUME_HEALTH	POHLŤ jakéhokoli TVORA a získej ZDRAVÍ. ZDRAVÍ se OBNOVUJE, když chvíli NEUTRPÍŠ ZRANĚNÍ.
fe_textbible.p3d	1_2_OBJECTIVE_PICKUP_COMMANDER	STISKNI %0:BUTTON02 a CHYŤ VELITELE.
fe_textbible.p3d	1_2_OBJECTIVE_CONSUME_COMMANDER	STISKNI %0:BUTTON04 a POHLŤ VELITELE.
fe_textbible.p3d	1_2_OBJECTIVE_GOTO_ROOFTOP	JDI na VYHLÍDKU a PROZKOUMEJ OBLAST.
fe_textbible.p3d	1_2_OBJECTIVE_ALERT_NOTICE	SETŘES ARMÁDU A NASAĎ PLATNÝ PŘEVLEK, ABYS UKONČIL POPLACH.
fe_textbible.p3d	1_2_WALLRUN_ROOFTOP	VYBĚHNI PO STĚNĚ až na VRCHOL BUDOVY.
fe_textbible.p3d	1_2_OBJECTIVE_DESTROY_CHOPPERS	ZNIČ VRTULNÍKY.
fe_textbible.p3d	1_2_OBJECTIVE_ENTER_WITHOUT_ALERT	VSTUP do DANINA BYTU, aniž vyvoláš POPLACH.
fe_textbible.p3d	1_2_TUTORIAL_THROW_OBJECTS	STISKNI %0:BUTTON02 a ZVEDNI PŘEDMĚT k HODU po NEPŘÁTELÍCH.
fe_textbible.p3d	1_2_TUTORIAL_THROW_OBJECTS_2	STISKNI %0:BUTTON02 a HOĎ PŘEDMĚT po NEPŘÁTELÍCH.
fe_textbible.p3d	1_2_TUTORIAL_ADVANCED_TARGET	Pomocí ZAMĚŘOVÁNÍ si ZAMĚŘ nepřítele. ZAMĚŘOVÁNÍ je užitečné hlavně v KOMBINACI s HOZENÝMI předměty, STŘELNÝMI ZBRANĚMI nebo ÚTOKY ZE SKOKU.\n\nDostaň nepřítele do zorného pole a STISKNI %0:BUTTON12 pro ZAMĚŘENÍ.
fe_textbible.p3d	1_2_HLO_1	UNIKNI ZE ZAŘÍZENÍ GENTEK
fe_textbible.p3d	1_2_HLO_2	VYPOŘÁDEJ SE S VRTULNÍKEM
fe_textbible.p3d	1_2_HLO_3	VYPOŘÁDEJ SE S VRTULNÍKY
fe_textbible.p3d	1_2_HLO_4	ZJISTI, KDO JSI
fe_textbible.p3d	1_2_HLO_5	DOSTAŇ SE VÝŠE
fe_textbible.p3d	2_1_FE_OBJECTIVE_1	JDI do svého BYTU.
fe_textbible.p3d	2_1_FE_OBJECTIVE_2	ZABIJ MARINES, kteří VOLAJÍ POSILY VYSÍLAČKOU.
fe_textbible.p3d	2_1_FE_OBJECTIVE_3_1	DOSTAŇ se k MÍSTU VYZVEDNUTÍ dřív než vrtulník.
fe_textbible.p3d	2_1_FE_OBJECTIVE_3_2	DOSTAŇ se k MÍSTU VYZVEDNUTÍ dřív než vrtulník.
fe_textbible.p3d	2_1_FE_OBJECTIVE_4	POŠKOĎ APC, aby AGENT BLACKWATCH vylezl ven.
fe_textbible.p3d	2_1_FE_OBJECTIVE_5	POHLŤ AGENTA dřív, než se dostane k vrtulníku.
fe_textbible.p3d	2_1_ENTERALEXAPT	VSTUP
fe_textbible.p3d	2_1_SUPPORT_TUT_HEADER	VOLÁNÍ POSIL VYSÍLAČKOU
fe_textbible.p3d	2_1_SUPPORT_TUT_BODY	Voják označený IKONOU VYSÍLAČKY volá ÚDERNÝ TÝM - skupinu vrtulníků a dalších jednotek, které tě budou pronásledovat a napadnou tě. ZABIJ VOJÁKA, abys příchodu ÚDERNÉHO TÝMU zabránil.
fe_textbible.p3d	2_1_MISSION_COMPLETE	MISE SPLNĚNA
fe_textbible.p3d	2_1_OBJECTIVE_GOTO_ALEX_APT	JDI do svého BYTU.
fe_textbible.p3d	2_1_OBJECTIVE_KILL_ALERTING_SOLDIERS	ZABIJ každého, kdo VOLÁ POSILY.
fe_textbible.p3d	2_1_MISSION_FAIL_HEAD_ESCAPE	MISE SELHALA
fe_textbible.p3d	2_1_MISSION_FAIL_BODY_ESCAPE	AGENT UNIKL
fe_textbible.p3d	2_1_MISSION_FAIL_HEAD_DEAD	MISE SELHALA
fe_textbible.p3d	2_1_MISSION_FAIL_BODY_DEAD	AGENT BYL ZABIT
fe_textbible.p3d	2_1_OBJECTIVE_GETTO_EP_QUICKLY	DOSTAŇ se rychle k MÍSTU VYZVEDNUTÍ.
fe_textbible.p3d	2_1_OBJECTIVE_GETTO_EP_BEFORETRANS	DOSTAŇ se k MÍSTU VYZVEDNUTÍ dřív než vrtulník.
fe_textbible.p3d	2_1_OBJECTIVE_GETTO_EP	JDI k MÍSTU VYZVEDNUTÍ.
fe_textbible.p3d	2_1_OBJECTIVE_DAMAGE_APC	POŠKOĎ APC.
fe_textbible.p3d	2_1_OBJECTIVE_CONSUME_AGENT	POHLŤ AGENTA.
fe_textbible.p3d	2_1_HUD_PH_1	JDI do svého BYTU.
fe_textbible.p3d	2_1_HUD_PH_2	ZABIJ každého MARINE, který VOLÁ POSILY VYSÍLAČKOU.
fe_textbible.p3d	2_1_HUD_PH_3	DOSTAŇ se k MÍSTU VYZVEDNUTÍ dřív než vrtulník.
fe_textbible.p3d	2_1_HUD_PH_4	STISKNI %0:BUTTON02 pro ZVEDNUTÍ či ODHOZENÍ ZBRANĚ. %0:BUTTON12 ZAMĚŘÍ a %0:BUTTON03 STŘÍLÍ.
fe_textbible.p3d	2_1_FE_OBJ_1	JDI do svého BYTU.
fe_textbible.p3d	2_1_FE_OBJ_2	ZABIJ MARINES, kteří VOLAJÍ POSILY VYSÍLAČKOU.
fe_textbible.p3d	2_1_FE_OBJ_3	ZNIČ ÚDERNÝ TÝM.
fe_textbible.p3d	2_1_FE_OBJ_4	DOSTAŇ se k MÍSTU VYZVEDNUTÍ v Central Parku dřív než vrtulník.
fe_textbible.p3d	2_1_FE_OBJ_5	NAJDI AGENTA na místě vyzvednutí.
fe_textbible.p3d	2_1_FE_OBJ_6	POŠKOĎ APC, aby AGENT BLACKWATCH vylezl ven.
fe_textbible.p3d	2_1_FE_OBJ_7	POHLŤ AGENTA dřív, než se dostane k vrtulníku.
fe_textbible.p3d	2_1_GRABAGENT_HINT	STISKNI %0:BUTTON02 a CHYŤ AGENTA, pak %0:BUTTON04 a POHLŤ ho.
fe_textbible.p3d	2_1_STRIKE_TEAM_INBOUND	ÚDERNÝM TÝMŮM UNIKNEŠ, když OPUSTÍŠ DOSAH DETEKCE vyznačený na MINIMAPĚ nebo ZMĚNÍŠ PŘEVLEK MIMO DOHLED.
fe_textbible.p3d	2_1_OBJ_LEAVE_ALERT	ZABIJ NEBO SETŘES ARMÁDU A UKONČI POPLACH.
fe_textbible.p3d	2_1_APC_HEALTH	ZDRAVÍ APC
fe_textbible.p3d	2_1_RETURN_TO_APT	VRAŤ se do svého BYTU.
fe_textbible.p3d	2_1_DISTANCE_TO_EXTRACT	VZDÁLENOST K VYZVEDNUTÍ
fe_textbible.p3d	2_1_STRIKE_OBJ	SETŘES nebo ZNIČ ÚDERNÝ TÝM.
fe_textbible.p3d	2_1_ALL_CLEAR	HLÁSIT ČISTO
fe_textbible.p3d	2_1_FE_OBJ_ALL_CLEAR	POUŽIJ PŘEVLEK a VYLÁKEJ AGENTA z APC.
fe_textbible.p3d	2_1_HLO_1	HLEDEJ STOPY O SVÉ MINULOSTI
fe_textbible.p3d	2_1_HLO_2	ZJISTI, KDO TĚ CHTĚL ZABÍT
fe_textbible.p3d	2_1_HLO_3	SETŘES ARMÁDU
fe_textbible.p3d	2_2_GOTO_GENTEK	JDI do ZAŘÍZENÍ GENTEK.
fe_textbible.p3d	2_2_GAIN_ENTRY	VSTUP do ZAŘÍZENÍ GENTEK nepozorovaně.
fe_textbible.p3d	2_2_FIND_COMMANDER	NAJDI VELITELE ZAŘÍZENÍ GENTEK.
fe_textbible.p3d	2_2_ENTER_FACILITY	VSTUP do ZAŘÍZENÍ GENTEK.
fe_textbible.p3d	2_2_PHINT_SOLDIER_DISGUISE	NASAĎ VOJENSKÝ PŘEVLEK, aby ses dostal do PERIMETRU ZAŘÍZENÍ.
fe_textbible.p3d	2_2_PHINT_COMMANDER	NAJDI VELITELE ZAŘÍZENÍ GENTEK a POHLŤ HO. Jeho PŘEVLEK tě DOSTANE DOVNITŘ.
fe_textbible.p3d	2_2_TUT_VD_HEAD	VIROVÉ DETEKTORY
fe_textbible.p3d	2_2_TUT_VD_BODY	VIROVÉ DETEKTORY prohlédnou tvůj PŘEVLEK.  Když se jejich světlo změní na ŽLUTÉ, ZAMĚŘUJÍ tě.  Když zčervená, našly tě a VYVOLALY POPLACH.
fe_textbible.p3d	2_2_TUT_INFILTRATE_HEAD	INFILTRACE ZÁKLADEN
fe_textbible.p3d	2_2_TUT_INFILTRATE_BODY	Chceš-li PRONIKNOUT na ZÁKLADNU, NAJDI a POHLŤ VELITELE ZAŘÍZENÍ. Jeho PŘEVLEK ti umožní VSTOUPIT do ZAŘÍZENÍ NEPOZOROVANĚ.
fe_textbible.p3d	2_2_FE_OBJ_1	JDI do ZAŘÍZENÍ GENTEK.
fe_textbible.p3d	2_2_FE_OBJ_2	VSTUP do ZAŘÍZENÍ GENTEK nepozorovaně.
fe_textbible.p3d	2_2_FE_OBJ_3	NAJDI VELITELE ZAŘÍZENÍ GENTEK uvnitř PERIMETRU ZAŘÍZENÍ.
fe_textbible.p3d	2_2_FE_OBJ_4	POHLŤ VELITELE ZAŘÍZENÍ GENTEK a VSTUP do ZAŘÍZENÍ NEPOZOROVANĚ.
fe_textbible.p3d	2_2_FE_OBJ_5	VSTUP do ZAŘÍZENÍ GENTEK.
fe_textbible.p3d	2_2_OBJ_CONSUME_COMM	POHLŤ VELITELE ZAŘÍZENÍ GENTEK.
fe_textbible.p3d	2_2_OBJ_ACTIVATE_COMM	STISKNI %0:BUTTON16 a PŘEPNI na PŘEVLEK VELITELE.
fe_textbible.p3d	2_2_ENTERGENTEK	VSTUP GENTEK
fe_textbible.p3d	2_2_HLO_1	ZACHRAŇ ELIZABETH GREENE
fe_textbible.p3d	2_5_OBJECTIVE_1	UNIKNI LOVCŮM
fe_textbible.p3d	2_5_OBJECTIVE_3_LEAD_HUNTERS_TO_BASE	ZAVEĎ LOVCE na VOJENSKOU ZÁKLADNU.
fe_textbible.p3d	2_5_OBJECTIVE_3b_GET_INTO_BASE	VSTUP na VOJENSKOU ZÁKLADNU přes STŘECHU.
fe_textbible.p3d	2_5_OBJECTIVE_4_STUN_CONSUME_HUNTER	OMRAČ a POHLŤ LOVCE.
fe_textbible.p3d	2_5_OBJECTIVE_5_DESTROY_BASE	PROTRHNI VŠECHNY PALIVOVÉ NÁDRŽE, znič základnu a zabij lovce.
fe_textbible.p3d	2_5_OBJECTIVE_6_DESTROY_FUEL	PROTRHNI PALIVOVÉ NÁDRŽE.
fe_textbible.p3d	2_5_HUNTER_IN_BASE	LOVCI VSTOUPILI na VOJENSKOU ZÁKLADNU.
fe_textbible.p3d	2_5_CONSUME_HUNTER_HINT	LOVEC JE OMRÁČENÝ. CHYŤ HO POMOCÍ %0:BUTTON02 A PAK STISKNI %0:BUTTON04 A POHLŤ HO.\nPOHLCOVÁNÍ LOVCŮ DÁVÁ VELKÝ PŘÍSUN ZDRAVÍ.
fe_textbible.p3d	2_5_FAILURE_HINT_1	VYUŽIJ ZBRANĚ NA VOJENSKÉ ZÁKLADNĚ VE SVŮJ PROSPĚCH
fe_textbible.p3d	2_5_FAILURE_HINT_2	POHLŤ LOVCE A ODEMKNI NOVOU SCHOPNOST
fe_textbible.p3d	2_5_OBJECTIVE_3c_FIGHT_THE_HUNTERS	PORAZ LOVCE
fe_textbible.p3d	2_5_HUNTERS_KILLED	ZABITÍ LOVCI
fe_textbible.p3d	2_5_HUNTERS_REMAIN	ZBÝVAJÍCÍ LOVCI
fe_textbible.p3d	2_5_FUEL_TANKS_REMAINING	ZBÝVAJÍCÍ NÁDRŽE
fe_textbible.p3d	2_5_FUEL_TANK_REMAINING	ZBÝVAJÍCÍ NÁDRŽ
fe_textbible.p3d	2_5_HUNTERS_INSIDE_BASE	LOVCI JSOU UVNITŘ ZÁKLADNY
fe_textbible.p3d	2_5_CLAW_POWER	DRÁPY ODEMČENY
fe_textbible.p3d	2_5_CLAW_TUTORIAL_1	POHLCENÍ LOVCE ti dalo SCHOPNOST DRÁPY.
fe_textbible.p3d	2_5_CLAW_TUTORIAL_2	Každá SCHOPNOST má vlastní ÚTOKY, KOMBA a POHYBY. Nová vylepšení najdeš v MENU VYLEPŠENÍ na OBRAZOVCE PAUZY.
fe_textbible.p3d	2_5_CLAW_TUTORIAL_3	STISKNI %0:BUTTON14 pro AKTIVACI nebo DEAKTIVACI ÚTOČNÉ SCHOPNOSTI.
fe_textbible.p3d	2_5_CLAW_TUTORIAL_4	STISKNI %0:BUTTON10 a vyvolej KOLO VÝBĚRU SCHOPNOSTÍ. POHNI %0:BUTTON07 a VYBER SCHOPNOST. PUSŤ %0:BUTTON10 a AKTIVUJ ji.
fe_textbible.p3d	2_5_FAILURE_3	DRÁPY JSOU OBZVLÁŠŤ ÚČINNÉ PROTI LOVCŮM
fe_textbible.p3d	2_5_FAILURE_4	NEVYMĚŇUJ SI S LOVCI JEN RÁNY - ÚNIKOVÝM PŘEMETEM UNIKNI JEJICH KOMBŮM
fe_textbible.p3d	2_5_FAILURE_5	NENECH SE ZAHNAT DO KOUTA - UNIKNI ÚNIKOVÝM PŘEMETEM
fe_textbible.p3d	2_5_FAILURE_6	NASAĎ OBRANNOU SCHOPNOST ŠTÍT A SNIŽ ZRANĚNÍ
fe_textbible.p3d	2_5_HLO_1	PORAZ LOVCE
fe_textbible.p3d	3_1_DIALOG_APC_WARNING	ZATÍM NEUMÍŠ UNÉST APC
fe_textbible.p3d	3_1_OBJECTIVE_BACKUP	STÁHNI %0:BUTTON06 DOLŮ a COUVEJ.
fe_textbible.p3d	3_1_KPMISSING	ARMÁDA po tomto APC pátrá. VYHNI se jí.
fe_textbible.p3d	TUTORIAL_HIVE_DESTROY_REMIND_TITLE	NAKAŽENÁ HNÍZDA
fe_textbible.p3d	TUTORIAL_HIVE_DESTROY_REMIND_1	NIČ NAKAŽENÁ HNÍZDA, DOČASNĚ POTLAČÍŠ NÁKAZU V OBLASTI a ZÍSKÁŠ OBROVSKÉ BONUSY EP.
fe_textbible.p3d	3_1_OBJECTIVE_CONSUME_APCPILOT	POHLŤ ŘIDIČE APC a odemkni DOVEDNOST ŘÍZENÍ APC.
fe_textbible.p3d	3_1_OBJECTIVE_RETURNINFEC	VRAŤ se do NAKAŽENÉ ZÓNY.
fe_textbible.p3d	3_1_BW_FLEE_FAIL	UTEKL JSI Z KORDONU BLACKWATCH
fe_textbible.p3d	3_1_OBJECTIVE_TOBASE	JDI na VOJENSKOU ZÁKLADNU.
fe_textbible.p3d	3_1_OBJECTIVE_RETURNTODESTROY	VRAŤ se s OBRNĚNÝM VOZIDLEM k HNÍZDU a ZNIČ HO.
fe_textbible.p3d	3_1_OBJECTIVE_GOTO_GI	JDI do BYTU KAREN PARKER.
fe_textbible.p3d	3_1_OBJECTIVE_CONSUMESOLD	POHLŤ VOJÁKA a NAJDI VOJENSKOU ZÁKLADNU.
fe_textbible.p3d	3_1_APC_RESCUE_KP	SEŽEŇ APC a ZACHRAŇ PARKER.
fe_textbible.p3d	3_1_OBJECTIVE_ARMORVEHICLE	POUŽIJ OBRNĚNÉ VOZIDLO a ZNIČ HNÍZDO.
fe_textbible.p3d	3_1_OBJECTIVE_ENTERCONSUMECOM	VSTUP do PERIMETRU VOJENSKÉ ZÁKLADNY a POHLŤ VELITELE.
fe_textbible.p3d	3_1_OBJECTIVE_OUTALERT	UKONČI POPLACH, než vstoupíš na ZÁKLADNU.
fe_textbible.p3d	3_1_OBJECTIVE_MILDISGUISE	POUŽIJ PLATNÝ VOJENSKÝ PŘEVLEK a VPLÍŽ se na VOJENSKÉ ZÁKLADNY NEPOZOROVANĚ.
fe_textbible.p3d	3_1_OBJECTIVE_RETURNTOBASE	VRAŤ se na VOJENSKOU ZÁKLADNU.
fe_textbible.p3d	3_1_OBJECTIVE_APCHIJACK	NASEDNI do APC.
fe_textbible.p3d	3_1_OBJECTIVE_COMDISGUISE	VSTUP na ZÁKLADNU v PŘEVLEKU VELITELE.
fe_textbible.p3d	3_1_OBJECTIVE_VEHICLE_WARNING2	Tohle NENÍ VOZIDLO KAREN PARKER.
fe_textbible.p3d	3_1_OBJECTIVE_LEFTTHUMBSTICKMOVE	POHNI %0:BUTTON06 a VYVEĎ APC ZE ZÁKLADNY.
fe_textbible.p3d	3_1_OBJECTIVE_TURNTURRET	MIŘ VĚŽÍ pomocí %0:BUTTON07.
fe_textbible.p3d	3_1_OBJECTIVE_TRIGGER	DRŽ %0:BUTTON12 a ZAMĚŘ NAKAŽENÉ.
fe_textbible.p3d	3_1_OBJECTIVE_MAINGUN	STISKNI %0:BUTTON13 pro PALBU z KANÓNU.
fe_textbible.p3d	3_1_OBJECTIVE_TOW	STISKNI %0:BUTTON11 a VYPAL RAKETY na NAKAŽENÉ.
fe_textbible.p3d	3_1_FAIL_GIDEAD	INFORMÁTORKA Z GENTEKU MUSÍ PŘEŽÍT
fe_textbible.p3d	3_1_FAIL_HINT_GIDEAD	DOSTAŇ INFORMÁTORKU Z GENTEKU NA NOVÉ MÍSTO CO NEJRYCHLEJI
fe_textbible.p3d	3_1_FAIL_APCDRIVERDEAD	ŘIDIČ APC JE MRTVÝ
fe_textbible.p3d	3_1_FAIL_HINT_APCDRIVERDEAD	POHLŤ ŘIDIČE APC A ODEMKNI DOVEDNOST ŘÍZENÍ APC
fe_textbible.p3d	3_1_FAIL_COMMANDERDEAD	VELITEL ZÁKLADNY JE MRTVÝ
fe_textbible.p3d	3_1_FAIL_HINT_COMMANDERDEAD	POHLŤ VELITELE A ZÍSKEJ PŘÍSTUP NA ZÁKLADNU
fe_textbible.p3d	3_1_OBJECTIVE_1	JDI do BYTU KAREN PARKER.
fe_textbible.p3d	3_1_CONTACT_KP	KONTAKTUJ KAREN PARKER.
fe_textbible.p3d	3_1_OBJECTIVE_2	POHLŤ VOJÁKA a NAJDI VOJENSKOU ZÁKLADNU.
fe_textbible.p3d	3_1_OBJECTIVE_3	JDI na VOJENSKOU ZÁKLADNU.
fe_textbible.p3d	3_1_OBJECTIVE_CONSUME_COMMANDER	POHLŤ VELITELE a ZÍSKEJ PŘÍSTUP na ZÁKLADNU.
fe_textbible.p3d	3_1_OBJECTIVE_4	POHLŤ ŘIDIČE APC.
fe_textbible.p3d	3_1_OBJECTIVE_5	ZNIČ HNÍZDO, než vyzvedneš PARKER.
fe_textbible.p3d	3_1_OBJECTIVE_6	VYZVEDNI KAREN PARKER.
fe_textbible.p3d	3_1_OBJECTIVE_7	ODVEZ PARKER do BEZPEČÍ.
fe_textbible.p3d	3_1_OBJECTIVE_8	ZNIČ VRTULNÍKY.
fe_textbible.p3d	3_1_OBJECTIVE_9	VSTUP na VOJENSKOU ZÁKLADNU.
fe_textbible.p3d	3_1_OBJECTIVE_10	UNES blízké APC.
fe_textbible.p3d	3_1_OBJECTIVE_11	VRAŤ se k APC KAREN PARKER.
fe_textbible.p3d	3_1_OBJECTIVE_12	ODVEZ APC do OBLASTI NÁKAZY a ZASTAV ŠÍŘENÍ INFEKCE.
fe_textbible.p3d	3_1_OBJECTIVE_13	POUŽIJ APC a ZABIJ NAKAŽENÉ.
fe_textbible.p3d	3_1_OBJECTIVE_TESTAPC	VYZKOUŠEJ OVLÁDÁNÍ APC.
fe_textbible.p3d	3_1_OBJECTIVE_14	VRAŤ se do BYTU KAREN PARKER.
fe_textbible.p3d	3_1_OBJECTIVE_RESCUE_KP	ZACHRAŇ KAREN PARKER.
fe_textbible.p3d	3_1_OBJECTIVE_15	VYZVEDNI KAREN PARKER.
fe_textbible.p3d	3_1_OBJECTIVE_16	ODVEZ PARKER do BEZPEČÍ.
fe_textbible.p3d	3_1_OBJECTIVE_17	OPUSŤ ZÁKLADNU.
fe_textbible.p3d	3_1_OBJECTIVE_18	OPUSŤ ZÁKLADNU a NASAĎ VOJENSKÝ PŘEVLEK.
fe_textbible.p3d	3_1_OBJECTIVE_MOVETO	PŘESUŇ APC k TRASOVÉMU BODU.
fe_textbible.p3d	3_1_OBJECTIVE_MOVHINT3	PŘESUŇ APC dál po ULICI.
fe_textbible.p3d	3_1_OBJECTIVE_MOVHINT4	JEĎ do NAKAŽENÉ ZÓNY a vyzkoušej ZBRANĚ.
fe_textbible.p3d	3_1_FINDANOTHERAPC	NAJDI jiné APC.
fe_textbible.p3d	3_1_KARENDEAD_REASON	KAREN PARKER MUSÍ PŘEŽÍT
fe_textbible.p3d	3_1_COMMANDERDEAD_REASON	VELITEL JE MRTVÝ
fe_textbible.p3d	3_1_APCPILOTDEAD_REASON	ŘIDIČ APC JE MRTVÝ
fe_textbible.p3d	3_1_APCDESTROYED_REASON	KAREN PARKER MUSÍ PŘEŽÍT
fe_textbible.p3d	3_1_APCENTEREXIT_HINT	Přijď blíž a STISKNI %0:BUTTON02 pro ÚNOS jakéhokoli APC.  Uvnitř DRŽ %0:BUTTON02 pro VÝSTUP z APC.
fe_textbible.p3d	3_1_BUTTONTEXT1	HLAVNÍ PALBA
fe_textbible.p3d	3_1_BUTTONTEXT2	VEDLEJŠÍ PALBA
fe_textbible.p3d	3_1_BUTTONTEXT3	ZAMĚŘIT
fe_textbible.p3d	3_1_CONSUMELOST_REASON	PŘIŠEL jsi o PŘEVLEK VELITELE.
fe_textbible.p3d	3_1_STEALTHCONSUME_TUTORAIL	POUŽIJ NENÁPADNÉ POHLCENÍ, když jsou poblíž další NEPŘÁTELÉ.
fe_textbible.p3d	3_1_STEALTHCONSUME_TUTORAIL_TITLE	NENÁPADNÉ POHLCENÍ
fe_textbible.p3d	3_1_APCFIND	APC najdeš u VOJENSKÝCH ZÁKLADEN nebo NAKAŽENÝCH HNÍZD.
fe_textbible.p3d	3_1_TEST	TEST
fe_textbible.p3d	3_1_BASEDESTROYED	ZÁKLADNA BYLA ZNIČENA
fe_textbible.p3d	3_1_ALERT_BASE_EXIT	ZÁKLADNA JE UZAVŘENA.\n\nZABIJ NEBO SETŘES armádu a OPUSŤ ZÁKLADNU.
fe_textbible.p3d	3_1_ALERT_BASE_TUTORIAL	NASAĎ PLATNÝ PŘEVLEK NEBO ZABIJ VŠECHNY VOJÁKY, ABYS UKONČIL POPLACH.
fe_textbible.p3d	3_1_HIVE_INTEGRITY	INTEGRITA HNÍZDA
fe_textbible.p3d	3_1_APCREMIND	SEŽEŇ APC z blízké VOJENSKÉ ZÓNY a použij ho proti HNÍZDU.
fe_textbible.p3d	3_1_KP_ENTER	VSTOUPIT DO BUDOVY
fe_textbible.p3d	3_1_SHAKEALERT	ZABIJ NEBO SETŘES ARMÁDU A UKONČI POPLACH.
fe_textbible.p3d	3_1_HLO_1	KONTAKTUJ KAREN PARKER
fe_textbible.p3d	3_1_HLO_2	SEŽEŇ APC PRO PŘEVOZ KAREN PARKER
fe_textbible.p3d	3_1_HLO_3	VYZKOUŠEJ APC
fe_textbible.p3d	3_1_HLO_4	ZACHRAŇ KAREN PARKER
fe_textbible.p3d	3_2_GENETIC_MATERIAL	GENETICKÝ MATERIÁL
fe_textbible.p3d	3_2_WT_HINT	Z NAKAŽENÝCH VODOJEMŮ se zrodí LOVCI, pokud u nich strávíš čas.  Buď opatrný.
fe_textbible.p3d	3_1_HIVEWARN_1	VAROVÁNÍ: INTEGRITA HNÍZDA 75%
fe_textbible.p3d	3_1_HIVEWARN_2	VAROVÁNÍ: INTEGRITA HNÍZDA 50%
fe_textbible.p3d	3_1_HIVEWARN_3	VAROVÁNÍ: INTEGRITA HNÍZDA 20%
fe_textbible.p3d	3_1_HIVEWARN_4	VAROVÁNÍ: HNÍZDO KRITICKÉ
fe_textbible.p3d	3_2_WT_OBJ1	ZNIČ NAKAŽENÝ VODOJEM, než se vylíhne.
fe_textbible.p3d	3_2_WT_OBJ2	SEBER GENETICKÝ MATERIÁL a JDI k dalšímu NAKAŽENÉMU VODOJEMU.
fe_textbible.p3d	3_2_HIVE_GENETIC_MATERIAL	GENETICKÝ MATERIÁL HNÍZDA
fe_textbible.p3d	3_2_HIVE_OBJ1	Jdi k HNÍZDU a SEBER další GENETICKÝ MATERIÁL.
fe_textbible.p3d	3_2_OBJECTIVE_GOTO_WH	JDI k NAKAŽENÉMU VODOJEMU a SEBER GENETICKÝ MATERIÁL.
fe_textbible.p3d	3_2_HIVE_HINT1	HNÍZDA produkují GENETICKÝ MATERIÁL pravidelně.
fe_textbible.p3d	3_2_HIVE_HINT2	BOJUJ s ARMÁDOU a UDRŽ HNÍZDO NAŽIVU.
fe_textbible.p3d	3_2_HIVE_OBJ2	SEBER GENETICKÝ MATERIÁL, než bude HNÍZDO ZNIČENO.
fe_textbible.p3d	3_2_HIVE_FAIL_REASON	HNÍZDO BYLO ZNIČENO DŘÍV, NEŽ JSI NASBÍRAL DOST GENETICKÉHO MATERIÁLU.
fe_textbible.p3d	3_2_HIVE_FAIL_HINT	SOUSTŘEĎ SE NA SBĚR GENETICKÉHO MATERIÁLU NEBO NA ODRÁŽENÍ ARMÁDY
fe_textbible.p3d	3_2_WT_HATCH	NAKAŽENÝ VODOJEM se vylíhl dřív, než jsi ho zničil.  NAJDI DALŠÍ.
fe_textbible.p3d	3_2_HIVE_REMIND	SEBER GENETICKÝ MATERIÁL
fe_textbible.p3d	TUTORIAL_INFECTEDWT1	NAKAŽENÉ VODOJEMY
fe_textbible.p3d	TUTORIAL_INFECTEDWT1_1	NAKAŽENÉ VODOJEMY jsou INKUBÁTORY LOVCŮ. Když se PŘIBLÍŽÍŠ, začnou se LÍHNOUT. Když USTOUPÍŠ, znovu ZTICHNOU. Zůstaň BLÍZKO moc dlouho a PRASKNOU.
fe_textbible.p3d	TUTORIAL_INFECTEDWT1_2	ZÍSKÁŠ GENETICKÝ MATERIÁL, když ZNIČÍŠ NAKAŽENÝ VODOJEM dřív, než se vylíhne.
fe_textbible.p3d	3_2_GM_COLLECTED	GENETICKÝ MATERIÁL SEBRÁN
fe_textbible.p3d	3_2_HIVE_DAMAGED	VAROVÁNÍ: HNÍZDO POŠKOZENO
fe_textbible.p3d	3_2_EXIT_REMIND	ZŮSTAŇ BLÍZKO HNÍZDA.
fe_textbible.p3d	3_2_EXIT_REASON	OPUSTIL JSI HNÍZDO
fe_textbible.p3d	3_2_HLO_1	SEBER GENETICKÝ MATERIÁL
fe_textbible.p3d	3_3_COLLECTION_ALERT	SEBRÁNO 50% GENETICKÉHO MATERIÁLU
fe_textbible.p3d	3_3_COLLECTION_ALERT2	SEBRÁNO 75% GENETICKÉHO MATERIÁLU
fe_textbible.p3d	3_3_OBJECTIVE_COLLECTGM	JDI k HNÍZDU a najdi GENETICKÝ MATERIÁL.
fe_textbible.p3d	3_3_OBJECTIVE_CONSUMEMARINECOMMANDER	POHLŤ KAPITÁNA MARINES a převezmi kontrolu nad DĚLOSTŘELECKÝM ÚDEREM.
fe_textbible.p3d	3_3_OBJECTIVE_CONSUMEMARINECOMMANDER2	POHLŤ KAPITÁNA MARINES.
fe_textbible.p3d	3_3_OBJECTIVE_GOTO_HIVE	JDI k HNÍZDU.
fe_textbible.p3d	3_3_OBJECTIVE_PROTECTHIVEFROMTANKS	CHRAŇ HNÍZDO před ÚTOKEM ARMÁDY.
fe_textbible.p3d	3_3_OBJECTIVE_RETURNTOGI	JDI do BYTU KAREN PARKER.
fe_textbible.p3d	3_3_OBJECTIVE_RETURNTOGI2	JDI do BYTU KAREN PARKER.
fe_textbible.p3d	3_3_OBJECTIVE_STOPARTILLERYBYTRANSFORMING	PROMĚŇ se ve VELITELE a ZASTAV DĚLOSTŘELBU.
fe_textbible.p3d	3_3_OBJECTIVE_STOPSTRIKE	ZABRAŇ ZNIČENÍ HNÍZDA DĚLOSTŘELBOU.
fe_textbible.p3d	9_3_ALERT_BWPERIMETER	VSTOUPIL jsi do PERIMETRU BLACKWATCH.
fe_textbible.p3d	9_3_ALERT_MARINEPERIMETER	VSTOUPIL jsi do PERIMETRU MARINES.
fe_textbible.p3d	9_3_ALERT_TAGGARTDAMAGED	TAGGARTŮV TANK utrpěl PŘÍLIŠ VELKÉ POŠKOZENÍ.
fe_textbible.p3d	9_3_ALERT_TAGGARTDEAD	TAGGART BYL ZABIT
fe_textbible.p3d	9_3_ALERT_TAGGARTTOOFAR	TAGGART UNIKÁ. DOŽEŇ HO.
fe_textbible.p3d	9_3_ALERT_TAGGARTWARNING	TAGGART se NEOBJEVÍ, pokud budou VOJÁCI BLACKWATCH MRTVÍ.
fe_textbible.p3d	9_3_BWPERIMETER_INFILTRATE	PRONIKL jsi do KORDONU BLACKWATCH.
fe_textbible.p3d	9_3_OBJECTIVE_AVOID_DETECTION	NEVSTUPUJ DO VOJENSKÉHO PERIMETRU BĚHEM POPLACHU.
fe_textbible.p3d	9_3_OBJECTIVE_CONSUMEBWDISGUISE	POHLŤ VOJÁKA BLACKWATCH a NASAĎ SI JEHO PŘEVLEK.
fe_textbible.p3d	9_3_OBJECTIVE_FINDBWPERIMETER	NAJDI PERIMETR BLACKWATCH na BROOKLYNSKÉM MOSTĚ.
fe_textbible.p3d	9_3_OBJECTIVE_GOTO_TAGGART	JDI na TAGGARTOVO MÍSTO SCHŮZKY.
fe_textbible.p3d	9_3_OBJECTIVE_PURSUETAGGART	ZMOCNI se TAGGARTOVA TANKU. NENIČ HO.
fe_textbible.p3d	9_3_HLO_1	VYŽEŇ TAGGARTA NA OTEVŘENÝ PROSTOR
fe_textbible.p3d	9_3_HLO_2	STÍHEJ TAGGARTA
fe_textbible.p3d	9_3_HLO_3	DONUŤ TAGGARTA K ÚTĚKU
fe_textbible.p3d	9_3_HLO_4	POHLŤ TAGGARTA
fe_textbible.p3d	4_1_OBJECTIVE_FIND_COMM	NAJDI a POHLŤ VELITELE ZÁKLADNY BLACKWATCH.
fe_textbible.p3d	4_1_OBJECTIVE_1_CONSUME_COMMANDER_ALT_2	POHLŤ VELITELE BLACKWATCH.
fe_textbible.p3d	4_1_OBJECTIVE_2_PROTECT_SAFEHOUSE	ZABRAŇ HLÍDKÁM PRORAZIT ZELENÝ PERIMETR KOLEM DANINA ÚKRYTU.
fe_textbible.p3d	4_1_OBJECTIVE_2_PROTECT_SAFEHOUSE_ALT_1	ZNIČ VŠECHNY HLÍDKY, než dorazí k DANINU ÚKRYTU.
fe_textbible.p3d	4_1_OBJECTIVE_2_PROTECT_SAFEHOUSE_ALT_2	ZNIČ všechny HLÍDKY, než dorazí k DANINU ÚKRYTU.
fe_textbible.p3d	4_1_OBJECTIVE_2_PROTECT_SAFEHOUSE_ALT_3	ZNIČ blížící se HLÍDKY.
fe_textbible.p3d	4_1_OBJECTIVE_2_PROTECT_SAFEHOUSE_ALT_4	ZNIČ HLÍDKY blížící se k DANINU ÚKRYTU.
fe_textbible.p3d	4_1_FE_OBJECTIVE_1	POHLŤ DŮSTOJNÍKA BLACKWATCH.
fe_textbible.p3d	4_1_FE_OBJECTIVE_2	ZNIČ všechny HLÍDKY blížící se k DANINU ÚKRYTU.
fe_textbible.p3d	4_1_HINT_APC_TOO_CLOSE	K DANINU ÚKRYTU se blíží HLÍDKA.
fe_textbible.p3d	4_1_COMMANDER_MARKER_LABEL	VELITEL ZÁKLADNY
fe_textbible.p3d	4_1_PATROL_MARKER_LABEL	HLÍDKA
fe_textbible.p3d	4_1_DANAS_MARKER_LABEL	DANIN ÚKRYT
fe_textbible.p3d	4_1_FE_OBJ_1	NAJDI VELITELE ZÁKLADNY BLACKWATCH.
fe_textbible.p3d	4_1_FE_OBJ_2	POHLŤ VELITELE ZÁKLADNY BLACKWATCH.
fe_textbible.p3d	4_1_FE_OBJ_3	ZNIČ blízkou HLÍDKU.
fe_textbible.p3d	4_1_FE_OBJ_4	ZNIČ VŠECHNY HLÍDKY, než DORAZÍ k DANINU ÚKRYTU.
fe_textbible.p3d	4_1_UAV_PASSIVE_DESCRIP	UAV jsou mobilní verze VIROVÝCH DETEKTORŮ. Když jejich světlo zčervená, byl jsi ODHALEN.
fe_textbible.p3d	4_1_PATROL_DESTROYED	HLÍDKA ZNIČENA
fe_textbible.p3d	4_1_FAIL_REASON	ARMÁDA ZJISTILA DANINU POLOHU
fe_textbible.p3d	4_1_HLO_1	PROZKOUMEJ ZÁKLADNU
fe_textbible.p3d	4_1_HLO_2	ZABRAŇ ARMÁDĚ V ODHALENÍ ÚKRYTU
fe_textbible.p3d	4_2_DETECTOR_DESCRIPT	VIROVÝ DETEKTOR
fe_textbible.p3d	4_2_MISSION_FAILED	MISE SELHALA
fe_textbible.p3d	4_2_OBJECTIVE_2_DESTROY_SNIFFERS_1A	ZNIČ další VIROVÝ DETEKTOR.
fe_textbible.p3d	4_2_MISSION_FAILED_HINT	NEZNIČIL JSI VŠECHNY VIROVÉ DETEKTORY
fe_textbible.p3d	4_2_OBJECTIVE_1_GOTO_SNIFFER_AREA	JDI do OBLASTI CHELSEA, kde se rozmísťují VIROVÉ DETEKTORY.
fe_textbible.p3d	4_2_OBJECTIVE_1_GOTO_SNIFFER_AREA_ALT_1	Jdi do oblasti rozmístění VIROVÝCH DETEKTORŮ.
fe_textbible.p3d	4_2_OBJECTIVE_1_GOTO_SNIFFER_AREA_ALT_2	ZNIČ zbývající VIROVÉ DETEKTORY v každém OZNAČENÉM BLOKU MĚSTA.
fe_textbible.p3d	4_2_OBJECTIVE_2_DESTROY_SNIFFERS_1	ZNIČ VIROVÝ DETEKTOR.
fe_textbible.p3d	4_2_OBJECTIVE_2_DESTROY_SNIFFERS_2	ZNIČ zbývající VIROVÉ DETEKTORY v každém OZNAČENÉM BLOKU MĚSTA.
fe_textbible.p3d	4_2_OBJECTIVE_2_DESTROY_SNIFFERS_ALT_2	ZNIČ zbývající VIROVÉ DETEKTORY v každém OZNAČENÉM BLOKU MĚSTA.
fe_textbible.p3d	4_2_METER_LABEL	ZNIČENÉ DETEKTORY
fe_textbible.p3d	4_2_MISSION_FAILED_HINT1	VRTULNÍKY JSOU ZRANITELNÉ HOZENÝMI PŘEDMĚTY.  HÁZEJ PO NICH PŘEDMĚTY A SESTŘEL JE.
fe_textbible.p3d	4_2_MISSION_FAILED_HINT2	TANKY TĚ NEZASÁHNOU NA ÚPLNĚ KRÁTKOU VZDÁLENOST.  PŘIBLIŽ SE A NABIJ ÚTOKY, ABYS PROLOMIL JEJICH PANCÍŘ.
fe_textbible.p3d	4_2_MISSION_FAILED_HINT3	POKUD TVŮJ POSTUP NEFUNGUJE, ZKUS JINOU STRATEGII.  STŘÍDEJ POUŽITÍ SCHOPNOSTÍ A PŘEVLEKU.
fe_textbible.p3d	4_2_MISSION_FAILED_HINT4	ZAMĚŘ SE NA VOJÁKY S GRANÁTOMETY A RAKETOMETY
fe_textbible.p3d	4_2_MISSION_FAILED_HINT5	NĚKTERÉ SCHOPNOSTI JSOU ÚČINNĚJŠÍ PROTI URČITÝM TYPŮM NEPŘÁTEL.  KOMBINUJ JE A NAJDI NEJLEPŠÍ NÁSTROJ NA DANOU PRÁCI.
fe_textbible.p3d	4_2_MISSION_FAILED_HINT6	POKUD SI NEVÍŠ RADY, PODÍVEJ SE V MENU VYLEPŠENÍ PO DALŠÍCH VYLEPŠENÍCH, KTERÁ POMOHOU ZDOLAT NÁROČNOU MISI
fe_textbible.p3d	SNIFFERS_REMAINING1	ZBÝVAJÍCÍ VIROVÉ DETEKTORY
fe_textbible.p3d	TUTORIAL_AREA_MARKER_TITLE	ZNAČKY OBLASTÍ
fe_textbible.p3d	TUTORIAL_AREA_MARKER_1	ZNAČKA OBLASTI ukazuje MĚSTSKÝ BLOK s DETEKTOREM. PROHLEDEJ oblast a NAJDI tento DETEKTOR.
fe_textbible.p3d	4_2_OBJECTIVE_HINT_1	PŘEVLEKEM se dostaň BLÍZKO, než na DETEKTOR ZAÚTOČÍŠ.
fe_textbible.p3d	4_2_OBJECTIVE_HINT_2	BIČOVOU PĚSTÍ ZLIKVIDUJ VÍCE NEPŘÁTEL NABLÍZKO.
fe_textbible.p3d	4_2_OBJECTIVE_HINT_3	ZABIJ NEBO SETŘES ARMÁDU, než zaútočíš na další DETEKTOR.
fe_textbible.p3d	4_2_HLO_1	ZABRAŇ ARMÁDĚ V ODHALENÍ ÚKRYTU
fe_textbible.p3d	4_2_HLO_2	ODLÁKEJ POZORNOST ARMÁDY OD ÚKRYTU
fe_textbible.p3d	4_2_HLO_3	UNIKNI ARMÁDĚ
fe_textbible.p3d	4_3_SABOTAGE_TUTORIAL_TITLE	SABOTÁŽ DETEKTORŮ
fe_textbible.p3d	4_3_BUTTON_HINT_RADIO	RÁDIO
fe_textbible.p3d	4_3_EXIT_VEHICLE	VYSTUP z VOZIDLA a ZAVOLEJ McMULLENOVI.
fe_textbible.p3d	4_3_CALL_MCMULLEN	BĚŽ do PŘISTÁVACÍ ZÓNY a dej signál McMULLENOVI.
fe_textbible.p3d	4_3_CALL_MCMULLENBUTTONHINT	VOLAT MCMULLENA
fe_textbible.p3d	4_3_CHECK_ACTIVITY	BĚŽ k dalšímu VÝZKUMU HNÍZDA a ZKONTROLUJ ÚROVNĚ AKTIVITY.
fe_textbible.p3d	4_3_CONSUME_COMMANDER	POHLŤ VELITELE BLACKWATCH.
fe_textbible.p3d	4_3_CONSUME_SURVIVORS	NAJDI a POHLŤ VELITELE mezi přeživšími.
fe_textbible.p3d	4_3_FIND_RESEARCHERS	NAJDI McMULLENŮV VÝZKUMNÝ TÝM.
fe_textbible.p3d	4_3_SABOTAGE_TUTORIAL_1	McMULLEN musí uvěřit, že je oblast BEZ NÁKAZY, teprve pak přistane. PŘIBLIŽ SE k VIROVÉMU DETEKTORU a STISKNI %0:BUTTON04 pro zahájení SABOTÁŽE.
fe_textbible.p3d	4_3_LEAVING_HIVE_AREA	BĚŽ k HNÍZDU a POHLŤ VELITELE.
fe_textbible.p3d	4_3_NO_DESTRUCTION_OF_SNIFFERS	NEDOVOL, aby byly VIROVÉ DETEKTORY ZNIČENY.
fe_textbible.p3d	4_3_SABOTAGE_SNIFFERS	SABOTUJ VIROVÉ DETEKTORY. NEDOVOL, aby byly VIROVÉ DETEKTORY ZNIČENY, jinak se McMULLEN oblasti vyhne.
fe_textbible.p3d	4_3_WOI_HEADER	SÍŤ INTRIK
fe_textbible.p3d	4_3_WOI_LOOKING_FOR_HIVE_TO_RESEARCH	McMULLEN hledá SPÍCÍ HNÍZDO k VÝZKUMU.\n\nBude pokračovat, jen když VIROVÉ DETEKTORY UKÁŽOU NULOVOU AKTIVITU NAKAŽENÝCH.\n\nNEDOVOL, ABY BYL ZNIČEN JAKÝKOLI DETEKTOR.
fe_textbible.p3d	4_3_START_SABOTAGE	SABOTÁŽ...
fe_textbible.p3d	4_3_SABOTAGE	SABOTÁŽ
fe_textbible.p3d	4_3_ABORT_SABOTAGE	SABOTÁŽ PŘERUŠENA
fe_textbible.p3d	4_3_SABOTAGE_THE_SNIFFER	STISKNI %0:BUTTON04 pro SABOTÁŽ.
fe_textbible.p3d	4_3_TOO_MANY_SNIFFERS_DEAD	BYLO ZNIČENO PŘÍLIŠ MNOHO VIROVÝCH DETEKTORŮ
fe_textbible.p3d	4_3_MCMULLEN_ABORTED	McMULLEN OPERACI ZRUŠIL
fe_textbible.p3d	4_3_SNIFFER_WAS_DESTROYED	VIROVÝ DETEKTOR BYL ZNIČEN
fe_textbible.p3d	4_3_DESTROY_NO_MORE	DETEKTORY MUSÍ PŘEŽÍT
fe_textbible.p3d	4_3_SNIFFER_SABOTAGED	SABOTÁŽ VIROVÉHO DETEKTORU DOKONČENA
fe_textbible.p3d	4_3_END_THE_ALERT	UKONČI POPLACH a PŘIVOLEJ McMULLENA.
fe_textbible.p3d	4_3_GET_OUT_OF_AREA	UNIKNI z OBLASTI VYZNAČENÉ NA MINIMAPĚ.
fe_textbible.p3d	4_3_GET_TO_SAFEHOUSE	UNIKNI do DANINA ÚKRYTU.
fe_textbible.p3d	4_3_ESCAPE_TO_SAFEHOUSE	UNIKNI do DANINA ÚKRYTU.
fe_textbible.p3d	4_3_LOSE_PURSUERS	UNIKNI ARMÁDĚ.
fe_textbible.p3d	4_3_RED_ABORT	SABOTÁŽ PŘERUŠENA: VIROVÉ DETEKTORY NELZE SABOTOVAT BĚHEM POPLACHU
fe_textbible.p3d	4_3_TRIGGER_ABORT	SABOTÁŽ PŘERUŠENA: VIROVÝ DETEKTOR UŽ NENÍ ZAMĚŘEN
fe_textbible.p3d	4_3_CANNOT_SABOTAGE	VIROVÉ DETEKTORY NELZE SABOTOVAT BĚHEM POPLACHU
fe_textbible.p3d	4_3_OBJ_CONSUME_COMMANDER	NAJDI a POHLŤ VELITELE.
fe_textbible.p3d	4_3_OBJ_SABOTAGE_VIRAL_DETECTOR	SABOTUJ VIROVÉ DETEKTORY.
fe_textbible.p3d	4_3_OBJ_CALL_MCMULLEN	PŘIVOLEJ McMULLENA.
fe_textbible.p3d	4_3_OBJ_ESCAPE_MCMULLEN	SETŘES McMULLENA a UKONČI POPLACH.
fe_textbible.p3d	4_3_OBJ_TO_FIRST_HIVE	BĚŽ k HNÍZDU a VYLÁKEJ McMULLENA VEN.
fe_textbible.p3d	4_3_ACQUIRE_DISGUISE_AND_GOTO	SEŽEŇ si PŘEVLEK a DOJDI na jedno z VYZNAČENÝCH MÍST.
fe_textbible.p3d	4_3_VALID_DISGUISE_REQUIRED	SEŽEŇ si PŘEVLEK.
fe_textbible.p3d	4_3_FAIL_MCMULLEN_DEAD	McMULLEN NESMÍ BÝT ZABIT
fe_textbible.p3d	4_3_SNIFFER_SABOTAGE_METER_LABEL	SABOTOVANÉ DETEKTORY
fe_textbible.p3d	4_3_DO_NOT_DESTROY_SNIFFER	McMULLEN v oblasti NEPŘISTANE, pokud bude některý z DETEKTORŮ ZNIČEN.
fe_textbible.p3d	4_3_ESCAPE_MCMULLEN_TUTORIAL_TITLE	ÚNIK PŘED McMULLENEM
fe_textbible.p3d	4_3_ESCAPE_MCMULLEN_TUTORIAL_1	SETŘES McMULLENA a UKONČI POPLACH.
fe_textbible.p3d	SNIFFERS_REMAINING	ZBÝVAJÍCÍ DETEKTORY
fe_textbible.p3d	4_3_HLO_1	NAJDI McMULLENA
fe_textbible.p3d	4_3_HLO_2	PŘIVEĎ McMULLENA NA MÍSTO
fe_textbible.p3d	4_3_HLO_3	SETŘES McMULLENOVY SÍLY
fe_textbible.p3d	4_4_COLLECT_SAMPLES	SEBER GENETICKÝ MATERIÁL.
fe_textbible.p3d	4_4_OBJECTIVE_1_GET_INTO_HIVE	VSTUP do HNÍZDA.
fe_textbible.p3d	4_4_OBJECTIVE_2_DEFEAT_SPECIALIST	PORAZ SPECIALISTU.
fe_textbible.p3d	4_4_OBJECTIVE_2_DEFEAT_SPECIALIST_KP	KAREN PARKER TĚ ZRADILA
fe_textbible.p3d	4_4_FAILURE_HINT_1	NAKAŽENÍ JSOU TVÝM SPOJENCEM PROTI SPECIALISTOVI
fe_textbible.p3d	TUT_PARASITE_1	INJEKCE ti vyřadila SCHOPNOSTI, ale tvá SÍLA, RYCHLOST a dovednosti PŘEVLEKU jsou NEDOTČENÉ.
fe_textbible.p3d	TUT_PARASITE_1_TITLE	INJEKCE
fe_textbible.p3d	TUT_PARASITE_2	PARAZIT ti vyřadil SCHOPNOSTI, ale tvá SÍLA, RYCHLOST a dovednosti PŘEVLEKU jsou NEDOTČENÉ.
fe_textbible.p3d	4_4_TITLE_THE_SPECIALIST	SPECIALISTA CROSS
fe_textbible.p3d	4_4_FAILURE_HINT_2	SPECIALISTA JE NEJZRANITELNĚJŠÍ PŘI NABÍJENÍ - VYUŽIJ TOHO
fe_textbible.p3d	4_4_FAILURE_HINT_3	ZAMĚŘ SPECIALISTU, ABYS HO SLEDOVAL A POZOROVAL JEHO ÚTOKY
fe_textbible.p3d	4_4_FAILURE_HINT_4	SPECIALISTA JE MISTR V PROTIÚTOCÍCH. NECH HO ZAÚTOČIT PRVNÍHO. UHNI PŘEVALEM A PAK NEPŘÍTELE POTRESTEJ.
fe_textbible.p3d	4_4_HLO_1	SEBER GENETICKÝ MATERIÁL
fe_textbible.p3d	4_4_HLO_2	PORAZ SPECIALISTU
fe_textbible.p3d	4_4_HLO_3	UNIKNI BLACKWATCH
fe_textbible.p3d	4_5_OBJECTIVE_1	ZÍSKEJ DALŠÍ MISI.
fe_textbible.p3d	5_1_HINT_JACKING	SNIŽ POČET NEPŘÁTEL, než se pokusíš o ÚNOS VOZIDLA.
fe_textbible.p3d	5_1_HINT_KILL_HYDRA	ZNIČ víc NEPŘÁTEL, než UNESEŠ KAPITÁNOVO VOZIDLO.
fe_textbible.p3d	5_1_HINT_LET_THEM_FIGHT	ARMÁDA a NAKAŽENÍ se do sebe pustí. Využij toho ve svůj prospěch.
fe_textbible.p3d	5_1_FAIL_ALL_COMMANDERS_DEAD	VŠICHNI VELITELÉ V OBLASTI JSOU MRTVÍ
fe_textbible.p3d	5_1_FAIL_WEBNODE_DEAD	VELITEL BLACKWATCH SPECTER JE MRTVÝ
fe_textbible.p3d	5_1_FAIL_HINT_ALL_COMMANDERS_DEAD	ZNIČ KORDON, NEŽ UNESEŠ VELITELOVO VOZIDLO
fe_textbible.p3d	5_1_FAIL_HINT_WEBNODE_DEAD	ZNIČ VÍC NEPŘÁTEL, NEŽ UNESEŠ KAPITÁNOVO VOZIDLO
fe_textbible.p3d	5_1_OBJECTIVE_COMPLETE	CÍL SPLNĚN
fe_textbible.p3d	5_1_OBJECTIVE_CONSUME_CAPTAIN	POHLŤ KAPITÁNA LIMA.
fe_textbible.p3d	5_1_OBJECTIVE_CONSUME_TANK_COMMANDERS	POHLŤ VELITELE APC.
fe_textbible.p3d	5_1_OBJECTIVE_DESTROY_TANKS	ZNIČ VOZIDLA BLACKWATCH SPECTER.
fe_textbible.p3d	5_1_OBJECTIVE_GO_TO_CAPTAIN_OP_AREA	NAJDI KAPITÁNA LIMA.
fe_textbible.p3d	5_1_OBJECTIVE_DRAW_OUT	ZNIČ VOZIDLA BLACKWATCH SPECTER.
fe_textbible.p3d	5_1_OBJECTIVE_GO_TO_OP_AREA	NAJDI JEDNOTKY BLACKWATCH SPECTER.
fe_textbible.p3d	5_1_OBJECTIVE_NOT_CAPTAIN	POHLCEN ŠPATNÝ CÍL. POHLŤ víc VELITELŮ TANKŮ SPECTER a NAJDI KAPITÁNA LIMA.
fe_textbible.p3d	5_1_OBJECTIVE_REINFORCEMENTS	PŘICHÁZEJÍ POSILY BLACKWATCH SPECTER
fe_textbible.p3d	5_1_SCRIPTED_CAMERA_PLACEHOLDER	Zástupná skriptovaná kamera
fe_textbible.p3d	5_1_WOI_NODE_PLACEHOLDER	5.1 ZÁSTUPNÝ UZEL SÍTĚ INTRIK: ODHALENA POLOHA TĚL NAKAŽENÝCH
fe_textbible.p3d	5_1_OBJECTIVE_CONSUME_CAPTAIN_SHORT	POHLŤ VELITELE BLACKWATCH SPECTER.
fe_textbible.p3d	5_1_OBJECTIVE_CONSUME_TANK_COMMANDERS_SHORT	POHLŤ VELITELE BLACKWATCH SPECTER.
fe_textbible.p3d	5_1_OBJECTIVE_DESTROY_TANKS_SHORT	ZNIČ TANKY BLACKWATCH SPECTER.
fe_textbible.p3d	5_1_OBJECTIVE_GO_TO_CAPTAIN_OP_AREA_SHORT	NAJDI KAPITÁNA LIMA.
fe_textbible.p3d	5_1_OBJECTIVE_GO_TO_OP_AREA_SHORT	NAJDI PŘÍSLUŠNÍKY BLACKWATCH a ZJISTI POLOHU PACIENTA NULA.
fe_textbible.p3d	5_1_OBJECTIVE_HIJACK_TO_CONSUME	UNES APC a POHLŤ VELITELE.
fe_textbible.p3d	5_1_TUT_TARGET	DRŽ %0:BUTTON12 pro ZAMĚŘENÍ.
fe_textbible.p3d	5_1_TUT_SHOOT_1	STISKNI %0:BUTTON13 pro PALBU Z KANÓNU.
fe_textbible.p3d	5_1_TUT_SHOOT_2	STISKNI %0:BUTTON11 pro PALBU RAKET.
fe_textbible.p3d	5_1_HLO_1	NAJDI PACIENTA NULA
fe_textbible.p3d	5_2_TANK_DRIVING_UNLOCK_PLACEHOLDER	ŘÍZENÍ TANKU ODEMČENO
fe_textbible.p3d	5_2_HINT_TANK_DESTROYED	UTEČ NEBO ZNIČ VŠECHNY NEPŘÁTELE
fe_textbible.p3d	5_2_HINT_LAB_DESTROYED	NEPOUŠTĚJ NAKAŽENÉ K LABORATOŘI
fe_textbible.p3d	5_2_HINT_BE_SNEAKY	NEŽ SE POKUSÍŠ POHLTIT CÍL, UJISTI SE, ŽE SE NIKDO NEDÍVÁ
fe_textbible.p3d	5_2_FAIL_RAGLAND_DIED	RAGLAND JE MRTVÝ
fe_textbible.p3d	5_2_FAIL_RAGLAND_DIED_LAB	PRŮNIK DO LABU
fe_textbible.p3d	5_2_FAIL_ALL_DRIVERS_DEAD	VŠICHNI ŘIDIČI MRTVÍ
fe_textbible.p3d	5_2_OBJECTIVE_COMPLETE	CÍL SPLNĚN
fe_textbible.p3d	5_2_OBJECTIVE_CONSUME_TANK_DRIVER	POHLŤ ŘIDIČE TANKU.
fe_textbible.p3d	5_2_OBJECTIVE_INFILTRATE_BASE	PRONIKNI do VOJENSKÉ ZÁKLADNY.
fe_textbible.p3d	5_2_OBJECTIVE_DEFEND_RAGLAND	BRAŇ RAGLANDA před NAKAŽENÝMI.
fe_textbible.p3d	5_2_OBJECTIVE_DRIVE_BACK_TO_RAGLANDS	DOPRAV RAGLANDA zpět do MÁRNICE.
fe_textbible.p3d	5_2_OBJECTIVE_DRIVE_TO_BLACKWATCH_BASE	DOPRAV RAGLANDA do OPUŠTĚNÉ VOJENSKÉ ZÁKLADNY.
fe_textbible.p3d	5_2_OBJECTIVE_DRIVE_TO_RAGLANDS	VRAŤ TANK do MÁRNICE.
fe_textbible.p3d	5_2_OBJECTIVE_GO_TO_MILITARY_BASE	BĚŽ do VOJENSKÉ ZÁKLADNY.
fe_textbible.p3d	5_2_OBJECTIVE_STEAL_TANK	NAJDI a UNES TANK.
fe_textbible.p3d	5_2_OBJECTIVE_DEFEND_RAGLAND_SHORT	BRAŇ RAGLANDA před NAKAŽENÝMI.
fe_textbible.p3d	5_2_OBJECTIVE_DRIVE_BACK_TO_RAGLANDS_SHORT	ODVEZ RAGLANDA ZPĚT do MÁRNICE.
fe_textbible.p3d	5_2_OBJECTIVE_DRIVE_TO_BLACKWATCH_BASE_SHORT	DOPRAV RAGLANDA do OPUŠTĚNÉ VOJENSKÉ ZÁKLADNY.
fe_textbible.p3d	5_2_OBJECTIVE_DRIVE_TO_RAGLANDS_SHORT	DOPRAV RAGLANDA zpět do MÁRNICE.
fe_textbible.p3d	5_2_OBJECTIVE_GO_TO_MILITARY_BASE_SHORT	BĚŽ do ZÁKLADNY BLACKWATCH.
fe_textbible.p3d	5_2_OBJECTIVE_STEAL_TANK_SHORT	UNES TANK.
fe_textbible.p3d	5_2_RAGLAND_ENTERS_BASE_NIS_PLACEHOLDER	5.2 ZÁSTUPNÁ SCÉNA RAGLAND VSTUPUJE DO ZÁKLADNY: ALEX A RAGLAND PŘIJÍŽDĚJÍ K PRÁZDNÉ ZÁKLADNĚ. Zastaví u dveří, vystoupí a vejdou dovnitř
fe_textbible.p3d	5_2_RAGLAND_ENTERS_TANK_NIS_PLACEHOLDER	5.2 ZÁSTUPNÁ SCÉNA RAGLAND NASTUPUJE DO TANKU: Ragland nastupuje do TANKU
fe_textbible.p3d	5_2_RAGLAND_EXITS_BASE_NIS_PLACEHOLDER	5.2 ZÁSTUPNÁ SCÉNA RAGLAND OPOUŠTÍ ZÁKLADNU: Alex a Ragland vybíhají z útrob základny
fe_textbible.p3d	5_2_TAG_TIME_NEEDED_BY_RAGLAND	ZBÝVAJÍCÍ ČAS PRO RAGLANDA
fe_textbible.p3d	5_2_OBJECTIVE_CONSUME_COMMANDER	POHLŤ VELITELE. BUĎ NENÁPADNÝ.
fe_textbible.p3d	5_2_OBJECTIVE_EXIT_INTERIOR	OPUSŤ ÚTROBY ZÁKLADNY.
fe_textbible.p3d	5_2_FAIL_BASE_DESTROYED	ZNIČEN CÍL NUTNÝ PRO MISI
fe_textbible.p3d	5_2_HINT_BASE_DESTROYED	NENIČ ZÁKLADNU
fe_textbible.p3d	5_2_OBJECTIVE_INFILTRATE_BASE_SHORT	PRONIKNI do VOJENSKÉ ZÁKLADNY.
fe_textbible.p3d	5_2_OBJECTIVE_DEAD_DRIVER	NEZABÍJEJ ŘIDIČE TANKU. OPUSŤ ÚTROBY ZÁKLADNY.
fe_textbible.p3d	5_2_OBJECTIVE_DEAD_DRIVER_EXIT	OPUSŤ ZÁKLADNU.
fe_textbible.p3d	5_2_RETRUN_TO_TANK	VRAŤ SE k RAGLANDOVU TANKU.
fe_textbible.p3d	5_2_LEAVE_ALERT	ZABIJ NEBO SETŘES armádu, než se vrátíš do MÁRNICE.
fe_textbible.p3d	5_2_TUT_START	TUTORIÁL: TUTORIÁL TANKU ZAHÁJEN
fe_textbible.p3d	5_2_TUT_COMPLETE	TUTORIÁL: TUTORIÁL TANKU DOKONČEN
fe_textbible.p3d	5_2_TUT_MOVE	POHNI %0:BUTTON06 pro POHYB TANKU.
fe_textbible.p3d	5_2_TUT_SHOOT_1	STISKNI %0:BUTTON13 pro PALBU z KANÓNU.
fe_textbible.p3d	5_2_TUT_ROTATE	Použij %0:BUTTON07 pro OTÁČENÍ VĚŽE.
fe_textbible.p3d	5_2_TUT_SHOOT_2	STISKNI %0:BUTTON11 pro PALBU ze SPŘAŽENÉHO KULOMETU.
fe_textbible.p3d	5_2_OBJECTIVE_ACQUIRE_TANK	NAJDI ŘIDIČE TANKU.
fe_textbible.p3d	5_2_HINT_ACQUIRE_TANK	ŘIDIČE TANKŮ najdeš uvnitř VOJENSKÝCH ZÁKLADEN.
fe_textbible.p3d	5_2_HINT_HIJACK_TANK	Používej VOJENSKÉ PŘEVLEKY k nenápadnému ÚNOSU TANKŮ.
fe_textbible.p3d	5_2_OBJECTIVE_DEFEAT_REMAINING_INFECTED	ZABIJ všechny zbylé NAKAŽENÉ, aby RAGLAND mohl OPUSTIT LABORATOŘ.
fe_textbible.p3d	5_2_LEAVE_ALERT_NO_TANK	ZABIJ NEBO SETŘES ARMÁDU A UKONČI POPLACH.
fe_textbible.p3d	5_2_HUD_LAB_WALL	ZEĎ LABU
fe_textbible.p3d	5_2_HUD_TIME_UP	00:00:00
fe_textbible.p3d	5_2_HLO_1	SEŽEŇ RAGLANDOVI DOPRAVU
fe_textbible.p3d	5_2_HLO_2	ZÍSKEJ VZORKY Z TĚL NA PENN STATION
fe_textbible.p3d	5_2_HLO_3	UKRYJ RAGLANDA
fe_textbible.p3d	5_3_TARGET_HINT	STISKNI %0:BUTTON04 pro SKEN NAKAŽENÉHO VODOJEMU.
fe_textbible.p3d	5_3_CHASE_BRAWLER	DRŽ SE u LOVCE.
fe_textbible.p3d	5_3_CONSUME_BRAWLER	POHLŤ LOVCE.
fe_textbible.p3d	5_3_EXITS_HELICOPTER	VRAŤ SE do VRTULNÍKU.
fe_textbible.p3d	5_3_FLY_TO_OUTBREAK	MIŘ NA JIH k NAKAŽENÝM ZÓNÁM.
fe_textbible.p3d	5_3_GO_TO_BASE	BĚŽ do VOJENSKÉ ZÁKLADNY.
fe_textbible.p3d	5_3_HOW_TO_SCAN_WATERTOWERS	VRAŤ SE do DOSAHU SKENU.
fe_textbible.p3d	5_3_SIGNAL_STRENGTH	SÍLA SIGNÁLU
fe_textbible.p3d	5_3_SIGNAL_ACTIVE1	SIGNÁL ZACHYCEN
fe_textbible.p3d	5_3_SIGNAL_ACTIVE2	POMOCÍ UKAZATELE SÍLY SIGNÁLU NAJDI NAKAŽENÝ VODOJEM s potřebnou DNA.
fe_textbible.p3d	5_3_SIGNAL_ACTIVE3	LOVCI s POTŘEBNOU DNA se nacházejí v NAKAŽENÝCH VODOJEMECH.
fe_textbible.p3d	5_3_INJECT	INJEKCE
fe_textbible.p3d	5_3_INJECT_BRAWLER	OPUSŤ VRTULNÍK.
fe_textbible.p3d	5_3_INJECT_BRAWLER_NOW	DEJ LOVCI INJEKCI.
fe_textbible.p3d	5_3_SCAN	SKEN
fe_textbible.p3d	5_3_SCAN_ABORTED	SKEN PŘERUŠEN
fe_textbible.p3d	5_3_SCAN_COMPLETE1	SKEN DOKONČEN
fe_textbible.p3d	5_3_SCAN_COMPLETE2	DNA LOVCE NEODPOVÍDÁ
fe_textbible.p3d	5_3_SCAN_COMPLETE3	DNA LOVCE NEODPOVÍDÁ. NAJDI a OSKENUJ jiný NAKAŽENÝ VODOJEM.
fe_textbible.p3d	5_3_SCAN_STARTED	SKEN ZAHÁJEN
fe_textbible.p3d	5_3_TOWER_LOCATED	NAKAŽENÝ VODOJEM NALEZEN. PŘIBLIŽ SE A OSKENUJ HO.
fe_textbible.p3d	5_3_SCAN_THE_WATERTOWER	OSKENUJ NAKAŽENÝ VODOJEM.
fe_textbible.p3d	5_3_SCAN_WATERTOWERS	OSKENUJ NAKAŽENÉ VODOJEMY v NAKAŽENÉ ZÓNĚ.
fe_textbible.p3d	5_3_STEAL_HELICOPTER	UKRAĎ TRANSPORTNÍ VRTULNÍK.
fe_textbible.p3d	5_3_CAUGHT_UP	DOHNÁNO
fe_textbible.p3d	5_3_FALLING_BEHIND_1	ZAOSTÁVÁŠ
fe_textbible.p3d	5_3_FALLING_BEHIND_2	DOŽEŇ HO
fe_textbible.p3d	5_3_FALLING_BEHIND_3	HROZÍ SELHÁNÍ
fe_textbible.p3d	5_3_OBJ_STEAL_HELICOPTER	UKRAĎ TRANSPORTNÍ VRTULNÍK a HLEDEJ LOVCE.
fe_textbible.p3d	5_3_OBJ_SCAN_TOWERS	OSKENUJ NAKAŽENÝ VODOJEM kvůli potřebné DNA.
fe_textbible.p3d	5_3_OBJ_INJECT_BRAWLER	DEJ LOVCI INJEKCI.
fe_textbible.p3d	5_3_OBJ_CHASE_BRAWLER	DRŽ SE u LOVCE.
fe_textbible.p3d	5_3_OBJ_CONSUME_BRAWLER	POHLŤ LOVCE.
fe_textbible.p3d	5_3_STUN_THEN_INJECT	OMRAČ LOVCE.
fe_textbible.p3d	5_3_GRAB_BRAWLER	CHYŤ LOVCE.
fe_textbible.p3d	5_3_TUT_THROTTLE	STISKNI %0:BUTTON01 pro STOUPÁNÍ.
fe_textbible.p3d	5_3_TUT_THROTTLE_DOWN	STISKNI %0:BUTTON03 pro KLESÁNÍ.
fe_textbible.p3d	5_3_TUT_MOVE	POUŽIJ %0:BUTTON06 pro POHYB VRTULNÍKU.
fe_textbible.p3d	5_3_TUT_ROTATE	POUŽIJ %0:BUTTON07 pro OTÁČENÍ VRTULNÍKU.
fe_textbible.p3d	5_3_TUT_TARGET	STISKNI %0:BUTTON12 pro ZAMĚŘENÍ VIROVÉHO DETEKTORU.
fe_textbible.p3d	5_3_TUT_UNTARGET	STISKNI %0:BUTTON12 ZNOVU pro ZRUŠENÍ VÝBĚRU VIROVÉHO DETEKTORU.
fe_textbible.p3d	5_3_TUT_FIRE	STISKNI %0:BUTTON13 pro PALBU ZVOLENÝM ZBRAŇOVÝM SYSTÉMEM.
fe_textbible.p3d	5_3_TUT_SWAP	STISKNI %0:BUTTON11 pro ZMĚNU ZBRAŇOVÝCH SYSTÉMŮ.
fe_textbible.p3d	5_3_TUT_FIREAGAIN	STISKNI %0:BUTTON03 znovu pro PALBU ZVOLENÝM ZBRAŇOVÝM SYSTÉMEM.
fe_textbible.p3d	5_3_TUT_DESTROY	ZNIČ VIROVÉ DETEKTORY. STISKNI %0:BUTTON03 pro PALBU.
fe_textbible.p3d	5_3_TUT_ENTER_HELI	PŘIBLIŽ SE ke KOKPITU VRTULNÍKU a STISKNI %0:BUTTON02 pro NASTOUPENÍ.
fe_textbible.p3d	5_3_TUT_START	TUTORIÁL: TUTORIÁL VRTULNÍKU ZAHÁJEN
fe_textbible.p3d	5_3_TUT_COMPLETE	TUTORIÁL: TUTORIÁL VRTULNÍKU DOKONČEN
fe_textbible.p3d	5_3_TUT_TARGETSNIFFER	ZAMĚŘ VIROVÝ DETEKTOR.
fe_textbible.p3d	5_3_TUT_UNTARGETSNIFFER	ZRUŠ VÝBĚR VIROVÉHO DETEKTORU.
fe_textbible.p3d	5_3_TUT_FIRESNIFFER	ZNIČ VIROVÉ DETEKTORY.
fe_textbible.p3d	5_3_CONSUME_PILOT	POHLŤ PILOTA VRTULNÍKU.
fe_textbible.p3d	5_3_RETURN_TO_ZONE	VRAŤ SE do NAKAŽENÉ ZÓNY.
fe_textbible.p3d	5_3_FAIL_PILOT_DEAD	PILOT VRTULNÍKU MRTVÝ
fe_textbible.p3d	5_3_FAIL_HINT_PILOT_DEAD	POUŽIJ PŘEVLEK, ABY SIS HO NEVŠIMLI
fe_textbible.p3d	5_3_FAIL_BRAWLER_TOO_FAR	LOVEC S INJEKCÍ UNIKL
fe_textbible.p3d	5_3_FAIL_HINT_BRAWLER_TOO_FAR	PLACHTĚNÍM ZVĚTŠI UJITOU VZDÁLENOST
fe_textbible.p3d	5_3_FAIL_HELI_DEAD	VRTULNÍK ZNIČEN
fe_textbible.p3d	5_3_FAIL_HINT_HELI_DEAD	STOUPEJ, ABY SES VYHNUL HROZBÁM
fe_textbible.p3d	5_3_FAIL_BRAWLER_DEAD	LOVEC S INJEKCÍ MRTVÝ
fe_textbible.p3d	5_3_FAIL_HINT_BRAWLER_DEAD	NIČ HROZBY PRO LOVCE S INJEKCÍ
fe_textbible.p3d	5_3_TUT_GOTO	BĚŽ k VIROVÉMU DETEKTORU.
fe_textbible.p3d	5_3_HINT_COCKPIT_GRAB	STISKNI %0:BUTTON02 pro NÁSTUP do VRTULNÍKU.
fe_textbible.p3d	5_3_HINT_LOCKON_TO_SCAN	STISKNI %0:BUTTON12 pro ZAMĚŘENÍ NAKAŽENÉHO VODOJEMU ke SKENU.
fe_textbible.p3d	5_3_OBJ_LOCKON	ZAMĚŘ NAKAŽENÝ VODOJEM.
fe_textbible.p3d	5_3_HINT_HOW_TO_USE_METER	NAJDI NAKAŽENÝ VODOJEM naplněním UKAZATELE SÍLY SIGNÁLU.
fe_textbible.p3d	5_3_TUT_HOW_TO_USE_METER_HEAD	UKAZATEL SÍLY SIGNÁLU
fe_textbible.p3d	5_3_TUT_HOW_TO_USE_METER_BODY	UKAZATEL SÍLY SIGNÁLU ukazuje, jak BLÍZKO jsi NAKAŽENÉMU VODOJEMU.
fe_textbible.p3d	5_3_SCAN_PROGRESS	SKENOVÁNÍ...
fe_textbible.p3d	5_3_TUT_CHANGE_TARGET	DRŽ %0:BUTTON12 a TRHNI %0:BUTTON07 pro ZMĚNU CÍLE na jiný VIROVÝ DETEKTOR.
fe_textbible.p3d	5_3_TUT_CHANGETARGETSNIFFER	ZMĚŇ CÍL na jiný VIROVÝ DETEKTOR.
fe_textbible.p3d	5_3_HINT_HELI_GET_OUT	DRŽ %0:BUTTON02 pro VYSTOUPENÍ z VRTULNÍKU.
fe_textbible.p3d	5_3_TUT_TEST_FLIGHT	TEST LETOVÝCH SYSTÉMŮ
fe_textbible.p3d	5_3_TUT_TEST_WEAPONS	TEST ZBRAŇOVÝCH SYSTÉMŮ
fe_textbible.p3d	5_3_TUT_TEST_WEAPONS_GOTO	DOJEĎ K BODU A PROVEĎ TESTY ZBRANÍ. POUŽIJ %0:BUTTON06 pro POHYB VRTULNÍKU.
fe_textbible.p3d	5_3_TUT_SWAP_AND_FIRE	STISKNI %0:BUTTON03 pro PALBU a %0:BUTTON01 pro PŘEPÍNÁNÍ ZBRAŇOVÝCH SYSTÉMŮ.
fe_textbible.p3d	5_3_HLO_1	NAJDI VHODNÉHO LOVCE PRO INJEKCI
fe_textbible.p3d	5_3_HLO_2	NAUČ SE SYSTÉMY VRTULNÍKU
fe_textbible.p3d	5_3_HLO_3	VPRAV DO LOVCE PARAZITA
fe_textbible.p3d	5_3_HLO_4	NECH PROTILÁTKY LOVCE NARŮST
fe_textbible.p3d	5_3_HLO_5	VSTŘEBEJ PROTILÁTKY
fe_textbible.p3d	5_3_TYPEWRITER	Základna BLACKWATCH BE-7, Midtown East
fe_textbible.p3d	6_1_OBJECTIVE_DEFEAT_BRAWLERS	PORAZ POSILY VŮDČÍHO LOVCE.
fe_textbible.p3d	6_1_OBJECTIVE_RESCUE_DANA	PRONÁSLEDUJ VŮDČÍHO LOVCE.
fe_textbible.p3d	6_1_OBJECTIVE_GET_OUT_OF_VEHICLE	POSTAV SE VŮDCI! VYSTUP z VOZIDLA.
fe_textbible.p3d	6_1_FAIL_REASON_1	VŮDČÍ LOVEC UNIKL S DANOU
fe_textbible.p3d	6_1_FAIL_HINT_1	NENECH UKAZATEL VYPRÁZDNIT
fe_textbible.p3d	6_1_FAIL_REASON_2	DANA JE MRTVÁ
fe_textbible.p3d	6_1_FAIL_HINT_2	ARMÁDA ÚTOČÍ NA LOVCE NA POTKÁNÍ, CHRAŇ DANU NIČENÍM VŠEHO, CO NAPADNE VŮDCE
fe_textbible.p3d	6_1_PO_DEFEAT_BRAWLERS	ZABIJ LOVCE. NEÚTOČ NA VŮDCE.
fe_textbible.p3d	6_1_PO_KEEP_DANA_ALIVE	DANA musí PŘEŽÍT.
fe_textbible.p3d	6_1_OBJECTIVE_FAIL_WARNING_1	ZAOSTÁVÁŠ
fe_textbible.p3d	6_1_OBJECTIVE_FAIL_WARNING_2	POSLEDNÍ ŠANCE
fe_textbible.p3d	6_1_NOTICE_DANA_INJURED	DANA BYLA ZRANĚNA
fe_textbible.p3d	6_1_NOTICE_DANA_DEAD	DANA JE MRTVÁ
fe_textbible.p3d	6_1_DISTANCE_TITLE	VZDÁLENOST
fe_textbible.p3d	6_1_DANA_TITLE	DANA
fe_textbible.p3d	6_1_HLO_1	ZACHRAŇ DANU
fe_textbible.p3d	6_1_HLO_2	PORAZ LOVCE
fe_textbible.p3d	LURE_TUT_TITLE	LÁKÁNÍ VŮDCE
fe_textbible.p3d	LURE_TUT_1	VŮDČÍ LOVEC ztratil ZÁJEM. Aktuální ÚROVEŇ ZÁJMU se zobrazuje na UKAZATELI ZÁJMU.  ZAÚTOČ na VŮDCE a ZÍSKEJ jeho ZÁJEM zpět.
fe_textbible.p3d	6_2_LEADER_INTEREST	ZÁJEM VŮDCE
fe_textbible.p3d	6_2_FAIL_DEADLEADER	VŮDČÍ LOVEC JE MRTVÝ
fe_textbible.p3d	6_2_FAILHINT_CONSUME	POHLŤ VŮDČÍHO LOVCE, NEŽ ZEMŘE
fe_textbible.p3d	6_2_FAILHINT_PROTECT	UDRŽ VŮDČÍHO LOVCE NAŽIVU
fe_textbible.p3d	6_2_GOTOZONE	BĚŽ do NAKAŽENÉ ZÓNY.
fe_textbible.p3d	6_2_CONSUME	POHLŤ VŮDČÍHO LOVCE.
fe_textbible.p3d	6_2_LEAD	VYLÁKEJ VŮDČÍHO LOVCE do OPUŠTĚNÉ VOJENSKÉ ZÁKLADNY.
fe_textbible.p3d	6_2_ATTRACT	ZAÚTOČ na VŮDCE a ZÍSKEJ jeho ZÁJEM zpět.
fe_textbible.p3d	6_2_DEFEAT	PORAZ VŮDCE a zkroť ho.
fe_textbible.p3d	6_2_KILLBRAWLERS	ZABIJ LOVCE, kteří střeží VŮDCE.
fe_textbible.p3d	6_2_GOTOHIVE	BĚŽ k HNÍZDU VŮDCE.
fe_textbible.p3d	6_2_LOWHEALTH	ZDRAVÍ VŮDČÍHO LOVCE je NÍZKÉ. BRAŇ ho před ARMÁDOU.
fe_textbible.p3d	LEADER_ATTACKED_TUT_TITLE	VŮDČÍ LOVEC je pod ÚTOKEM.
fe_textbible.p3d	LEADER_ATTACKED_TUT_BODY	VŮDČÍ LOVEC je pod ÚTOKEM. CHRAŇ ho před ARMÁDOU a UDRŽ jeho POZORNOST na SOBĚ.
fe_textbible.p3d	6_2_FAIL_LOSTLEADER	ZTRATIL JSI VŮDCE
fe_textbible.p3d	6_2_HLO_1	NAJDI DANU
fe_textbible.p3d	6_2_HLO_2	CHYŤ VŮDČÍHO LOVCE PRO RAGLANDA
fe_textbible.p3d	6_3_OBJECTIVE_GOTO_BASE	DOJDI do BLÍZKÉ VOJENSKÉ ZÁKLADNY a POHLŤ NAKAŽENÉ PŘENAŠEČE, aby ses NAPOJIL na MYSL HNÍZDA.
fe_textbible.p3d	6_3_OBJECTIVE_CONSUME_SOLDIER_2	POHLŤ NAKAŽENÉHO PŘENAŠEČE.
fe_textbible.p3d	6_3_TITLE_HIVEMIND_UNLOCK	ZRAK NAKAŽENÝCH ODEMČEN
fe_textbible.p3d	6_3_TUTORIAL_HIVE_MIND_UNLOCK	ZRAK NAKAŽENÝCH byl PLNĚ odemčen.\nZRAK NAKAŽENÝCH ti umožňuje vidět svět očima Nakažených, takže snadno rozeznáš vojenské jednotky a Nakažené od okolního šumu města.
fe_textbible.p3d	6_3_METER_HIVEMIND_CONNECTION	SPOJENÍ S MYSLÍ HNÍZDA
fe_textbible.p3d	6_3_OBJECTIVE_BACKTO_BASE	VSTUP do OPUŠTĚNÉ VOJENSKÉ ZÁKLADNY.
fe_textbible.p3d	6_3_OBJECTIVE_CONNECTTO_HIVEMIND	POHLŤ víc NAKAŽENÝCH PŘENAŠEČŮ, aby ses NAPOJIL na MYSL HNÍZDA.
fe_textbible.p3d	6_3_OBJECTIVE_CONSUME_HUNTER	POHLŤ VŮDČÍHO LOVCE.
fe_textbible.p3d	6_3_OBJECTIVE_CONSUME_HUNTER_2	POHLŤ VŮDČÍHO LOVCE a najdi toho, který vzal DANU.
fe_textbible.p3d	6_3_OBJECTIVE_CONSUME_STRIPEDHUNTER	POHLŤ ZMUTOVANÉHO LOVCE a najdi DANU.
fe_textbible.p3d	6_3_OBJECTIVE_GOTO_STRIPEDHUNTER	BĚŽ na místo, kde je ZMUTOVANÝ LOVEC.
fe_textbible.p3d	6_3_OBJECTIVE_USE_MOTHERVISION_2	POMOCÍ ZRAKU NAKAŽENÝCH urči NAKAŽENÉHO PŘENAŠEČE.
fe_textbible.p3d	6_3_KILL_INFECTED_FORCES	ZABÍJEJ NAKAŽENÉ a vylákej VŮDČÍHO LOVCE VEN.
fe_textbible.p3d	6_3_FAIL_REASON_1	VŮDCE JE MRTVÝ
fe_textbible.p3d	6_3_FAIL_HINT_1	VŮDCE ZEMŘEL
fe_textbible.p3d	6_3_FAIL_REASON_2	VŮDCE JE MRTVÝ
fe_textbible.p3d	6_3_FAIL_HINT_2	VŮDCE ZEMŘEL
fe_textbible.p3d	6_3_PO_CONSUME_LEVEL_ZERO	POMOCÍ ZRAKU NAKAŽENÝCH urči NAKAŽENÉHO PŘENAŠEČE.
fe_textbible.p3d	6_3_PO_CONSUME_HUNTER	POHLŤ VŮDČÍHO LOVCE.
fe_textbible.p3d	6_3_PO_CONSUME_STRIPE	POHLŤ ZMUTOVANÉHO VŮDČÍHO LOVCE.
fe_textbible.p3d	6_3_OBJECTIVE_USE_MOTHERVISION_1	AKTIVUJ ZRAK NAKAŽENÝCH otevřením KOLA VÝBĚRU SCHOPNOSTÍ pomocí %0:BUTTON10 a JEHO ZVOLENÍM.\n\nPŘEPÍNEJ ho ze SLOTU RYCHLÉ VOLBY smyslových schopností pomocí %0:BUTTON00.
fe_textbible.p3d	6_3_EXIT_TITLE	ODCHOD
fe_textbible.p3d	6_3_TITLE_NEW_ABILITY	NOVÁ DOVEDNOST
fe_textbible.p3d	6_3_TITLE_HIVE_MIND	MYSL HNÍZDA
fe_textbible.p3d	6_3_TUTORIAL_IV_1	ZRAK NAKAŽENÝCH ti dává schopnost VIDĚT NAKAŽENÉ PŘENAŠEČE.\n\nNAKAŽENÍ PŘENAŠEČI jsou CHODCI a VOJÁCI, kteří jsou NAKAŽENÍ, ale NEVÍ O TOM. Jejich POHLCENÍ TĚ PŘIBLÍŽÍ k ODHALENÍ DANINY POLOHY.
fe_textbible.p3d	6_3_OBJECTIVE_CONSUME_SOLDIER	POHLŤ NAKAŽENÉHO PŘENAŠEČE ve skupině MARINES.
fe_textbible.p3d	6_3_TUTORIAL_HIVE_MIND_1	POHLCOVÁNÍ NAKAŽENÝCH PŘENAŠEČŮ tě napojuje na MYSL HNÍZDA NAKAŽENÝCH. VSTUP do tohoto SPOLEČENSTVÍ na okamžik ODHALÍ POLOHU VŮDČÍHO LOVCE, který vzal DANU.
fe_textbible.p3d	6_3_TUTORIAL_HIVE_MIND_2	SPOJENÍ s MYSLÍ HNÍZDA SÍLÍ s každým POHLCENÝM NAKAŽENÝM PŘENAŠEČEM, ale také ČASEM SLÁBNE. POHLCUJ RYCHLE a ZAJISTI si ČISTÉ SPOJENÍ.
fe_textbible.p3d	6_3_TUTORIAL_HIVE_MIND_3	ELIZABETH GREENE infiltruje ARMÁDU. HLEDEJ VYSOKÉ KONCENTRACE NAKAŽENÝCH PŘENAŠEČŮ uvnitř VOJENSKÝCH ZÁKLADEN.
fe_textbible.p3d	6_3_OBJECTIVE_EXIT_BASE	OPUSŤ ZÁKLADNU.
fe_textbible.p3d	6_3_OBJECTIVE_VECTOR_CONSUMED	POHLCENÍ NAKAŽENÍ PŘENAŠEČI
fe_textbible.p3d	6_3_OBJECTIVE_FIND_VECTORS	BĚŽ do ZÁKLADNY a NAJDI NAKAŽENÉ PŘENAŠEČE.
fe_textbible.p3d	6_3_OBJECTIVE_HM_OBTAINED	SPOJENÍ S MYSLÍ HNÍZDA NAVÁZÁNO
fe_textbible.p3d	6_3_OBJECTIVE_HL_ACQUIRED	POLOHA VŮDČÍHO LOVCE ZÍSKÁNA
fe_textbible.p3d	6_3_HINT_VECTOR_DEAD	NAKAŽENÝ PŘENAŠEČ je MRTVÝ
fe_textbible.p3d	6_3_HINT_VECTOR_DEAD_2	POHLŤ NAKAŽENÉHO PŘENAŠEČE mezi MARINES.
fe_textbible.p3d	6_3_HLO_1	POHLŤ VŮDČÍHO LOVCE
fe_textbible.p3d	6_3_HLO_2	POHLŤ NAKAŽENÉHO PŘENAŠEČE
fe_textbible.p3d	6_3_HLO_3	NAPOJ SE NA MYSL HNÍZDA NAKAŽENÝCH
fe_textbible.p3d	6_3_HLO_4	ZJISTI, KDE DRŽÍ DANU
fe_textbible.p3d	6_4_OBJECTIVE_ESCORT_TANK	CHRAŇ TERMOBARICKÝ TANK.
fe_textbible.p3d	6_4_OBJECTIVE_GOTO_CHECKPOINT	JDI na VOJENSKÝ KONTROLNÍ BOD.
fe_textbible.p3d	6_4_FIRE_AT_OPENING	PAL na STADION a VYTVOŘ PRŮLOM.
fe_textbible.p3d	6_4_OBJECTIVE_GOTO_HIVE1	JDI k CÍLI a zahaj ÚTOK.
fe_textbible.p3d	6_4_OBJECTIVE_GOTO_HIVE2	JDI k CÍLI a zahaj ÚTOK.
fe_textbible.p3d	6_4_OBJECTIVE_GOTO_HIVE3	JDI k CÍLI a zahaj ÚTOK.
fe_textbible.p3d	6_4_OBJECTIVE_GOTO_STADIUM	JDI na STADION.
fe_textbible.p3d	6_4_OBJECTIVE_GOTO_STADIUM_TANK_JACK	JDI na STADION a UNES TERMOBARICKÝ TANK.
fe_textbible.p3d	6_4_OBJECTIVE_DESTROY_TANK	ZNIČ TERMOBARICKÝ TANK.
fe_textbible.p3d	6_4_OBJECTIVE_TANK_JACK	UNES TERMOBARICKÝ TANK.
fe_textbible.p3d	6_4_OBJECTIVE_DESTROY_SUPERHIVES_ALL	POUŽIJ TERMOBARICKÝ TANK a ZNIČ HNÍZDA.
fe_textbible.p3d	6_4_OBJECTIVE_DESTROY_SUPERHIVES_TWO_MORE	POUŽIJ TERMOBARICKÝ TANK a ZNIČ OZNAČENÁ HNÍZDA.
fe_textbible.p3d	6_4_OBJECTIVE_DESTROY_SUPERHIVES_ONE_MORE	POUŽIJ TERMOBARICKÝ TANK a ZNIČ ZBÝVAJÍCÍ HNÍZDO.
fe_textbible.p3d	6_4_OBJECTIVE_STADIUM	PRORAZ HLAVNÍ HNÍZDO TERMOBARICKÝM TANKEM.
fe_textbible.p3d	6_4_OBJECTIVE_PROTECT_TANK	CHRAŇ TERMOBARICKÝ TANK.
fe_textbible.p3d	6_4_FAIL_REASON_1	TERMOBARICKÝ TANK BYL ZNIČEN
fe_textbible.p3d	6_4_FAIL_HINT_1	TANK BYL ZNIČEN
fe_textbible.p3d	6_4_PO_CLEAN_HIVE_1	VYČISTI OKOLÍ HNÍZDA od OZNAČENÝCH NAKAŽENÝCH.
fe_textbible.p3d	6_4_PO_CLEAN_HIVE_2	VYČISTI OKOLÍ HNÍZDA od OZNAČENÝCH NAKAŽENÝCH.
fe_textbible.p3d	6_4_PO_CLEAN_HIVE_3	VYČISTI OKOLÍ HNÍZDA od OZNAČENÝCH NAKAŽENÝCH.
fe_textbible.p3d	6_4_PO_CLEAN_STADIUM	VYČISTI OKOLÍ HNÍZDA od OZNAČENÝCH NAKAŽENÝCH.
fe_textbible.p3d	6_4_OBJECTIVE_KILL_INFECTED	ZAÚTOČ na OZNAČENÉ NAKAŽENÉ.
fe_textbible.p3d	6_4_TITLE_THERMO_TANK	TERMOBARICKÝ TANK
fe_textbible.p3d	6_4_OBJECTIVE_ESCORT_TANK_1	DOPROVOĎ TANK k PRVNÍMU OPANCÉŘOVANÉMU HNÍZDU.
fe_textbible.p3d	6_4_OBJECTIVE_ESCORT_TANK_2	DOPROVOĎ TANK k DRUHÉMU OPANCÉŘOVANÉMU HNÍZDU.
fe_textbible.p3d	6_4_OBJECTIVE_ESCORT_TANK_3	DOPROVOĎ TANK k TŘETÍMU OPANCÉŘOVANÉMU HNÍZDU.
fe_textbible.p3d	6_4_OBJECTIVE_CLEAN_AREA	VYČISTI okolí HNÍZDA od OZNAČENÝCH NAKAŽENÝCH.
fe_textbible.p3d	6_4_OBJECTIVE_GETIN_TANK	NASTUP do TANKU.
fe_textbible.p3d	6_4_OBJECTIVE_DESTROY_HIVE	ZNIČ OPANCÉŘOVANÉ HNÍZDO.
fe_textbible.p3d	6_4_OBJECTIVE_CREATE_OPENING	PRORAZ HLAVNÍ HNÍZDO TERMOBARICKÝM TANKEM.
fe_textbible.p3d	6_4_FAIL_REASON	TERMOBARICKÝ TANK ZNIČEN
fe_textbible.p3d	6_4_HLO_1	ZACHRAŇ DANU Z HLAVNÍHO HNÍZDA
fe_textbible.p3d	6_5_OBJECTIVE_1	PORAZ NEJVYŠŠÍHO LOVCE.
fe_textbible.p3d	6_5_FAILURE_HINT_2	UVOLNI VCHOD, ABY DO ARÉNY MOHLA VSTOUPIT VOJENSKÁ PODPORA
fe_textbible.p3d	6_5_FAILURE_HINT_1	ARMÁDA JE TVŮJ SPOJENEC PROTI NEJVYŠŠÍMU LOVCI
fe_textbible.p3d	6_5_TITLE_SUPREME	NEJVYŠŠÍ LOVEC
fe_textbible.p3d	6_5_FAILURE_HINT_3	ZAMĚŘENÍM SI UDRŽ NEJVYŠŠÍHO LOVCE V ZÁBĚRU
fe_textbible.p3d	6_5_FAILURE_HINT_4	SILNÉ ÚTOKY NEJVYŠŠÍHO LOVCE MAJÍ POMALÉ ZOTAVENÍ - VYUŽIJ TOHO VE SVŮJ PROSPĚCH
fe_textbible.p3d	6_5_FAILURE_HINT_5	ÚTOKY NEJVYŠŠÍHO LOVCE MAJÍ VELKÝ DOSAH - UNIKEJ JIM KOTOULEM
fe_textbible.p3d	6_5_FAILURE_HINT_6	KOMBINUJ SCHOPNOSTI PRO MAXIMÁLNÍ ÚČINEK - PANCÍŘ PRO ODOLNOST, SVALOVÁ HMOTA PRO ZRANĚNÍ
fe_textbible.p3d	6_5_FAILURE_HINT_7	KOMBINUJ SCHOPNOSTI PRO MAXIMÁLNÍ ÚČINEK - ŠTÍT PRO OCHRANU, ČEPEL PRO KUCHÁNÍ
fe_textbible.p3d	6_5_FAILURE_HINT_8	POUŽIJ SCHOPNOST ČEPEL A PROSEKEJ SE NEJVYŠŠÍM LOVCEM
fe_textbible.p3d	6_5_FAILURE_HINT_9	NA BOSSE POUŽÍVEJ DEVASTATORY, ZPŮSOBÍ OBROVSKÉ ZRANĚNÍ
fe_textbible.p3d	6_5_FAILURE_HINT_10	KDYKOLI TO JDE, POHLCUJ BLÍZKÉ NAKAŽENÉ NEBO VOJÁKY A DOPLŇ SI ZDRAVÍ
fe_textbible.p3d	6_5_HLO_1	PORAZ NEJVYŠŠÍHO LOVCE
fe_textbible.p3d	7_1_BLOODTOX_HINT	DMYCHADLA BLOODTOX vypouštějí BLOODTOX, který ti v BLÍZKOSTI UBÍRÁ ZDRAVÍ.
fe_textbible.p3d	7_1_CANNOT_ENTER_BRIEFING_ROOM	DO BRIEFINGU NELZE VSTOUPIT VE VOZIDLE
fe_textbible.p3d	7_1_ESCAPE	UTEČ ze ZÁKLADNY.
fe_textbible.p3d	7_1_GROUND_SUPPORT	KRYJ ze VZDUCHU OZNAČENÉ POZEMNÍ JEDNOTKY.
fe_textbible.p3d	7_1_OBJECTIVE_2A_KILL_INFECTED	ZNIČ všechny OZNAČENÉ NAKAŽENÉ CÍLE.
fe_textbible.p3d	7_1_GROUND_SUPPORT_WARNING1	PODMÍNKA MISE: POZEMNÍ JEDNOTKY MUSÍ PŘEŽÍT
fe_textbible.p3d	7_1_GROUND_SUPPORT_WARNING2	KRYJ ze VZDUCHU OZNAČENÉ POZEMNÍ JEDNOTKY.
fe_textbible.p3d	7_1_GROUND_SUPPORT_WARNING3	ZLIKVIDUJ VŠECHNY LOVCE útočící na OZNAČENÉ JEDNOTKY.
fe_textbible.p3d	7_1_LAND_HELI	PŘISTAŇ s VRTULNÍKEM.
fe_textbible.p3d	7_1_MISSION_FAILED	MISE SELHALA
fe_textbible.p3d	7_1_MISSION_FAILED_HINT1	VRTULNÍK BYL ZNIČEN
fe_textbible.p3d	7_1_MISSION_FAILED_HINT10	NEZBYL ŽÁDNÝ VOJENSKÝ PERSONÁL
fe_textbible.p3d	7_1_MISSION_FAILED_HINT2	ZŮSTAŇ VE VRTULNÍKU
fe_textbible.p3d	7_1_MISSION_FAILED_HINT3	NESPLNIL JSI ROZKAZY
fe_textbible.p3d	7_1_MISSION_FAILED_HINT4	NEPRONIKL JSI DO VOJENSKÉ ZÁKLADNY
fe_textbible.p3d	7_1_MISSION_FAILED_HINT5	NEUDRŽEL JSI PŘEVLEK
fe_textbible.p3d	7_1_MISSION_FAILED_HINT6	NEOCHRÁNIL JSI POZEMNÍ JEDNOTKY
fe_textbible.p3d	7_1_MISSION_FAILED_HINT7	NEUTEKL JSI ZE ZÁKLADNY
fe_textbible.p3d	7_1_MISSION_FAILED_HINT8	NEPORAZIL JSI SUPERVOJÁKY
fe_textbible.p3d	7_1_MISSION_FAILED_HINT9	NEEVAKUOVAL JSI VOJENSKÉ JEDNOTKY
fe_textbible.p3d	7_1_OBJECTIVE_1_HINT_1	POHLŤ VOJÁKA BLACKWATCH.
fe_textbible.p3d	7_1_OBJECTIVE_1_HINT_2	ZÍSKEJ PŘEVLEK BLACKWATCH.
fe_textbible.p3d	7_1_OBJECTIVE_1_STEAL_HELI	UKRADNI VRTULNÍK.
fe_textbible.p3d	7_1_OBJECTIVE_1_STEAL_HELI_HINT	POHLŤ VOJÁKA BLACKWATCH.
fe_textbible.p3d	7_1_OBJECTIVE_1_GOTO	JDI na URČENÝ BOD.
fe_textbible.p3d	7_1_OBJECTIVE_1_VANTAGE_POINT	SLEDUJ střechu, kde stojí VRTULNÍK.
fe_textbible.p3d	7_1_OBJECTIVE_2A_RETRIEVE_SOLDIERS	EVAKUUJ VOJENSKÉ JEDNOTKY z URČENÉHO BODU.
fe_textbible.p3d	7_1_OBJECTIVE_2_ROLEPLAY_PILOT_ALT_1	NEPROZRAĎ SVŮJ PŘEVLEK
fe_textbible.p3d	7_1_OBJECTIVE_3_GOTO_PMB	PRONIKNI do VOJENSKÉ ZÁKLADNY, aniž PROZRADÍŠ svůj PŘEVLEK.
fe_textbible.p3d	7_1_OBJECTIVE_3_GOTO_PMB_ALT_1	PŘISTAŇ s VRTULNÍKEM.
fe_textbible.p3d	7_1_OBJECTIVE_3_GOTO_PMB_ALT_2	PŘISTAŇ s VRTULNÍKEM.
fe_textbible.p3d	7_1_OBJECTIVE_4_DESTROY_ALL	ZNIČ všechny jednotky BLACKWATCH.
fe_textbible.p3d	7_1_OBJECTIVE_4_DESTROY_SUPERSOLDIERS_ALT_1	ZABIJ SUPERVOJÁKY.
fe_textbible.p3d	7_1_PAUSE_STEAL_HELI	UKRADNI VRTULNÍK.
fe_textbible.p3d	7_1_PAUSE_2A_DESTROY_HIVE	ZNIČ HNÍZDO.
fe_textbible.p3d	7_1_PAUSE_RTB	PŘISTAŇ s VRTULNÍKEM.
fe_textbible.p3d	7_1_PAUSE_KILL_ALL	ZABIJ všechny NEPŘÁTELE na ZÁKLADNĚ.
fe_textbible.p3d	7_1_PAUSE_ESCAPE_BASE	UTEČ z VOJENSKÉ ZÁKLADNY.
fe_textbible.p3d	7_1_OBJECTIVE_2A_DEPLOY_SOLDIERS	VYSAĎ VOJENSKÉ JEDNOTKY na URČENÉM BODĚ.
fe_textbible.p3d	7_1_OBJECTIVE_2B_EXTRACT_SOLDIERS	EVAKUUJ VOJENSKÉ JEDNOTKY z URČENÉHO BODU.
fe_textbible.p3d	7_1_OBJECTIVE_2C_EVACUATE_SOLDIERS	EVAKUUJ VOJENSKÉ JEDNOTKY.
fe_textbible.p3d	7_1_OBJECTIVE_2B_DESTROY_HYDRAS	ZNIČ HYDRY.
fe_textbible.p3d	7_1_PAUSE_2C_EVACUATE_SOLDIERS	ZNIČ HYDRY.
fe_textbible.p3d	7_1_OBJECTIVE_2A_DESTROY_HIVE	ZNIČ HNÍZDO.
fe_textbible.p3d	7_1_GET_IN_HELICOPTER	VRAŤ se k URČENÉMU VRTULNÍKU.
fe_textbible.p3d	TUTORIAL_HELICOPTER_CONTROLS_TITLE	OVLÁDÁNÍ VRTULNÍKU
fe_textbible.p3d	7_1_CLEAR_HOSTILES	PŘED PŘISTÁNÍM ZNIČ všechny LOVCE na ZEMI.
fe_textbible.p3d	7_1_OBJECTIVE_CONSUME_BLACKWATCH	POHLŤ HLÍDKU BLACKWATCH na STŘEŠE.
fe_textbible.p3d	7_1_HLO_1	PRONIKNI K LETECTVU BLACKWATCH
fe_textbible.p3d	7_1_HLO_2	POMÁHEJ ARMÁDĚ, DOKUD TĚ NEPOVOLAJÍ NA ZÁKLADNU
fe_textbible.p3d	7_1_HLO_3	VYRAŽ NA ZVLÁŠTNÍ BRIEFING
fe_textbible.p3d	7_1_HLO_4	UTEČ
fe_textbible.p3d	7_1_HYDRA_SUBMERGED_HINT	SNIŽ VÝŠKU a VYLÁKEJ HYDRY z ÚKRYTU.
fe_textbible.p3d	7_2_BLOWER_DESCRIPT	DMYCHADLO BLOODTOX
fe_textbible.p3d	7_2_MISSION_FAILED	MISE SELHALA
fe_textbible.p3d	7_2_MISSION_FAILED_HINT	MUSÍŠ ZNIČIT VŠECHNA DMYCHADLA BLOODTOX
fe_textbible.p3d	7_2_OBJECTIVE_1_DESTROY_BLOODTOX_BLOWERS	ZNIČ všechna DMYCHADLA BLOODTOX.
fe_textbible.p3d	7_2_OBJECTIVE_1_DESTROY_BLOODTOX_BLOWERS_ALT_1	ZNIČ DMYCHADLA BLOODTOX.
fe_textbible.p3d	7_2_OBJECTIVE_1_GOTO_BLOODTOX_BLOWERS_AREA	JDI na SHROMAŽDIŠTĚ BLOODTOX.
fe_textbible.p3d	7_2_OBJECTIVE_1_GOTO_BLOODTOX_BLOWERS_AREA_ALT_1	ZNIČ DMYCHADLA BLOODTOX.
fe_textbible.p3d	7_2_PAUSE_DESTROY_ALL_BLOWERS	ZNIČ DMYCHADLA BLOODTOX.
fe_textbible.p3d	7_2_METER_LABEL	ZNIČENÁ DMYCHADLA
fe_textbible.p3d	7_2_HLO_1	ZASTAV NASAZENÍ BLOODTOXU
fe_textbible.p3d	7_4_FILTER_DESCRIPT	FILTR BLOODTOX
fe_textbible.p3d	7_4_MISSION_FAILED	MISE SELHALA
fe_textbible.p3d	7_4_MISSION_FAILED_HINT1	NEZNIČIL JSI ZÁVOD BLOODTOX
fe_textbible.p3d	7_4_MISSION_FAILED_HINT2	ZÁVOD BLOODTOX JE STÁLE V PROVOZU
fe_textbible.p3d	7_4_OBJECTIVE_1_GOTO_BLOODTOX_FACILITY	JDI k ZÁVODU BLOODTOX.
fe_textbible.p3d	7_4_OBJECTIVE_2_DESTROY_FACILITY	ZNIČ FILTRAČNÍ JEDNOTKY a VYŘAĎ ZÁVOD.
fe_textbible.p3d	7_4_OBJECTIVE_2_DESTROY_FACILITY_ALT_1	ZNIČ FILTRAČNÍ JEDNOTKY a VYŘAĎ ZÁVOD.
fe_textbible.p3d	7_4_OBJECTIVE_2_DESTROY_FACILITY_ALT_2	ZNIČ FILTRAČNÍ JEDNOTKY a VYŘAĎ ZÁVOD.
fe_textbible.p3d	7_4_PAUSE_OBJECTIVE	ZNIČ FILTRAČNÍ JEDNOTKY a VYŘAĎ ZÁVOD.
fe_textbible.p3d	7_4_METER_LABEL	ZNIČENÉ FILTRY
fe_textbible.p3d	7_4_OBJECTIVE_ESCAPE_ALERT	ZABIJ ARMÁDU NEBO JÍ UNIKNI A UKONČI POPLACH.
fe_textbible.p3d	7_4_HLO_1	ZNIČ VÝROBNÍ ZÁVOD BLOODTOX
fe_textbible.p3d	8_2_MISSION_COMPLETE	MISE SPLNĚNA
fe_textbible.p3d	8_2_MISSION_FAIL	MISE SELHALA
fe_textbible.p3d	8_2_HINT_USE_BODY	ZABLOKUJ NAKAŽENÉ SVÝM TANKEM
fe_textbible.p3d	8_2_HINT_DONT_BE_BAD	SKRÝVEJ SCHOPNOSTI, ABYS SI UDRŽEL PŘEVLEK
fe_textbible.p3d	8_2_FAIL_HINT_TANK_DEAD	TVŮJ TANK MUSÍ PŘEŽÍT
fe_textbible.p3d	8_2_FAIL_TANK_DEAD	TANK ZNIČEN
fe_textbible.p3d	8_2_FAIL_HINT_BTT_DEAD	VOZIDLO S PUMPOU BLOODTOX MUSÍ PŘEŽÍT
fe_textbible.p3d	8_2_FAIL_BTT_DEAD	VOZIDLO S PUMPOU BLOODTOX ZNIČENO
fe_textbible.p3d	8_2_FAIL_HINT_COMMANDER_DEAD	MUSÍŠ POHLTIT VELITELE ZÁVODU BLOODTOX. BUĎ NENÁPADNÝ.
fe_textbible.p3d	8_2_FAIL_COMMANDER_DEAD	VELITEL ZÁVODU BLOODTOX JE MRTVÝ
fe_textbible.p3d	8_2_FAIL_HINT_COMMANDER_BLOWN	ZABIJ ARMÁDU NEBO JÍ UNIKNI A UKONČI POPLACH.
fe_textbible.p3d	8_2_FAIL_COMMDNER_BLOWN	VELITEL ZÁVODU BLOODTOX MRTVÝ
fe_textbible.p3d	8_2_FAIL_BTT_DESTROYED	VOZIDLO S PUMPOU BLOODTOX ZNIČENO
fe_textbible.p3d	8_2_FAIL_DISGUISE_BLOWN	VELITEL ZÁVODU BLOODTOX MRTVÝ
fe_textbible.p3d	8_2_OBJECTIVE_ARTILLERY	BLÍŽÍ SE DĚLOSTŘELBA
fe_textbible.p3d	8_2_OBJECTIVE_COMPLETE	CÍL SPLNĚN
fe_textbible.p3d	8_2_OBJECTIVE_CONSUME_BTF_COMMANDER	POHLŤ VELITELE ZÁVODU BLOODTOX.
fe_textbible.p3d	8_2_OBJECTIVE_CRITICAL_COMPLETE	CÍL SPLNĚN. ZÍSKÁN KLÍČOVÝ PŘEVLEK.
fe_textbible.p3d	8_2_HINT_DEFEND_BTT	PUMPA BLOODTOX je pod ÚTOKEM.
fe_textbible.p3d	8_2_TAG_START_CONVOY	VYSLAT KONVOJ
fe_textbible.p3d	8_2_OBJECTIVE_DEFEND_LOCATION	BRAŇ POZICI.
fe_textbible.p3d	8_2_OBJECTIVE_ENTER_COMMDAND_VEHICLE	NASTUP do VELITELSKÉHO VOZU.
fe_textbible.p3d	8_2_OBJECTIVE_ESCORT_BLOODTOX_PUMPER	DOPROVOĎ PUMPU BLOODTOX na Times Square.
fe_textbible.p3d	8_2_OBJECTIVE_GO_TO_BLOODTOX_FACILITY	JDI k ZÁVODU BLOODTOX.
fe_textbible.p3d	8_2_OBJECTIVE_GO_START_CONVOY	JDI k ZÁPADNÍMU STANOVIŠTI a VYŠLI KONVOJ.
fe_textbible.p3d	8_2_OBJECTIVE_ESCORT_CONVOY	PUMPA BLOODTOX musí dorazit na TIMES SQUARE.
fe_textbible.p3d	8_2_OBJECTIVE_STRIKE_TEAM	BLÍŽÍ SE ÚDERNÝ TÝM
fe_textbible.p3d	8_2_OBJECTIVE_CONSUME_BTF_COMMANDER_SHORT	POHLŤ VELITELE ZÁVODU BLOODTOX.
fe_textbible.p3d	8_2_OBJECTIVE_ESCORT_CONVOY_SHORT	DOPROVOĎ PUMPU BLOODTOX.
fe_textbible.p3d	8_2_OBJECTIVE_DEFEND_BTT	DOPROVOĎ PUMPU BLOODTOX.
fe_textbible.p3d	8_2_OBJECTIVE_CHECKPOINT_ONE	KONTROLNÍ BOD JEDNA DOSAŽEN
fe_textbible.p3d	8_2_OBJECTIVE_CHECKPOINT_TWO	KONTROLNÍ BOD DVA DOSAŽEN
fe_textbible.p3d	8_2_OBJECTIVE_CHECKPOINT_THREE	KONTROLNÍ BOD TŘI DOSAŽEN
fe_textbible.p3d	8_2_OBJECTIVE_CHECKPOINT_FOUR	KONTROLNÍ BOD ČTYŘI DOSAŽEN
fe_textbible.p3d	8_2_CONVOY_ABMUSHED	KONVOJ POD ÚTOKEM
fe_textbible.p3d	8_2_CONVOY_REFORMED	KONVOJ SE FORMUJE
fe_textbible.p3d	8_2_BTV_ATTACKED	VOZIDLO BLOODTOX POD ÚTOKEM
fe_textbible.p3d	8_2_ESCORTS_ATTACKED	DOPROVOD KONVOJE POD ÚTOKEM
fe_textbible.p3d	8_2_ESCORTS_REMAINING	ZBÝVAJÍCÍ DOPROVOD
fe_textbible.p3d	8_2_ESCORT_LOST	VOZ DOPROVODU ZTRACEN
fe_textbible.p3d	8_2_LEAVE_ALERT	UKONČI POPLACH, než vyšleš KONVOJ.
fe_textbible.p3d	8_2_USE_ANYTHING	VYBER SI ZBRAŇ
fe_textbible.p3d	8_2_FIND_BTF_COMMANDER	POHLŤ VELITELE ZÁVODU BLOODTOX.
fe_textbible.p3d	8_2_SUPERSOLDIERS	POZOR na SUPERVOJÁKY.
fe_textbible.p3d	8_2_HUD_BLOODTOX_VEHICLE	VOZIDLO BLOODTOX
fe_textbible.p3d	8_2_HLO_1	DOPRAV PUMPU BLOODTOX NA TIMES SQUARE
fe_textbible.p3d	8_2_HLO_2	BRAŇ PUMPU BLOODTOX
fe_textbible.p3d	8_2_TYPEWRITER	Závod BLOODTOX, West Harlem
fe_textbible.p3d	8_3_HINT_DONT_BE_BAD	NEDOVOL, ABY BYL TVŮJ PŘEVLEK PROZRAZEN
fe_textbible.p3d	8_3_HINT_USE_POWERS	CHRAŇ PUMPU BLOODTOX
fe_textbible.p3d	8_3_FAIL_BTT_DEAD	PUMPA BLOODTOX ZNIČENA
fe_textbible.p3d	8_3_FAIL_HINT_BTT_DEAD	UDRŽ PUMPU BLOODTOX V PROVOZU
fe_textbible.p3d	8_3_FAIL_DISGUISE_BLOWN	KLÍČOVÝ PŘEVLEK MISE PROZRAZEN
fe_textbible.p3d	8_3_HINT_EAST	NAKAŽENÍ NA VÝCHODĚ
fe_textbible.p3d	8_3_HINT_NORTH	NAKAŽENÍ NA SEVERU
fe_textbible.p3d	8_3_HINT_REINFORCEMENTS	BLÍŽÍ SE POSILY BLACKWATCH
fe_textbible.p3d	8_3_HINT_SOUTH	NAKAŽENÍ NA JIHU
fe_textbible.p3d	8_3_HINT_WEST	NAKAŽENÍ NA ZÁPADĚ
fe_textbible.p3d	8_3_OBJECTIVE_DEFEND_THE_PUMP	BRAŇ PUMPU BLOODTOX.
fe_textbible.p3d	8_3_OBJECTIVE_GO_SWITCH_DISGUISE	PŘEVLEČ SE za VELITELE ZÁVODU BLOODTOX.
fe_textbible.p3d	8_3_OBJECTIVE_GET_OUT_OF_ALERT	ZABIJ ARMÁDU NEBO JÍ UNIKNI A UKONČI POPLACH.
fe_textbible.p3d	8_3_OBJECTIVE_GO_TO_TIMES_SQUARE	JDI na URČENÝ BOD.
fe_textbible.p3d	8_3_OBJECTIVE_DONT_BLOW_DISGUISE	NEDOVOL, ABY BYL TVŮJ PŘEVLEK PROZRAZEN.
fe_textbible.p3d	8_3_OBJECTIVE_START_PUMP	SPUSŤ PUMPU BLOODTOX.
fe_textbible.p3d	8_3_START_PUMP_NIS_PLACEHOLDER	8.3 START PUMP NIS PLACEHOLDER: Alex starts the pumping of bloodtox
fe_textbible.p3d	8_3_TAG_START_PUMP	START PUMPY
fe_textbible.p3d	8_3_OBJECTIVE_GO_SWITCH_DISGUISE_SHORT	PŘEVLEČ SE ZA VELITELE ZÁVODU BLOODTOX.
fe_textbible.p3d	8_3_OBJECTIVE_GET_OUT_OF_ALERT_SHORT	ZABIJ ARMÁDU NEBO JÍ UNIKNI A UKONČI POPLACH.
fe_textbible.p3d	8_3_OBJECTIVE_GO_TO_TIMES_SQUARE_SHORT	JDI na TIMES SQUARE.
fe_textbible.p3d	8_3_OBJECTIVE_DONT_BLOW_DISGUISE_SHORT	NEDOVOL, ABY BYL TVŮJ PŘEVLEK PROZRAZEN.
fe_textbible.p3d	8_3_LEAVE_ALERT	UKONČI POPLACH, než spustíš PUMPU BLOODTOX.
fe_textbible.p3d	8_3_OBJECTIVE_NORTH	BRAŇ SEVERNÍ PERIMETR.
fe_textbible.p3d	8_3_OBJECTIVE_SOUTH	BRAŇ JIŽNÍ PERIMETR.
fe_textbible.p3d	8_3_OBJECTIVE_EAST	BRAŇ VÝCHODNÍ PERIMETR.
fe_textbible.p3d	8_3_OBJECTIVE_WEST	BRAŇ ZÁPADNÍ PERIMETR.
fe_textbible.p3d	8_3_OBJECTIVE_DESTROY_ALL	ZNIČ všechny zbývající NAKAŽENÉ.
fe_textbible.p3d	8_3_HUD_BLOODTOX_PUMP	PUMPA BLOODTOX
fe_textbible.p3d	8_3_OBJECTIVE_PUMPER_UNDER_ATTACK	PUMPA BLOODTOX POD ÚTOKEM
fe_textbible.p3d	8_3_HLO_1	VYLÁKEJ ELIZABETH GREENE Z ÚKRYTU
fe_textbible.p3d	8_4_OBJECTIVE_1	PORAZ ELIZABETH GREENE.
fe_textbible.p3d	8_4_OBJECTIVE_2	ZABIJ 3 HYDRY u ZÁKLADNY MONSTRA.
fe_textbible.p3d	8_4_OBJECTIVE_3	ZABIJ 2 zbývající HYDRY u  ZÁKLADNY MONSTRA.
fe_textbible.p3d	8_4_OBJECTIVE_4	ZABIJ zbývající HYDRU u ZÁKLADNY MONSTRA.
fe_textbible.p3d	8_4_OBJECTIVE_5	POHLŤ MATKU.
fe_textbible.p3d	8_4_OBJECTIVE_6	POHLŤ ELIZABETH GREENE.
fe_textbible.p3d	8_4_FAILURE_HINT_1	ZKOUŠEJ RŮZNÉ KOMBINACE SCHOPNOSTÍ NA ZÁKLADNU TVORA, PAK POTRESTEJ ODHALENÉ JÁDRO PRO MAXIMÁLNÍ ÚČINEK
fe_textbible.p3d	8_4_FAILURE_HINT_2	NEOPOUŠTĚJ OBLAST TIMES SQUARE
fe_textbible.p3d	8_4_FAILURE_HINT_3	AŤ TI ARMÁDA POMŮŽE - ZAMĚŘ SE NA SPOLEČNÉHO NEPŘÍTELE
fe_textbible.p3d	8_4_FAILURE_HINT_4	KDYKOLI TO JDE, POUŽIJ DEVASTATORY A ZASAĎ ZÁKLADNĚ TVORA SOLIDNÍ ZRANĚNÍ
fe_textbible.p3d	8_4_HLO_1	PORAZ ELIZABETH GREENE
fe_textbible.p3d	9_1_OBJECTIVE_NEARLY_ESCAPED	TRANSPORT TÉMĚŘ UNIKL!
fe_textbible.p3d	9_1_ALERT_HELI_ALMOST_ESCAPED	NENECH UNIKNOUT ŽÁDNÝ VRTULNÍK
fe_textbible.p3d	9_1_GOTO_PHASE_1	PŘESUŇ se na  SHROMAŽDIŠTĚ LETECKÉ PODPORY.
fe_textbible.p3d	9_1_GOTO_PHASE_2	PŘESUŇ se na SHROMAŽDIŠTĚ LETECKÉ PODPORY.
fe_textbible.p3d	9_1_GOTO_PHASE_3	PŘESUŇ se na SHROMAŽDIŠTĚ LETECKÉ PODPORY.
fe_textbible.p3d	9_1_LABEL_ESCAPE_METER	ČAS DO ÚNIKU
fe_textbible.p3d	9_1_MISSION_COMPLETE	MISE SPLNĚNA
fe_textbible.p3d	9_1_MISSION_FAILED	MISE SELHALA
fe_textbible.p3d	9_1_OBJECTIVE_DESTROY_TRANSPORTS	ZNIČ TAGGARTOVY TRANSPORTNÍ VRTULNÍKY.
fe_textbible.p3d	9_1_FE_OBJECTIVE_1	PŘESUŇ se na SHROMAŽDIŠTĚ LETECKÉ PODPORY.
fe_textbible.p3d	9_1_FE_OBJECTIVE_2	ZNIČ VŠECHNY TRANSPORTNÍ VRTULNÍKY v OBLASTI.
fe_textbible.p3d	9_1_FE_OBJECTIVE_3	PŘESUŇ se na SHROMAŽDIŠTĚ LETECKÉ PODPORY.
fe_textbible.p3d	9_1_FE_OBJECTIVE_4	ZNIČ TAGGARTOVY TRANSPORTNÍ VRTULNÍKY.
fe_textbible.p3d	9_1_FE_OBJECTIVE_5	PŘESUŇ se na SHROMAŽDIŠTĚ LETECKÉ PODPORY.
fe_textbible.p3d	9_1_FE_OBJECTIVE_6	ZNIČ TAGGARTOVY TRANSPORTNÍ VRTULNÍKY.
fe_textbible.p3d	9_1_FE_OBJ_1	JDI na PRVNÍ SHROMAŽDIŠTĚ VRTULNÍKŮ.
fe_textbible.p3d	9_1_FE_OBJ_2	JDI na DRUHÉ SHROMAŽDIŠTĚ VRTULNÍKŮ.
fe_textbible.p3d	9_1_FE_OBJ_3	JDI na TŘETÍ SHROMAŽDIŠTĚ VRTULNÍKŮ.
fe_textbible.p3d	9_1_FE_OBJ_4	ZNIČ TAGGARTOVY TRANSPORTNÍ VRTULNÍKY.
fe_textbible.p3d	9_1_TRANSPORT_ESCAPED	TRANSPORT UNIKL Z KARANTÉNY MANHATTAN
fe_textbible.p3d	9_1_TRANSPORT_DESTROYED	TRANSPORT ZNIČEN
fe_textbible.p3d	9_1_TRANSPORT_DISABLED	TRANSPORT VYŘAZEN
fe_textbible.p3d	9_1_HLO_1	ZABRAŇ TAGGARTOVU ÚNIKU VZDUCHEM
fe_textbible.p3d	SLOT_ENTRIES	POLOŽKY SLOTU
fe_textbible.p3d	X_OF_Y_EP	%1:NUMBER/%2:NUMBER EP
fe_textbible.p3d	EVENT_CATEGORY	KATEGORIE
fe_textbible.p3d	MAP_LEGEND	LEGENDA
fe_textbible.p3d	MAP_OVERLAY	DETAIL
fe_textbible.p3d	SELECT_MENU	VYBRAT MENU
fe_textbible.p3d	OBJECTIVE	CÍL:
fe_textbible.p3d	STAT_BWSUPERSOLDIERS_KILLED	ZABITÍ SUPERVOJÁCI
fe_textbible.p3d	STAT_BWSCIENTISTS_KILLED	ZABITÍ VĚDCI
fe_textbible.p3d	STAT_BWSCIENTISTS_CONSUMED	POHLCENÍ VĚDCI
fe_textbible.p3d	STAT_UAVS_KILLED	ZNIČENÉ UAV
fe_textbible.p3d	STAT_VIRAL_DETECTORS_KILLED	ZNIČENÉ VIROVÉ DETEKTORY
fe_textbible.p3d	STAT_GUN_TURRETS_KILLED	ZNIČENÉ KULOMETNÉ VĚŽE
fe_textbible.p3d	STAT_BASES_KILLED	ZNIČENÉ ZÁKLADNY BLACKWATCH
fe_textbible.p3d	STAT_HIVES_KILLED	ZNIČENÁ HNÍZDA NAKAŽENÝCH
fe_textbible.p3d	STAT_KILLS_THERMOBARIC	TERMOBARICKÝM TANKEM
fe_textbible.p3d	STAT_MILITARY_TRUCKS_KILLED	ZNIČENÉ VOJENSKÉ NÁKLAĎÁKY
fe_textbible.p3d	STAT_THERMOBARICS_KILLED	ZNIČENÉ TERMOBARICKÉ TANKY
fe_textbible.p3d	STAT_THERMOBARICS_HIJACKED	UNESENÉ TERMOBARICKÉ TANKY
fe_textbible.p3d	alex	ALEX MERCER
fe_textbible.p3d	ALEX_MERCER	ALEX MERCER
fe_textbible.p3d	BASE	ZÁKLADNA
fe_textbible.p3d	ENEMIES	NEPŘÁTELÉ
fe_textbible.p3d	HIVE	HNÍZDO
fe_textbible.p3d	SCORE	VÝSLEDEK
fe_textbible.p3d	AWARD	OCENĚNÍ
fe_textbible.p3d	MEDAL	MEDAILE
fe_textbible.p3d	MARK_EVENT	OZNAČIT
fe_textbible.p3d	UNMARK_EVENT	ODZNAČIT
fe_textbible.p3d	NEXT_OPTION	DALŠÍ MOŽNOST %0:BUTTON11
fe_textbible.p3d	PREVIOUS_OPTION	PŘEDCHOZÍ MOŽNOST %0:BUTTON10
fe_textbible.p3d	MISSION_OBJECTIVES	CÍLE MISE
fe_textbible.p3d	ZOOM_IN	PŘIBLÍŽIT
fe_textbible.p3d	ZOOM_OUT	ODDÁLIT
fe_textbible.p3d	DESTROY	ZNIČIT
fe_textbible.p3d	PROTECT	CHRÁNIT
fe_textbible.p3d	KILL	ZABÍT
fe_textbible.p3d	CONSUME	POHLTIT
fe_textbible.p3d	GOTO	JÍT NA
fe_textbible.p3d	MISSION	MISE
fe_textbible.p3d	WEBNODE	UZEL SÍTĚ
fe_textbible.p3d	INFECTED	NAKAŽENÍ
fe_textbible.p3d	MILITARY	ARMÁDA
fe_textbible.p3d	PLAYER	HRÁČ
fe_textbible.p3d	BACKHINT	ZPĚT %0:BUTTON02
fe_textbible.p3d	WOI	SÍŤ
fe_textbible.p3d	PAUSE_CONTROLLER	OVLÁDÁNÍ
fe_textbible.p3d	MOVE	POHYB
fe_textbible.p3d	PAUSE_SCREEN	PAUZA
fe_textbible.p3d	SEC_ATK_CONSUME	SPECIÁL
fe_textbible.p3d	CAMERA	KAMERA
fe_textbible.p3d	STEER	ŘÍZENÍ / JÍZDA
fe_textbible.p3d	STEER_STRAFE	ŘÍZENÍ / ÚKROK
fe_textbible.p3d	SWITCH_POSITION	ZMĚNIT POZICI
fe_textbible.p3d	PRIMARY_FIRE	HLAVNÍ PALBA
fe_textbible.p3d	EXIT_TANK	VEN Z TANKU
fe_textbible.p3d	BREAK_REVERSE	BRZDA / ZPÁTEČKA
fe_textbible.p3d	ACCELERATE	ZRYCHLENÍ
fe_textbible.p3d	AIM_TURRET	ZAMĚŘIT VĚŽ \nSTISK RESETUJE KAMERU
fe_textbible.p3d	SECONDARY_FIRE	VEDLEJŠÍ PALBA
fe_textbible.p3d	STRAFE	ÚKROK
fe_textbible.p3d	FIRE	PALBA
fe_textbible.p3d	ASCEND	STOUPÁNÍ
fe_textbible.p3d	DESCEND	KLESÁNÍ
fe_textbible.p3d	EXIT_GUNSHIP	VEN Z VOZIDLA
fe_textbible.p3d	SWITCH_WEAPON	ZMĚNIT ZBRAŇ
fe_textbible.p3d	THROTTLE	PLYN
fe_textbible.p3d	NEXT_CATEGORY	DALŠÍ KATEGORIE %0:BUTTON00
fe_textbible.p3d	PREVIOUS_CATEGORY	PŘEDCHOZÍ KATEGORIE %0:BUTTON16 
fe_textbible.p3d	NEXT_ENTRY	DALŠÍ ZÁZNAM %0:BUTTON15
fe_textbible.p3d	PREVIOUS_ENTRY	PŘEDCHOZÍ ZÁZNAM %0:BUTTON14
fe_textbible.p3d	UNLOCK_RETURN_FROM_PREVIEW	ZPĚT
fe_textbible.p3d	UNLOCK_PURCHASE	KOUPIT
fe_textbible.p3d	INFO	VÍCE INFO
fe_textbible.p3d	PROMPT_PURCHASE	OPRAVDU CHCEŠ KOUPIT %1:STRING?
fe_textbible.p3d	UNLOCK_PREVIEW	NÁHLED
fe_textbible.p3d	EVENTS	UDÁLOSTI
fe_textbible.p3d	STATISTICS	STATISTIKY
fe_textbible.p3d	OBJECTIVES	CÍLE
fe_textbible.p3d	LOGS	ZÁZNAMY
fe_textbible.p3d	PURCHASED	ZÍSKÁNO
fe_textbible.p3d	UNAVAILABLE	[UTAJENO]
fe_textbible.p3d	POWERS	SCHOPNOSTI
fe_textbible.p3d	VEHICLE	VOZIDLO
fe_textbible.p3d	WEAPON	ZBRANĚ
fe_textbible.p3d	DISGUISE	PŘEVLEK
fe_textbible.p3d	HEALTH	ODOLNOST
fe_textbible.p3d	LOCOMOTION	POHYB
fe_textbible.p3d	COMBAT	BOJ
fe_textbible.p3d	LOCKED_OUT	ZAMČENO
fe_textbible.p3d	CONTINUE_MISSION	OBNOVIT KONTROLNÍ BOD
fe_textbible.p3d	ABORT_MISSION	ZRUŠIT MISI
fe_textbible.p3d	LOSE_PROGRESS_WARNING	OPRAVDU CHCEŠ PROVÉST TUTO AKCI?  NEULOŽENÝ POSTUP BUDE ZTRACEN.
fe_textbible.p3d	QUIT	UKONČIT
fe_textbible.p3d	EP_COST	%1:NUMBER EP
fe_textbible.p3d	LOAD_GAME	NAČÍST HRU
fe_textbible.p3d	QUIT_GAME	UKONČIT HRU
fe_textbible.p3d	SAVE_GAME	ULOŽIT HRU
fe_textbible.p3d	Unlock_PurchaseType_1_Cost	Pohlť %1:NUMBER/%2:NUMBER\nvelitelů BLACKWATCH
fe_textbible.p3d	Unlock_PurchaseType_2_Cost	Pohlť %1:NUMBER/%2:NUMBER\ndůstojníků z vrtulníků
fe_textbible.p3d	Unlock_PurchaseType_4_Cost	Pohlť %1:NUMBER/%2:NUMBER\ndůstojníků z obrněných vozidel
fe_textbible.p3d	Unlock_PurchaseType_10_Cost	Pohlť %1:NUMBER/%2:NUMBER\nzbrojmistrů ze základen
fe_textbible.p3d	Unlock_PurchaseType_11_Cost	Pohlť %1:NUMBER/%2:NUMBER\nzbrojmistrů ze základen
fe_textbible.p3d	Unlock_PurchaseType_12_Cost	Pohlť %1:NUMBER/%2:NUMBER\nzbrojmistrů ze základen
fe_textbible.p3d	Unlock_PurchaseType_13_Cost	Pohlť %1:NUMBER/%2:NUMBER\nzbrojmistrů ze základen
fe_textbible.p3d	Unlock_H01_Name	DRÁPY
fe_textbible.p3d	Unlock_H02_Name	ČEPEL
fe_textbible.p3d	Unlock_H03_Name	KLADIVOVÉ PĚSTI
fe_textbible.p3d	Unlock_H04_Name	BIČOVÁ PĚST
fe_textbible.p3d	Unlock_H05_Name	SVALOVÁ HMOTA
fe_textbible.p3d	Unlock_H06_Name	SMYSLOVÉ SCHOPNOSTI
fe_textbible.p3d	Unlock_H07_Name	OBRNĚNÉ VOZIDLO
fe_textbible.p3d	Unlock_H09_Name	VRTULNÍK
fe_textbible.p3d	Unlock_H11_Name	ÚTOČNÁ PUŠKA
fe_textbible.p3d	Unlock_H12_Name	KULOMET
fe_textbible.p3d	Unlock_H13_Name	RAKETOMET
fe_textbible.p3d	Unlock_H14_Name	GRANÁTOMET
fe_textbible.p3d	Unlock_H15_Name	DĚLOSTŘELECKÝ ÚDER
fe_textbible.p3d	Unlock_H16_Name	POHLTIT
fe_textbible.p3d	Unlock_H17_Name	OBĚTNÍ BERÁNEK
fe_textbible.p3d	Unlock_H18_Name	VYLEPŠENÍ ZDRAVÍ
fe_textbible.p3d	Unlock_H19_Name	REGENERACE ZDRAVÍ
fe_textbible.p3d	Unlock_H20_Name	VYLEPŠENÍ SKOKU
fe_textbible.p3d	Unlock_H21_Name	VYLEPŠENÍ SPRINTU
fe_textbible.p3d	Unlock_H22_Name	VZDUŠNÁ VYLEPŠENÍ
fe_textbible.p3d	Unlock_H23_Name	ÚTOKY
fe_textbible.p3d	Unlock_H24_Name	VZDUCH
fe_textbible.p3d	Unlock_H25_Name	PLOŠNÝ ÚČINEK
fe_textbible.p3d	Unlock_H26_Name	ÚCHOP
fe_textbible.p3d	Unlock_H27_Name	DEVASTATORY
fe_textbible.p3d	Unlock_H28_Name	OBRANNÉ SCHOPNOSTI
fe_textbible.p3d	Unlock_H29_Name	VYLEPŠENÍ ÚCHOPU A HODU
fe_textbible.p3d	Unlock_H30_Name	VYLEPŠENÍ KRITICKÉ MASY
fe_textbible.p3d	Unlock_A01_Bttn	UCHOP VOZIDLO %0:BUTTON02
fe_textbible.p3d	Unlock_A01_Name	UNES OBRNĚNÉ VOZIDLO
fe_textbible.p3d	Unlock_A03_Bttn	UCHOP VRTULNÍK %0:BUTTON02
fe_textbible.p3d	Unlock_A03_Desc	SKYJACK nepřátelské VRTULNÍKY. Naskoč na palubu a převezmi řízení.
fe_textbible.p3d	Unlock_A03_Name	SKYJACK VRTULNÍKU
fe_textbible.p3d	Unlock_A05_Desc	Shoď munici z nebe a odpal nepřátele do doby kamenné.\n\nLze vylepšit.
fe_textbible.p3d	Unlock_A05_Name	DĚLOSTŘELECKÝ ÚDER
fe_textbible.p3d	Unlock_A05_Bttn	(VE VOJENSKÉM PŘEVLEKU) (ZAMĚŘ NEPŘÍTELE) > (DRŽ) %0:BUTTON11 > %0:BUTTON04
fe_textbible.p3d	Unlock_A06_Desc	VYLEPŠENÁ PALEBNÁ SÍLA, DOSAH a TRVÁNÍ.\n\nLze vylepšit.
fe_textbible.p3d	Unlock_A06_Bttn	(VE VOJENSKÉM PŘEVLEKU) (ZAMĚŘ NEPŘÍTELE) > (DRŽ) %0:BUTTON11 > %0:BUTTON04
fe_textbible.p3d	Unlock_A06_Name	VYLEPŠENÍ DĚLOSTŘELECKÉHO ÚDERU 1
fe_textbible.p3d	Unlock_A07_Desc	VYLEPŠENÁ PALEBNÁ SÍLA, DOSAH a TRVÁNÍ.\n\nLze vylepšit.
fe_textbible.p3d	Unlock_A07_Name	VYLEPŠENÍ DĚLOSTŘELECKÉHO ÚDERU 2
fe_textbible.p3d	Unlock_A07_Bttn	(VE VOJENSKÉM PŘEVLEKU) (ZAMĚŘ NEPŘÍTELE) > (DRŽ) %0:BUTTON11 > %0:BUTTON04
fe_textbible.p3d	Unlock_A08_Desc	VYLEPŠENÁ PALEBNÁ SÍLA, DOSAH a TRVÁNÍ.\n\nLze vylepšit.
fe_textbible.p3d	Unlock_A08_Bttn	(VE VOJENSKÉM PŘEVLEKU) (ZAMĚŘ NEPŘÍTELE) > (DRŽ) %0:BUTTON11 > %0:BUTTON04
fe_textbible.p3d	Unlock_A08_Name	VYLEPŠENÍ DĚLOSTŘELECKÉHO ÚDERU 3
fe_textbible.p3d	Unlock_A09_Desc	VYLEPŠENÁ PALEBNÁ SÍLA, DOSAH a TRVÁNÍ.\n\nLze vylepšit.
fe_textbible.p3d	Unlock_A09_Bttn	(VE VOJENSKÉM PŘEVLEKU) (ZAMĚŘ NEPŘÍTELE) > (DRŽ) %0:BUTTON11 > %0:BUTTON04
fe_textbible.p3d	Unlock_A09_Name	VYLEPŠENÍ DĚLOSTŘELECKÉHO ÚDERU 4
fe_textbible.p3d	Unlock_A10_Desc	MAXIMÁLNÍ PALEBNÁ SÍLA, DOSAH a TRVÁNÍ.
fe_textbible.p3d	Unlock_A10_Bttn	(VE VOJENSKÉM PŘEVLEKU) (ZAMĚŘ NEPŘÍTELE) > (DRŽ) %0:BUTTON11 > %0:BUTTON04
fe_textbible.p3d	Unlock_A10_Name	VYLEPŠENÍ DĚLOSTŘELECKÉHO ÚDERU MAX
fe_textbible.p3d	Unlock_A14_Desc	ZVÝŠENÁ ÚČINNOST RAKETOMETU.\n\nLze vylepšit.
fe_textbible.p3d	Unlock_A14_Name	RAKETOMET 1
fe_textbible.p3d	Unlock_A15_Desc	ZVÝŠENÁ ÚČINNOST RAKETOMETU.\n\nLze vylepšit.
fe_textbible.p3d	Unlock_A15_Name	RAKETOMET 2
fe_textbible.p3d	Unlock_A16_Desc	MAXIMÁLNÍ ÚČINNOST RAKETOMETU.
fe_textbible.p3d	Unlock_A16_Name	RAKETOMET MAX
fe_textbible.p3d	Unlock_A20_Desc	ZVÝŠENÁ ÚČINNOST GRANÁTOMETU.\n\nLze vylepšit.
fe_textbible.p3d	Unlock_A20_Name	GRANÁTOMET 1
fe_textbible.p3d	Unlock_A21_Desc	ZVÝŠENÁ ÚČINNOST GRANÁTOMETU.\n\nLze vylepšit.
fe_textbible.p3d	Unlock_A21_Name	GRANÁTOMET 2
fe_textbible.p3d	Unlock_A22_Desc	MAXIMÁLNÍ ÚČINNOST GRANÁTOMETU.
fe_textbible.p3d	Unlock_A22_Name	GRANÁTOMET MAX
fe_textbible.p3d	Unlock_A32_Desc	ZVÝŠENÁ ÚČINNOST KULOMETU.\n\nLze vylepšit.
fe_textbible.p3d	Unlock_A32_Name	KULOMET 1
fe_textbible.p3d	Unlock_A33_Desc	ZVÝŠENÁ ÚČINNOST KULOMETU.\n\nLze vylepšit.
fe_textbible.p3d	Unlock_A33_Name	KULOMET 2
fe_textbible.p3d	Unlock_A34_Desc	MAXIMÁLNÍ ÚČINNOST KULOMETU.
fe_textbible.p3d	Unlock_A34_Name	KULOMET MAX
fe_textbible.p3d	Unlock_A38_Desc	ZVÝŠENÁ ÚČINNOST ÚTOČNÉ PUŠKY.\n\nLze vylepšit.
fe_textbible.p3d	Unlock_A38_Name	ÚTOČNÁ PUŠKA 1
fe_textbible.p3d	Unlock_A39_Desc	ZVÝŠENÁ ÚČINNOST ÚTOČNÉ PUŠKY.\n\nLze vylepšit.
fe_textbible.p3d	Unlock_A39_Name	ÚTOČNÁ PUŠKA 2
fe_textbible.p3d	Unlock_A40_Desc	MAXIMÁLNÍ ÚČINNOST ÚTOČNÉ PUŠKY.
fe_textbible.p3d	Unlock_A40_Name	ÚTOČNÁ PUŠKA MAX
fe_textbible.p3d	Unlock_A49_Desc	ZVÝŠENÁ ÚČINNOST OBRNĚNÝCH VOZIDEL.\n\nLze vylepšit.
fe_textbible.p3d	Unlock_A49_Name	OBRNĚNÉ VOZIDLO 1
fe_textbible.p3d	Unlock_A50_Desc	ZVÝŠENÁ ÚČINNOST OBRNĚNÝCH VOZIDEL.\n\nLze vylepšit.
fe_textbible.p3d	Unlock_A50_Name	OBRNĚNÉ VOZIDLO 2
fe_textbible.p3d	Unlock_A51_Desc	MAXIMÁLNÍ ÚČINNOST OBRNĚNÝCH VOZIDEL
fe_textbible.p3d	Unlock_A51_Name	OBRNĚNÉ VOZIDLO MAX
fe_textbible.p3d	Unlock_A55_Desc	ZVÝŠENÁ ÚČINNOST VRTULNÍKŮ.\n\nLze vylepšit.
fe_textbible.p3d	Unlock_A55_Name	VRTULNÍK 1
fe_textbible.p3d	Unlock_A56_Desc	ZVÝŠENÁ ÚČINNOST VRTULNÍKŮ.\n\nLze vylepšit.
fe_textbible.p3d	Unlock_A56_Name	VRTULNÍK 2
fe_textbible.p3d	Unlock_A57_Desc	MAXIMÁLNÍ ÚČINNOST VRTULNÍKŮ.
fe_textbible.p3d	Unlock_A57_Name	VRTULNÍK MAX
fe_textbible.p3d	Unlock_M01_Bttn	%0:BUTTON03 + %0:BUTTON04
fe_textbible.p3d	Unlock_M01_Desc	Udeř do země. Tento silný plošný účinek skvěle vyčistí prostor od slabších nepřátel a vymrští je do vzduchu.  NABÍJENÍM zvětšíš dosah i sílu útoku.
fe_textbible.p3d	Unlock_M01_Desc_Core	OTŘES ZEMĚ je zásadní technika pro odklízení skupin nepřátel z cesty. Vynikající proti davům slabších nepřátel. Přidej si vylepšení VZDUŠNÝ OTŘES ZEMĚ.
fe_textbible.p3d	Unlock_M01_Name	OTŘES ZEMĚ
fe_textbible.p3d	Unlock_M02_Bttn	(VE VZDUCHU) > %0:BUTTON03 + %0:BUTTON04
fe_textbible.p3d	Unlock_M02_Desc	Dopadni z výšky a vyvolej obrovský otřes země. Skvělé na čištění skupin nepřátel nebo prostě na ničení. NABÍJENÍM nebo větší výškou dopadu zvětšíš dosah i sílu útoku.  
fe_textbible.p3d	Unlock_M02_Name	OTŘES ZEMĚ DOPADEM
fe_textbible.p3d	Unlock_M03_Bttn	(V KRITICKÉ MASE) > (DRŽ)%0:BUTTON03 + %0:BUTTON04
fe_textbible.p3d	Unlock_M03_Desc	Jeden z nejsilnějších pohybů vůbec. Znič vše kolem kaskádou smrtících ZEMNÍCH BODCŮ. DEVASTATORY LZE SPUSTIT POUZE V KRITICKÉ MASE.
fe_textbible.p3d	Unlock_M03_Name	DEVASTATOR HŘBITOV ZEMNÍCH BODCŮ
fe_textbible.p3d	Unlock_M04_Bttn	(VE VZDUCHU) > (V KRITICKÉ MASE) > (DRŽ)%0:BUTTON03 + %0:BUTTON04
fe_textbible.p3d	Unlock_M04_Desc	Snes se z nebe a rozpoutej vlnu smrtících ZEMNÍCH BODCŮ, které nabodnou okolní nepřátele. Velmi silné proti vozidlům. DEVASTATORY LZE POUŽÍT POUZE V KRITICKÉ MASE.
fe_textbible.p3d	Unlock_M04_Name	VZDUŠNÝ DEVASTATOR HŘBITOV ZEMNÍCH BODCŮ
fe_textbible.p3d	Unlock_M05_Bttn	%0:BUTTON04 + %0:BUTTON02
fe_textbible.p3d	Unlock_M05_Desc	Bouchni pěstmi o sebe a odmrsti protivníky pryč.  Nezpůsobí velké poškození, ale získá ti spoustu času, když nepřátele odhodíš z cesty.  Skvělé na čištění prostoru od slabších soupeřů. NABÍJENÍM zvýšíš sílu.
fe_textbible.p3d	Unlock_M05_Desc_Core	RÁZOVÁ VLNA PĚSTÍ slouží k získání odstupu od nepřátel.  Bouchni pěstmi o sebe a vyvolej lokální explozi - NABÍJENÍM zvýšíš DOSAH.
fe_textbible.p3d	Unlock_M05_Name	RÁZOVÁ VLNA PĚSTÍ
fe_textbible.p3d	Unlock_M06_Bttn	(VE VZDUCHU) > %0:BUTTON04 + %0:BUTTON02
fe_textbible.p3d	Unlock_M06_Desc	Bouchni pěstmi o sebe a vytvoř silnou rázovou vlnu.  Není to nejničivější útok, ale skvěle vyčistí vzduch.  Použij ho při skoku a smeť slabé nebo poškozené vzdušné protivníky.
fe_textbible.p3d	Unlock_M06_Name	VZDUŠNÁ RÁZOVÁ VLNA PĚSTÍ
fe_textbible.p3d	Unlock_M07_Bttn	(V KRITICKÉ MASE) > (DRŽ)%0:BUTTON04 + %0:BUTTON02
fe_textbible.p3d	Unlock_M07_Desc	Z tvého těla vyrazí smrtící chapadla a nabodnou všechny nepřátele v okolí.  Nejsilnější proti biologickým soupeřům. LZE POUŽÍT POUZE V KRITICKÉ MASE.
fe_textbible.p3d	Unlock_M07_Desc_Core	SMRŠŤ CHAPADEL je první DEVASTATOR, který získáš.  DEVASTATORY jsou tvoje NEJSILNĚJŠÍ ÚTOKY.  Pro aktivaci téhle dovednosti musíš být v KRITICKÉ MASE.
fe_textbible.p3d	Unlock_M07_Name	DEVASTATOR SMRŠŤ CHAPADEL
fe_textbible.p3d	Unlock_M08_Bttn	(VE VZDUCHU) > (V KRITICKÉ MASE) > (DRŽ)%0:BUTTON04 + %0:BUTTON02
fe_textbible.p3d	Unlock_M08_Desc	VZDUŠNÁ verze DEVASTATORU SMRŠŤ CHAPADEL. Z tvého těla vyrazí chapadla a nabodnou všechny nepřátele v okolí.  Nejsilnější proti velkému množství slabších nepřátel nebo rychlým unikajícím cílům, jako jsou vrtulníky.
fe_textbible.p3d	Unlock_M08_Name	VZDUŠNÝ DEVASTATOR SMRŠŤ CHAPADEL
fe_textbible.p3d	Unlock_M09_Bttn	%0:BUTTON03 + %0:BUTTON02
fe_textbible.p3d	Unlock_M09_Desc	Dej nepříteli najevo, co si o něm myslíš, rychlým ÚDEREM DLANÍ.  Cíleným silovým útokem odklidí nepřátele z cesty.  Odemyká DEVASTATOR KRITICKÁ BOLEST.  
fe_textbible.p3d	Unlock_M09_Name	ÚDER DLANÍ
fe_textbible.p3d	Unlock_M10_Bttn	(V KRITICKÉ MASE) > (DRŽ) %0:BUTTON03 + %0:BUTTON02
fe_textbible.p3d	Unlock_M10_Desc	DEVASTATOR KRITICKÁ BOLEST způsobí nevýslovné poškození všem nepřátelům v palebné linii. Vynikající proti velkým, silným nebo unikajícím nepřátelům.
fe_textbible.p3d	Unlock_M10_Name	DEVASTATOR KRITICKÁ BOLEST
fe_textbible.p3d	Unlock_M11_Bttn	(Z BĚHU PO ZDI)%0:BUTTON04
fe_textbible.p3d	Unlock_M11_Desc	Snes se z výšky přímo do obličeje.  Čím vyšší pád, tím větší náraz.   Úder loktem se hodí na pozemní nepřátele - vyšplháš nahoru a pak dopadneš drtivým úderem.
fe_textbible.p3d	Unlock_M11_Name	LETÍCÍ ÚDER LOKTEM
fe_textbible.p3d	Unlock_M12_Bttn	(VE VZDUCHU) > %0:BUTTON04
fe_textbible.p3d	Unlock_M12_Desc	Rychle dopadni a vytvoř silnou rázovou vlnu.  Hodí se na vyčištění nahuštěné skupiny nepřátel nebo omráčení většího soupeře pro okamžitý navazující útok.
fe_textbible.p3d	Unlock_M12_Name	DUPNUTÍ Z VÝŠKY
fe_textbible.p3d	Unlock_M13_Bttn	(VE VZDUCHU) > %0:BUTTON03
fe_textbible.p3d	Unlock_M13_Desc	Tohle vylepšení zvýší dosah, rychlost i poškození LETÍCÍHO KOPU.  Skvělé proti VRTULNÍKŮM a DRONŮM.
fe_textbible.p3d	Unlock_M13_Desc_Core	POSÍLENÝM LETÍCÍM KOPEM sundáš nepřátelská letadla, drony nebo vytáhneš jednotlivce z davu.  Odstřeluj větší nepřátele rychlými zásahy a pak se ÚHYBNÝM PŘEVALEM dostaň z dosahu jejich protiútoků.
fe_textbible.p3d	Unlock_M13_Name	POSÍLENÝ LETÍCÍ KOP
fe_textbible.p3d	Unlock_M14_Bttn	%0:BUTTON03 (VE VZDUCHU) > %0:BUTTON03 %0:BUTTON03 %0:BUTTON03 %0:BUTTON03
fe_textbible.p3d	Unlock_M14_Desc	KOMBO LETÍCÍCH KOPŮ ti dovolí mlátit protivníka znovu a znovu z bezpečí vzduchu.  Skoč, kopni a kopni znovu.  Všechny zásahy lze nabíjet.
fe_textbible.p3d	Unlock_M14_Name	KOMBO LETÍCÍCH KOPŮ
fe_textbible.p3d	Unlock_M15_Bttn	(VE VZDUCHU)(DRŽ)%0:BUTTON03 > (ZASÁHNI CÍL) > %0:BUTTON03
fe_textbible.p3d	Unlock_M15_Desc	SALTOKOP promění nepřítele v projektil.  Kopni ze skoku a pak nabij k vymrštění!
fe_textbible.p3d	Unlock_M15_Name	SALTOKOP
fe_textbible.p3d	Unlock_M16_Bttn	(DRŽ)%0:BUTTON12 > %0:BUTTON06(OD SEBE) > (DRŽ)%0:BUTTON03
fe_textbible.p3d	Unlock_M16_Desc	Vymrsti nepřítele drtivým ZVEDÁKEM do brady.  Naval ve vzduchu, nebo naváž DUPNUTÍM Z VÝŠKY.
fe_textbible.p3d	Unlock_M16_Name	ZVEDÁK
fe_textbible.p3d	Unlock_M17_Bttn	(DRŽ)%0:BUTTON12 > %0:BUTTON06(OD SEBE) > %0:BUTTON04
fe_textbible.p3d	Unlock_M17_Desc	ŠVIHOVÝM KOPEM vymrštíš jednoho nepřítele vysoko do vzduchu.  NABÍJENÍM zesílíš účinek.
fe_textbible.p3d	Unlock_M17_Name	ŠVIHOVÝ KOP
fe_textbible.p3d	Unlock_M18_Bttn	ZVEDÁK > (NEPŘÍTEL VE VZDUCHU)%0:BUTTON03 %0:BUTTON03 %0:BUTTON03
fe_textbible.p3d	Unlock_M18_Desc	Odpal cíl k obzoru kombem, které drtí kosti!  Navazuje přímo na ZVEDÁK.
fe_textbible.p3d	Unlock_M18_Name	VZDUŠNÉ KOMBO
fe_textbible.p3d	Unlock_M19_Bttn	(ZE VZDUŠNÉHO KOMBA) > %0:BUTTON03
fe_textbible.p3d	Unlock_M19_Desc	Sraž nepřítele BODCEM k zemi. NABÍJENÍM BODCOVÉHO ÚDERU zvýšíš poškození.
fe_textbible.p3d	Unlock_M19_Name	BODCOVÝ ÚDER
fe_textbible.p3d	Unlock_M20_Bttn	(DRŽÍŠ NEPŘÍTELE VE VZDUCHU) > %0:BUTTON04
fe_textbible.p3d	Unlock_M20_Desc	Obličeji, tohle je beton.  Podělte se o společný zážitek s gravitací díky POWERBOMBĚ.  Vynikající proti odolnějším humanoidním soupeřům.
fe_textbible.p3d	Unlock_M20_Name	POWERBOMB
fe_textbible.p3d	Unlock_M21_Bttn	(VE VZDUCHU) > %0:BUTTON13
fe_textbible.p3d	Unlock_M21_Desc	Za letu změň směr pomocí VZDUŠNÉHO VÝPADU.  VZDUŠNÝ VÝPAD ti umožní uhnout projektilům, prodloužit skok nebo změnit dráhu za letu.  Experimentuj s ním - je důležité ho zvládnout. Lze vylepšit.
fe_textbible.p3d	Unlock_M21_Desc_Core	VZDUŠNÝ VÝPAD je zásadní součástí Alexova pohybu.  Skoč a VZDUŠNÝM VÝPADEM %0:BUTTON13 uhni útokům nebo prostě změň směr letu.  Zkoušej ho v různých fázích skoku: hned po odrazu, ve vrcholu skoku nebo těsně před dopadem - každá varianta se hodí na něco jiného.
fe_textbible.p3d	Unlock_M21_Name	VZDUŠNÝ VÝPAD
fe_textbible.p3d	Unlock_M22_Bttn	(VE VZDUCHU) > %0:BUTTON13
fe_textbible.p3d	Unlock_M22_Desc	Tohle vylepšení zvýší rychlost a dálku tvého VZDUŠNÉHO VÝPADU.
fe_textbible.p3d	Unlock_M22_Name	POSÍLENÝ VZDUŠNÝ VÝPAD
fe_textbible.p3d	Unlock_M23_Bttn	(VE VZDUCHU) > %0:BUTTON13 %0:BUTTON13
fe_textbible.p3d	Unlock_M23_Desc	Přidej si druhý VZDUŠNÝ VÝPAD ke každému skoku.  DVOJITÝM VZDUŠNÝM VÝPADEM uhneš dvakrát, nebo uhneš útoku a hned vyrazíš na nepřítele s odvetou!\n\nLze vylepšit.
fe_textbible.p3d	Unlock_M23_Name	DVOJITÝ VZDUŠNÝ VÝPAD
fe_textbible.p3d	Unlock_M24_Bttn	(VE VZDUCHU) > %0:BUTTON13 %0:BUTTON13
fe_textbible.p3d	Unlock_M24_Desc	Tohle vylepšení prodlouží DVOJITÝ VZDUŠNÝ VÝPAD.  Každý VZDUŠNÝ VÝPAD je delší a rychlejší!
fe_textbible.p3d	Unlock_M24_Name	POSÍLENÝ DVOJITÝ VZDUŠNÝ VÝPAD
fe_textbible.p3d	Unlock_M25_Bttn	(VYMRŠTĚN NEPŘÁTELSKÝM ÚTOKEM) > %0:BUTTON01
fe_textbible.p3d	Unlock_M25_Desc	Vymrštil tě výbuch nebo útok?  VZDUŠNÝM VYROVNÁNÍM se otočíš zpět dřív.
fe_textbible.p3d	Unlock_M25_Desc_Core	VZDUŠNÉ VYROVNÁNÍ ti vrátí kontrolu ještě ve vzduchu.  Díky němu proměníš trestuhodný let po zásahu v agresivní protiútok.
fe_textbible.p3d	Unlock_M25_Name	VZDUŠNÉ VYROVNÁNÍ
fe_textbible.p3d	Unlock_M26_Bttn	(VE VZDUCHU) > (DRŽ)%0:BUTTON13 > (STISKNI)%0:BUTTON01
fe_textbible.p3d	Unlock_M26_Desc	PLACHTĚNÍ je zásadní dovednost, která rozšíří tvoje možnosti pohybu. Ideální na rychlé pokrytí velké vzdálenosti nebo na nenápadné seskočení do základen.
fe_textbible.p3d	Unlock_M26_Desc_Core	PLACHTĚNÍ je pokročilá technika pohybu, která ve spojení s VZDUŠNÝM VÝPADEM nabízí nevídanou volnost.  Drž %0:BUTTON13 a pak SKOČ %0:BUTTON01 do plachtění.  Na konci naváž dalšími VZDUŠNÝMI VÝPADY pro maximální kontrolu.
fe_textbible.p3d	Unlock_M26_Name	PLACHTĚNÍ
fe_textbible.p3d	Unlock_M27_Bttn	(PLACHTĚNÍ) > %0:BUTTON04
fe_textbible.p3d	Unlock_M27_Desc	Z PLACHTĚNÍ se tvrdě a rychle vrhni dolů a vyvolej maximální plošný náraz STŘELHBITÝM DOPADEM.  Střelhbitý dopad špatně sleduje cíl, ale  bije extrémně tvrdě - je to tvůj nejsilnější dopadový útok.
fe_textbible.p3d	Unlock_M27_Name	STŘELHBITÝ DOPAD
fe_textbible.p3d	Unlock_M28_Bttn	(DRŽ)%0:BUTTON13 + %0:BUTTON06 > %0:BUTTON02
fe_textbible.p3d	Unlock_M28_Desc	ÚCHOP ZA BĚHU ti umožní chňapnout munici nebo oběť bez zpomalení.  Popadni - a běž.
fe_textbible.p3d	Unlock_M28_Desc_Core	ÚCHOP ZA BĚHU ti dovolí sbírat předměty i nepřátele v pohybu.  Zkombinuj ho s HODEM ZA BĚHU pro maximální volnost útoků za běhu.  Popadni oběti k pohlcení bez zastavení a pohlť je z bezpečí střechy.
fe_textbible.p3d	Unlock_M28_Name	ÚCHOP ZA BĚHU
fe_textbible.p3d	Unlock_M29_Bttn	(DRŽÍŠ PŘEDMĚT) > (DRŽ)%0:BUTTON13 + %0:BUTTON06 > %0:BUTTON02
fe_textbible.p3d	Unlock_M29_Desc	Umožní Alexovi házet předměty za pohybu.
fe_textbible.p3d	Unlock_M29_Name	HOD ZA BĚHU
fe_textbible.p3d	Unlock_M30_Bttn	(DRŽÍŠ ČLOVĚKA) > %0:BUTTON03
fe_textbible.p3d	Unlock_M30_Desc	ÚDEREM Z ÚCHOPU práskneš člověkem o zem a vyvoláš omračující rázovou vlnu - silný útok na jednu ránu.
fe_textbible.p3d	Unlock_M30_Name	ÚDER Z ÚCHOPU
fe_textbible.p3d	Unlock_M31_Bttn	(DRŽ)%0:BUTTON12 (NA ČLOVĚKU) > (VE VZDUCHU) > (DRŽ)%0:BUTTON03
fe_textbible.p3d	Unlock_M31_Desc	S JÍZDOU NA TĚLE se nezastavíš; proměň nepřítele v nový způsob pohybu.  Funguje jen na lidské nepřátele.
fe_textbible.p3d	Unlock_M31_Name	JÍZDA NA TĚLE
fe_textbible.p3d	Unlock_M32_Bttn	(UCHOP PŘEDMĚT) > %0:BUTTON03
fe_textbible.p3d	Unlock_M32_Desc	Vymrsti cokoli, co držíš, bez ztráty rychlosti.
fe_textbible.p3d	Unlock_M32_Name	VYMRŠŤUJÍCÍ KOP
fe_textbible.p3d	Unlock_M33_Bttn	(SRAŽENÝ SOUPEŘ) > %0:BUTTON03
fe_textbible.p3d	Unlock_M33_Desc	Představ obličej poraženého nepřítele podrážce své boty.
fe_textbible.p3d	Unlock_M33_Name	DUPNUTÍ NA HLAVU
fe_textbible.p3d	Unlock_M34_Bttn	(OMRAČ LOVCE) %0:BUTTON02
fe_textbible.p3d	Unlock_M34_Desc	Zlom Lovce - a pohlť ho pro zdraví.
fe_textbible.p3d	Unlock_M34_Name	SMRTÍCÍ ÚDER NA LOVCE
fe_textbible.p3d	Unlock_M35_Bttn	%0:BUTTON03, %0:BUTTON03 > %0:BUTTON04
fe_textbible.p3d	Unlock_M35_Desc	Sekaný zakončovací útok komba se smrtícím poškozením.
fe_textbible.p3d	Unlock_M35_Name	SEKNUTÍ VZHŮRU
fe_textbible.p3d	Unlock_M36_Bttn	(DRŽ)%0:BUTTON13 + %0:BUTTON06 > %0:BUTTON04
fe_textbible.p3d	Unlock_M36_Desc	Sekej. Štípej. Řež. Krveprolití za pohybu.  
fe_textbible.p3d	Unlock_M36_Name	SEK ZA BĚHU
fe_textbible.p3d	Unlock_M37_Bttn	%0:BUTTON04
fe_textbible.p3d	Unlock_M37_Desc	Přeměň svou hmotu ve smrtící bodec, který vyrazí zpod nepřátel. Ve spojení se zaměřováním je bodec naprosto přesný.\n\nLze vylepšit.
fe_textbible.p3d	Unlock_M37_Desc_Core	ZEMNÍ BODEC ti umožní protlačit biomasu pod zemí a pak nepřítele nabodnout zespodu.  ZEMNÍ BODEC je vynikající proti hustým skupinám slabších nepřátel nebo pomalým pozemním cílům, jako jsou obrněná vozidla.  Zkombinuj ho se ZAMĚŘENÍM %0:BUTTON12 a zasáhneš s naprostou přesností.  NABÍJENÍM %0:BUTTON04 zvýšíš poškození.  Lze vylepšit na větší bodce.
fe_textbible.p3d	Unlock_M37_Name	ZEMNÍ BODEC
fe_textbible.p3d	Unlock_M38_Bttn	(DRÁPY) > %0:BUTTON04 > %0:BUTTON04 > %0:BUTTON04
fe_textbible.p3d	Unlock_M38_Desc	Vyšli sérii smrtících ZEMNÍCH BODCŮ, jeden za druhým.  Skvělé na dav nepřátel nebo zmatenou mlýnici soupeřů.  Nasaď to proti davům a nezůstane po nich nic než počet mrtvých.
fe_textbible.p3d	Unlock_M38_Name	OPAKOVAČ ZEMNÍCH BODCŮ
fe_textbible.p3d	Unlock_M39_Bttn	(ČEPEL) > %0:BUTTON04 %0:BUTTON04 %0:BUTTON04 
fe_textbible.p3d	Unlock_M39_Desc	Silné, ale pomalé kombo pro schopnost ČEPEL.  Mimořádně účinné proti OBRNĚNÝM VOZIDLŮM a VELKÝM, SILNÝM NEPŘÁTELŮM.
fe_textbible.p3d	Unlock_M39_Name	KOMBO KŘÍŽOVÝ SEK ČEPELÍ
fe_textbible.p3d	Unlock_M40_Bttn	(DRŽ)%0:BUTTON13 + %0:BUTTON06 > %0:BUTTON04
fe_textbible.p3d	Unlock_M40_Desc	Rozsekni nepřátele výpadem s čepelí přímo ze sprintu.
fe_textbible.p3d	Unlock_M40_Name	ZUŘIVÝ SEK ZE SPRINTU
fe_textbible.p3d	Unlock_M41_Bttn	%0:BUTTON04
fe_textbible.p3d	Unlock_M41_Desc	Rozpoutej sérii sekaných útoků z místa.
fe_textbible.p3d	Unlock_M41_Name	ZUŘIVOST ČEPELE
fe_textbible.p3d	Unlock_M42_Bttn	(VE VZDUCHU) > %0:BUTTON04
fe_textbible.p3d	Unlock_M42_Desc	Sekej a krájej ze vzduchu. Tímhle padajícím řezem rozetneš nepřítele vedví.
fe_textbible.p3d	Unlock_M42_Name	VZDUŠNÝ SEK ČEPELÍ
fe_textbible.p3d	Unlock_M43_Bttn	%0:BUTTON04
fe_textbible.p3d	Unlock_M43_Desc	Tímhle silným kombem odmeteš nepřátele z cesty. Je pomalé, ale mocné - obzvlášť účinné proti nepřátelskému pancíři.  Proti rychlejším soupeřům s ním opatrně.
fe_textbible.p3d	Unlock_M43_Name	DRTIVÁ RÁNA KLADIVEM
fe_textbible.p3d	Unlock_M44_Bttn	(DRŽ)%0:BUTTON13 + %0:BUTTON06 > %0:BUTTON04
fe_textbible.p3d	Unlock_M44_Desc	Ze sprintu se vrhni sám na cíl; vlož celou svou váhu do jediného soustředěného útoku.  KLADIVOVÝ VRH je nebezpečný, když mineš - a smrtící, když trefíš.
fe_textbible.p3d	Unlock_M44_Name	KLADIVOVÝ VRH
fe_textbible.p3d	Unlock_M45_Bttn	(VE VZDUCHU) > %0:BUTTON04
fe_textbible.p3d	Unlock_M45_Desc	Vyskoč a dopadni.  Smrtící proti pancíři.  Větší výška zvýší poškození i plošný účinek.  Za správných podmínek rozpůlíš nepřátelský tank jedinou ranou.  
fe_textbible.p3d	Unlock_M45_Name	KLADIVOVÝ ÚDER LOKTEM
fe_textbible.p3d	Unlock_M46_Bttn	%0:BUTTON03 > %0:BUTTON04
fe_textbible.p3d	Unlock_M46_Desc	Rozsekej všechny nepřátele v okolí širokým švihem BIČOVÉ PĚSTI.
fe_textbible.p3d	Unlock_M46_Name	ZAMETAČ ULIC
fe_textbible.p3d	Unlock_M47_Bttn	%0:BUTTON02
fe_textbible.p3d	Unlock_M47_Desc	Když je nepřítel daleko, přitáhni si ho DÁLKOVÝM ÚCHOPEM. Zkombinuj ho se SKYJACKEM a vystřel se až k VRTULNÍKU.
fe_textbible.p3d	Unlock_M47_Name	DÁLKOVÝ ÚCHOP
fe_textbible.p3d	Unlock_M48_Desc	Využij svůj převlek a označ někoho jiného za nepřítele.\n\nLze vylepšit.
fe_textbible.p3d	Unlock_M48_Bttn	(VE VOJENSKÉM PŘEVLEKU) (ZAMĚŘ NEPŘÍTELE) > (DRŽ) %0:BUTTON11 > %0:BUTTON03
fe_textbible.p3d	Unlock_M48_Name	OBĚTNÍ BERÁNEK
fe_textbible.p3d	Unlock_M49_Desc	Zvýšení dosahu pohybu OBĚTNÍ BERÁNEK.
fe_textbible.p3d	Unlock_M49_Bttn	(VE VOJENSKÉM PŘEVLEKU) (ZAMĚŘ NEPŘÍTELE) > (DRŽ) %0:BUTTON11 > %0:BUTTON03
fe_textbible.p3d	Unlock_M49_Name	DOSAH OBĚTNÍHO BERÁNKA
fe_textbible.p3d	Unlock_M50_Bttn	%0:BUTTON03 %0:BUTTON03 (DRŽ)%0:BUTTON03
fe_textbible.p3d	Unlock_M50_Desc	Ničivý útok s velkým potenciálem nabíjení. Naváž na něj kombem a nabij pro vynikající poškození.
fe_textbible.p3d	Unlock_M50_Name	DRTIVÝ ROZKLAD
fe_textbible.p3d	Unlock_M51_Bttn	%0:BUTTON04
fe_textbible.p3d	Unlock_M51_Desc	Vyšší poškození a plošný účinek ZEMNÍHO BODCE.\n\nLze vylepšit.
fe_textbible.p3d	Unlock_M51_Name	VYLEPŠENÍ ZEMNÍHO BODCE 1
fe_textbible.p3d	Unlock_M52_Bttn	%0:BUTTON04
fe_textbible.p3d	Unlock_M52_Desc	Maximální poškození a plošný účinek ZEMNÍHO BODCE.
fe_textbible.p3d	Unlock_M52_Name	VYLEPŠENÍ ZEMNÍHO BODCE MAX
fe_textbible.p3d	Unlock_M53_Bttn	(U ZDI) > %0:BUTTON01
fe_textbible.p3d	Unlock_M53_Desc	S vylepšením PŘICHYCENÍ NA ZDI zřetězíš rychlé skoky po zdech.  Hodí se na rychlé změny směru a zlepšuje kontrolu nad pohybem.
fe_textbible.p3d	Unlock_M53_Name	PŘICHYCENÍ NA ZDI
fe_textbible.p3d	Unlock_M54_Bttn	(SMĚROVĚ)%0:BUTTON06 > (STISKNI)%0:BUTTON13
fe_textbible.p3d	Unlock_M54_Desc	ÚHYBNÝM PŘEVALEM se vyhneš projektilům i útokům. ÚHYBNÝ PŘEVAL je důležité zvládnout.
fe_textbible.p3d	Unlock_M54_Desc_Core	ÚHYBNÝ PŘEVAL je klíčový pro přežití v boji zblízka.  ÚHYBNÝM PŘEVALEM %0:BUTTON13 se vyhneš hrozícím útokům zblízka i letícím projektilům.  Často ti to otevře šanci na zdrcující protiútok; udeř a zmiz!
fe_textbible.p3d	Unlock_M54_Name	ÚHYBNÝ PŘEVAL
fe_textbible.p3d	Unlock_M55_Bttn	(DRŽÍŠ PŘEDMĚT) > %0:BUTTON02 nebo (DRŽ)%0:BUTTON02
fe_textbible.p3d	Unlock_M55_Desc	Zvyš dosah hodu předměty; se ZAMĚŘENÍM sundáš soupeře i přes celý blok.  Vynikající proti vzdáleným skupinám nepřátel, HNÍZDŮM NAKAŽENÝCH nebo VOJENSKÝM ZÁKLADNÁM.
fe_textbible.p3d	Unlock_M55_Desc_Core	DALEKONOSNÝ HOD je zásadní vylepšení.  ZVEDNI a pak HOĎ skoro cokoli na světě: lidi, vozidla, trosky... čím těžší, tím lepší!  Házení je tvoje nejsilnější zbraň proti letadlům a skvěle jím rozmlátíš vojenský pancíř na dálku.  Nezapomeň NABÍJET pro maximální dosah a sílu hodu; chvíli to trvá, ale rozhodně se to vyplatí.
fe_textbible.p3d	Unlock_M55_Name	DALEKONOSNÝ HOD
fe_textbible.p3d	Unlock_M56_Bttn	(DRŽÍŠ PŘEDMĚT) > (DRŽ)%0:BUTTON02
fe_textbible.p3d	Unlock_M56_Desc	Před vypuštěním hod NABIJ a výrazně zvýšíš jeho dosah i sílu.  NABÍJENÍ HODU je zásadní v souboji s letadly.
fe_textbible.p3d	Unlock_M56_Desc_Core	Tohle vylepšení odemyká NABÍJENÍ HODU.  Alex může ZVEDNOUT a HODIT jakýkoli předmět ve hře a proměnit tak manhattanský provoz v dalekonosnou zbraň.  S tímhle vylepšením můžeš NABÍJET HODY pro vyšší POŠKOZENÍ.
fe_textbible.p3d	Unlock_M56_Name	NABITÝ HOD
fe_textbible.p3d	Unlock_M57_Bttn	(VE VZDUCHU) > (V KRITICKÉ MASE) > (DRŽ) %0:BUTTON03 + %0:BUTTON02
fe_textbible.p3d	Unlock_M57_Desc	Vzdušná verze útoku DEVASTATOR KRITICKÁ BOLEST. Způsobí obrovské poškození všemu v palebné linii; ve vzduchu můžeš skočit a nabít útok, aniž by ses vystavil protiútoku.
fe_textbible.p3d	Unlock_M57_Name	VZDUŠNÝ DEVASTATOR KRITICKÁ BOLEST
fe_textbible.p3d	Unlock_M58_Bttn	(DRŽ) %0:BUTTON03 + %0:BUTTON02 (VE VZDUCHU)
fe_textbible.p3d	Unlock_M58_Desc	Schoul se a val; prořízni vzduch a rozpoutej na soupeře smrtící plošný náraz.  DĚLOVÁ KOULE má vynikající dosah i sledování cíle, takže je skvělá proti letadlům.
fe_textbible.p3d	Unlock_M58_Name	DĚLOVÁ KOULE
fe_textbible.p3d	Unlock_M59_Desc	Výrazně zvýší poškození útoků SVALOVÉ HMOTY; i základní údery pěstmi bijí ještě tvrději.
fe_textbible.p3d	Unlock_M59_Bttn	(DRŽ)%0:BUTTON10 > %0:BUTTON07 > SVALOVÁ HMOTA
fe_textbible.p3d	Unlock_M59_Name	POSÍLENÁ SVALOVÁ HMOTA
fe_textbible.p3d	Unlock_M60_Bttn	%0:BUTTON04
fe_textbible.p3d	Unlock_M60_Desc	Potřebuješ někoho oslovit na dálku?  DÁLKOVÝM ÚDEREM zasáhneš nepřátele i předměty z velké vzdálenosti.  Skvělý proti nepřátelským vrtulníkům a otravným hlídkovým dronům - je to tvoje vestavěná odstřelovačka.
fe_textbible.p3d	Unlock_M60_Name	DÁLKOVÝ ÚDER
fe_textbible.p3d	Unlock_M61_Bttn	(DRŽÍŠ PŘEDMĚT) > %0:BUTTON02 nebo (DRŽ)%0:BUTTON02
fe_textbible.p3d	Unlock_M61_Desc	Výrazně zvýší dosah a poškození hodů se SVALOVOU HMOTOU.
fe_textbible.p3d	Unlock_M61_Name	HOD SVALOVOU HMOTOU
fe_textbible.p3d	Unlock_M62_Bttn	(PŘI ÚCHOPU LOVCE) %0:BUTTON02
fe_textbible.p3d	Unlock_M62_Desc	Popadni LOVCE a práskni s ním o zem.  Dobrá taktická volba, když tě obklíčí smečka nakažených nebo se chceš zbavit jednoho otravného LOVCE.
fe_textbible.p3d	Unlock_M62_Name	LOVEC K ZEMI
fe_textbible.p3d	Unlock_P01_Bttn	(DRŽ)%0:BUTTON10 > %0:BUTTON07 > DRÁPY
fe_textbible.p3d	Unlock_P01_Desc	Proměň ruce ve smrtící ostří; sekej a krájej a udržuj dav zblízka pod kontrolou.
fe_textbible.p3d	Unlock_P01_Desc_Core	Útoky drápy jsou velmi účinné proti lidem a silné proti pozemním protivníkům. Omezený potenciál poškození proti obrněným či velkým nepřátelům. Neúčinné proti letounům.
fe_textbible.p3d	Unlock_P01_Name	SCHOPNOST DRÁPY
fe_textbible.p3d	Unlock_P02_Bttn	(DRŽ)%0:BUTTON10 > %0:BUTTON07 > SVALOVÁ HMOTA
fe_textbible.p3d	Unlock_P02_Desc	Zdvojnásobuje sílu.  HODY letí dál a všechny ÚDERY působí větší poškození.\n\nLze vylepšit.
fe_textbible.p3d	Unlock_P02_Desc_Core	SCHOPNOST SVALOVÁ HMOTA posiluje VŠECHNY tvé útoky zblízka.  Házej dál.  Udeř tvrději.  Způsob celkově víc poškození.  Jedinou nevýhodou je pozornost, kterou na sebe strhneš.
fe_textbible.p3d	Unlock_P02_Name	SCHOPNOST SVALOVÁ HMOTA
fe_textbible.p3d	Unlock_P03_Bttn	(DRŽ)%0:BUTTON10 > %0:BUTTON07 > KLADIVOVÉ PĚSTI
fe_textbible.p3d	Unlock_P03_Desc	Vyměň rychlost za sílu - přesuň biomasu do předloktí a rozpoutej smrtící plošné útoky, drť kryjící se nepřátele a tříšti obrněná vozidla. KLADIVOVÉ PĚSTI přinášejí bolest.
fe_textbible.p3d	Unlock_P03_Desc_Core	Útoky KLADIVOVÝMI PĚSTMI nejsou nejrychlejší, zato drtí kosti.  Nejlépe je uplatníš proti pomalým či nehybným cílům; jsou vynikající proti nepřátelským TANKŮM, KONSTRUKCÍM BUDOV a dalším velkým, pomalým protivníkům.  Nabíjením útoků vyčistíš široké okolí od davů slabších nepřátel, třeba od sevřených skupin vojáků nebo hord nakažených.  Jsou silné, ale o něco pomalejší, takže hbitější nepřátelé dokážou minutý útok potrestat.  Zvaž přidání ÚDERU LOKTEM KLADIVOVÝCH PĚSTÍ, který ti do repertoáru přidá smrtící vzdušnou techniku.
fe_textbible.p3d	Unlock_P03_Name	SCHOPNOST KLADIVOVÉ PĚSTI
fe_textbible.p3d	Unlock_P04_Bttn	(DRŽ)%0:BUTTON10 > %0:BUTTON07 > BIČOVÁ PĚST
fe_textbible.p3d	Unlock_P04_Desc	BIČOVÁ PĚST je tenká, pružná paže s ostřím, kterou zaútočíš na extrémní vzdálenost nebo prošvihneš celé davy nepřátel.  Zkroť své nepřátele z bezpečné vzdálenosti.
fe_textbible.p3d	Unlock_P04_Desc_Core	BIČOVÁ PĚST se nejlépe hodí na skupiny slabších nepřátel nebo na uhýbající letouny.  Základní schopnost umožňuje útoky na střední vzdálenost proti silnějším protivníkům, takže je skvělým nástrojem na krocení lovců.  Jakmile to půjde, zvaž vylepšení DALEKONOSNÝ ÚDER %0:BUTTON04, jímž odstřelíš nepřátele i letouny na extrémní vzdálenost, nebo vylepšení DALEKONOSNÉ CHYCENÍ %0:BUTTON02, kterým letoun prostě popadneš a provedeš SKYJACK!
fe_textbible.p3d	Unlock_P04_Name	SCHOPNOST BIČOVÁ PĚST
fe_textbible.p3d	Unlock_P05_Bttn	(DRŽ)%0:BUTTON10 > %0:BUTTON07 > ČEPEL
fe_textbible.p3d	Unlock_P05_Desc	ČEPEL je mocná a smrtící sečná i bodná zbraň; ideální k rozřezání i těch nejodolnějších obrněných vozidel nebo kůží nakažených.  Tato útočná schopnost otevírá přístup k nejsilnějším úderům.
fe_textbible.p3d	Unlock_P05_Desc_Core	ČEPEL je jediné smrtící ostří a zároveň tvá nejsilnější útočná schopnost.  Nekompromisní ČEPEL prořízne tuhý vojenský pancíř skoro stejně snadno jako maso.  Používej ji s naprostým pohrdáním veškerým životem.
fe_textbible.p3d	Unlock_P05_Name	SCHOPNOST ČEPEL
fe_textbible.p3d	Unlock_P06_Bttn	(DRŽ)%0:BUTTON10 > %0:BUTTON07 > ŠTÍT
fe_textbible.p3d	Unlock_P06_Desc	Štít pohltí poškození při zásahu a tvé zdraví zůstane zcela nedotčené - dokud se NEROZBIJE.  Po ROZBITÍ se štít musí REGENEROVAT, než začne zase odrážet poškození.
fe_textbible.p3d	Unlock_P06_Desc_Core	SCHOPNOST ŠTÍT při zásahu vytvoří biologický štít.  Pohlcuje poškození a časem se hojí.  Pokud utrpí velké poškození v krátké době, štít se ROZBIJE , což schopnost na chvíli vyřadí.  ŠTÍT skvěle tlumí mírné poškození, ale proti silnějším nepřátelům tě vystavuje riziku.
fe_textbible.p3d	Unlock_P06_Name	SCHOPNOST ŠTÍT
fe_textbible.p3d	Unlock_P07_Bttn	(DRŽ)%0:BUTTON10 > %0:BUTTON07 > PANCÍŘ
fe_textbible.p3d	Unlock_P07_Desc	Pancíř celkově zvyšuje odolnost vůči poškození na úkor pohybových dovedností jako PLACHTĚNÍ nebo KOTOUL.  V pancíři Alex nepřekonává překážky; místo toho si ramenem prorazí cestu vozidly a slabšími nepřáteli.
fe_textbible.p3d	Unlock_P07_Name	SCHOPNOST PANCÍŘ
fe_textbible.p3d	Unlock_P08_Bttn	%0:BUTTON15
fe_textbible.p3d	Unlock_P08_Desc	Splyň s pozadím díky chameleoní kůži; vynikající pro únik a infiltraci. Chameleoní kůže ti umožní zasévat zmatek a paniku všude, kudy projdeš.
fe_textbible.p3d	Unlock_P08_Name	CHAMELEONÍ KŮŽE
fe_textbible.p3d	Unlock_P09_Bttn	(DRŽ)%0:BUTTON10 > %0:BUTTON07 > TERMÁLNÍ VIDĚNÍ
fe_textbible.p3d	Unlock_P09_Desc	TERMÁLNÍ VIDĚNÍ ti umožní vidět skrz zastírající kouř a další tenké překážky za cenu omezeného dohledu.  Použij TERMÁLNÍ VIDĚNÍ, když ti výhled zaplní kouř a trosky.
fe_textbible.p3d	Unlock_P09_Desc_Core	Zbystři své dravčí smysly TERMÁLNÍM VIDĚNÍM.  Po aktivaci tato schopnost prořízne clonu kouře a trosek, abys viděl to podstatné: živé nepřátele.  Kvůli povaze infračerveného spektra je nevýhodou omezený dohled.
fe_textbible.p3d	Unlock_P09_Name	SCHOPNOST TERMÁLNÍ VIDĚNÍ
fe_textbible.p3d	Unlock_P10_Bttn	(DRŽ)%0:BUTTON10 > %0:BUTTON07 > VIDĚNÍ NAKAŽENÝCH
fe_textbible.p3d	Unlock_P10_Desc	Viz svět očima nakažených; napoj se na samotnou mysl hnízda pomocí VIDĚNÍ NAKAŽENÝCH.  Odhalíš tak nepřátele na dálku a rozeznáš nepřátelské postavy od obyčejných kolemjdoucích.
fe_textbible.p3d	Unlock_P10_Desc_Core	VIDĚNÍ NAKAŽENÝCH tě napojí na MYSL HNÍZDA NAKAŽENÝCH.  Rozeznáš nepřátele i vozidla i na extrémní vzdálenosti.
fe_textbible.p3d	Unlock_P10_Name	SCHOPNOST VIDĚNÍ NAKAŽENÝCH
fe_textbible.p3d	Unlock_P11_Bttn	(DRŽ)%0:BUTTON10 > %0:BUTTON07 > PŘEVLEK
fe_textbible.p3d	Unlock_P11_Desc	Lidstvo je tvá maska; použij PŘEVLEK a skryj se jako dokonalá kopie posledního jedince, kterého jsi pohltil.
fe_textbible.p3d	Unlock_P11_Name	SCHOPNOST PŘEVLEK
fe_textbible.p3d	Unlock_U01_Desc	Vyšší ZDRAVÍ ti dovolí pohltit více poškození.\n\nLze vylepšit.
fe_textbible.p3d	Unlock_U01_Name	POSÍLENÍ ZDRAVÍ 1
fe_textbible.p3d	Unlock_U02_Desc	Další zvýšení ZDRAVÍ, které posílí tvou schopnost snášet útoky nepřátel.\n\nLze vylepšit.
fe_textbible.p3d	Unlock_U02_Name	POSÍLENÍ ZDRAVÍ 2
fe_textbible.p3d	Unlock_U03_Desc	Maximální ZDRAVÍ.  Toto je největší možné zvýšení ZDRAVÍ pomocí vylepšení.
fe_textbible.p3d	Unlock_U03_Name	POSÍLENÍ ZDRAVÍ MAX
fe_textbible.p3d	Unlock_U04_Desc	Překroč hranice MAXIMÁLNÍHO ZDRAVÍ a vstup do režimu KRITICKÉ MASY pro vyšší poškození útoků a možnost použít útoky DEVASTATOR.\n\nLze vylepšit.
fe_textbible.p3d	Unlock_U04_Desc_Core	KRITICKÁ MASA je zásadní vylepšení, díky němuž proměníš přebytečné zdraví v mrtvé nepřátele.  Jak pohlcuješ protivníky, tvé zdraví překročí běžný strop a ty vstoupíš do KRITICKÉ MASY.  V KRITICKÉ MASE můžeš spustit své nejsilnější techniky - útoky DEVASTATOR - a jediným útokem zlikvidovat velké skupiny nepřátel nebo zničit mocné protivníky.  Odemkni jednotlivé útoky DEVASTATOR a všechny si vyzkoušej.
fe_textbible.p3d	Unlock_U04_Bttn	[DOSÁHNI MAXIMÁLNÍHO ZDRAVÍ]\nZÍSKEJ DALŠÍ ZDRAVÍ
fe_textbible.p3d	Unlock_U04_Name	DOVEDNOST KRITICKÁ MASA
fe_textbible.p3d	Unlock_U05_Desc	Zvýšení kapacity KRITICKÉ MASY.  Dostaň se dál za hranici a získej až DVA útoky DEVASTATOR.\n\nLze vylepšit.
fe_textbible.p3d	Unlock_U05_Bttn	[DOSÁHNI MAXIMÁLNÍHO ZDRAVÍ]\nZÍSKEJ DALŠÍ ZDRAVÍ
fe_textbible.p3d	Unlock_U05_Name	POSÍLENÍ KRITICKÉ MASY 1
fe_textbible.p3d	Unlock_U06_Bttn	[DOSÁHNI MAXIMÁLNÍHO ZDRAVÍ]\nZÍSKEJ DALŠÍ ZDRAVÍ
fe_textbible.p3d	Unlock_U06_Desc	Maximum KRITICKÉ MASY. Při plném zdraví umožňuje až TŘI útoky DEVASTATOR.
fe_textbible.p3d	Unlock_U06_Name	POSÍLENÍ KRITICKÉ MASY MAX
fe_textbible.p3d	Unlock_U07_Bttn	(DRŽ)%0:BUTTON01
fe_textbible.p3d	Unlock_U07_Desc	Posílené svalstvo nohou znamená delší skoky a rychlejší nabíjení.  Toto vylepšení je klíčové pro rychlý pohyb na velké vzdálenosti.\n\nLze vylepšit.
fe_textbible.p3d	Unlock_U07_Name	VYLEPŠENÍ SKOKU 2
fe_textbible.p3d	Unlock_U08_Bttn	(DRŽ)%0:BUTTON01
fe_textbible.p3d	Unlock_U08_Desc	Skákej dál, nabíjej rychleji.  Toto vylepšení druhé úrovně je klíčové pro rychlý pohyb na velké vzdálenosti.\n\nLze vylepšit.
fe_textbible.p3d	Unlock_U08_Name	VYLEPŠENÍ SKOKU 3
fe_textbible.p3d	Unlock_U09_Bttn	(DRŽ)%0:BUTTON01
fe_textbible.p3d	Unlock_U09_Desc	Maximalizuj nabíjení skoku.  Toto vylepšení je klíčové pro rychlý pohyb na velké vzdálenosti.  Nejvyšší úroveň vylepšení.
fe_textbible.p3d	Unlock_U09_Name	VYLEPŠENÍ SKOKU MAX
fe_textbible.p3d	Unlock_U10_Bttn	(DRŽ) %0:BUTTON13 > (SMĚR) %0:BUTTON06
fe_textbible.p3d	Unlock_U10_Desc	Posil klouby a zeštíhli stavbu těla, abys SPRINTOVAL rychleji než kdy dřív.\n\nLze vylepšit.
fe_textbible.p3d	Unlock_U10_Desc_Core	RYCHLOST SPRINTU 1 ti umožní běhat rychleji než dřív.  Klíčové vylepšení pro únik ÚDERNÝM TÝMŮM - nebo pro lov kořisti.
fe_textbible.p3d	Unlock_U10_Name	RYCHLOST SPRINTU  1
fe_textbible.p3d	Unlock_U11_Desc	SPRINTUJ rychleji než kdy dřív.  Zásadní evoluční výhoda.\n\nLze vylepšit.
fe_textbible.p3d	Unlock_U11_Bttn	(DRŽ) %0:BUTTON13 > (SMĚR) %0:BUTTON06
fe_textbible.p3d	Unlock_U11_Name	RYCHLOST SPRINTU 2
fe_textbible.p3d	Unlock_U12_Bttn	(DRŽ) %0:BUTTON13 > (SMĚR) %0:BUTTON06
fe_textbible.p3d	Unlock_U12_Desc	Zvyš schopnost SPRINTU ještě víc.  Důležité vylepšení.
fe_textbible.p3d	Unlock_U12_Name	RYCHLOST SPRINTU MAX
fe_textbible.p3d	Unlock_U13_Bttn	(ZA ČLOVĚKEM) > (DRŽ)%0:BUTTON11 > %0:BUTTON02
fe_textbible.p3d	Unlock_U13_Desc	POHLŤ nepřítele bez vyvolání POPLACHU. Zvlášť užitečné při infiltraci ZÁKLADEN.\n\nLze vylepšit.
fe_textbible.p3d	Unlock_U13_Desc_Core	NENÁPADNÉ POHLCENÍ ti umožní pohltit nic netušící kořist za pochodu. Připlíž se ke kořisti zezadu a stiskni %0:BUTTON11 pro otevření NABÍDKY PŘEVLEKŮ. Až se zvýrazní INDIKÁTOR NENÁPADNÉHO POHLCENÍ, stiskni %0:BUTTON02 pro NENÁPADNÉ POHLCENÍ.
fe_textbible.p3d	Unlock_U13_Name	NENÁPADNÉ POHLCENÍ
fe_textbible.p3d	Unlock_U14_Bttn	(ZA ČLOVĚKEM) > (DRŽ)%0:BUTTON11 > %0:BUTTON02
fe_textbible.p3d	Unlock_U14_Desc	ZVYŠUJE RYCHLOST tvého NENÁPADNÉHO POHLCENÍ.
fe_textbible.p3d	Unlock_U14_Name	POSÍLENÍ NENÁPADNÉHO POHLCENÍ
fe_textbible.p3d	Unlock_U15_Desc	ZÍSKEJ více ZDRAVÍ z těch, které POHLTÍŠ.\n\nLze vylepšit.
fe_textbible.p3d	Unlock_U15_Name	POSÍLENÍ POHLCENÍ 1
fe_textbible.p3d	Unlock_U16_Desc	ZÍSKEJ více ZDRAVÍ z těch, které POHLTÍŠ.
fe_textbible.p3d	Unlock_U16_Name	POSÍLENÍ POHLCENÍ MAX
fe_textbible.p3d	Unlock_U17_Desc	Mimo boj se tvé zdraví obnovuje stálým tempem.  S tímto vylepšením se zdraví obnovuje rychleji.\n\nLze vylepšit.
fe_textbible.p3d	Unlock_U17_Name	POSÍLENÍ REGENERACE 1
fe_textbible.p3d	Unlock_U18_Desc	Mimo boj se tvé zdraví obnovuje stálým tempem.  S tímto vylepšením se zdraví obnovuje rychleji.
fe_textbible.p3d	Unlock_U18_Name	POSÍLENÍ REGENERACE MAX
fe_textbible.p3d	Unlock_U19_Desc	Nějakou dobu po zranění se začneš automaticky léčit. Toto vylepšení zkracuje prodlevu, než REGENERACE spustí léčení.\n\nLze vylepšit.
fe_textbible.p3d	Unlock_U19_Name	PRODLEVA REGENERACE 1
fe_textbible.p3d	Unlock_U20_Desc	Nějakou dobu po zranění se začneš automaticky léčit. Toto vylepšení dále zkracuje prodlevu, než REGENERACE spustí léčení.
fe_textbible.p3d	Unlock_U20_Name	PRODLEVA REGENERACE MAX
fe_textbible.p3d	Unlock_U21_Desc	PŘÍVAL ADRENALINU je nejvyšší záchranná síť.  Když ti dojde téměř všechno zdraví, získáš okamžik NEZRANITELNOSTI a jeden ÚTOK DEVASTATOR.  Využij ho moudře.
fe_textbible.p3d	Unlock_U21_Desc_Core	Popadni dech - a vrať se do vražedné hry.  PŘÍVAL ADRENALINU se spustí těsně předtím, než bys normálně zemřel, a dá ti krátký okamžik nezranitelnosti a možnost JEDNOHO útoku DEVASTATOR zdarma.  Spoj obě výhody, otoč situaci proti nepřátelům - a dodělej je dřív, než oni dodělají tebe.
fe_textbible.p3d	Unlock_U21_Name	PŘÍVAL ADRENALINU
fe_textbible.p3d	UPGRADES	VYLEPŠENÍ
fe_textbible.p3d	CORE_UPGRADE	JÁDRO
fe_textbible.p3d	STATS_FILLER	CATALOG # A63/KNP\n520G    LINE\n      80HZ\nCLASS  E49-a\nFEEDBACK RESPONSE\nNOMINAL NEURAL LINK\n\nZOOM RATIO    4:1\nCONTINUOUS GAIN
fe_textbible.p3d	STATS_FILLER2	PROJECT       SIM#
fe_textbible.p3d	OBJ_FILLER	ŘÍZENÍ POLE\nANALÝZA VSTUPU
fe_textbible.p3d	STATS_ALERTS	POPLACHY
fe_textbible.p3d	STATS_ATTACKS	ÚTOKY
fe_textbible.p3d	STATS_BASES_HIVES	ZÁKLADNY A HNÍZDA
fe_textbible.p3d	STATS_BLACKWATCH	BLACKWATCH
fe_textbible.p3d	STATS_BY_TYPE	TYP
fe_textbible.p3d	STATS_COLLECTIBLES	SBĚRATELSKÉ PŘEDMĚTY
fe_textbible.p3d	STATS_TIME	ČAS
fe_textbible.p3d	STATS_CONSUMES	POHLCENÍ
fe_textbible.p3d	STATS_DEATH	ÚMRTÍ
fe_textbible.p3d	STATS_DISGUISE	PŘEVLEK
fe_textbible.p3d	STATS_EP	EP
fe_textbible.p3d	STATS_GENERAL	OBECNÉ
fe_textbible.p3d	STATS_HIJACKS	ÚNOSY
fe_textbible.p3d	STATS_INFECTED	NAKAŽENÍ
fe_textbible.p3d	STATS_KILLS	ZABITÍ
fe_textbible.p3d	STATS_LOCOMOTION	POHYB
fe_textbible.p3d	STATS_MARINES	MARINES
fe_textbible.p3d	STATS_MILITARY	ARMÁDA
fe_textbible.p3d	STATS_MISSIONS	MISE
fe_textbible.p3d	STATS_VEHICLES	VOZIDLA
fe_textbible.p3d	STATS_WEAPONS	ZBRANĚ
fe_textbible.p3d	STATS_WOI	SÍŤ INTRIK
fe_textbible.p3d	STAT_CURRENT_EVOLUTION_POINTS	AKTUÁLNÍ EVOLUČNÍ BODY
fe_textbible.p3d	STAT_TOTAL_EVOLUTION_POINTS	CELKEM ZÍSKANÝCH EVOLUČNÍCH BODŮ
fe_textbible.p3d	STAT_ATTACKS	ÚTOKY
fe_textbible.p3d	STAT_2_HIT	KOMBA ZE 2 ZÁSAHŮ
fe_textbible.p3d	STAT_3_HIT	KOMBA ZE 3 ZÁSAHŮ
fe_textbible.p3d	STAT_DEVASTATORS	DEVASTATORY
fe_textbible.p3d	STAT_KILLS_RIFLES	ZABITÍ ÚTOČNOU PUŠKOU
fe_textbible.p3d	STAT_KILLS_HELIS	POMOCÍ VRTULNÍKŮ
fe_textbible.p3d	STAT_KILLS_ABRAMS	POMOCÍ TANKŮ
fe_textbible.p3d	STAT_KILLS_BRADLEYS	POMOCÍ OBRNĚNCŮ
fe_textbible.p3d	STAT_RUNOVERS	RETARDÉRY
fe_textbible.p3d	STAT_DISMEMBERMENTS	UTRŽENÉ ÚDY
fe_textbible.p3d	STAT_PEDESTRIANS	ZABITÍ CHODCI
fe_textbible.p3d	STAT_ENEMIES_KILLED	ZABITÍ NEPŘÁTELÉ
fe_textbible.p3d	STAT_MARINES_KILLED	ZABITÍ MARINES
fe_textbible.p3d	STAT_MARINES_CONSUMED	POHLCENÍ MARINES
fe_textbible.p3d	STAT_COMMANDERS_KILLED	ZABITÍ VELITELÉ
fe_textbible.p3d	STAT_COMMANDERS_CONSUMED	POHLCENÍ VELITELÉ MARINES
fe_textbible.p3d	STAT_PILOTS_KILLED	ZABITÍ PILOTI
fe_textbible.p3d	STAT_PILOTS_CONSUMED	POHLCENÍ PILOTI
fe_textbible.p3d	STAT_BWMARINES_KILLED	ZABITÍ VOJÁCI BLACKWATCH
fe_textbible.p3d	STAT_BWMARINES_CONSUMED	POHLCENÍ VOJÁCI BLACKWATCH
fe_textbible.p3d	STAT_BWCOMMANDERS_KILLED	ZABITÍ VELITELÉ BLACKWATCH
fe_textbible.p3d	STAT_BWCOMMANDERS_CONSUMED	POHLCENÍ VELITELÉ BLACKWATCH
fe_textbible.p3d	STAT_CIV_VEHICLES_KILLED	ZNIČENÁ CIVILNÍ VOZIDLA
fe_textbible.p3d	STAT_APACHES_KILLED	ZNIČENÉ BITEVNÍ VRTULNÍKY
fe_textbible.p3d	STAT_APACHES_HIJACKED	UNESENÉ BITEVNÍ VRTULNÍKY
fe_textbible.p3d	STAT_BLACKHAWKS_KILLED	ZNIČENÉ TRANSPORTÉRY
fe_textbible.p3d	STAT_BLACKHAWKS_HIJACKED	UNESENÉ TRANSPORTÉRY
fe_textbible.p3d	STAT_HELI_KILLS_HELIS	VRTULNÍKY ZNIČENÉ VRTULNÍKEM
fe_textbible.p3d	STAT_ABRAMS_KILLED	ZNIČENÉ TANKY
fe_textbible.p3d	STAT_ABRAMS_HIJACKED	UNESENÉ TANKY
fe_textbible.p3d	STAT_BRADLEYS_KILLED	ZNIČENÉ OBRNĚNCE
fe_textbible.p3d	STAT_BRADLEYS_HIJACKED	UNESENÉ OBRNĚNCE
fe_textbible.p3d	STAT_INFECTED1_KILLED	ZABITÍ NAKAŽENÍ CIVILISTÉ
fe_textbible.p3d	STAT_INFECTED1_CONSUMED	POHLCENÍ NAKAŽENÍ
fe_textbible.p3d	STAT_INFECTED2_KILLED	ZABITÍ VYVINUTÍ NAKAŽENÍ
fe_textbible.p3d	STAT_INFECTED2_CONSUMED	POHLCENÍ VYVINUTÍ NAKAŽENÍ
fe_textbible.p3d	STAT_BRAWLERS_KILLED	ZABITÍ LOVCI
fe_textbible.p3d	STAT_BRAWLERS_CONSUMED	POHLCENÍ LOVCI
fe_textbible.p3d	STAT_LEADERS_KILLED	ZABITÍ VŮDCI
fe_textbible.p3d	STAT_LEADERS_CONSUMED	POHLCENÍ VŮDCI
fe_textbible.p3d	STAT_HYDRAS_KILLED	ZABITÉ HYDRY
fe_textbible.p3d	STAT_WATERTOWERS_DESTROYED	ZNIČENÉ NAKAŽENÉ VODÁRNY
fe_textbible.p3d	STAT_RIFLE_SHOTS	VÝSTŘELY Z ÚTOČNÉ PUŠKY
fe_textbible.p3d	STAT_MISSILE_SHOTS	VÝSTŘELY RAKET
fe_textbible.p3d	STAT_HOMING_SHOTS	VÝSTŘELY NAVÁDĚNÝCH RAKET
fe_textbible.p3d	STAT_GRENADE_SHOTS	VÝSTŘELY GRANÁTŮ
fe_textbible.p3d	STAT_MACHINEGUN_SHOTS	VÝSTŘELY Z KULOMETU
fe_textbible.p3d	STAT_JUMPS	SKOKY
fe_textbible.p3d	STAT_DEATHS	ÚMRTÍ
fe_textbible.p3d	STAT_DEATHS_BY_INFECTED	ÚMRTÍ OD NAKAŽENÝCH
fe_textbible.p3d	STAT_DEATHS_BY_MILITARY	ÚMRTÍ OD ARMÁDY
fe_textbible.p3d	STAT_CARS_CRUSHED	AUTA ROZDRCENÁ TANKEM
fe_textbible.p3d	STAT_STEALTH_CONSUMES	NENÁPADNÁ POHLCENÍ
fe_textbible.p3d	STAT_PED_CONSUMES	POHLCENÍ CHODCI
fe_textbible.p3d	STAT_CHARACTER_CONSUMES	POHLCENÍ CELKEM
fe_textbible.p3d	STAT_ALERTS_CAUSED	VYVOLANÉ POPLACHY
fe_textbible.p3d	STAT_ALERTS_AVOIDED	ÚNIKY Z POPLACHŮ
fe_textbible.p3d	STAT_MISSIONS_COMPLETED	DOKONČENÉ MISE
fe_textbible.p3d	STAT_CHARACTERS_CONSUMED	POHLCENÉ POSTAVY
fe_textbible.p3d	STAT_INFECTED_KILLED	ZABITÍ NAKAŽENÍ
fe_textbible.p3d	STAT_VEHICLES_KILLED	ZNIČENÁ VOZIDLA
fe_textbible.p3d	STAT_WOI_NODES	UZLY SÍTĚ INTRIK
fe_textbible.p3d	STAT_WATERTOWERS_KILLED	ZNIČENÉ VODÁRNY
fe_textbible.p3d	STAT_HATCHING_WTS_KILLED	ZNIČENÉ LÍHNOUCÍ VODÁRNY
fe_textbible.p3d	STAT_SCIENTISTS_CONSUMED	POHLCENÍ VĚDCI
fe_textbible.p3d	STAT_GOLDEN_BRAWLERS_KILLED	ZABITÍ ZMUTOVANÍ LOVCI
fe_textbible.p3d	STAT_LANDMARK_COLLECTIBLES	ORIENTAČNÍ BODY
fe_textbible.p3d	STAT_HINT_COLLECTIBLES	RADY
fe_textbible.p3d	STAT_MISS_NO_ALERT	MISE BEZ POPLACHU
fe_textbible.p3d	STAT_MISS_NO_DEATH	MISE BEZ ÚMRTÍ
fe_textbible.p3d	STAT_HUMANS_CONSUMED	POHLCENÍ LIDÉ
fe_textbible.p3d	STAT_ENEMIES_KILLED_WHIPFIST	ZABITÍ BIČOVOU PĚSTÍ
fe_textbible.p3d	STAT_SOLDIERS_PATSIED	OBĚTNÍ BERÁNCI
fe_textbible.p3d	STAT_BASES_INFILTRATED	INFILTROVANÉ ZÁKLADNY
fe_textbible.p3d	STAT_SHAPESHIFTS	PROMĚNY
fe_textbible.p3d	STAT_INFILTRATIONS	INFILTRACE
fe_textbible.p3d	STAT_STRIKE_TEAMS_KILLED	ZNIČENÉ ÚDERNÉ TÝMY
fe_textbible.p3d	STAT_STRIKE_TEAMS_AVOIDED	ÚNIKY ÚDERNÝM TÝMŮM
fe_textbible.p3d	STAT_OUTBREAK_HIVES_KILLED	ZNIČENÁ HNÍZDA NÁKAZY
fe_textbible.p3d	STAT_MILITARY_FIREBASES_KILLED	ZNIČENÉ VOJENSKÉ ZÁKLADNY
fe_textbible.p3d	STAT_VEHICLES_HIJACKED	UNESENÁ VOZIDLA
fe_textbible.p3d	STAT_HELIS_KILLED_VEHICLES	VRTULNÍKY ZNIČENÉ Z OBRNĚNCE
fe_textbible.p3d	STAT_VEHICLES_KILLED_HELIS	OBRNĚNCE ZNIČENÉ Z VRTULNÍKU
fe_textbible.p3d	STAT_TOTAL_VEHICLES_KILLED	CELKEM ZNIČENÝCH VOZIDEL
fe_textbible.p3d	STAT_TOTAL_VEHICLES_HIJACKED	CELKEM UNESENÝCH VOZIDEL
fe_textbible.p3d	STAT_POWERS_BOUGHT	KOUPENÉ SCHOPNOSTI
fe_textbible.p3d	STAT_UPGRADES_BOUGHT	KOUPENÁ VYLEPŠENÍ
fe_textbible.p3d	STAT_ABILTIES_BOUGHT	KOUPENÉ DOVEDNOSTI
fe_textbible.p3d	STAT_MOVES_BOUGHT	KOUPENÉ POHYBY
fe_textbible.p3d	STAT_TOTAL_TIME_PLAYED	ODEHRANÝ ČAS
fe_textbible.p3d	freF02	...TEĎ SKLÍZEJ VICHŘICI
fe_textbible.p3d	freF03	PŘIVOLAL JSI HROM...
fe_textbible.p3d	freF06	CHYŤ
fe_textbible.p3d	freF07	VÝBUŠNÉ
fe_textbible.p3d	freL00	BABYLONSKÁ VĚŽ
fe_textbible.p3d	freL01	SKOKY PO ŘÍMSÁCH
fe_textbible.p3d	freL02	VYSOKÝ LET
fe_textbible.p3d	freL03	BĚŽEC PO STŘECHÁCH
fe_textbible.p3d	freL04	Z BODU DO BODU
fe_textbible.p3d	freL10	ROHY
fe_textbible.p3d	freL11	MRAKODRAPY
fe_textbible.p3d	freL12	CENTRUM MOCI
fe_textbible.p3d	freL13	MEZI MRAKY
fe_textbible.p3d	freL14	VOLNÝ BĚH
fe_textbible.p3d	freL20	Z VÝŠIN
fe_textbible.p3d	freL21	TRIUMFÁLNÍ OBLOUK
fe_textbible.p3d	freL22	DO ČERNÉHO
fe_textbible.p3d	freL23	FONTÁNA MLÁDÍ
fe_textbible.p3d	freL24	NA PIEDESTALU
fe_textbible.p3d	freP00	VYVRHNUTÍ
fe_textbible.p3d	freP01	ROZTRHÁNÍ
fe_textbible.p3d	freP02	ROZDRŤ KOSTI
fe_textbible.p3d	freP03	ZAMETAČ ULIC
fe_textbible.p3d	freP07	NIKDO NEPŘEŽIJE
fe_textbible.p3d	freP08	NEANDRTÁLEC
fe_textbible.p3d	freP09	MÝCENÍ
fe_textbible.p3d	freP11	MASAKR
fe_textbible.p3d	freP14	NÁRAZ
fe_textbible.p3d	freV00	DÉŠŤ OHNĚ
fe_textbible.p3d	freV01	PROJEKTILY
fe_textbible.p3d	freV02	OHEŇ NA NEBI
fe_textbible.p3d	freV03	SMRT SHŮRY
fe_textbible.p3d	freV04	VLASTNÍ PALBA
fe_textbible.p3d	freV10	HLÍDKA NAKAŽENÝCH
fe_textbible.p3d	freV12	IRONIE
fe_textbible.p3d	freV14	PANCÍŘ
fe_textbible.p3d	freV15	MUNICE
fe_textbible.p3d	freV16	VALÍCÍ SE HROM
fe_textbible.p3d	freV17	DEMOLICE
fe_textbible.p3d	freW00	NÁJEZD
fe_textbible.p3d	freW01	NEPŘÍTEL NEPŘÍTELE
fe_textbible.p3d	freW02	POSLEDNÍ BOJ
fe_textbible.p3d	freW03	BLÍZKÝ KONTAKT
fe_textbible.p3d	freW04	BOJIŠTĚ
fe_textbible.p3d	freW05	MOC LIDU
fe_textbible.p3d	freW06	PODIVNÍ SPOJENCI
fe_textbible.p3d	freW07	SCHODIŠTĚ 
fe_textbible.p3d	freW08	PROCHÁZKA PARKEM
fe_textbible.p3d	freW09	ZAJÍMAVÝ BOD
fe_textbible.p3d	EVENT_WAR_MILITARY_DESCRIPTION	Bojuj jako SPOJENEC ARMÁDY a poraz NAKAŽENÉ.
fe_textbible.p3d	EVENT_WAR_INFECTED_DESCRIPTION	Bojuj jako SPOJENEC NAKAŽENÝCH a poraz ARMÁDU.
fe_textbible.p3d	EVENT_WAR_DISGUISED_DESCRIPTION	Bojuj jako SPOJENEC ARMÁDY a udrž si vojenský PŘEVLEK. POUŽÍVEJ jen POSKYTNUTOU ZBRAŇ.
fe_textbible.p3d	EVENT_LOCO_DESCRIPTION	PROJDI BODY TRASY co NEJRYCHLEJI.
fe_textbible.p3d	EVENT_GLIDE_DESCRIPTION	PLACHTI k CÍLI a PŘISTAŇ co NEJBLÍŽE.
fe_textbible.p3d	EVENT_KILL_HELI_DESCRIPTION	POUŽIJ VRTULNÍK a ZABIJ co nejvíc NEPŘÁTEL v ČASOVÉM LIMITU.\n\nTIPY:\n- Zaměř se na označené nepřátele\n- Používej naváděné rakety a NEZASTAVUJ SE!
fe_textbible.p3d	EVENT_VEHICLES_HELI_OBJ_TEXT	POUŽIJ VRTULNÍK a ZABIJ co nejvíc NEPŘÁTEL v ČASOVÉM LIMITU.
fe_textbible.p3d	EVENT_KILL_TANK_DESCRIPTION	POUŽIJ OBRNĚNÉ VOZIDLO a ZABIJ co nejvíc NEPŘÁTEL v ČASOVÉM LIMITU.\nTIPY:\n- Zaměř se na označené nepřátele\n- Používej VĚŽ i KULOMET\n- NEZASTAVUJ SE!
fe_textbible.p3d	EVENT_VEHICLES_TANK_OBJ_TEXT	POUŽIJ OBRNĚNÉ VOZIDLO a ZABIJ co nejvíc NEPŘÁTEL v ČASOVÉM LIMITU.
fe_textbible.p3d	EVENT_KILL_FIREARM_DESCRIPTION	POUŽIJ POSKYTNUTOU ZBRAŇ a ZABIJ co nejvíc NEPŘÁTEL v ČASOVÉM LIMITU.
fe_textbible.p3d	EVENT_KILL_POWERS_DESCRIPTION	POUŽIJ AKTIVNÍ SCHOPNOST a ZABIJ co nejvíc NEPŘÁTEL v ČASOVÉM LIMITU.
fe_textbible.p3d	freO00	ARMÁDA (LEHKÁ)
fe_textbible.p3d	freO01	ARMÁDA (STŘEDNÍ)
fe_textbible.p3d	freO02	ARMÁDA (TĚŽKÁ)
fe_textbible.p3d	freO10	NAKAŽENÍ (LEHKÁ)
fe_textbible.p3d	freO11	NAKAŽENÍ (STŘEDNÍ)
fe_textbible.p3d	freO12	NAKAŽENÍ (TĚŽKÁ)
fe_textbible.p3d	Unlock_U22_Name	VYLEPŠENÍ SKOKU 1
fe_textbible.p3d	Unlock_U22_Bttn	(DRŽ)%0:BUTTON01
fe_textbible.p3d	Unlock_U22_Desc	Skákej dál a rychleji. Klíčové pro rychlý pohyb na velké vzdálenosti.  Velmi důležité vylepšení.\n\nLze vylepšit.
fe_textbible.p3d	Unlock_U22_Desc_Core	VYLEPŠENÍ SKOKU 1 ti umožní skákat dál, výš a rychleji.  Řetěz skoky za sebou tak, že NABÍJÍŠ další skok ještě ve vzduchu z toho předchozího!
fe_textbible.p3d	Unlock_H31_Name	ÚNOS
fe_textbible.p3d	freL25	HÁZENÍ ŽABEK
fe_textbible.p3d	freL26	NA ZÁPAD
fe_textbible.p3d	freL27	ŠPATNÁ STRANA KOLEJÍ
fe_textbible.p3d	freL28	ČTYŘLÍSTEK
fe_textbible.p3d	freL29	KŘIVOLAKÁ
fe_textbible.p3d	freF01	VZDUŠNÝ ÚTOK
fe_textbible.p3d	Unlock_H30_Desc	KRITICKÁ MASA. Překroč hranice maximálního zdraví a vstup do KRITICKÉ MASY pro vyšší poškození útoků a možnost použít útoky DEVASTATOR.
fe_textbible.p3d	CONTINUE_NOSAVE	Pokračovat bez uložení
fe_textbible.p3d	SaveDataCorrupted	Uložená data jsou poškozená. Pro ukládání smaž poškozená uložená data.
fe_textbible.p3d	SaveProfileCorrupted	Uložená data profilu jsou poškozená. Pro ukládání smaž poškozená data profilu.
fe_textbible.p3d	BACK_TUTORIAL	ZPĚT %0:BUTTON02
fe_textbible.p3d	CONTINUE_TUTORIAL	POKRAČOVAT %0:BUTTON01
fe_textbible.p3d	QUIT_TUTORIAL	UKONČIT %0:BUTTON01
fe_textbible.p3d	PRESS_TO_CYCLE	STISKNI %0:BUTTON01 PRO PŘEPNUTÍ
fe_textbible.p3d	AUDIO	ZVUK
fe_textbible.p3d	DefaultDataSlotName	SLOT
fe_textbible.p3d	DefaultProfileSlotName	PROFIL
fe_textbible.p3d	NewDataSlot	Vytvořit nový slot
fe_textbible.p3d	SlotCorrupted	Slot poškozen
fe_textbible.p3d	NewProfileSlot	Vytvořit nový profil
fe_textbible.p3d	NoStorageDiskSpace	Smazat uložená data pro místo?
fe_textbible.p3d	AutoLoad	AUTOM. NAČÍTÁNÍ
fe_textbible.p3d	AutoSave	AUTOM. UKLÁDÁNÍ
fe_textbible.p3d	BootCheck	KONTROLA ÚLOŽIŠTĚ
fe_textbible.p3d	ConfirmDelete	OPRAVDU CHCEŠ SMAZAT?
fe_textbible.p3d	ConfirmLoad	OPRAVDU CHCEŠ NAČÍST?
fe_textbible.p3d	ConfirmSave	OPRAVDU CHCEŠ ULOŽIT? VŠECHNA PŘEDCHOZÍ NASTAVENÍ BUDOU ZTRACENA.
fe_textbible.p3d	ConfirmSaveCancel	Nevybral jsi slot pro uložení. Abys mohl uložit postup, musíš vybrat slot. Chceš výběr slotu zopakovat?
fe_textbible.p3d	ConfirmOverwrite	OPRAVDU CHCEŠ PŘEPSAT TENTO SLOT?
fe_textbible.p3d	ConfirmCreate	OPRAVDU CHCEŠ VYTVOŘIT NOVÝ SLOT?
fe_textbible.p3d	CONTINUE	POKRAČOVAT
fe_textbible.p3d	NAVIGATION	NAVIGACE
fe_textbible.p3d	NEXT_CONTROL_SET	DALŠÍ SADA OVLÁDÁNÍ %0:BUTTON00
fe_textbible.p3d	PREVIOUS_CONTROL_SET	PŘEDCHOZÍ SADA OVLÁDÁNÍ %0:BUTTON16
fe_textbible.p3d	CONFIRM	POTVRDIT
fe_textbible.p3d	Delete	SMAZAT DATA
fe_textbible.p3d	DeleteFailure	SMAZÁNÍ DAT SELHALO
fe_textbible.p3d	DeleteSuccessful	SMAZÁNÍ ÚSPĚŠNÉ
fe_textbible.p3d	DeviceNotSelected	Nevybral jsi úložné zařízení. Abys mohl uložit postup, musíš vybrat úložné zařízení. Chceš výběr zařízení zopakovat?
fe_textbible.p3d	SAVING_NOT_POSSIBLE	UKLÁDÁNÍ POSTUPU HRY A PROFILU BYLO ZAKÁZÁNO
fe_textbible.p3d	DIALOGUE	DIALOGY
fe_textbible.p3d	DIFFICULTY_1	LEHKÁ
fe_textbible.p3d	DIFFICULTY_2	NORMÁLNÍ
fe_textbible.p3d	DIFFICULTY_3	TĚŽKÁ
fe_textbible.p3d	DIFFICULTY_SELECT	OBTÍŽNOST
fe_textbible.p3d	DOWNLOADABLE_CONTENT	STAŽITELNÝ OBSAH
fe_textbible.p3d	DOWNLOAD	STÁHNOUT
fe_textbible.p3d	ERROR	CHYBA
fe_textbible.p3d	Exception	VAROVÁNÍ
fe_textbible.p3d	EXPERIENCE_LEVEL	ÚROVEŇ ZKUŠENOSTÍ
fe_textbible.p3d	EXTRAS	BONUSY
fe_textbible.p3d	TRAILER	TRAILER WOLFENSTEIN
fe_textbible.p3d	FailureAccessingDevice	CHYBA PŘÍSTUPU K ÚLOŽNÉMU ZAŘÍZENÍ
fe_textbible.p3d	FileQuotaExceeded	PŘEKROČEN LIMIT SOUBORŮ
fe_textbible.p3d	GAME_SETTING	NASTAVENÍ HRY
fe_textbible.p3d	GeneralFailure	OBECNÁ CHYBA
fe_textbible.p3d	InvalidLoadOfCorruptFile	Poškozený soubor nelze načíst
fe_textbible.p3d	LANGUAGES	JAZYKY
fe_textbible.p3d	Load	Načíst data
fe_textbible.p3d	LoadFailure	Uložená data se nepodařilo načíst. Používané úložné zařízení možná není dostupné. Chceš zkusit načíst z jiného zařízení?
fe_textbible.p3d	LoadSuccessful	Načtení úspěšné
fe_textbible.p3d	MemoryQuotaExceeded	Překročen limit paměti
fe_textbible.p3d	Mono	MONO
fe_textbible.p3d	NEW	NOVÝ
fe_textbible.p3d	CHARACTER	VÝBĚR ULOŽENÉ HRY
fe_textbible.p3d	USING_EXISTING_CHARACTER	Vyber uloženou hru a projdi příběhový režim znovu se všemi dříve odemčenými schopnostmi, cíli SÍTĚ INTRIK, pohyby a dovednostmi.
fe_textbible.p3d	NO	NE
fe_textbible.p3d	NoFreeFiles	Nejsou volné soubory
fe_textbible.p3d	NoFreeSpace	Není volné místo
fe_textbible.p3d	NothingToDelete	Není co smazat
fe_textbible.p3d	NothingToLoad	Není co načíst
fe_textbible.p3d	OFF	VYP
fe_textbible.p3d	OK	OK
fe_textbible.p3d	NEXT	DALŠÍ
fe_textbible.p3d	PREVIOUS	PŘEDCHOZÍ
fe_textbible.p3d	ON	ZAP
fe_textbible.p3d	OPTIONS	MOŽNOSTI
fe_textbible.p3d	OUTPUT_OPTIONS	NASTAVENÍ VÝSTUPU
fe_textbible.p3d	OVERWRITE_GAME_WARNING	Tato akce přepíše tvá stávající uložená data v tomto herním profilu. Chceš pokračovat?
fe_textbible.p3d	PLAYERS_HEADPHONES	Hráči se sluchátky
fe_textbible.p3d	PLEASE_WAIT	ČEKEJ PROSÍM...
fe_textbible.p3d	ProfileDelete	SMAZAT PROFIL
fe_textbible.p3d	ProfileLoad	NAČÍST PROFIL
fe_textbible.p3d	ProfileSave	ULOŽIT PROFIL
fe_textbible.p3d	PROFILE_OPTIONS	MOŽNOSTI PROFILU
fe_textbible.p3d	RETRY	ZNOVU
fe_textbible.p3d	Save	Uložit data
fe_textbible.p3d	SaveSuccessful	ULOŽENÍ ÚSPĚŠNÉ
fe_textbible.p3d	Saving...	UKLÁDÁNÍ...
fe_textbible.p3d	SEARCHING	HLEDÁNÍ...
fe_textbible.p3d	SelectDeleteEntry	Vyber položku ke smazání
fe_textbible.p3d	SELECTDEVICE	VYBER ZAŘÍZENÍ
fe_textbible.p3d	SelectLoadEntry	Vyber položku k načtení
fe_textbible.p3d	SelectSaveEntry	Vyber položku k uložení
fe_textbible.p3d	SOUNDTRACK	HUDBA
fe_textbible.p3d	SOUND_FX	ZVUKY
fe_textbible.p3d	Stereo	STEREO
fe_textbible.p3d	SUBTITLES	TITULKY
fe_textbible.p3d	Surround	SURROUND
fe_textbible.p3d	SYSTEM_LINK	SYSTEM LINK
fe_textbible.p3d	UserNotLoggedIn	PRO PŘÍSTUP K ÚLOŽIŠTÍM MUSÍŠ BÝT PŘIHLÁŠEN
fe_textbible.p3d	VIBRATION	VIBRACE
fe_textbible.p3d	VIDEO	VIDEO
fe_textbible.p3d	GAME	HRA
fe_textbible.p3d	WARNING	VAROVÁNÍ
fe_textbible.p3d	WriteFailure	ULOŽENÍ DAT SELHALO
fe_textbible.p3d	YES	ANO
fe_textbible.p3d	LOW	NÍZKÁ
fe_textbible.p3d	MED	STŘEDNÍ
fe_textbible.p3d	HIGH	VYSOKÁ
fe_textbible.p3d	SAVE	ULOŽIT
fe_textbible.p3d	DISCARD	ZAHODIT
fe_textbible.p3d	SAVE/LOAD	ULOŽIT / NAČÍST
fe_textbible.p3d	CANCEL	ZRUŠIT
fe_textbible.p3d	Gentek	GENTEK - 51. patro, výzkumná divize BLACKLIGHT
fe_textbible.p3d	BwCommandCenter	Velitelství BLACKWATCH - velení RED CROWN, Battery Park
fe_textbible.p3d	BwHideout	Byt Dany Mercer - Chelsea
fe_textbible.p3d	KarensHideout	Laboratoř Karen Parker - East Harlem
fe_textbible.p3d	KarensApartment	Byt Karen Parker - Upper West Side
fe_textbible.p3d	DanasSafehouse	Danin úkryt - Midtown West
fe_textbible.p3d	AlexsApartment	Byt Alexe Mercera - budova Renalia, Upper East Side
fe_textbible.p3d	RaglandsMorgue	Márnice Dr. Raglanda - nemocnice St. Paul's, Upper East Side
fe_textbible.p3d	GentekMorgue	Márnice GENTEK - budova GENTEK, Gramercy
fe_textbible.p3d	UssReagan	U.S.S Reagan - velení CITADEL, jihozápadně od Manhattanu
fe_textbible.p3d	McMullensLab	Laboratoř Dr. McMullena - základna BLACKWATCH, utajené místo
fe_textbible.p3d	SomewhereInChelsea	Někde v Chelsea
fe_textbible.p3d	GENTEK2	Nádvoří GENTEK - budova GENTEK, Gramercy
fe_textbible.p3d	CONTACT1	Místo kontaktu 1 - Lower East Side
fe_textbible.p3d	CONTACT2	Místo kontaktu 2 - Upper West Side
fe_textbible.p3d	CONTACT3	Místo kontaktu 3 - SoHo
fe_textbible.p3d	CONTACT4	Bojová vyhlídka - kontrolní zóna SoHo
fe_textbible.p3d	15Days	O 18 DNÍ DŘÍVE
fe_textbible.p3d	UssReaganBayOne	Hangár jedna, U.S.S Reagan - velení CITADEL, jihozápadně od Manhattanu
fe_textbible.p3d	HiveRooftop	Hnízdo nakažených, kontrolní zóna Upper East Side
fe_textbible.p3d	HiveInterior	Interiér hnízda nakažených, kontrolní zóna Upper East Side
fe_textbible.p3d	AbandonedBASE	Dobytá základna Marine AE-6, East Harlem
fe_textbible.p3d	Debrief	Velitelství BLACKWATCH - velení RED CROWN, Battery Park
fe_textbible.p3d	OpeningDay15	New York, 2009: 15. den nákazy
fe_textbible.p3d	Meanwhile	Mezitím
fe_textbible.p3d	LOADING	NAČÍTÁNÍ
fe_textbible.p3d	GENTEK3	Budova GENETEK, Gramercy
fe_textbible.p3d	X360Saving...	Ukládám obsah. Nevypínej prosím konzoli.
fe_textbible.p3d	WOI_TARGET	CÍL SÍTĚ INTRIK
fe_textbible.p3d	WOI_NAVIGATION	NAVIGACE
fe_textbible.p3d	WOI_SEQUENCE_SHORT	SEK %1:NUMBER
fe_textbible.p3d	WOI_SEQUENCE	SEKVENCE %1:NUMBER
fe_textbible.p3d	WOI_NAVHINT_HIDE	PŘEPNOUT MINIMAPU
fe_textbible.p3d	WOI_NAVHINT_SHOW	PŘEPNOUT MINIMAPU
fe_textbible.p3d	WOI_MINIMAP_LEGEND	PŘEPNOUT LEGENDU
fe_textbible.p3d	WOI_LEGEND_COMPLETE	Dokončeno
fe_textbible.p3d	WOI_LEGEND_AVAILABLE	Dostupné
fe_textbible.p3d	WOI_LEGEND_UNAVAILABLE	Nedostupné
fe_textbible.p3d	WOI_NAVHINT_CONFIRM	Potvrdit
fe_textbible.p3d	WOI_PREVIEW_DIR	ZOBRAZIT VZPOMÍNKU
fe_textbible.p3d	WOI_EpZoomLvlAmount	%1:NUMBER X
fe_textbible.p3d	WOI_ZoomText	ZOOM
fe_textbible.p3d	WOI_EpisodeLevel	EPIZODA
fe_textbible.p3d	WOI_TUT_EXP_1	SÍŤ INTRIK je tvé ROZHRANÍ pro ODEMYKÁNÍ, PROZKOUMÁVÁNÍ a ZÍSKÁVÁNÍ VZPOMÍNEK.
fe_textbible.p3d	WOI_TUT_EXP_2	POHLCENÍ CÍLŮ SÍTĚ INTRIK odemyká spojení k NOVÝM CÍLŮM, které můžeš NAJÍT a POHLTIT.
fe_textbible.p3d	WOI_TUT_EXP_3	Každý UZEL je PROPOJEN s dalšími UZLY pomocí VLÁKEN. To ZNÁZORŇUJE VZTAH mezi těmito CÍLI SÍTĚ. 
fe_textbible.p3d	WOI_TUT_EXP_4_MOUSE	POUŽIJ MYŠ k výběru ÚPONKŮ a PŘESUNU z UZLU na UZEL.
fe_textbible.p3d	WOI_TUT_EXP_5	Tento UZEL je VZPOMÍNKA POHLCENÉHO CÍLE. STISKNI %0:BUTTON01 a PŘEHRAJ VZPOMÍNKU.
fe_textbible.p3d	WOI_TUT_EXP_5_MOUSE	Tento UZEL je VZPOMÍNKA POHLCENÉHO CÍLE. KLIKNI na UZEL MYŠÍ a PŘEHRAJ VZPOMÍNKU. 
fe_textbible.p3d	WOI_TUT_EXP_6	Když se VZPOMÍNKA PŘEHRÁVÁ, stiskni %0:BUTTON01 pro PŘESKOČENÍ FILMU a návrat do ROZHRANÍ SÍTĚ INTRIK.
fe_textbible.p3d	WOI_TUT_EXP_6_MOUSE	STISKNI [ENTER] pro PŘESKOČENÍ FILMU a návrat do ROZHRANÍ SÍTĚ INTRIK.
fe_textbible.p3d	WOI_TUT_EXP_7_MOUSE	POUŽIJ MYŠ K VÝBĚRU ÚPONKŮ A PŘESUNU Z UZLU NA UZEL V SÍTI.
fe_textbible.p3d	WOI_TUT_EXP_8	Toto je NÁHLEDOVÝ UZEL. VYSTOPUJ tu OSOBU a POHLŤ ji, abys ODEMKL její VZPOMÍNKU a další UZLY.
fe_textbible.p3d	WOI_TUT_EXP_9	STISKNI %0:BUTTON08 pro VSTUP nebo ODCHOD ze SÍTĚ INTRIK.
fe_textbible.p3d	WOI_TUT_EXP_9_MOUSE	STISKNI TLAČÍTKO TAB pro VSTUP nebo ODCHOD ze SÍTĚ INTRIK.
fe_textbible.p3d	WOI_TUT_EXP_10	Vracej se do SÍTĚ INTRIK, abys znovu PŘEHRÁL VZPOMÍNKY a POROVNAL SOUVISLOSTI.
fe_textbible.p3d	WOI_TUT_EXP_11	Když POHLTÍŠ CÍL, jeho UZEL se ZAČLENÍ do SÍTĚ.
fe_textbible.p3d	WOI_TUT_EXP_12	Toto je ODEMČENÝ UZEL SÍTĚ INTRIK. Jeho VZPOMÍNKU si můžeš PŘEHRÁT kdykoli.
fe_textbible.p3d	WOI_TUT_EXP_13	BLIKAJÍCÍ GRAFIKA ukazuje, která SEKVENCE SÍTĚ je PRÁVĚ VYBRANÁ. STISKNI %0:BUTTON11 nebo %0:BUTTON10 pro PŘEPNUTÍ mezi DOSTUPNÝMI SEKVENCEMI.
fe_textbible.p3d	WOI_TUT_EXP_14	STISKNI %0:BUTTON11 nebo %0:BUTTON10 pro PŘEPNUTÍ mezi DOSTUPNÝMI SEKVENCEMI.
fe_textbible.p3d	WOI_TUT_EXP_15	UZLY SÍTĚ jsou ROZDĚLENY do SEKVENCÍ. STISKNI %0:BUTTON11 nebo %0:BUTTON10 pro PŘEPNUTÍ mezi DOSTUPNÝMI SEKVENCEMI.
fe_textbible.p3d	WOI_TUT_DIR_1	DALŠÍ
fe_textbible.p3d	WOI_TUT_DIR_BUTTON_1	%0:BUTTON01 
fe_textbible.p3d	WOI_TUT_DIR_2	DALŠÍ
fe_textbible.p3d	WOI_TUT_DIR_BUTTON_2	%0:BUTTON06
fe_textbible.p3d	WOI_TUT_DIR_3	PŘEHRÁT VZPOMÍNKU
fe_textbible.p3d	WOI_TUT_DIR_BUTTON_3	%0:BUTTON01
fe_textbible.p3d	WOI_TUT_DIR_4	ODEJÍT
fe_textbible.p3d	WOI_TUT_DIR_BUTTON_4	%0:BUTTON08
fe_textbible.p3d	WOI_TUT_DIR_5	STISKNI %0:BUTTON11 nebo %0:BUTTON10 pro POHYB mezi DOSTUPNÝMI SEKVENCEMI
fe_textbible.p3d	WOI_NODE_COMPLETE_TITLE	CÍL SÍTĚ INTRIK
fe_textbible.p3d	WOI_NODE_38	1stLt James Goodwin
fe_textbible.p3d	WOI_NODE_41	Lt Charles Perri
fe_textbible.p3d	WOI_NODE_39	Cpl Luke Dennard
fe_textbible.p3d	WOI_NODE_1	1stLt John Chen
fe_textbible.p3d	WOI_NODE_217	Lt Neil Inglis
fe_textbible.p3d	WOI_NODE_3	Sgt Joseph Sorenson
fe_textbible.p3d	WOI_NODE_24	Dr. Jon Tynes
fe_textbible.p3d	WOI_NODE_68	Dr. Ricardo Garcia
fe_textbible.p3d	WOI_NODE_5	Cptn Mac Marshall
fe_textbible.p3d	WOI_NODE_25	1stLt Todd Chupka
fe_textbible.p3d	WOI_NODE_219	PFC Jesse Arel
fe_textbible.p3d	WOI_NODE_40	SSgt Ernesto Sain
fe_textbible.p3d	WOI_NODE_29	Dr. Joseph Schulze
fe_textbible.p3d	WOI_NODE_43	Dr. Bryan McChord
fe_textbible.p3d	WOI_NODE_28	1stLt Brian Regensberg
fe_textbible.p3d	WOI_NODE_6	Dr. Harris Widgeir
fe_textbible.p3d	WOI_NODE_155	LCpl Anthony Coffman
fe_textbible.p3d	WOI_NODE_33	Dr. Howard Leonhardt
fe_textbible.p3d	WOI_NODE_18	Dr. Rustle Lee
fe_textbible.p3d	WOI_NODE_93	Cptn Charles Conley
fe_textbible.p3d	WOI_NODE_207	GySgt Mark Mead
fe_textbible.p3d	WOI_NODE_208	Cptn Emile Zurta
fe_textbible.p3d	WOI_NODE_64	Edmond Harper PhD
fe_textbible.p3d	WOI_NODE_129	SgtMaj Robert Watson
fe_textbible.p3d	WOI_NODE_4	Dr. William D. Weber
fe_textbible.p3d	WOI_NODE_31	Dr. Sean Walker
fe_textbible.p3d	WOI_NODE_168	PFC Tyrone Steuben
fe_textbible.p3d	WOI_NODE_44	1stSgt Thomas Rickard
fe_textbible.p3d	WOI_NODE_45	Lt Charles Sanders
fe_textbible.p3d	WOI_NODE_22	Cptn Raymond Basiti
fe_textbible.p3d	WOI_NODE_27	Dr. Patricia Martin
fe_textbible.p3d	WOI_NODE_62	Dr. Jeffery Campbell
fe_textbible.p3d	WOI_NODE_94	Robert Arrington
fe_textbible.p3d	WOI_NODE_42	1stLt Bruno Tapia
fe_textbible.p3d	WOI_NODE_48	Cptn Curtis Blum
fe_textbible.p3d	WOI_NODE_26	Dr. Kyle Flynn
fe_textbible.p3d	WOI_NODE_58	2ndLt James Martinez
fe_textbible.p3d	WOI_NODE_73	Charles Messina PhD
fe_textbible.p3d	WOI_NODE_35	Dr. Henrik Sebring
fe_textbible.p3d	WOI_NODE_209	2ndLt Joel Brunner
fe_textbible.p3d	WOI_NODE_211	Cptn Derrick Kaufman
fe_textbible.p3d	WOI_NODE_46	1stLt Nathan Talbot
fe_textbible.p3d	WOI_NODE_37	Gerald Burgess
fe_textbible.p3d	WOI_NODE_114	Dr. Shane Ivey
fe_textbible.p3d	WOI_NODE_169	Michael Hamlin
fe_textbible.p3d	WOI_NODE_23	James Lyon
fe_textbible.p3d	WOI_NODE_95	Scott Woodford
fe_textbible.p3d	WOI_NODE_49	Colin Noppers
fe_textbible.p3d	WOI_NODE_74	Dr. Edgar Ruiz
fe_textbible.p3d	WOI_NODE_9	1stSgt Mark Haughton
fe_textbible.p3d	WOI_NODE_51	MSgt Matthew Cobb
fe_textbible.p3d	WOI_NODE_59	Patrick Koehler PhD
fe_textbible.p3d	WOI_NODE_69	Brian Zermeno
fe_textbible.p3d	WOI_NODE_7	PFC Arthur Coleman
fe_textbible.p3d	WOI_NODE_66	Dr. Craig Wight
fe_textbible.p3d	WOI_NODE_117	Dr. Mark Katsaounis
fe_textbible.p3d	WOI_NODE_32	Dr. Ryan Cleven
fe_textbible.p3d	WOI_NODE_220	1stLt Steven Yarish
fe_textbible.p3d	WOI_NODE_201	Lt Armand Helden
fe_textbible.p3d	WOI_NODE_212	Cptn Eric Lim
fe_textbible.p3d	WOI_NODE_221	Cptn Marcus Graves
fe_textbible.p3d	WOI_NODE_36	Dr. David Chapman
fe_textbible.p3d	WOI_NODE_100	Pvt Damien Loshek
fe_textbible.p3d	WOI_NODE_53	Pvt Timothy Longoria
fe_textbible.p3d	WOI_NODE_101	Dr. Malcolm Fraser
fe_textbible.p3d	WOI_NODE_99	Dennis Rickhardt
fe_textbible.p3d	WOI_NODE_57	1stLt Darren Alpaugh
fe_textbible.p3d	WOI_NODE_55	1stLt Daniel Eckert
fe_textbible.p3d	WOI_NODE_50	PFC. Daniel Hull
fe_textbible.p3d	WOI_NODE_122	1stSgt John McGraw
fe_textbible.p3d	WOI_NODE_67	Paul Evans
fe_textbible.p3d	WOI_NODE_65	Jonas Phillips
fe_textbible.p3d	WOI_NODE_8	Cptn Daniel McCaskill
fe_textbible.p3d	WOI_NODE_119	Dr. Jared Cooper
fe_textbible.p3d	WOI_NODE_86	Travis Morgan
fe_textbible.p3d	WOI_NODE_19	Arthur Osborne
fe_textbible.p3d	WOI_NODE_17	Theodore Anderson
fe_textbible.p3d	WOI_NODE_13	Dr. Stanley Washington
fe_textbible.p3d	WOI_NODE_91	1stSgt Carl Achuleta
fe_textbible.p3d	WOI_NODE_105	Dr. William Demeza
fe_textbible.p3d	WOI_NODE_120	Dr. Kendrick Chua
fe_textbible.p3d	WOI_NODE_213	Vůdčí lovec
fe_textbible.p3d	WOI_NODE_214	Vůdčí lovec
fe_textbible.p3d	WOI_NODE_153	LCpl Michael Rossiter
fe_textbible.p3d	WOI_NODE_60	Cptn David Spearman
fe_textbible.p3d	WOI_NODE_30	Dr. James Whitney
fe_textbible.p3d	WOI_NODE_75	Dr. Gary Langkabel
fe_textbible.p3d	WOI_NODE_102	Dr. Lawrence Kuhn
fe_textbible.p3d	WOI_NODE_150	SSgt Marlon Contreras
fe_textbible.p3d	WOI_NODE_71	Walter Farrel PhD
fe_textbible.p3d	WOI_NODE_34	1stLt James Schneider
fe_textbible.p3d	WOI_NODE_98	Robert Baugh
fe_textbible.p3d	WOI_NODE_72	Dr. Morgan Durnell
fe_textbible.p3d	WOI_NODE_80	Dr. Claude Cavillo
fe_textbible.p3d	WOI_NODE_109	Dr. Roy Hodgin
fe_textbible.p3d	WOI_NODE_124	Dr. Bryant Ho
fe_textbible.p3d	WOI_NODE_87	Nicholas Villejo
fe_textbible.p3d	WOI_NODE_61	Steven Chambers
fe_textbible.p3d	WOI_NODE_81	Thomas Wagner PhD
fe_textbible.p3d	WOI_NODE_10	Walter Avery
fe_textbible.p3d	WOI_NODE_106	Dr. Alan Windsor
fe_textbible.p3d	WOI_NODE_70	Vincent Bateman PhD
fe_textbible.p3d	WOI_NODE_84	Mark Harrison PhD
fe_textbible.p3d	WOI_NODE_92	Joseph Sumner
fe_textbible.p3d	WOI_NODE_47	2ndLt Jason Moss
fe_textbible.p3d	WOI_NODE_15	Calum Kirkland
fe_textbible.p3d	WOI_NODE_103	Dr. Martin Bennett
fe_textbible.p3d	WOI_NODE_172	2ndLt Michael Sunderland
fe_textbible.p3d	WOI_NODE_11	Raymond Vinson
fe_textbible.p3d	WOI_NODE_104	Dr. Sean Grier
fe_textbible.p3d	WOI_NODE_78	David Damiano
fe_textbible.p3d	WOI_NODE_128	Anthony Savoie PhD
fe_textbible.p3d	WOI_NODE_14	Alan Dupuy
fe_textbible.p3d	WOI_NODE_107	PFC Timothy Lamons
fe_textbible.p3d	WOI_NODE_21	Gerald Morse
fe_textbible.p3d	WOI_NODE_110	1stLt Charles Tunney
fe_textbible.p3d	WOI_NODE_173	PFC. Michael Gercak
fe_textbible.p3d	WOI_NODE_16	James Winninger
fe_textbible.p3d	WOI_NODE_112	Paul Baughman PhD
fe_textbible.p3d	WOI_NODE_189	Jesus Beall
fe_textbible.p3d	WOI_NODE_185	Thomas Weigand
fe_textbible.p3d	WOI_NODE_191	Elizabeth Greene
fe_textbible.p3d	WOI_NODE_177	Pvt John Lamberth
fe_textbible.p3d	WOI_NODE_127	John Hafner PhD
fe_textbible.p3d	WOI_NODE_187	Manuel Garcia
fe_textbible.p3d	WOI_NODE_125	Dr. Nathan McKnight
fe_textbible.p3d	WOI_NODE_126	Dr. Bernard Morgan
fe_textbible.p3d	WOI_NODE_63	1stLt Luis Robertson
fe_textbible.p3d	WOI_NODE_79	Eric Stewart
fe_textbible.p3d	WOI_NODE_215	1stLt Marvin Turner
fe_textbible.p3d	WOI_NODE_216	Colonel Ian Taggart
fe_textbible.p3d	WOI_NODE_190	General Peter Randall
fe_textbible.p3d	WOI_NO_TARGETS_WARNING	NEJSOU DOSTUPNÉ ŽÁDNÉ CÍLE SÍTĚ. Dokončuj PŘÍBĚHOVÉ MISE a ODEMKNI nové CÍLE SÍTĚ.
fe_textbible.p3d	KEYBOARD	KLÁVESNICE
fe_textbible.p3d	SMARTHINT_CAMERA_STICK	POHYBEM %0:BUTTON07 ZMĚNÍŠ KAMERU. Kdykoli můžeš kliknout na %0:BUTTON17 a RESETOVAT kameru.
fe_textbible.p3d	NUM_SUBTRACT	Num -
fe_textbible.p3d	TUTORIAL_EP_3_WIN32_KEYB	STISKNI %0:BUTTON09 během hry a přes OBRAZOVKU PAUZY otevři MENU VYLEPŠENÍ. V MENU VYLEPŠENÍ přepínáš záložky pomocí %0:BUTTON22 nebo %0:BUTTON23.
fe_textbible.p3d	loading_hint_049_WIN32_KEYB	S vylepšením LONGSHOT můžeš BIČOVOU PĚSTÍ unášet HELIKOPTÉRY.
fe_textbible.p3d	Unlock_M30_Bttn_WIN32_KEYB	(DRŽÍŠ ČLOVĚKA) > %0:BUTTON02
fe_textbible.p3d	1_2_TUTORIAL_THROW_OBJECTS_2_WIN32_KEYB	STISKNI %0:BUTTON03 a HÁZEJ PŘEDMĚTY na NEPŘÁTELE.
fe_textbible.p3d	1_1_TUTORIAL_THROW_TUTORIAL_WIN32_KEYB	STISKNI %0:BUTTON02 u PŘEDMĚTU a UCHOP ho. STISKNI %0:BUTTON03 a HOĎ jím.
fe_textbible.p3d	TUTORIAL_THROW_OBJECT_1_WIN32_KEYB	Alex je nesmírně silný, takže dokáže zvednout a HODIT téměř cokoli na světě. Zkombinuj ZAMĚŘENÍ %0:BUTTON12 a HOD %0:BUTTON03 a nič NEPŘÁTELE na dálku.
fe_textbible.p3d	Unlock_M59_Bttn_WIN32_KEYB	DRŽ %0:BUTTON10 a pomocí %0:BUTTON07 vyber SVALOVOU HMOTU
fe_textbible.p3d	loading_hint_041_WIN32_KEYB	Stisknutím a držením %0:BUTTON03 NABIJEŠ délku hodu i poškození.
fe_textbible.p3d	Unlock_M61_Bttn_WIN32_KEYB	(DRŽÍŠ PŘEDMĚT) > %0:BUTTON03 nebo (DRŽ)%0:BUTTON03
fe_textbible.p3d	TUTORIAL_ARTILLERY_STRIKE_3_WIN32_KEYB	DĚLOSTŘELECKÉ ÚDERY se aktivují v menu AKCÍ PŘEVLEKU.\n\nKlepnutím na %0:BUTTON11 vyvolej menu, pomocí %0:BUTTON12 ZAMĚŘ nepřítele uprostřed oblasti, kterou chceš zasáhnout, a STISKNI %0:BUTTON04 pro PŘIVOLÁNÍ ÚDERU.
fe_textbible.p3d	Unlock_M55_Bttn_WIN32_KEYB	(DRŽÍŠ PŘEDMĚT) > %0:BUTTON03 nebo (DRŽ)%0:BUTTON03
fe_textbible.p3d	Unlock_M62_Bttn_WIN32_KEYB	(PŘI DRŽENÍ LOVCE) %0:BUTTON03
fe_textbible.p3d	Unlock_M56_Bttn_WIN32_KEYB	(DRŽÍŠ PŘEDMĚT) > (DRŽ)%0:BUTTON03
fe_textbible.p3d	collectible_hint026_collected_WIN32_KEYB	NABITÝ hod způsobí MNOHEM větší poškození. Hody NABÍJEJ držením HODU %0:BUTTON03.
fe_textbible.p3d	collectible_hint024_collected_WIN32_KEYB	VYSKOČ %0:BUTTON01 před HODEM %0:BUTTON03 a zvyš tak šanci, že cíl zasáhneš.
fe_textbible.p3d	collectible_hint012_collected_WIN32_KEYB	Změň jakýkoli předmět v raketu stisknutím ZAMĚŘIT %0:BUTTON12 a HODIT %0:BUTTON03.  S dostatečným NABITÍM zasáhneš i toho nejmrštnějšího nepřítele na extrémní vzdálenost.
fe_textbible.p3d	loading_hint_039_WIN32_KEYB	Zkombinuj ZAMĚŘENÍ %0:BUTTON12 a HOD %0:BUTTON03 a nič NAKAŽENÉ VODOJEMY na dálku.
fe_textbible.p3d	Unlock_M21_Desc_Core_WIN32_KEYB	AIRDASH je zásadní součástí Alexova pohybu. AIRDASH provedeš DVOJITÝM STISKEM + UVOLNĚNÍM %0:BUTTON06, vyhneš se tak útokům nebo prostě změníš směr skoku za letu. Experimentuj!
fe_textbible.p3d	Unlock_M26_Desc_Core_WIN32_KEYB	PLACHTĚNÍ je pokročilá technika pohybu, která v kombinaci s AIRDASHEM nabízí nevídanou volnost. SPRINTUJ a pak SKOČ %0:BUTTON01 do plachtění. Ukonči ho dalšími AIRDASHI pro maximální kontrolu.
fe_textbible.p3d	Unlock_M54_Desc_Core_WIN32_KEYB	ÚHYBNÝ PŘEMET je klíčem k přežití boje zblízka. Pro ÚHYBNÝ PŘEMET DVAKRÁT STISKNI + PUSŤ libovolnou klávesu POHYBU a vyhni se hrozícím útokům zblízka nebo letícím projektilům. Často tím získáš šanci na zničující protiútok; udeř a zmiz!
fe_textbible.p3d	collectible_hint036_collected	STISKNI D-PAD ve směru a aktivuj SCHOPNOST v daném SLOTU. NAHORU pro ÚTOK. DOLŮ pro OBRANU. VPRAVO pro SMYSLY. VLEVO pro PŘEVLEK.
fe_textbible.p3d	3_1_OBJECTIVE_BACKUP_WIN32_KEYB	STISKNI a DRŽ %0:BUTTON21 pro couvání.
fe_textbible.p3d	1_1_CAM_RESET_TUTORIAL_PS3	STISKNI %0:BUTTON07 DOLŮ pro RESET KAMERY.
fe_textbible.p3d	3_1_OBJECTIVE_CAMERARESET	KLIKNI %0:BUTTON17 pro RESET KAMERY.
fe_textbible.p3d	7_1_TUTORIAL_HELICOPTER_CONTROLS_1	LEVÁ PÁČKA %0:BUTTON06 POHYB\nPRAVÁ PÁČKA %0:BUTTON07 MÍŘENÍ\n%0:BUTTON13 PLYN\n%0:BUTTON03 PALBA\n%0:BUTTON01 ZMĚNA ZBRANĚ\n%0:BUTTON02 KATAPULT
fe_textbible.p3d	SMARTHINT_CAMERA_RESET	KLIKNI %0:BUTTON17 pro RESET KAMERY.
fe_textbible.p3d	Unlock_A01_Desc	UNES nepřátelská OBRNĚNÁ VOZIDLA.  Vytrhni poklop a zmocni se jich.
fe_textbible.p3d	WOI_TUT_EXP_4	POUŽIJ %0:BUTTON06 pro PŘESUN mezi UZLY.
fe_textbible.p3d	WOI_TUT_EXP_7	POUŽIJ %0:BUTTON06 pro PŘESUN mezi UZLY.
fe_textbible.p3d	LOGIN	Přihlásit se
fe_textbible.p3d	NOT_LOGGED_IN	NEJSI PŘIHLÁŠEN
fe_textbible.p3d	NOT_LOGIN_WARNING	Nejsi přihlášen. Pro uložení postupu musíš být přihlášen. Chceš se přihlásit teď?
fe_textbible.p3d	SMARTHINT_CAMERA_RESET_IN_TANK	KLIKNI %0:BUTTON17 při řízení OBRNĚNÉHO VOZIDLA pro RESET KAMERY a směru VĚŽE.
fe_textbible.p3d	ONLINE_DEFAULTS	VÝCHOZÍ ONLINE
fe_textbible.p3d	ACTIVEDEVICEREMOVED	Úložné zařízení bylo odebráno. Vyber nový slot uložení, aby fungovalo automatické ukládání postupu.
fe_textbible.p3d	QUITTODESKTOP	OPRAVDU CHCEŠ UKONČIT HRU A PŘEJÍT NA PLOCHU?
fe_textbible.p3d	UPC_DISCONNECT_TITLE	UBISOFT CONNECT
fe_textbible.p3d	UPC_DISCONNECT_MESSAGE	Spojení s Ubisoft Connect bylo ztraceno. Protože hra využívá některé funkce Ubisoft Connect, měl bys ji ukončit a znovu spustit, aby nedošlo ke ztrátě funkčnosti.
fe_textbible.p3d	MOUSE_SEN_1_OPTION	VELMI POMALU - 1
fe_textbible.p3d	MOUSE_SEN_2_OPTION	VELMI POMALU - 2
fe_textbible.p3d	MOUSE_SEN_3_OPTION	VELMI POMALU - 3
fe_textbible.p3d	MOUSE_SEN_4_OPTION	VELMI POMALU - 4
fe_textbible.p3d	MOUSE_SEN_5_OPTION	POMALU - 5
fe_textbible.p3d	MOUSE_SEN_6_OPTION	POMALU - 6
fe_textbible.p3d	MOUSE_SEN_7_OPTION	POMALU - 7
fe_textbible.p3d	MOUSE_SEN_8_OPTION	POMALU - 8
fe_textbible.p3d	MOUSE_SEN_9_OPTION	STŘEDNĚ - 9
fe_textbible.p3d	MOUSE_SEN_10_OPTION	STŘEDNĚ - 10
fe_textbible.p3d	MOUSE_SEN_11_OPTION	STŘEDNĚ - 11
fe_textbible.p3d	MOUSE_SEN_12_OPTION	STŘEDNĚ - 12
fe_textbible.p3d	MOUSE_SEN_13_OPTION	RYCHLE - 13
fe_textbible.p3d	MOUSE_SEN_14_OPTION	RYCHLE - 14
fe_textbible.p3d	MOUSE_SEN_15_OPTION	RYCHLE - 15
fe_textbible.p3d	MOUSE_SEN_16_OPTION	RYCHLE - 16
fe_textbible.p3d	MOUSE_SEN_17_OPTION	VELMI RYCHLE - 17
fe_textbible.p3d	MOUSE_SEN_18_OPTION	VELMI RYCHLE - 18
fe_textbible.p3d	MOUSE_SEN_19_OPTION	VELMI RYCHLE - 19
fe_textbible.p3d	MOUSE_SEN_20_OPTION	VELMI RYCHLE - 20
fe_textbible.p3d	VIDEO_PRE_PROMPT	NASTAVENÍ OBRAZU BUDE ZMĚNĚNO.  MŮŽE TO CHVÍLI TRVAT.  POKRAČUJ VOLBOU OK.
fe_textbible.p3d	PRESS_BUTTON_TO_START	STISKNI ENTER
fe_textbible.p3d	PRESS_BUTTON_TO_START_XENON	STISKNI TLAČÍTKO START
fe_textbible.p3d	CONTROLLER	OVLADAČ
fe_textbible.p3d	TITLE_SETTINGS_CONTROLLER	OVLÁDÁNÍ
fe_textbible.p3d	DEFAULT_CONTROLLER_WARNING	Výchozí vstupní zařízení bylo nastaveno na %1:STRING.  Ovládání je přizpůsobeno tomuto zařízení.  Výchozí volbu lze změnit v nastavení ovladače.
fe_textbible.p3d	ControllerDisconnect	OVLADAČ BYL ODPOJEN
fe_textbible.p3d	PWALK_SYMBOL	%0:BUTTON18
fe_textbible.p3d	PHOVER_SYMBOL	\\phover
fe_textbible.p3d	PTARG_SYMBOL	%0:BUTTON19
fe_textbible.p3d	WIN32_DPR	VPRAVO
fe_textbible.p3d	WIN32_BJU	SKOK
fe_textbible.p3d	WIN32_BGR	CHYTIT
fe_textbible.p3d	WIN32_BAT	ÚTOK
fe_textbible.p3d	WIN32_BSP	POHLTIT
fe_textbible.p3d	WIN32_DPA	RYCHLÁ VOLBA
fe_textbible.p3d	WIN32_ALE	klávesa POHYBU
fe_textbible.p3d	WIN32_ARI	MYŠ
fe_textbible.p3d	WIN32_BSE	SÍŤ
fe_textbible.p3d	WIN32_BST	PAUZA
fe_textbible.p3d	WIN32_BL1	ZAMĚŘIT
fe_textbible.p3d	WIN32_BR1	SPRINT
fe_textbible.p3d	WIN32_BL2	SCHOPNOSTI
fe_textbible.p3d	WIN32_BR2	NEPŘIŘAZENO
fe_textbible.p3d	WIN32_DPU	NAHORU
fe_textbible.p3d	WIN32_DPD	DOLŮ
fe_textbible.p3d	WIN32_DPL	VLEVO
fe_textbible.p3d	WIN32_BR3	RESET KAMERY
fe_textbible.p3d	WIN32_PWALK	CHŮZE
fe_textbible.p3d	WIN32_PHOVER	VZNÁŠENÍ
fe_textbible.p3d	WIN32_PTARG	ZAMĚŘIT
fe_textbible.p3d	AutoSaveWarningWin32	TATO HRA V URČITÝCH BODECH AUTOMATICKY UKLÁDÁ/NAČÍTÁ DATA. NEUKONČUJ HRU, KDYŽ BLIKÁ NÁSLEDUJÍCÍ IKONA.
fe_textbible.p3d	VIDEO_RES_OPTIONS	ROZLIŠENÍ
fe_textbible.p3d	ANTI_ALIAS_OPTIONS	ÚROVEŇ ANTI-ALIAS
fe_textbible.p3d	ANTI_ALIAS_NONE	ŽÁDNÝ
fe_textbible.p3d	ANTI_ALIAS_2	2x
fe_textbible.p3d	ANTI_ALIAS_4	4x
fe_textbible.p3d	VSYNC_OPTIONS	Vsync ZAPNUT
fe_textbible.p3d	SHADOW_OPTIONS	DETAIL STÍNŮ
fe_textbible.p3d	GRAPHIC_QUALITY_OPTIONS	KVALITA GRAFIKY
fe_textbible.p3d	RESTRICT_TO_KEYBOARD	PRO PŘEMAPOVÁNÍ STISKNI POUZE KLÁVESU
fe_textbible.p3d	BUTTON_NOT_FOUND	Žádné tlačítko
fe_textbible.p3d	PRESS_ANY_KEY	STISKNI NOVOU KLÁVESU
fe_textbible.p3d	CANNOT_REMAP_MOUSE	AKCI NELZE PŘEMAPOVAT NA MYŠ
fe_textbible.p3d	DEFAULT_CONTROLLER	VÝCHOZÍ OVLADAČ
fe_textbible.p3d	KEYBOARD_MOUSE	Klávesnice + myš
fe_textbible.p3d	SELECT_PREFERED_DEVICE	VYBER PREFEROVANÉ VSTUPNÍ ZAŘÍZENÍ PRO HRU
fe_textbible.p3d	SELECT_DEVICE	VYBER ZAŘÍZENÍ
fe_textbible.p3d	DEFAULT_CONTROLLER_DISCONNECT	VÝCHOZÍ OVLADAČ, KTERÝ JSI VYBRAL, BYL ODPOJEN
fe_textbible.p3d	KEYBOARD_SETUP	NASTAVENÍ KLÁVES
fe_textbible.p3d	HOVER	VZNÁŠENÍ
fe_textbible.p3d	REMAP	PŘEMAPOVAT
fe_textbible.p3d	EMPTY_REMAP_ACTION	%1:STRING akce %2:STRING nemá přiřazenou žádnou klávesu.
fe_textbible.p3d	SEVERAL_EMPTY_REMAP_ACTION	Akcí bez přiřazené klávesy je %1:NUMBER.
fe_textbible.p3d	LEFT_MOUSE	Levé tlačítko myši
fe_textbible.p3d	RIGHT_MOUSE	Pravé tlačítko myši
fe_textbible.p3d	MIDDLE_MOUSE	Střední tlačítko myši
fe_textbible.p3d	HINT_SWITCH_CONTROLLER	PŘEPNOUT OVLADAČ
fe_textbible.p3d	5_3_TUT_HOVER_KEYBOARD	DRŽ \\phover pro VZNÁŠENÍ.
fe_textbible.p3d	5_3_TUT_HOVER	DRŽ %0:BUTTON13 NAPŮL pro VZNÁŠENÍ.
fe_textbible.p3d	HOTKEY_F1	PŘEVLEK
fe_textbible.p3d	HOTKEY_F2	PODOBA ALEXE
fe_textbible.p3d	HOTKEY_F3	DRÁPY
fe_textbible.p3d	HOTKEY_F4	KLADIVOVÁ PĚST
fe_textbible.p3d	HOTKEY_F5	SVALOVÁ HMOTA
fe_textbible.p3d	HOTKEY_F6	BIČOVÁ PĚST
fe_textbible.p3d	HOTKEY_F7	ČEPEL
fe_textbible.p3d	HOTKEY_F8	TERMOVIZE
fe_textbible.p3d	HOTKEY_F9	VIZE NAKAŽENÝCH
fe_textbible.p3d	HOTKEY_F10	PANCÍŘ
fe_textbible.p3d	HOTKEY_F11	ŠTÍT
fe_textbible.p3d	TUTORIAL_HELICOPTER_CONTROLS_1	%0:BUTTON06 POHYB\n%0:BUTTON07 MÍŘENÍ\n%0:BUTTON01 STOUPÁNÍ\n%0:BUTTON03 KLESÁNÍ\n%0:BUTTON13 PALBA\n%0:BUTTON11 ZMĚNA ZBRANĚ\n[DRŽ] %0:BUTTON02 KATAPULT
fe_textbible.p3d	TUTORIAL_SPRINT_1_WIN32_KEYB	DVAKRÁT STISKNI A DRŽ %0:BUTTON06 pro REŽIM SPRINTU. V REŽIMU SPRINTU BĚŽÍŠ co nejrychleji, PŘESKAKUJEŠ překážky a BĚHÁŠ PO STĚNÁCH.
fe_textbible.p3d	TUTORIAL_WALL_RUN_1_WIN32_KEYB	DVAKRÁT STISKNI A DRŽ %0:BUTTON06 a rozeběhni se na stěnu; přejdeš do REŽIMU BĚHU PO STĚNÁCH.
fe_textbible.p3d	TUTORIAL_POWER_DEFENCE_1_WIN32_KEYB	Získal jsi svou první OBRANNOU schopnost. DRŽ %0:BUTTON10 pro zobrazení KOLA VÝBĚRU SCHOPNOSTÍ a vyber ji pomocí %0:BUTTON07. Poslední použitou OBRANNOU schopnost RYCHLE AKTIVUJEŠ pomocí %0:BUTTON15. Dalším stiskem ji DEAKTIVUJEŠ.
fe_textbible.p3d	TUTORIAL_POWER_SENSORY_1_WIN32_KEYB	Získal jsi svou první SMYSLOVOU schopnost. DRŽ %0:BUTTON10 pro zobrazení KOLA VÝBĚRU SCHOPNOSTÍ a vyber ji pomocí %0:BUTTON07. Poslední použitou SMYSLOVOU schopnost RYCHLE AKTIVUJEŠ pomocí %0:BUTTON00. Dalším stiskem ji DEAKTIVUJEŠ.
fe_textbible.p3d	TUTORIAL_POWER_SELECT_WHEEL_2_WIN32_KEYB	POHNI %0:BUTTON07 a zvýrazni požadovanou SCHOPNOST, pak PUSŤ %0:BUTTON10.\n\nNezapomeň, že klávesami RYCHLÉ VOLBY můžeš vybrané SCHOPNOSTI rychle zapínat a vypínat.
fe_textbible.p3d	TUTORIAL_GLIDE_1_WIN32_KEYB	PLACHTĚNÍ je nejrychlejší způsob pohybu po městě. Kombinuj PLACHTĚNÍ s VZDUŠNÝM VÝPADEM a využij pohyb naplno.\n\nVE VZDUCHU DRŽ SPRINT a pak STISKNI A PUSŤ %0:BUTTON01 pro PLACHTĚNÍ.
fe_textbible.p3d	SMARTHINT_TARGET_WIN32_KEYB	STISKNI %0:BUTTON12 pro REŽIM ZAMĚŘOVÁNÍ. Když je CÍL vybrán, míří na něj všechny ÚTOKY.
fe_textbible.p3d	SMARTHINT_CAMERA_RESET_WIN32_KEYB	STISKNI %0:BUTTON17 pro RESET KAMERY.
fe_textbible.p3d	SMARTHINT_CAMERA_RESET_IN_TANK_WIN32_KEYB	STISKNI %0:BUTTON17 při řízení OBRNĚNÉHO VOZIDLA pro RESET KAMERY.
fe_textbible.p3d	SMARTHINT_AIR_DASH_WIN32_KEYB	DVAKRÁT STISKNI A PUSŤ %0:BUTTON06 ve vzduchu pro VZDUŠNÝ VÝPAD.
fe_textbible.p3d	SMARTHINT_GLIDE_REMIND_WIN32_KEYB	DRŽ SPRINT a pak ve vzduchu STISKNI SKOK %0:BUTTON01 pro PLACHTĚNÍ.
fe_textbible.p3d	1_1_CAM_RESET_TUTORIAL_WIN32_KEYB	STISKNI %0:BUTTON17 pro RESET KAMERY.
fe_textbible.p3d	1_1_TUTORIAL_LOCOMOTION_TUTORIAL_WIN32_KEYB	DVAKRÁT STISKNI + DRŽ %0:BUTTON06 pro SPRINT.\nVyběhni po STĚNÁCH.\nPřeběhni PŘEKÁŽKY.
fe_textbible.p3d	1_1_TUTORIAL_LOCOMOTION_TUTORIAL_2_WIN32_KEYB	STISKNI %0:BUTTON12 pro ZAMĚŘENÍ.\nDRŽ %0:BUTTON12 a POHNI %0:BUTTON07 pro ZMĚNU CÍLE.
fe_textbible.p3d	1_1_TUTORIAL_TARGET_AND_SWITCH_WIN32_KEYB	STISKNI %0:BUTTON12 pro ZAMĚŘENÍ.\nDRŽ %0:BUTTON12 a POHNI %0:BUTTON07 pro ZMĚNU CÍLE.
fe_textbible.p3d	1_1_TUTORIAL_TARGET_TUTORIAL_WIN32_KEYB	STISKNI %0:BUTTON12 pro ZAMĚŘENÍ objektů.
fe_textbible.p3d	1_1_TUTORIAL_TARGET_TUTORIAL_2_WIN32_KEYB	DRŽ %0:BUTTON12 a POHNI %0:BUTTON07 pro změnu CÍLŮ.
fe_textbible.p3d	2_5_CLAW_TUTORIAL_4_WIN32_KEYB	DRŽ %0:BUTTON10 pro vyvolání KOLA VÝBĚRU SCHOPNOSTÍ. Pomocí %0:BUTTON07 VYBER libovolnou SCHOPNOST. PUSŤ %0:BUTTON10 pro její AKTIVACI.
fe_textbible.p3d	3_1_OBJECTIVE_LEFTTHUMBSTICKMOVE_WIN32_KEYB	Pomocí %0:BUTTON20 a %0:BUTTON21 zrychluj a zpomaluj.
fe_textbible.p3d	3_1_OBJECTIVE_TRIGGER_WIN32_KEYB	STISKNI %0:BUTTON12 pro ZAMĚŘENÍ NAKAŽENÝCH.
fe_textbible.p3d	3_1_OBJECTIVE_MAINGUN_WIN32_KEYB	STISKNI %0:BUTTON03 pro PALBU z KANÓNU.
fe_textbible.p3d	3_1_OBJECTIVE_TOW_WIN32_KEYB	STISKNI %0:BUTTON04 pro odpálení RAKET na NAKAŽENÉ.
fe_textbible.p3d	3_1_OBJECTIVE_CAMERARESET_WIN32_KEYB	STISKNI %0:BUTTON17 pro RESET KAMERY.
fe_textbible.p3d	5_3_TUT_THROTTLE_WIN32_KEYB	ROLUJ KOLEČKEM MYŠI nebo STISKNI %0:BUTTON01 pro STOUPÁNÍ.
fe_textbible.p3d	5_3_TUT_THROTTLE_DOWN_WIN32_KEYB	ROLUJ KOLEČKEM MYŠI nebo STISKNI %0:BUTTON03 pro KLESÁNÍ.
fe_textbible.p3d	Unlock_A03_Bttn_WIN32_KEYB	CHYŤ VRTULNÍK %0:BUTTON02
fe_textbible.p3d	Unlock_M16_Bttn_WIN32_KEYB	(ZAMĚŘ NEPŘÍTELE) > %0:BUTTON06 (PRYČ) > (DRŽ)%0:BUTTON03
fe_textbible.p3d	Unlock_M17_Bttn_WIN32_KEYB	(ZAMĚŘ NEPŘÍTELE) > %0:BUTTON06 (PRYČ) > %0:BUTTON04
fe_textbible.p3d	Unlock_M21_Bttn_WIN32_KEYB	(VE VZDUCHU) > DVAKRÁT STISKNI + PUSŤ %0:BUTTON06
fe_textbible.p3d	Unlock_M22_Bttn_WIN32_KEYB	(VE VZDUCHU) > DVAKRÁT STISKNI + PUSŤ %0:BUTTON06
fe_textbible.p3d	Unlock_M23_Bttn_WIN32_KEYB	(VE VZDUCHU) > DVAKRÁT STISKNI + PUSŤ %0:BUTTON06 2x
fe_textbible.p3d	Unlock_M24_Bttn_WIN32_KEYB	(VE VZDUCHU) > DVAKRÁT STISKNI + PUSŤ %0:BUTTON06 2x
fe_textbible.p3d	Unlock_M26_Bttn_WIN32_KEYB	(VE VZDUCHU) > DVAKRÁT STISKNI + DRŽ %0:BUTTON06 > (STISK) %0:BUTTON01
fe_textbible.p3d	Unlock_M28_Bttn_WIN32_KEYB	DVAKRÁT STISKNI + DRŽ %0:BUTTON06 > %0:BUTTON02
fe_textbible.p3d	Unlock_M29_Bttn_WIN32_KEYB	(DRŽÍŠ OBJEKT) > DVAKRÁT STISKNI + DRŽ %0:BUTTON06 > %0:BUTTON03
fe_textbible.p3d	Unlock_M31_Bttn_WIN32_KEYB	(DRŽ) %0:BUTTON12 (NA ČLOVĚKU) > (VE VZDUCHU) > (DRŽ) %0:BUTTON03
fe_textbible.p3d	Unlock_M36_Bttn_WIN32_KEYB	DVAKRÁT STISKNI + DRŽ klávesu POHYBU > %0:BUTTON04
fe_textbible.p3d	Unlock_M40_Bttn_WIN32_KEYB	DVAKRÁT STISKNI + DRŽ klávesu POHYBU > %0:BUTTON04
fe_textbible.p3d	Unlock_M44_Bttn_WIN32_KEYB	DVAKRÁT STISKNI + DRŽ klávesu POHYBU > %0:BUTTON04
fe_textbible.p3d	Unlock_M54_Bttn_WIN32_KEYB	DVAKRÁT STISKNI + PUSŤ %0:BUTTON06
fe_textbible.p3d	Unlock_P01_Bttn_WIN32_KEYB	DRŽ %0:BUTTON10 a pomocí %0:BUTTON07 vyber DRÁPY
fe_textbible.p3d	Unlock_P02_Bttn_WIN32_KEYB	DRŽ %0:BUTTON10 a pomocí %0:BUTTON07 vyber SVALOVOU HMOTU
fe_textbible.p3d	Unlock_P03_Bttn_WIN32_KEYB	DRŽ %0:BUTTON10 a pomocí %0:BUTTON07 vyber KLADIVOVOU PĚST
fe_textbible.p3d	Unlock_P04_Bttn_WIN32_KEYB	DRŽ %0:BUTTON10 a pomocí %0:BUTTON07 vyber BIČOVOU PĚST
fe_textbible.p3d	Unlock_P05_Bttn_WIN32_KEYB	DRŽ %0:BUTTON10 a pomocí %0:BUTTON07 vyber ČEPEL
fe_textbible.p3d	Unlock_P06_Bttn_WIN32_KEYB	DRŽ %0:BUTTON10 a pomocí %0:BUTTON07 vyber ŠTÍT
fe_textbible.p3d	Unlock_P07_Bttn_WIN32_KEYB	DRŽ %0:BUTTON10 a pomocí %0:BUTTON07 vyber PANCÍŘ
fe_textbible.p3d	Unlock_P09_Bttn_WIN32_KEYB	DRŽ %0:BUTTON10 a pomocí %0:BUTTON07 vyber TERMOVIZI
fe_textbible.p3d	Unlock_P10_Bttn_WIN32_KEYB	DRŽ %0:BUTTON10 a pomocí %0:BUTTON07 vyber VIZI NAKAŽENÝCH
fe_textbible.p3d	Unlock_P11_Bttn_WIN32_KEYB	DRŽ %0:BUTTON10 a pomocí %0:BUTTON07 vyber PŘEVLEK
fe_textbible.p3d	Unlock_U10_Bttn_WIN32_KEYB	DVAKRÁT STISKNI + DRŽ %0:BUTTON06
fe_textbible.p3d	Unlock_U11_Bttn_WIN32_KEYB	DVAKRÁT STISKNI + DRŽ %0:BUTTON06
fe_textbible.p3d	Unlock_U12_Bttn_WIN32_KEYB	DVAKRÁT STISKNI + DRŽ %0:BUTTON06
fe_textbible.p3d	Unlock_U13_Bttn_WIN32_KEYB	(ZA ČLOVĚKEM) > %0:BUTTON11 > %0:BUTTON02
fe_textbible.p3d	Unlock_U13_Desc_Core_WIN32_KEYB	TICHÉ POHLCENÍ ti umožní pohltit nic netušící kořist za pochodu. Připliž se za kořist a stiskni %0:BUTTON11 pro otevření NABÍDKY PŘEVLEKŮ. Když se zvýrazní INDIKÁTOR TICHÉHO POHLCENÍ, stiskni %0:BUTTON02 pro TICHÉ POHLCENÍ.
fe_textbible.p3d	Unlock_U14_Bttn_WIN32_KEYB	(ZA ČLOVĚKEM) > %0:BUTTON11 > %0:BUTTON02
fe_textbible.p3d	TUTORIAL_HELICOPTER_CONTROLS_1_WIN32_KEYB	POHYB pomocí %0:BUTTON06\nMÍŘENÍ pomocí %0:BUTTON07\nSTOUPÁNÍ KOLEČKEM MYŠI nebo %0:BUTTON01\nKLESÁNÍ KOLEČKEM MYŠI nebo %0:BUTTON03\nPALBA pomocí %0:BUTTON13\nZMĚNA ZBRANĚ pomocí %0:BUTTON11\n(DRŽ) %0:BUTTON02 pro KATAPULT
fe_textbible.p3d	collectible_hint013_collected_WIN32_KEYB	DVAKRÁT STISKNI + PUSŤ %0:BUTTON06 pro ÚHYBNÝ PŘEMET. Vyhni se útokům a pak nepřítele potrestej.
fe_textbible.p3d	collectible_hint036_collected_WIN32_KEYB	Klávesami %0:BUTTON05 aktivuješ nedávno vybrané SCHOPNOSTI. %0:BUTTON14 pro ÚTOK. %0:BUTTON16 pro PŘEVLEK. %0:BUTTON00 pro SMYSLY. %0:BUTTON15 pro OBRANU.
fe_textbible.p3d	loading_hint_050_WIN32_KEYB	ROLUJ KOLEČKEM MYŠI pro KLESÁNÍ ve VRTULNÍKU.
fe_textbible.p3d	loading_hint_008_WIN32_KEYB	STISKNI %0:BUTTON12 pro ZAMĚŘENÍ.\nDRŽ %0:BUTTON12 a POHNI %0:BUTTON07 pro ZMĚNU CÍLE.
fe_textbible.p3d	loading_hint_011_WIN32_KEYB	Když DRŽÍŠ %0:BUTTON12 pro ZAMĚŘENÍ, hra se zpomalí a můžeš MĚNIT CÍLE pomocí %0:BUTTON07.
fe_textbible.p3d	loading_hint_006_WIN32_KEYB	Potřebuješ v zápalu boje rychle měnit SCHOPNOSTI? Přiřaď oblíbené SCHOPNOSTI ke klávesám RYCHLÉ VOLBY.
fe_textbible.p3d	collectible_location_collected	ZÍSKÁN ORIENTAČNÍ BOD
fe_textbible.p3d	collectible_hint_collected	RADA ZÍSKÁNA
fe_textbible.p3d	collectible_hint001_collected	NABÍJEJ své útoky DRŽENÍM tlačítka. NABITÝ útok je pomalejší, ale MNOHEM ničivější.
fe_textbible.p3d	collectible_hint002_collected	HODIT můžeš skoro cokoli. CHYŤ, NABIJ pro sílu a HOĎ.  Čím je objekt těžší, tím větší škodu způsobí.  VYLEPŠENÍ hodu ti zvýší dosah i poškození a přidá CHYCENÍ V BĚHU.  Házení skvěle doplňuje boj zblízka; použij ho na nepřátelské budovy, uhýbající vozidla nebo k likvidaci otravných protivníků, když máš málo ZDRAVÍ.
fe_textbible.p3d	collectible_hint003_collected	Střídej KOMBA mezi %0:BUTTON03 a %0:BUTTON04 a objevuj nová. Některá komba je nutné nejdřív odemknout.
fe_textbible.p3d	collectible_hint004_collected	Útoky ze skoku se špatně trefují, ale moc nezraňují. Používej je k pozvolnému oslabování protivníků.
fe_textbible.p3d	collectible_hint005_collected	Zápas s LOVCI je skvělý způsob, jak v boji zblízka napáchat velké škody. CHYŤ pomocí %0:BUTTON02 a pak MRŠTI pomocí %0:BUTTON02.
fe_textbible.p3d	collectible_hint006_collected	ZDRAVÍ se obnoví, když pár vteřin neutrpíš žádné zranění. Najdi si úkryt a zdraví se rychle doplní.
fe_textbible.p3d	collectible_hint007_collected	V nabídce VYLEPŠENÍ si kup nové SCHOPNOSTI, VYLEPŠENÍ, DOVEDNOSTI a POHYBY.
fe_textbible.p3d	collectible_hint008_collected	Ne všechny schopnosti fungují na všechny nepřátele. Na nové typy nepřátel schopnosti zkoušej.
fe_textbible.p3d	collectible_hint009_collected	Skoro každého živého tvora lze POHLTIT a získat ZDRAVÍ.
fe_textbible.p3d	collectible_hint010_collected	Výbušné zbraně způsobují plošné poškození.  Nemusíš trefit přímo - stačí být dost blízko a výbuch odvede práci.
fe_textbible.p3d	collectible_hint011_collected	STŘÍLEJ v krátkých dávkách pro maximální PŘESNOST a POŠKOZENÍ.
fe_textbible.p3d	collectible_hint012_collected	Jakýkoli objekt proměníš ve střelu stiskem ZAMĚŘIT %0:BUTTON12 a HOD %0:BUTTON02.  S dostatečným NABITÍM zasáhneš i toho nejmrštnějšího nepřítele na obrovskou dálku.
fe_textbible.p3d	collectible_hint013_collected	STISKNI %0:BUTTON13 pro ÚHYBNÝ PŘEMET. Vyhni se útokům a pak nepřítele potrestej.
fe_textbible.p3d	collectible_hint014_collected	Kanón BITEVNÍHO VRTULNÍKU má výbušné náboje s PLOŠNÝM POŠKOZENÍM. Postřik oblasti palbou je velmi účinný.
fe_textbible.p3d	collectible_hint015_collected	V boji s TANKY NABÍJEJ útoky držením tlačítka %0:BUTTON03, abys prorazil jejich pancíř.
fe_textbible.p3d	collectible_hint016_collected	Střídej proti protivníkům RYCHLÉ a NABITÉ útoky. Každý typ nepřítele je zranitelný jinými útoky.
fe_textbible.p3d	collectible_hint017_collected	Díky VYLEPŠENÍM získáš ZLATO ve všech UDÁLOSTECH.
fe_textbible.p3d	collectible_hint018_collected	TANKY v plné rychlosti drtí provoz, překážky i nepřátele.
fe_textbible.p3d	collectible_hint019_collected	Sleduj UKAZATEL PŘEVLEKU, ať tvůj převlek nikdo neprohlédne.
fe_textbible.p3d	collectible_hint020_collected	STŘELNÉ ZBRANĚ se hodí na lidi - proti NAKAŽENÝM je používej uvážlivě.
fe_textbible.p3d	collectible_hint021_collected	Chceš zničit VOJENSKOU ZÁKLADNU? Přilákej do boje LOVCE.
fe_textbible.p3d	collectible_hint022_collected	V PŘESTŘELCE využívej kryt. POHYBUJ SE při PALBĚ. Nepřátelé tě pak nedokážou ZAMĚŘIT.
fe_textbible.p3d	collectible_hint023_collected	ÚHYBNÝ PŘEMET je zásadní DOVEDNOST proti silným protivníkům. Udeř a stáhni se dřív, než stihnou oplatit.
fe_textbible.p3d	collectible_hint024_collected	SKOČ %0:BUTTON01 před HODEM %0:BUTTON02 a zvyš tak šanci, že CÍL zasáhneš.
fe_textbible.p3d	collectible_hint025_collected	Házej větší objekty a způsob větší poškození.
fe_textbible.p3d	collectible_hint026_collected	NABITÝ hod způsobí MNOHEM větší poškození. Nabíjej hody držením HODU %0:BUTTON02.
fe_textbible.p3d	collectible_hint027_collected	Velké NEPŘÁTELE CHYŤ tlačítkem %0:BUTTON02 a PŘERUŠ jim útok.
fe_textbible.p3d	collectible_hint028_collected	SCHOPNOST ČEPEL je tvůj nejúčinnější ÚTOK. Je POMALEJŠÍ než DRÁPY, ale silnější.
fe_textbible.p3d	collectible_hint029_collected	Získej VZDUŠNÝ VÝPAD a DVOJITÝ VZDUŠNÝ VÝPAD a prodluž si DÉLKU SKOKU.
fe_textbible.p3d	collectible_hint030_collected	Plň UDÁLOSTI, zvyšuj skóre EP a kupuj VYLEPŠENÍ.
fe_textbible.p3d	collectible_hint031_collected	Ničení HNÍZD NAKAŽENÝCH a VOJENSKÝCH ZÁKLADEN, plnění UDÁLOSTÍ, hledání SBĚRATELSKÝCH PŘEDMĚTŮ a pohlcování cílů SÍTĚ INTRIK - to vše ti přinese EVOLUČNÍ BODY.
fe_textbible.p3d	collectible_hint032_collected	V MAPĚ v nabídce pauzy uvidíš NAKAŽENÉ a ZAJIŠTĚNÉ zóny. NAKAŽENÉ ZÓNY jsou ČERVENÉ kruhy. ZAJIŠTĚNÉ ZÓNY jsou MODRÉ kruhy.
fe_textbible.p3d	collectible_hint033_collected	SUPERVOJÁCI ODHALÍ ALEXE i v PŘEVLEKU. Drž si odstup, pokud zrovna netoužíš po boji.
fe_textbible.p3d	collectible_hint034_collected	Schopností BIČOVÁ PĚST CHYTÍŠ objekty na DÁLKU.
fe_textbible.p3d	collectible_hint035_collected	Stiskni %0:BUTTON10 pro aktivaci KOLA VÝBĚRU SCHOPNOSTÍ. Pomocí %0:BUTTON07 vybírej ze SCHOPNOSTÍ a PŘEVLEKŮ.
fe_textbible.p3d	collectible_hint037_collected	VÝKLENKY, STŘECHY a ULIČKY jsou ideální místa pro změnu převleku.
fe_textbible.p3d	collectible_hint038_collected	Po odemknutí CHYŤ %0:BUTTON02 VRTULNÍK ve vzduchu a aktivuj dovednost SKYJACK.
fe_textbible.p3d	collectible_hint039_collected	CIVILISTY nelze ručně zaměřit, když jsou poblíž VOJÁCI nebo NAKAŽENÍ.
fe_textbible.p3d	collectible_hint040_collected	Když je tvůj PŘEVLEK prozrazen, počkej na VÝZVU a teprve pak změň podobu.
fe_textbible.p3d	collectible_hint041_collected	%0:BUTTON11 aktivuje NABÍDKU SPECIÁLNÍCH DOVEDNOSTÍ PŘEVLEKU. Stiskem získáš přístup k TICHÉMU POHLCENÍ, OBĚTNÍMU BERÁNKOVI a DĚLOSTŘELECKÉMU ÚDERU.
fe_textbible.p3d	collectible_hint042_collected	Vyráží ti někdo OBĚŤ POHLCENÍ ze SEVŘENÍ? Během POHLCOVÁNÍ můžeš udělat ÚHYBNÝ PŘEMET.
fe_textbible.p3d	collectible_hint043_collected	KONTROLNÍ BODY uvnitř mise se neukládají. POSTUP ULOŽÍŠ, JEN KDYŽ MISI DOKONČÍŠ.
fe_textbible.p3d	collectible_hint044_collected	Vždycky měj po ruce PLATNÝ PŘEVLEK, jen tak pro jistotu.
fe_textbible.p3d	collectible_hint045_collected	Nechoď na VOJENSKOU ZÁKLADNU bez VOJENSKÉHO PŘEVLEKU. Základny jsou pro CIVILISTY ZAKÁZANÉ.
fe_textbible.p3d	collectible_hint046_collected	Útoky ZEMNÍ TŘESK jsou skvělé proti davům. Kombinuj je s KLADIVOVÝMI PĚSTMI pro maximální účinek.
fe_textbible.p3d	collectible_hint047_collected	Když přivolají ÚDERNÉ TÝMY, můžeš je NAPADNOUT, UNIKNOUT jim - nebo se PŘEVLÉKNOUT a sledovat, jak tě hledají.
fe_textbible.p3d	collectible_hint048_collected	ZABIJ protivníka dřív, než stihne přivolat ÚDERNÝ TÝM. Pak se žádný ÚDERNÝ TÝM neobjeví.
fe_textbible.p3d	collectible_hint049_collected	NABÍJENÍ SKOKŮ ti umožní skákat RYCHLEJI, DÁL a VÝŠ. DALŠÍ SKOK si NABÍJEJ už ve vzduchu.
fe_textbible.p3d	collectible_hint050_collected	Alexe můžeš OVLÁDAT i při zapnutém KOLE VÝBĚRU SCHOPNOSTÍ. VYBÍREJ SCHOPNOSTI za pohybu.
fe_textbible.p3d	loading_hint_001	EXPERIMENTUJ s KOMBY. Zkoušej každou SCHOPNOST a ÚTOK na každého NEPŘÍTELE a najdi nejúčinnější kombinace.
fe_textbible.p3d	loading_hint_013	Míchej ÚTOČNÉ a OBRANNÉ schopnosti a vytvářej různé kombinace.
fe_textbible.p3d	loading_hint_026	V Times Square a Central Parku je 92 SBĚRATELSKÝCH PŘEDMĚTŮ.
fe_textbible.p3d	loading_hint_047	SBĚRATELSKÉ PŘEDMĚTY na těžko dostupných místech získáš SNÁZ, až budeš umět létat VRTULNÍKEM.
fe_textbible.p3d	loading_hint_021	RAKETOMETY jsou proti LETOUNŮM k nezaplacení. Zaměř %0:BUTTON12 a pal.
fe_textbible.p3d	loading_hint_053	Přitahuješ moc pozornosti? DRŽ %0:BUTTON11 pro vyvolání nabídky dovedností. Zaměř nepřítele a STISKNI %0:BUTTON03, ať z něj uděláš OBĚTNÍHO BERÁNKA.
fe_textbible.p3d	loading_hint_050	DRŽ %0:BUTTON03 pro KLESÁNÍ ve VRTULNÍKU.
fe_textbible.p3d	loading_hint_051	Nejsilnější zbraní BITEVNÍHO VRTULNÍKU je SAMONAVÁDĚCÍ RAKETA. Zaměř %0:BUTTON12 a odpal.
fe_textbible.p3d	loading_hint_052	Většina VRTULNÍKŮ je vyzbrojena RAKETAMI. Jsou SILNÉ proti POMALÝM nepřátelům nebo SKUPINÁM slabších protivníků.
fe_textbible.p3d	loading_hint_048	OBRNĚNCE a TANKY přitahují POZORNOST ARMÁDY, když se prodírají CHODCI a PROVOZEM. Buď opatrný.
fe_textbible.p3d	loading_hint_038	KLIMATIZACE NA STŘECHÁCH jsou dobrým zdrojem MUNICE proti LETOUNŮM nebo HNÍZDŮM NAKAŽENÝCH.
fe_textbible.p3d	loading_hint_039	Spoj ZAMĚŘENÍ %0:BUTTON12 a HOD %0:BUTTON02 a nič NAKAŽENÉ VODOJEMY na dálku.
fe_textbible.p3d	loading_hint_040	Davy NAKAŽENÝCH jsou zranitelné PLOŠNÝMI útoky. Schopnost KLADIVOVÉ PĚSTI je obzvlášť účinná. UDEŘ do země a ODMRŠTI je.
fe_textbible.p3d	loading_hint_002	Střídej ÚTOK %0:BUTTON03 a SPECIÁL %0:BUTTON04 a objevuj NOVÁ KOMBA BOJE ZBLÍZKA.
fe_textbible.p3d	loading_hint_003	Když máš málo zdraví, udeř a zmiz ÚTOKY ZE SKOKU.
fe_textbible.p3d	loading_hint_041	Dosah a poškození hodu NABIJEŠ stiskem a držením %0:BUTTON02.
fe_textbible.p3d	loading_hint_022	Skoro každého živého nepřítele lze POHLTIT. VELKÉ protivníky musíš nejdřív OMRÁČIT.
fe_textbible.p3d	loading_hint_027	GRANÁTOMETY jsou skvělé proti davům. Vystřel VÍCEKRÁT a vyčisti DAVY nebo PŘEKÁŽKY.
fe_textbible.p3d	loading_hint_023	Potřebuješ ZBRAŇ nebo VOZIDLO? Přilákej ÚDERNÝ TÝM a seber mu VÝBAVU.
fe_textbible.p3d	loading_hint_033	PŘEVLEK funguje jen na ARMÁDU. NAKAŽENÍ NEPŘÁTELÉ tě ODHALÍ v jakémkoli PŘEVLEKU.
fe_textbible.p3d	loading_hint_046	Jakmile odemkneš dovednost SABOTÁŽ VIROVÝCH DETEKTORŮ, můžeš ji použít kdykoli.
fe_textbible.p3d	loading_hint_014	Do nabídky VYLEPŠENÍ často přibývají nové SCHOPNOSTI, POHYBY a DOVEDNOSTI. Některou MISI možná nedokončíš, dokud nezískáš klíčové VYLEPŠENÍ.
fe_textbible.p3d	loading_hint_028	ZÁKLADNÍ VYLEPŠENÍ jsou v nabídce VYLEPŠENÍ ty nejdůležitější. Kupuj je co nejdřív.
fe_textbible.p3d	loading_hint_042	ČEPEL je tvá NEJSILNĚJŠÍ PROTIPANCÉŘOVÁ schopnost. Spoj ji s VZDUŠNÝM SEKEM a získáš zničující protitankovou sílu.
fe_textbible.p3d	loading_hint_004	Když se vyhneš zranění, spustí se REGENERACE. Najdi si klidné místo a část zdraví se ti vrátí.
fe_textbible.p3d	loading_hint_029	VYLEPŠENÍ ADRENALINOVÁ VLNA ti zachrání život. Kup si ho jako ZÁCHRANNOU SÍŤ ZDRAVÍ, která ti dá poslední šanci před smrtí.
fe_textbible.p3d	loading_hint_030	Během ADRENALINOVÉ VLNY máš k dispozici JEDEN útok DEVASTATOR zdarma. Použij ho moudře.
fe_textbible.p3d	loading_hint_043	DEVASTATORY patří k tvým nejničivějším dovednostem. EXPERIMENTUJ s KAŽDÝM TYPEM a zjisti, k čemu je dobrý.
fe_textbible.p3d	loading_hint_015	Skoro KAŽDÁ AKCE ti PŘIDÁ EP. Čím NEBEZPEČNĚJŠÍ ÚKOL, tím víc EP získáš.
fe_textbible.p3d	loading_hint_016	Dokončení částí SÍTĚ INTRIK přináší štědré odměny v EP. Prokousej se k pravdě.
fe_textbible.p3d	loading_hint_007	V boji se SKUPINAMI VOJÁKŮ zaměřuj nejdřív ty s NEJSILNĚJŠÍMI ZBRANĚMI.
fe_textbible.p3d	loading_hint_019	Jakmile nepřítel začne volat ÚDERNÝ TÝM, zabij ho a týmu tak zabráníš v příjezdu.
fe_textbible.p3d	loading_hint_020	ÚDERNÉ TÝMY jsou rychlé vzdušné jednotky a tví nejnebezpečnější protivníci. Jakmile někdo přivolá ÚDERNÝ TÝM, rozhodni se: BOJ, nebo ÚTĚK.
fe_textbible.p3d	loading_hint_044	Chceš ZNIČIT HNÍZDO NAKAŽENÝCH? PŘILÁKEJ do BOJE VRTULNÍKY nebo OBRNĚNCE.
fe_textbible.p3d	loading_hint_008	Jakmile spustíš ZAMĚŘOVÁNÍ %0:BUTTON12, CÍL ZMĚNÍŠ ŠVIHNUTÍM %0:BUTTON07 směrem k novému cíli. Opakovaným ŠVIHNUTÍM %0:BUTTON07 procházíš skupinu nepřátel.
fe_textbible.p3d	loading_hint_009	Nejdůležitější cíl na obrazovce vybereš STISKEM %0:BUTTON12.
fe_textbible.p3d	loading_hint_005	Pro maximální dosah a rychlost skoku NABÍJEJ SKOK %0:BUTTON01 a pusť ho hned po dopadu z předchozího skoku.
fe_textbible.p3d	loading_hint_017	REGENERACE ti nevystačí na všechno. CHYŤ %0:BUTTON02 a POHLŤ %0:BUTTON04 nepřátele, RYCHLE si tak doplníš ZDRAVÍ a dosáhneš KRITICKÉ HMOTNOSTI. Tím odemkneš útoky DEVASTATOR.
fe_textbible.p3d	loading_hint_031	VZDUŠNÝM VÝPADEM se dostaneš na těžko dosažitelná místa nebo unikneš útokům. Je to k nezaplacení doplněk tvých pohybových dovedností.
fe_textbible.p3d	loading_hint_032	Až budeš mít VZDUŠNÝ VÝPAD, zkoušej ho v různých fázích skoku a dostaň se co nejvýš.
fe_textbible.p3d	loading_hint_024	Sleduj EFEKTY ÚTOKŮ při každém ZÁSAHU. Některé jsou ÚČINNÉ, jiné NEÚČINNÉ. Přizpůsob se a použij ve správnou chvíli ten nejlepší útok.
fe_textbible.p3d	loading_hint_006	Pokud jeden postup nefunguje, zkus jiný: jiné schopnosti, jiné zbraně nebo nenápadnější cestu s převlekem.  Experimentuj a najdi ten správný nástroj - přizpůsob se a zvítěz.
fe_textbible.p3d	loading_hint_045	S VYLEPŠENÍM SKYJACK unášej nepřátelské stroje a ber si je za své. Proměň špatnou zprávu o ÚDERNÉM TÝMU v dobrou: vlastní BITEVNÍ VRTULNÍK.
fe_textbible.p3d	loading_hint_034	POHLŤ VELITELE základny a STAŇ SE JÍM, získáš přístup na kteroukoli ZÁKLADNU. Uvnitř najdi CENNÝ PERSONÁL a VYLEPŠI si DOVEDNOSTI.
fe_textbible.p3d	loading_hint_035	POHLCUJ VELITELE a získáš dovednost DĚLOSTŘELECKÝ ÚDER. Najdeš ji v nabídce %0:BUTTON11.
fe_textbible.p3d	loading_hint_025	Dovednost PLACHTĚNÍ prodlužuje let. Spoj VZDUŠNÝ VÝPAD s PLACHTĚNÍM pro maximální kontrolu ve vzduchu.
fe_textbible.p3d	loading_hint_036	PRONÁSLEDUJE TĚ ARMÁDA? Zavleč ji do NAKAŽENÉ ZÓNY a setřes ji.
fe_textbible.p3d	loading_hint_010	%0:BUTTON12 ZAMĚŘÍ nepřítele. UDRŽ zaměření a miř na něj HODY, STŘELBU i ÚTOKY.
fe_textbible.p3d	loading_hint_049	Vrtulníky udržují ZAMĚŘENÍ CÍLE AUTOMATICKY. DRŽ %0:BUTTON12 pro spuštění zaměřování, ŠVIHEJ %0:BUTTON07, dokud nezaměříš požadovaný cíl, a PUSŤ %0:BUTTON12. Dalším stiskem %0:BUTTON12 zaměřování vynuluješ.
fe_textbible.p3d	loading_hint_037	Při útoku na VOJENSKOU ZÁKLADNU nebo HNÍZDO NAKAŽENÝCH jsou VOZIDLA tvůj nejlepší přítel. Seber jedno a pal, dokud z budovy nezbude suť.
fe_textbible.p3d	loading_hint_018	VÝKLENKY, ULIČKY a ŘÍMSY se náramně hodí, když potřebuješ ZMĚNIT PŘEVLEK.
fe_textbible.p3d	loading_hint_054	Opakované KLADIVOVÉ PĚSTI v kombech drží nepřátele zblízka, třeba LOVCE, v nevýhodě.
fe_textbible.p3d	loading_hint_055	ŠTÍT nejen snižuje utržené poškození, ale hodí se i k prorážení davů NAKAŽENÝCH ve vysoké rychlosti.
fe_textbible.p3d	loading_hint_056	Když ti kouř a trosky zakryjí nepřátele, prohlédni chaos pomocí TERMOVIZE.
fe_textbible.p3d	loading_hint_057	ZEMNÍ BODEC se hodí na konkrétní cíle na dálku.  ZAMĚŘ cíl a beztrestně ho naboď.
fe_textbible.p3d	loading_hint_058	Jediný zásah z raketometu ti prorazí ŠTÍT.
fe_textbible.p3d	loading_hint_059	Útoky BIČOVOU PĚSTÍ dokážou přerušit LOVCE. Drž si je od těla a ušetříš zdraví.
fe_textbible.p3d	loading_hint_060	DRÁPY jsou rychlé, ale moc nezraňují. Nepřátele rozdrť ZEMNÍMI BODCI.
fe_textbible.p3d	loading_hint_061	KLADIVOVÝ VRH napáchá velké škody na dálku a zasáhne TANKY či OBRNĚNCE dřív, než oni tebe.
fe_textbible.p3d	loading_hint_062	Když tě obklopí nakažení protivníci, vyber BIČOVOU PĚST a ZAMETAČEM ULIC si proraz cestu.
fe_textbible.p3d	loading_hint_063	ŠTÍT je skvělý proti bossům, kteří útočí projektily.
fe_textbible.p3d	loading_hint_064	V boji účinné útoky bliknou ČERVENĚ, běžné BÍLE a neúčinné MODŘE. Pokud jsou tvé útoky na daného nepřítele neúčinné, změň SCHOPNOST.
fe_textbible.p3d	collectible_hint_title	RADA
fe_textbible.p3d	loading_hint_011	Když spustíš ZAMĚŘOVÁNÍ %0:BUTTON12, hra se zpomalí a cíle můžeš měnit POHYBEM %0:BUTTON07.
fe_textbible.p3d	loading_hint_012	ZAMĚŘOVÁNÍ %0:BUTTON12 automaticky vybírá NEJNEBEZPEČNĚJŠÍ cíle v tvém zorném poli.
fe_textbible.p3d	E9M3_TANK_DESTROY_FAIL_HINT	TAGGART JE MRTEV
fe_textbible.p3d	E9M3_CATCH_TAGGART	DOHOŇ TAGGARTA
fe_textbible.p3d	E9M3_TANK_DESTROY_FAIL_REASON	TAGGARTŮV TANK BYL ZNIČEN
fe_textbible.p3d	E9M3_TANK_DESTROY_FAIL_REASON2	TAGGART BYL ZABIT PŘI POKUSU O ÚTĚK Z VOJENSKÉ KARANTÉNY
fe_textbible.p3d	E9M3_TANK_ESCAPE_FAIL_HINT	DRŽ KROK s TAGGARTOVÝM TANKEM
fe_textbible.p3d	E9M3_TANK_ESCAPE_FAIL_REASON	TAGGART UNIKL
fe_textbible.p3d	E9M3_GOTO_BASE_OBJ	JDI k TAGGARTOVĚ ZÁKLADNĚ.
fe_textbible.p3d	E9M3_KILL_BASE_OBJ	ZNIČ TAGGARTOVU ZÁKLADNU.
fe_textbible.p3d	E9M3_KILL_BASE_HINT	K ÚTOKU na ZÁKLADNU POUŽIJ TANK nebo RAKETOMET.
fe_textbible.p3d	E9M3_RUN_1_OBJ	TAGGART UTÍKÁ. PRONÁSLEDUJ HO.
fe_textbible.p3d	E9M3_RUN_1_HINT	DRŽ KROK s TAGGARTOVÝM TANKEM.
fe_textbible.p3d	E9M3_BACKUP_DESTROY_OBJ	ZNIČ TAGGARTOVY POSILY.
fe_textbible.p3d	E9M3_BACKUP_DESTROY_HINT	Když TAGGART stojí, může použít TERMOBARICKÝ KANÓN, ale jen na dálku. DRŽ SE BLÍZKO a vyhneš se mu.
fe_textbible.p3d	E9M3_RUN_2_OBJ	TAGGART se přesouvá. SLEDUJ HO.
fe_textbible.p3d	E9M3_RUN_3_OBJ	TAGGART míří k mostu. POHLŤ HO HNED.
fe_textbible.p3d	E9M3_RUN_3_HINT	POHLŤ TAGGARTA, než UNIKNE.
fe_textbible.p3d	E9M3_DONT_GRAB	POČKEJ, až TAGGART opustí NAKAŽENOU ZÓNU, a pak ho POHLŤ.
fe_textbible.p3d	E9M3_INTEGRITY	STAV ZÁKLADNY
fe_textbible.p3d	E9M3_DISTANCE	VZDÁLENOST TAGGARTA
fe_textbible.p3d	E9M3_DAMAGEWARN	POZOR: TANK POŠKOZEN
