0/0/00001f28.p3d	17619_bwoff_268	Podříznu tě! Podříznu tě!
0/0/00090df8.p3d	15053_p_uwm_176	Zpátky!
0/0/000a1e13.p3d	22532_bwtrb_e04m04_032	Tým B na palubě. Zapojuji se
0/0/000bc028.p3d	18894_susol_282	Zlámej mu ty zasraný nohy.
0/0/000ea1fb.p3d	21849_alex_e02m05_065	Greeneová možná ty věci stvořila. Ale já je zničím.
0/0/00102158.p3d	10409_mahqb_146	Potvrzeno. Bude eskalováno. Podle značení.
0/0/001055ec.p3d	9197_mar_b_366	Je to ten samej chlap?
0/0/0015411d.p3d	22603_dana_e06m01_011	Neeeee!
0/0/001673ed.p3d	25316_nypda_444	Dolů! Dolů!
0/0/001badb6.p3d	20815_p_ham_pain_d	*argh*
0/0/001bb855.p3d	25435_alex_e06m03_703	Cože?  Používají moji DNA, aby mě vystopovali? To musí být důvod, proč vzali Danu... Ale já vím, kde je.  Čas ji dostat zpátky!
0/0/0027a3ae.p3d	15494_p_suf_150	Vymklo se to kontrole!
0/0/0029763d.p3d	4708_maabr_036	Všechny týmy, budeme na to muset jít společně, přepínám.
0/0/002d8139.p3d	17038_bwtrb_218	Máme to udělat? Co uděláme?
0/0/002ff460.p3d	19366_bwhqa_055	Máme potvrzený zásah primárního cíle.
0/0/00332b77.p3d	17757_bwtra_114	Tady jsi! Pojď k tatínkovi.
0/0/003d93c8.p3d	16980_bwtrb_160	Jsem oprávněnej střílet.
0/0/0042e65e.p3d	19219_p_hlf_139	Zdrhejte, hajzlové.
0/0/004a0bdd.p3d	13597_p_erm_119	Mají ten virus, couvni!
0/0/004c5829.p3d	12052_nypda_119	Ježíši, ehm, dispečinku -- potřebuju pomoc. Nehoda! Nehoda!
0/0/004cab2f.p3d	11851_nydisp_116	Všechny jednotky, mám nařízeno připomenout vám, ať na konci směny odevzdáte odznaky s virovým monitoringem.
0/0/004cae7c.p3d	996_bwgsp_236	Čelíme silnému odporu. Nemůžeme odpovědět, přepínám.
0/0/004ccc8c.p3d	13274_p_ctm_033	Za co to bylo!
0/0/0054c04c.p3d	22216_bwbhk_e07m04_09	Rozumím, Ghost přidělen na perimetr, zahajuje nasazení toxinu. Sledujte pozemní nepřátele a udržujte oblet.
0/0/00652737.p3d	14678_p_mtf_034	Uhni mi z cesty.
0/0/0068022d.p3d	24803_nypda_165	*sténání* Vůbec nic nevidím -- je tam někdo?
0/0/006929ae.p3d	22583_bwtrb_e07m01_084	Tahle oblast je čistá! Odsud to zvládneme.
0/0/00697e89.p3d	20153_bwgsp_choke_b	*dušení*
0/0/006a1c97.p3d	14800_p_mtf_154	Přichází to z toho vozidla!
0/0/006cb57d.p3d	21801_alex_e01m02_018	Když půjdu dovnitř bez obhlídky, můžou mě zase přepadnout. To riziko si nemůžu dovolit.
0/0/006e5ac5.p3d	22261_bwhqa_e08m03_036	Letecký průzkum ukazuje na západ, na vašem západním perimetru jsou nepřátelé. Konec.
0/0/0076cc59.p3d	22247_bwhqa_e08m02_022	Všechny jednotky, okamžitě se stáhněte!
0/0/007b2afd.p3d	15313_p_mtm_201	Někdo, pomozte mi prosím? Proboha....
0/0/007ffdda.p3d	14370_p_fdm_186	Jdou si pro nás!
0/0/0083e7a8.p3d	9162_mar_b_331	Sundej ho, kreténe!
0/0/008505c6.p3d	25159_nypda_055	Mohu pomoct?
0/0/008a5197.p3d	20375_magsp_dying_d	*chroptění*
0/0/0093f9fd.p3d	4545_mar_c_403	Zadržte palbu! Jsem váš seržant!
0/0/00a1106a.p3d	17003_bwtrb_183	Sejmi ho!
0/0/00a1a98e.p3d	12316_nypda_388	Prosím, můj kluk má zítra narozeniny!
0/0/00a3861c.p3d	19331_bwhqa_020	Všechny jednotky, velitelství žádá zaplavit zónu a krýt ji, přepínám.
0/0/00a6ba93.p3d	17722_bwtra_079	Boží mód, boží mód, sedlej se, kovboji, je přímo tady, přímo teď.
0/0/00ae415e.p3d	16535_bwabr_075	Zóna vypadá čistě. Žádná stopa po nepříteli.
0/0/00b6ea9d.p3d	9774_maf35_062	Mám ho! Pozemní, potvrďte zásah, přepínám.
0/0/00b7301f.p3d	8948_mar_b_117	Kluci, ten hajzl je zpátky.
0/0/00bbbffe.p3d	20058_magsp_326	Tornado Sedm, padá to tvrdě!
0/0/00bd9b0e.p3d	13562_p_erm_084	Ne, je-je to v pohodě. Já-já-já to nejsem!
0/0/00c1c98c.p3d	19896_magsp_184	Potvrzuji, cíl zničen, přepínám.
0/0/00c3d090.p3d	18078_bwtra_435	Do prdele! Do prdele s tebou!
0/0/00ca2d92.p3d	4971_maabr_279	Jsme tu v tom hluboko. Šlápni na to!
0/0/00cc5b5a.p3d	13082_p_ctf_071	Myslím, že ho vidím! Tamhle!
0/0/00e20f6a.p3d	14573_p_ham_159	Prosím! Nezabíjej mě, kámo! Prosím!
0/0/00e24abd.p3d	17427_bwoff_086	Všichni, udržujte palbu na mém cíli!
0/0/00e9c4bb.p3d	15156_p_mtm_048	Policie, tady je váš člověk!
0/0/00f8a3a2.p3d	25124_nypda_394	Jen mě nech žít, a už mě nikdy neuvidíš.
0/0/00fd186f.p3d	8082_mabhk_181	Spatřen rudý cíl, žádáme povolení zaútočit, přepínám.
0/1/01001655.p3d	2105_bwmls_253	Palba z podvěsu jedna, hořák zapálen, přepínám.
0/1/010293b7.p3d	4388_mar_c_246	Sakra! Kterej z nich je cíl?
0/1/01078919.p3d	4510_mar_c_368	Ještě jeden pohyb a jsi mrtvej!
0/1/010ce20d.p3d	11784_nydisp_069	Potvrzeno, důstojníku.
0/1/0114613e.p3d	25418_alex_e05m03_706	Jsem zpátky.
0/1/0121d31a.p3d	16500_bwabr_040	Seřaďte se u obrněnců.
0/1/012abf50.p3d	8913_mar_b_082	Pátrání bez výsledku, Red Crown.
0/1/012dc1c2.p3d	139_bwbhk_108	Je tam dole zasranej koberec z mrtvol.
0/1/012f4f2f.p3d	20023_magsp_291	Jsme zasaženi, ale pořád funkční.
0/1/01355b33.p3d	19861_magsp_149	Máš ho na vizuálu?
0/1/01360669.p3d	8492_mar_a_233	To je on, ta zasraná věc!
0/1/0137624c.p3d	18043_bwtra_400	Tak rychle ne, ty parchante.
0/1/01421125.p3d	24042_bwoff_events_003	Něco jim pomáhá -- je to Zeus...?
0/1/01433f74.p3d	18966_susol_354	Sundejte ho!
0/1/0147d538.p3d	9269_mar_b_438	Skoro jsem se posral.
0/1/015bd691.p3d	23958_alex_086	Zatím ne.
0/1/015d5677.p3d	15121_p_mtm_013	Zranil se někdo?
0/1/015f22fa.p3d	15566_p_suf_222	Prosím! Přestaň!
0/1/0167736e.p3d	19438_bwhqa_107	Všechny jednotky v pohybu, příjezd do cílové zóny za třicet sekund.
0/1/016aa838.p3d	17829_bwtra_186	O jednu bolest v prdeli míň.
0/1/01762572.p3d	4353_mar_c_210	To mě podrž.
0/1/017ec4f5.p3d	1890_bwmls_028	Žádná stopa po cíli, Red Crown.
0/1/018188b3.p3d	13669_p_erm_191	Aaah! Sakra!
0/1/0183d503.p3d	12124_nypda_195	Tak, dost bylo! Teď si lehni na zem!
0/1/01844bd6.p3d	13346_p_ctm_103	Pomůže mi někdo! Potřebuju pomoc!
0/1/01848801.p3d	10058_maf35_326	Voodoo Sedm, padám!
0/1/018b5776.p3d	8756_mar_a_477	Ve vaší zóně, psi! Rozstřílejte je!
0/1/018cbf46.p3d	7741_mabra_181	Tohle se ti bude líbit, na optice máme hořáky, přepínám.
0/1/019048ea.p3d	13189_p_ctf_178	Zachraňte se!
0/1/019750ce.p3d	10672_mamls_219	Šetři město, střelče, miř jen na pohyblivé cíle.
0/1/019de58b.p3d	731_bwbra_316	Jednotka dole!
0/1/019eb474.p3d	24282_p_haf_170	Pomoc! Pomoc! Zavolejte poldy! Někdo, zavolejte poldy!
0/1/01a150f3.p3d	104_bwbhk_073	Tady je! Jdeme na to. Připravte se, hoši.
0/1/01b144c4.p3d	11888_nydisp_153	Čekejte, na místě. Red Crown, potvrďte prosím polohu prioritního cíle, žádán letecký podpůrný tým, prioritní oprávnění Delta dva čtyři.
0/1/01b6d11b.p3d	18931_susol_319	Dává se na útěk!
0/1/01bb66f4.p3d	9234_mar_b_403	Hajzl je dole!
0/1/01c105c1.p3d	8189_mabhk_268	Stáhněte nás, Red Crowne, skoro jsme přišli o Birda, přepínám.
0/1/01c5cc07.p3d	19290_p_hlf_210	Pohyb!
0/1/01cb76be.p3d	4617_mar_c_475	Ježíši! Ježíši! Kluci! Pomoc!
0/1/01d2b216.p3d	15531_p_suf_187	Vypadněte odsud -- hned!
0/1/01d3ff43.p3d	22899_mar_b_e03m01_029	Co to sakra... co je s nima... v pořádku. KURVA!
0/1/01db029f.p3d	19403_bwhqa_072	Ne. Negativní, přepínám.
0/1/01dd9a7e.p3d	11483_maoff_310	Střílejte dál! Sundejte ho!
0/1/01e3ad0c.p3d	16895_bwtrb_095	Něco k zabití? DO SEDEL!
0/1/01e4bf4d.p3d	4196_mar_c_065	Nic jsme nenašli, Red Crown. Chalk Three čeká na nové rozkazy.
0/1/01e5c0aa.p3d	16607_bwabr_147	Je čas přitvrdit.
0/1/01ee69e9.p3d	9846_maf35_134	Voodoo Sedm končí. Negativní na opětovné zaměření cíle.
0/1/01f51a5a.p3d	13634_p_erm_156	Prosím! Já-já chci žít!
0/1/01f7daf3.p3d	13311_p_ctm_069	Proměnil se v někoho jinýho!
0/1/01f81732.p3d	10023_maf35_291	Flak, žádám kontrolu zad, přepínám.
0/1/01f948b9.p3d	19968_magsp_246	Prostě zmlkni, zmlkni.
0/1/01f9f40e.p3d	8599_mar_a_340	Sbor mariňáků USA! Co se tu stalo?
0/1/01fb5b8b.p3d	7584_mabra_024	Střílejte, dokud není po něm.
0/1/01fee932.p3d	8721_mar_a_442	Nepřítel zničen, velitelství. Smetli jsme je.
0/2/0203daa6.p3d	13154_p_ctf_143	Prosím, nestřílejte!
0/2/020c7f64.p3d	574_bwbra_169	Padá to, padá to!
0/2/021035b4.p3d	14715_p_mtf_071	Kámo, to musí bejt on!
0/2/02150b1f.p3d	13772_p_fdf_059	Zavolejte policii!
0/2/0217c841.p3d	20133_bwbra_dying_b	*chroptění*
0/2/02214405.p3d	15228_p_mtm_118	Jsou nakažený tou věcí.
0/2/02256aea.p3d	18774_susol_162	Nenech se od něj napálit!
0/2/02261980.p3d	14285_p_fdm_101	Pomoc! Pomoc! Mám tu někoho zaklíněného!
0/2/022a00ae.p3d	9077_mar_b_246	Vyfoť mě s tou zasranou potvorou.
0/2/02340af9.p3d	22413_bwtra_e01m02_005	Sakra spratci...
0/2/0234977d.p3d	8154_mabhk_233	Velitel úderu hlásí cíl zlikvidován, přepínám.
0/2/023e104f.p3d	21978_alex_e05m02_194	Ne....
0/2/02414e72.p3d	15374_p_suf_032	Vypadni!
0/2/0242b29a.p3d	1997_bwmls_135	Uvolněte prostor palby!
0/2/024cd677.p3d	17637_bwtra_014	Vezmu si to na starost.
0/2/0250ac98.p3d	7848_mabra_268	Když se vrátíme, pizza platím já, šéfe.
0/2/02573ec8.p3d	16860_bwtrb_060	Kryj mě. Dej mi 'WATCH, ne ty posraný Psy.
0/2/025850f3.p3d	4161_mar_c_029	Semper Fi, kapitáne!
0/2/025b3e73.p3d	10779_mamls_326	No, zkusili jsme to, sakra jsme se snažili.
0/2/0261f905.p3d	9811_maf35_099	Všichni ptáci, potvrďte taktiku. Zahájit Yankee X-Ray Tři, přepínám.
0/2/0266593e.p3d	876_bwgsp_116	Je to na palubě, uhni, zatáhni tvrdě!
0/2/026acb7f.p3d	11065_mahqa_093	Rozumím, jaký je váš stav?
0/2/026cda94.p3d	19933_magsp_221	Něco na našich obrazovkách. Podívám se na to.
0/2/026d85b5.p3d	8564_mar_a_305	To máš za to, žes zahrával s mariňáky! Húúa!
0/2/026edf0d.p3d	18115_bwtra_472	Jsme v hajzlu a MILUJEM to!
0/2/02797c82.p3d	10480_mamls_047	Vstávejte, vstávejte! Bojujte dál.
0/2/028298e6.p3d	22124_alex_e09m01_341	Taggartova letadla jsou někde tady poblíž.
0/2/0283f5e0.p3d	22403_bwoff_e09m01_046	ZEUS byl spatřen! Uvolněte přistávací plochy!
0/2/02882885.p3d	14488_p_ham_074	Tam! Tam! Přímo tam! To je váš člověk!
0/2/028d1de7.p3d	14610_p_ham_196	Auu, moje ruka!
0/2/0299a89c.p3d	14250_p_fdm_066	Myslím, že budu zvracet!
0/2/029a8aa1.p3d	24395_maoff_events_023	Tohle není žádná procházka.
0/2/029b2534.p3d	15956_p_uem_141	Pozor! Zbraň!
0/2/029d926a.p3d	9042_mar_b_211	Óó, počkat, počkat. Kurva, kluci, počkejte.
0/2/029ebbad.p3d	25039_nypda_226	A tak ten příběh končí, brácho.
0/2/02ada234.p3d	4425_mar_c_283	Tak je to dobrý! Nesahej na něj!
0/2/02aed54b.p3d	24981_nypda_337	Tam! To je on!
0/2/02b64456.p3d	1962_bwmls_100	Vyklidťe oblast, vyklidťe celou tu oblast. Prohlédněte to.
0/2/02bbc897.p3d	13418_p_ctm_175	Uhni z cesty!
0/2/02bfc658.p3d	11291_maoff_155	V téhle zóně nemáte povolen pohyb.
0/2/02c43e54.p3d	7813_mabra_233	Hotovo, jedeme domů.
0/2/02c66a53.p3d	21930_alex_e04m02_146	Tady jsou hotovi.
0/2/02cecda4.p3d	10744_mamls_291	Zasaženi, ale pořád jedeme. Řízení palby v pořádku.
0/2/02d0db1f.p3d	8828_mar_b_017	K vašim rozkazům, pane!
0/2/02d62fbf.p3d	24354_p_haf_120	Vidím další! Pohyb! Pohyb!
0/2/02d8f8c0.p3d	13879_p_fdf_162	Někdo mě zachraňte! Prosím!
0/2/02d9e86f.p3d	841_bwgsp_081	Zahajujeme pátrací a likvidační akci. Prohledejte kontakty s nepřítelem, přepínám.
0/2/02db744e.p3d	19776_magsp_064	Let Tornado volá Red Crown. Co dál?
0/2/02de5d45.p3d	11030_mahqa_068	Rozumím, pokračujte.
0/2/02e3d892.p3d	4851_maabr_179	Máme to na lopatkách!
0/2/02e7e3a3.p3d	17181_bwtrb_361	Nenech ho, ať mě dostane! Zabij ho!
0/2/02ee74a5.p3d	1098_bwgsp_336	Připravte se na náraz!
0/2/02f1d6ca.p3d	22641_mabhk_e09m01_010	Velitelství, tady Ghost Tři Šest Sedm Pět, jsme mimo Rudou zónu!
0/2/02f25d19.p3d	20351_maf35_dying_d	*chroptění*
0/2/02f2e3b5.p3d	9306_mar_b_475	Zadržet palbu, zadržet palbu!
0/2/02f6bb64.p3d	14982_p_uwm_105	Někdo! Kdokoliv! Pomoc!
0/2/02fbba2c.p3d	14453_p_ham_039	Ustup sakra zpátky!
0/3/030eb6dc.p3d	15921_p_uem_107	*kašel, zabrblání* Zavolejte sanitku!
0/3/03125548.p3d	25004_nypda_421	Neslyším vás, dispečinku -- POŠLETE POSILY!
0/3/031b2c1a.p3d	16967_bwtrb_147	Vypadni odsud.
0/3/0325e935.p3d	9918_maf35_206	Čichám problém, něco tam dole je špatně.
0/3/032690ad.p3d	11772_nydisp_057	Taktické jednotky, reagujte, Deset Dva.
0/3/032910c8.p3d	22230_bwhqa_e06m04_005	Není čas na oslavy, hoši. Zamiřte do poslední červené zóny a uklidťe to tam.
0/3/0329f090.p3d	12039_nypda_106	Negativní na místě, dispečinku. Two Whiskey Seven nic nemá.
0/3/032c512f.p3d	22538_bwtrb_e05m01_038	Jednotky AT a Bulldog připraveny. Hotrod čeká mimo Rudou zónu
0/3/032c99a6.p3d	13706_p_erm_228	Nááá!
0/3/0332d84c.p3d	7656_mabra_096	Všichni počkejte, nahrávám snímek cíle Strike Bossovi, přepínám.
0/3/03358a3a.p3d	83_bwbhk_052	Potvrzený zásah, to byl dobrý.
0/3/03392007.p3d	10395_mahqb_132	Připravte se na nové rozkazy. ZEUS je čistý.
0/3/033a0308.p3d	11981_nypda_046	Negativní, dispečinku, negativní.
0/3/033b59f2.p3d	13226_p_ctf_215	Co je to?
0/3/033d6a27.p3d	10587_mamls_154	Odpalovač horký, síly nás kryjí a my zasáhneme cíle.
0/3/0343fec5.p3d	646_bwbra_241	Šéf úderu potvrzuje, mise dokončena, přepínám.
0/3/034c8a69.p3d	13844_p_fdf_129	Co můžu udělat!?
0/3/034f05f5.p3d	19741_magsp_029	Chalk Tři, Tornado Jedna. Mizíme!
0/3/034fb12a.p3d	8372_mar_a_112	Pozor!
0/3/035274ec.p3d	4694_maabr_022	Právě zaujímáme pozici. Dejte nám zelenou k zásahu, přepínám.
0/3/0353c6a4.p3d	22285_bwhqa_e10m04_060	Všechny letecké jednotky, máte povolení zahájit útočný průlet. Buďte opatrní, naši kluci jsou nebezpečně blízko.
0/3/035a3806.p3d	15005_p_uwm_128	Hej -- pomozte jim!
0/3/035cea36.p3d	18846_susol_234	Máme špatnýho chlapa!
0/3/035d9641.p3d	14357_p_fdm_173	Umřeme!
0/3/03617ffa.p3d	9149_mar_b_318	Měli nás varovat před tímhle svinstvem.
0/3/03620662.p3d	1063_bwgsp_302	Co to sakra bylo?!?
0/3/036c16c9.p3d	8226_mabhk_305	Uch! Těžké poškození!
0/3/0378cdbc.p3d	15446_p_suf_102	Slyší mě někdo!?
0/3/03811e6e.p3d	19318_bwhqa_007	Žádný tým nehlásí přímou viditelnost, ZEUS zmizel.
0/3/0383afc1.p3d	11398_maoff_123	Pusť.
0/3/038452fa.p3d	17709_bwtra_066	ZEUS je v pohybu, žádám instrukce.
0/3/038c4785.p3d	20397_mamls_dying_b	*chroptění*
0/3/038fd055.p3d	4233_mar_c_102	Red Crown, hořáci, hořáci v počtu, přepínám.
0/3/03977093.p3d	22107_alex_e08m03_324	Sakra!
0/3/039b3375.p3d	13549_p_erm_071	Ten hajzl!
0/3/039caf7e.p3d	17570_bwoff_219	Negativní, opakujte?
0/3/039d7fc0.p3d	12004_nypda_070	Hele, je to můj rajón a nerad se o něj dělím s těmahle strašidlama.
0/3/03a22053.p3d	24617_alex_e09m03_620	Taggarte!  Je konec!
0/3/03a24acb.p3d	11137_mahqa_165	Balíčku, stáhni se z bojového prostoru, přepínám.
0/3/03a50276.p3d	8636_mar_a_377	To je teda pořádnej binec.
0/3/03a66a08.p3d	7621_mabra_061	Ok, teď ho máme. Senzory aktivní.
0/3/03a7c5f9.p3d	4958_maabr_266	Nic tu nevidíme, Red Crowne. Žádáme nové souřadnice.
0/3/03a9f3c3.p3d	13069_p_ctf_060	Nedovolte mu, aby mě dostal!
0/3/03abd133.p3d	17288_bwtrb_468	Zaměřeno.
0/3/03acaf23.p3d	10360_mahqb_097	Jaká je situace?
0/3/03b0fbce.p3d	10552_mamls_119	Vyzkoušejte 20-7. Pojďme na to.
0/3/03b2987f.p3d	489_bwbra_084	Seskupit se. Opakuji. Seskupit se.
0/3/03b7906c.p3d	611_bwbra_206	Razorback Jedna se jde podívat.
0/3/03b8637a.p3d	24162_p_haf_197	Vůbec to necítím.
0/3/03caf364.p3d	11876_nydisp_141	10-16! Vojenský volací znak Red Crown, policisté žádají pomoc! Máme poplach. Slyšíte?
0/3/03cb83f0.p3d	18689_susol_077	Hlásím úderný cíl, rozumíte?
0/3/03d07952.p3d	18811_susol_199	Nebuď tak zasraně blbej! To nejsem já!
0/3/03d127e8.p3d	14322_p_fdm_138	Zbraň! Zbraň!
0/3/03d25811.p3d	25373_alex_e02m02_703	Pořád jich přibývá - budu je zabíjet dál.
0/3/03d2f9b2.p3d	23050_tagga_e09m03_010	Zpátky na silnici -- jsme prozrazeni, do pohybu!
0/3/03d50f2b.p3d	9114_mar_b_283	Seržante... myslím, že tu něco máme.
0/3/03dab0c1.p3d	8069_mabhk_168	ZEUS je zlikvidován, opakuji, ZEUS je zlikvidován!
0/3/03df7440.p3d	19170_p_hlf_092	Do prdele.
0/3/03e575a4.p3d	7531_mabcm_185	Žádáme okamžitou leteckou podporu, Red Crowne!
0/3/03e8242c.p3d	282_bwbhk_251	Opakujte, opakujte. Ztratili jsme vaši poslední zprávu.
0/3/03ec5cd9.p3d	15411_p_suf_068	Ježíši Kriste!
0/3/03f74587.p3d	11363_maoff_219	Vpřed, vpřed! Krytí a palba!
0/4/040814ab.p3d	9726_maf35_014	Voodoo vstupuje do cílové zóny. Připraveni přijímat cíle, přepínám.
0/4/040d5f73.p3d	21724_speci_e04m04_026	Trochu to píchá?
0/4/040ec51c.p3d	13514_p_erm_036	Hej, dávej pozor, jo?
0/4/041167bb.p3d	913_bwgsp_153	Spojenci, zůstaňte ve střehu, smrt shora. Palba, palte.
0/4/0412f39a.p3d	19848_magsp_136	Uhni. Zmizel. Negativní.
0/4/04139ed0.p3d	8479_mar_a_220	Ty! K zemi!
0/4/0415dc87.p3d	11102_mahqa_130	Jste v bezpečí. Čekejte na přesun.
0/4/04189432.p3d	8601_mar_a_342	Všichni! Opusťte oblast v klidu a pořádku -- hned!
0/4/041b57b5.p3d	4923_maabr_231	Obsazeno! Uvolni ten kanál!
0/4/041d856a.p3d	13034_p_ctf_025	Tohle není bezpečné.
0/4/041f62ef.p3d	17253_bwtrb_433	Při moci Ježíšově!
0/4/04250d18.p3d	17972_bwtra_329	Tohle chvíli potrvá.
0/4/04262a26.p3d	454_bwbra_049	Cíl pořád kope, přepínám.
0/4/042914ef.p3d	2091_bwmls_239	TOHLE SE NEDÁ UDRŽET!
0/4/042c93a5.p3d	16785_bwabr_305	Jsme pod palbou!
0/4/042fe5ff.p3d	19581_bwhqb_069	Ať se tak stane.
0/4/0433398d.p3d	14525_p_ham_111	Sakra! Už jdou!
0/4/044e427d.p3d	8034_mabhk_133	Pozor, pozor!
0/4/04541221.p3d	7374_mabcm_042	Přerušilo se to, můžete zopakovat, přepínám?
0/4/0454ee66.p3d	24896_nypda_252	Viděl někdo, co se stalo? Někdo?
0/4/045c5d5c.p3d	1877_bwmls_015	Zaměření získáno. Odpal se připravuje. Smrt na dosah.
0/4/046a5798.p3d	7728_mabra_168	Mám ho. Dobře. Prohledejte okolí.
0/4/0474e935.p3d	10659_mamls_206	Prázdno na cíli, přesouváme se a dobíjíme munici. Red Crown, slyšíte?
0/4/047b7df2.p3d	718_bwbra_303	Pohyb! Pohyb! Pohyb! Pozor!
0/4/047c4cc6.p3d	24269_p_haf_157	Nechci tady umřít. Nechci umřít.
0/4/0481876a.p3d	16050_p_uem_235	Ahhhhgggghhh!
0/4/04840728.p3d	13916_p_fdf_199	Ou, někdo! Pomoc!
0/4/048600d6.p3d	22219_bwbra_e05m01_03	Tady Racecar Tři Šest. Žádám podporu.
0/4/04868556.p3d	19813_magsp_101	Tornado Foxtrot pozemním. Co se tam dole děje? Přepínám.
0/4/04872deb.p3d	8444_mar_a_184	Dobrá práce, brácho. Dobrá práce.
0/4/0489f1ad.p3d	4766_maabr_094	Naši lidi jsou rozeseti po celé ulici. Je to tu peklo....
0/4/048a360e.p3d	22038_alex_e06m03_254	Tolik myslí v pohybu. Všechny mluví. Všechny umírají.
0/4/048dfca9.p3d	17096_bwtrb_276	Idioti vyhrávají.
0/4/04946982.p3d	18918_susol_306	JDU SKRZ!
0/4/0498918e.p3d	20378_magsp_blow_c	*uf*
0/4/049cd47f.p3d	14897_p_uwm_020	Kdo za tím vším stojí?
0/4/04a022d6.p3d	16750_bwabr_270	Dostaňte nás pryč, přeskupíme se, přepínám.
0/4/04b04a7d.p3d	15518_p_suf_174	Zmizte!
0/4/04b4cff9.p3d	15836_p_uem_024	Co je tohle? Do prdele, je to ten chlap?
0/4/04c74cf5.p3d	4305_mar_c_162	Máme ho!
0/4/04c87d25.p3d	24861_nypda_187	Hej, co to děláš?
0/4/04d97118.p3d	11171_maoff_033	Oddíl čtyřicet pět, můžeme dostat úder na tuhle pozici, přepínám.
0/4/04e21a6f.p3d	22679_maf35_e10m04_010	Druhé křídlo na přiblížení, potvrzeno.
0/4/04e42e6f.p3d	10432_mahqb_169	Přesun potvrzen.
0/4/04efdb60.p3d	24234_p_haf_076	To je ten chlap!
0/4/04f2a386.p3d	13759_p_fdf_046	Sakra, je tady!
0/4/04f3d385.p3d	19688_bwhqb_166	Zrušte nasazení úderné čety.
0/4/04f5ca2f.p3d	8287_mar_a_026	Cíl na dohled!
0/4/04fd8354.p3d	4731_maabr_059	To je zabití. To je zabití. Dejte mi nový cíl, přepínám.
0/5/05018e65.p3d	17061_bwtrb_241	Dole, je dole.
0/5/05022789.p3d	12374_nypda_446	Vyklidit!
0/5/0507388e.p3d	17780_bwtra_137	Pokryjte celou oblast. Najděte to, zabijte to!
0/5/050d14c9.p3d	1100_bwgsp_338	Země se blíží rychle!
0/5/050ebf59.p3d	16593_bwabr_133	Stupňujeme palbu.
0/5/0516f38a.p3d	19242_p_hlf_162	Ne! Neeé! Ne, dobře? Ne, ne!
0/5/051a511e.p3d	24009_bwhqb_e04m03_014	Red Crown všem jednotkám. Potvrzena rozsáhlá nákaza. Ve všech kontrolních zónách platí masky a protokoly biologického nebezpečí úrovně čtyři. Konec.
0/5/051fa378.p3d	354_bwbhk_323	Je na palubě, setřeste ho, setřeste ho!
0/5/0524ae1e.p3d	22786_maoff_e08m04_050	Do prdele.
0/5/052ec221.p3d	11435_maoff_273	Hlídejte si záda, je to mimo kontrolu!
0/5/052f0437.p3d	24435_speci_e04m04_101	Měl by sis vybírat přátele pečlivěji, Mercere...
0/5/0534d71a.p3d	16847_bwtrb_047	Já tě ZNIČÍM.
0/5/0535e95a.p3d	4148_mar_c_016	Vidí to někdo? Ujistěte se, že to nic není, nebo je to mrtvý!
0/5/05403f4d.p3d	11760_nydisp_045	Padly výstřely a podezřelý je na zemi.
0/5/0542c8b8.p3d	17485_bwoff_144	Chyťte ho, než to udělá znovu!
0/5/0552cb07.p3d	10275_mahqb_032	Cíl pátrání byl zrušen, brzy dostanete nové rozkazy.
0/5/05550229.p3d	13106_p_ctf_095	Ježíši.
0/5/0556e23b.p3d	17325_bwtrb_505	Vypadni!
0/5/055714e9.p3d	10467_mamls_034	Mám čistý zaměřovač, budu potřebovat souřadnice.
0/5/05587929.p3d	10994_mahqa_042	Cíl zadržen, opakuji, cíl zadržen.
0/5/05592185.p3d	25182_nypda_449	Máme tě na mušce, kreténe!
0/5/055da987.p3d	526_bwbra_121	Ukončujeme pátrání, Red Crown, žádné stopy.
0/5/05609431.p3d	2163_bwmls_301	Připravit na náraz, připravit na náraz!
0/5/05663542.p3d	13724_p_fdf_011	Vidíš něco? Co vidíš?
0/5/05676541.p3d	19653_bwhqb_131	Týmy do tichého režimu. Prozatím čisté.
0/5/05726d2c.p3d	22419_bwtra_e02m01_011	Hej -- nebyl jsi u polního týmu?
0/5/057694f8.p3d	18726_susol_114	Ten hajzl je zpátky venku!
0/5/05774104.p3d	14237_p_fdm_054	Má ten virus!
0/5/057b2831.p3d	9029_mar_b_198	Kluci, kterej z nich to je?
0/5/0585c1c9.p3d	8106_mabhk_205	Potvrzuji.
0/5/058b3d4b.p3d	8971_mar_b_140	Naser si, kámo, tenhle byl můj!
0/5/058b916d.p3d	7446_mabcm_114	Potvrďte, je kontakt negativní na všech bodech? Ozvěte se, pokud ne.
0/5/058c7515.p3d	24968_nypda_514	Policista v nesnázích! Pomoc!
0/5/058e3d32.p3d	197_bwbhk_166	Jsme na polovině paliva a cíl je pořád aktivní, čas letu je dobrý.
0/5/0593da1d.p3d	1949_bwmls_087	Můžete potvrdit přesun, přepínám.
0/5/0595fa85.p3d	24092_bwoff_events_053	Tady Red 4 -- jsme na pokraji porážky, jsou na nás moc silní.
0/5/059d5ec6.p3d	11278_maoff_149	Zasraní žoldáci, prostě a jednoduše.
0/5/05a24fe5.p3d	11400_maoff_125	*dušení a sténání*
0/5/05a868d6.p3d	16812_bwtrb_012	Žádné další problémy.
0/5/05ac8385.p3d	24078_bwoff_events_039	Bijte je víc! Bereme tu pořádné škody.
0/5/05b65a5f.p3d	17450_bwoff_109	Jo, celý Úderný balíček je ve hře.
0/5/05b780c1.p3d	828_bwgsp_068	Přepínám na termovizi, ale je to tu bordel, RC.
0/5/05bbf5cb.p3d	11017_mahqa_065	Potvrzeno, přepínám.
0/5/05bead38.p3d	8516_mar_a_257	Sakra.
0/5/05c170f9.p3d	4838_maabr_166	Ještě to můžeme zabít!
0/5/05c57bf5.p3d	17168_bwtrb_348	Přilétá! PŘILÉTÁ!
0/5/05c7eede.p3d	19496_bwhqa_165	Rozkazy zrušeny. Úderný tým, ukončete akci a rozejděte se, přepínám.
0/5/05cb2633.p3d	17887_bwtra_244	Přijíždějí hnisaví, vojáci.
0/5/05d45140.p3d	14969_p_uwm_092	Ach bože!
0/5/05e452ff.p3d	12182_nypda_254	Potřebuju, ať se ozvou svědci! Je tu někdo, kdo něco viděl?
0/5/05e4a1ef.p3d	11864_nydisp_129	Všechny jednotky, 10-60-I uzavřeno.
0/5/05ead2ab.p3d	14202_p_fdm_019	Radši udělejte prostor záchranářům.
0/5/05ec4cb8.p3d	15908_p_uem_094	Do prdele!
0/5/05ff2089.p3d	7411_mabcm_079	Zrušte žádost o palebnou podporu, Red Crowne. Vypadá to, že je tu hotovo.
0/5/05fffc6f.p3d	24933_nypda_257	Sakra, ten už toho zažil dost.
0/6/0601ceee.p3d	162_bwbhk_131	Přerušujeme prohledávání, cíl nenalezen, přepínám.
0/6/06076bd9.p3d	1914_bwmls_052	Nahrávám záznam toho, co zbylo.
0/6/060d1776.p3d	24417_maoff_events_045	No tak, jsme tak blízko.
0/6/0610ed9d.p3d	11243_maoff_087	Do prdele s tím! Skončí to tady a teď!
0/6/06179b8e.p3d	11968_nypda_043	Neslyším vás, dispečinku.
0/6/061be264.p3d	9292_mar_b_461	*dušení, dávení* Ať to někdo zastřelí!!
0/6/061d07a9.p3d	25289_nypda_357	Střílí po nás!
0/6/0620feb2.p3d	21990_alex_e05m03_206	Mám tě....
0/6/062c9e5c.p3d	19728_magsp_016	Mariňáci od Tornado Sedm Devět. Jsme tu a chystáme se zaútočit. Opakuji, chystáme se zaútočit.
0/6/062d46f1.p3d	8359_mar_a_099	Zůstaňte ve střehu -- podezřelý je tu někde.
0/6/063502b5.p3d	4803_maabr_131	Nepřítel dole! ZEUS je vyřízenej, přepínám.
0/6/06390db1.p3d	17133_bwtrb_313	Máme tu rudou budovu, opakuji, RUDOU.
0/6/0639a6d5.p3d	12446_nypda_518	Pozor!
0/6/063b809a.p3d	19461_bwhqa_130	Red Crown potvrzuje, že mřížka je nyní bez výsledku. Kontakt s cílem negativní, slyšíte?
0/6/063eb7da.p3d	17852_bwtra_209	Pořádná bouračka. Mohlo by to zkomplikovat věci.
0/6/0647e2e7.p3d	14934_p_uwm_057	Zn-zn-zn-znovu je vidět!
0/6/06559855.p3d	13692_p_erm_214	Uhni! Uhni!
0/6/06595b7a.p3d	22236_bwhqa_e07m02_011	Přivolejte postřikovač. Pokryjeme celou čtvrť toxinem.
0/6/06601408.p3d	24572_alex_e06m02_575	Co teď?
0/6/066641a6.p3d	11507_maoff_360	K zemi!
0/6/06667247.p3d	22667_mabra_e06m04_017	Budeme potřebovat vyklidit tu oblast, než tam pronikne Hammer. Žádám letecký úder.
0/6/066cac51.p3d	23934_alex_062	Kdo jsi...?
0/6/066e9567.p3d	24776_nypda_032	Rozumím, dispečinku.
0/6/0670b39a.p3d	14773_p_mtf_129	Zachraňte toho člověka!
0/6/067a47ff.p3d	17557_bwoff_211	Rozumím.
0/6/067acbcd.p3d	19012_susol_400	Jsem v prdeli!
0/6/0681bf73.p3d	15286_p_mtm_174	Allie! Ach, bože, ALLIE!?
0/6/0684025a.p3d	7608_mabra_048	Jeden pro Bulldoga.
0/6/068416d3.p3d	22572_bwtrb_e06m05_073	Připravte se na prohledávku. Zatlačte všechno zpátky! Hned!
0/6/068a478a.p3d	10347_mahqb_084	Hlášení o situaci?
0/6/068b2d54.p3d	11933_nypda_018	Je po všem, dispečinku. Čas na 10-61.
0/6/068d5b2a.p3d	20125_bwbhk_scream_b	*výkřik*
0/6/068e9435.p3d	10539_mamls_106	Palebná mise je prozrazena, manévrujte.
0/6/06909dc0.p3d	25254_nypda_471	Zabijte tu zasranou věc!
0/6/0691606a.p3d	22173_bwabr_e08m02_13	Prorážíme cestu!
0/6/0695fec7.p3d	24149_p_haf_212	Ono nás dostane!
0/6/069a9fd3.p3d	22558_bwtrb_e06m05_059	Připravte se na prohledávku. Zatlačte všechno zpátky! Hned!
0/6/069f4f97.p3d	21832_alex_e02m01_049	Vypadá, že něco ví...pojďme zjistit co.
0/6/069f83d5.p3d	4640_mar_c_498	Přilétá to!
0/6/06a0d8ad.p3d	8324_mar_a_064	Mám tě plný zuby, hajzle. USTUP!
0/6/06a1425e.p3d	20323_mabra_choke_d	*dušení*
0/6/06a4d8c3.p3d	11797_nydisp_072	Negativní, důstojníku.
0/6/06a840a4.p3d	12289_nypda_361	Vyklidit oblast!
0/6/06ad3606.p3d	12411_nypda_483	Odkud to přišlo?
0/6/06ad51a9.p3d	17695_bwtra_052	Počkej, chci se na něco podívat.
0/6/06aec04f.p3d	14309_p_fdm_125	Potřebujeme policii!
0/6/06b32de5.p3d	1015_bwgsp_254	Fůů, to bylo těsné, moc těsné, potvrďte znovu!
0/6/06b9cdd6.p3d	16630_bwabr_170	Blackjack dva, míříme do horké zóny.
0/6/06bd0c92.p3d	19157_p_hlf_079	Zastavte ho!
0/6/06c65379.p3d	22307_bwhqa_e10m04_082	Zbývají čtyři minuty.
0/6/06c85ba2.p3d	7998_mabhk_097	Je tam dole vrstva mrtvol.
0/6/06cd55b1.p3d	19991_magsp_259	Trochu zaneprázdněn, odložte komunikaci.
0/6/06ed93c7.p3d	22810_maoff_e10m04_074	Pozemní tým hlásí, letouny i vrtulníky jsou připraveny k nasazení. Uvolněte výtahy a poskytněte krycí palbu!
0/6/06edd735.p3d	17522_bwoff_181	To je falešný poplach.
0/6/06f5511a.p3d	15251_p_mtm_139	Zmiz odsud!
0/6/06fdd96f.p3d	10312_mahqb_069	Ano, povoleno.
0/6/06ff2f23.p3d	25097_nypda_048	Dispečinku, tady Charlie Nineteen. To je negativní.
0/7/07022366.p3d	10504_mamls_071	Posíláme údernému týmu naše souřadnice, udržujte vizuál.
0/7/0702a57f.p3d	17959_bwtra_316	Všechny sázky jsou zrušené.
0/7/0706ad56.p3d	2078_bwmls_226	Vedlejší škody jsou mimo kontrolu. Je to k hovnu, ale škoda.
0/7/07098d05.p3d	24114_p_haf_102	Uvízla jsem! Pomoc!
0/7/070d7e85.p3d	19568_bwhqb_066	Ano, pokračujte.
0/7/070e202f.p3d	4483_mar_c_341	Vydrž, kámo!
0/7/071bd24b.p3d	12254_nypda_326	Ježíši Kriste!
0/7/071c4692.p3d	13476_p_ctm_233	Aaah!
0/7/0720e38e.p3d	17660_bwtra_037	Rozumím.
0/7/0724b9c4.p3d	7871_mabra_291	Všichni, ven, ven, ven!
0/7/07286a1b.p3d	16473_bwabr_013	Tady jedeme naslepo, Red Crown.
0/7/0728f4d1.p3d	20238_bwtra_pain_c	*argh*
0/7/07309e50.p3d	19122_p_hlf_046	Kámo, měli bysme odsud vypadnout!
0/7/07394e3a.p3d	234_bwbhk_203	Spatřen rudý cíl, žádáme povolení zaútočit, přepínám.
0/7/073bed5e.p3d	7963_mabhk_062	Thunder volá pozemní jednotku, máte cíl na dohled? Přepínám.
0/7/0747245a.p3d	15098_p_uwm_221	*zabrblání, zasténání* Nedělej to!
0/7/07486d1f.p3d	11315_maoff_171	Mám na mušce cíl!
0/7/0758bcb3.p3d	24555_alex_e05m02_558	Blíží se!.
0/7/075c737a.p3d	17365_bwoff_024	Jsme nasazeni. Jaké jsou rozkazy?
0/7/075f1fd1.p3d	16037_p_uem_222	Prosím! *zasténání* Přestaň! *dávení*
0/7/07708a72.p3d	17205_bwtrb_385	Tohle už jsem viděl, drž se dál!
0/7/0772ccc3.p3d	25062_nypda_369	Sundám tě, kurva!
0/7/077634b0.p3d	17924_bwtra_281	Nemám zájem, jasný?
0/7/077a3c68.p3d	2043_bwmls_181	Vidím jen asfalt a kraviny. Váš sektor je čistý.
0/7/077dbb28.p3d	16737_bwabr_257	Zásah znovu! Do toho!
0/7/07811041.p3d	19533_bwhqb_031	Rozkazy k pronásledování zrušeny.
0/7/07824fb4.p3d	20695_p_erm_pain_d	*argh*
0/7/07866467.p3d	9976_maf35_244	Připravte Citadelu na můj návrat, vracím se jako vítěz.
0/7/078a6c04.p3d	12097_nypda_168	Buďte ve střehu -- musí být přímo pod námi.
0/7/078fd5ae.p3d	13441_p_ctm_198	Krvácím!
0/7/07903fd9.p3d	18606_susol_004	D-Code Sedm hlásí splněnou operaci, přepínám.
0/7/07a4e84b.p3d	8851_mar_b_040	Máme tu rušení.
0/7/07a4ece1.p3d	20342_mabra_scream_c	*výkřik*
0/7/07a60fd8.p3d	21815_alex_e01m02_032	Teď vím, kde je. Čas s tím něco udělat.
0/7/07a614af.p3d	24848_nypda_100	Tady Three Adam Nineteen. Mám pozitivní na podezřelého, žádám vojenskou podporu.
0/7/07a70608.p3d	22755_maoff_e06m01_019	Zrušte ten rozkaz -- to je nepřátelský bojovník! Palte!
0/7/07a83059.p3d	14845_p_mtf_199	Óhó! Někdo! Pomoc!
0/7/07b70968.p3d	11158_maoff_018	Ozvěte se s kontaktem, přepínám.
0/7/07bab376.p3d	15063_p_uwm_186	Neohlížej se!
0/7/07c1c6d6.p3d	10419_mahqb_156	Veliteli úderu, nasaďte se.
0/7/07c8198a.p3d	25326_nypda_464	Tohle nevypadá dobře!
0/7/07d2aeed.p3d	16002_p_uem_187	Zdrhej!
0/7/07db1bbb.p3d	4718_maabr_046	Mám hořáky v Rudé zóně. Připravte se je zlikvidovat, přepínám.
0/7/07df26b7.p3d	17048_bwtrb_228	Je čas jít.
0/7/07e199de.p3d	19376_bwhqa_065	Rozumím.
0/7/07e4d0f5.p3d	17767_bwtra_124	Jestli tohle není katastrofa, tak se jí to hodně blíží.
0/7/07e669a0.p3d	20101_bwabr_scream_b	*výkřik*
0/7/07eeec68.p3d	22888_mar_b_e02m05_018	Ani náhodou.
0/7/07ef3946.p3d	16990_bwtrb_170	Je to trik! To je Mercer!
0/7/07f14ce4.p3d	16702_bwabr_222	Taktický cíl splněn. Potvrďte.
0/7/07f48bdc.p3d	19229_p_hlf_149	Ježíši!
0/7/07fa0566.p3d	22354_bwhqb_e07m04_008	Masky nasadit, vydržte, blíží se letecky nasazený toxin. Cokoli virového v okruhu čtvrt kiláku toho bude litovat.
0/7/07fdfda7.p3d	12062_nypda_129	Zásobník do pistole! Potřebuju zásobník do pistole!
0/7/07fe508f.p3d	11852_nydisp_117	Všechny jednotky, pozor na křížovou palbu, situace se rychle vyvíjí.
0/7/07fe720a.p3d	13284_p_ctm_043	To je on, to je on!
0/8/0816ccb5.p3d	14688_p_mtf_044	Zavolejte policii!
0/8/0819a34a.p3d	24813_nypda_020	10-4, jsme na 10-61.
0/8/081bc215.p3d	14810_p_mtf_164	Nechceš tohle dělat, prosím!
0/8/082174d2.p3d	22978_mcmul_e04m03_004	Lokalita hlásí čisto. Čekejte, Echo Teame -- budu na místě za pět minut.
0/8/082cd07b.p3d	15323_p_mtm_211	Hej!
0/8/0831a358.p3d	14380_p_fdm_196	Umírám! Pomozte mi!
0/8/08358d26.p3d	9172_mar_b_341	Zabijte ho, než to odpálí!
0/8/08434df3.p3d	24538_alex_e04m01_542	Do prdele. Musím je vyřídit, než najdou Danu.
0/8/08459f7b.p3d	4555_mar_c_413	Co se děje? Garcesi, vidíš něco!?
0/8/0849b2e7.p3d	21565_bwabr_257	Zásah znovu! Do toho!
0/8/0852b5e8.p3d	17013_bwtrb_193	Ty! Jsi to ty, viď!
0/8/08534f0c.p3d	12326_nypda_398	Chyťte ho!
0/8/08552b9a.p3d	19341_bwhqa_030	Tady Red Crown, ruším pátrací protokol, přepínám.
0/8/08586011.p3d	17732_bwtra_089	Cíl nezastižen, opakuji, nezastižen, přepínám.
0/8/085fe6dc.p3d	16545_bwabr_085	ZEUS na scanerech, zapojujeme se.
0/8/086148d3.p3d	21774_speci_e04m04_076	Sbohem.
0/8/0868901b.p3d	9784_maf35_072	Hlídejte si záda, pozemní jednotky, ZEUS je někde tam.
0/8/0868d59d.p3d	8958_mar_b_127	Ách -- rána zezadu!
0/8/086d657c.p3d	20068_magsp_336	*křik*
0/8/086f408c.p3d	13572_p_erm_094	Do prdele!
0/8/0870cafb.p3d	306_bwbhk_275	Žádost o rozšíření pátracího vzorce, přepínám.
0/8/0871e5b6.p3d	971_bwgsp_211	Cíle sestřeleny, všechny cíle splněny.
0/8/0875760e.p3d	18088_bwtra_445	Sakra. Vypadám dobře?
0/8/087b3967.p3d	22050_alex_e06m05_266	Nevím, co jsi, ale zabiju tě.
0/8/087bd310.p3d	4981_maabr_289	Držte se!
0/8/087e00d8.p3d	13092_p_ctf_081	Já? To je směšné!
0/8/0883e23f.p3d	21696_karen_e03m01_014	Zabils je!
0/8/0893b4e8.p3d	14583_p_ham_169	Co chceš!? Chceš, abych sakra prosil? Fajn, budu prosit, kámo, prosím!
0/8/0893f03b.p3d	17437_bwoff_096	Sundejte je!
0/8/089b6a39.p3d	15166_p_mtm_058	Je v davu!
0/8/08aa4102.p3d	25134_nypda_153	Vidím ho, vypadá to na muže, nezdá se zraněný. Je to tak?
0/8/08aebded.p3d	8092_mabhk_191	Letíme se na to podívat, čekejte.
0/8/08b1bbd3.p3d	2115_bwmls_263	Cílová zóna klidná a prašná, Red Crown, čekám na aktualizaci.
0/8/08b43935.p3d	4398_mar_c_256	To je on. Pal.
0/8/08b88cc4.p3d	19605_bwhqb_083	Jaká je situace v terénu?
0/8/08b92e97.p3d	4520_mar_c_378	Držte se u sebe, mariňáci! Zůstaňte spolu!
0/8/08be8782.p3d	11785_nydisp_070	Rozumím, důstojníku.
0/8/08c1eb66.p3d	12169_nypda_241	Hajzl!
0/8/08d37898.p3d	16510_bwabr_050	Polní jednotky, hlaste se.
0/8/08dc64ce.p3d	8923_mar_b_092	Pohybujte se v párech. Rozptylte se, najděte to!
0/8/08df6740.p3d	149_bwbhk_118	Potřebujeme sem úderový balíček, a rychle!
0/8/08e0f738.p3d	20033_magsp_301	Shoď to! Shoď to!
0/8/08e700b1.p3d	19871_magsp_159	Vypadá to, že tohle můžeš uzavřít.
0/8/08e907ca.p3d	18053_bwtra_410	Namiř tu bouchačku na někoho jinýho, kámo.
0/8/08f4e4f2.p3d	18976_susol_364	Nepřátelské vozidlo!
0/8/08f97ab6.p3d	9279_mar_b_448	Bože! Prosím! Nezabíjej mě!
0/9/09071bee.p3d	21961_alex_e05m02_177	Jsi v pořádku?
0/9/090781f7.p3d	17402_bwoff_061	Tohle je moc velké na to, aby se to dalo zamést pod koberec.
0/9/090efbf5.p3d	15131_p_mtm_023	J-j-já jsem zavolal poldy. Jsou, jsou na cestě.
0/9/09154b67.p3d	15894_p_uem_080	Tamhle! Jsem si jistej.
0/9/091918ec.p3d	19448_bwhqa_117	Tady Red Crown. Jednotky jsou v přidělených mřížkách. Čekáme na potvrzení zásahu.
0/9/091c4db6.p3d	17839_bwtra_196	Další?
0/9/09218d0a.p3d	24025_bwhqb_free_026	Narušení perimetru! Zasypte to palbou, zasypte to palbou! Nenechte to projít.
0/9/0927caf1.p3d	4363_mar_c_221	To je zásah!
0/9/092b0f52.p3d	22527_bwtrb_e04m03_027	Hlídejte si boky! Pohyb a palba!
0/9/093330bc.p3d	13679_p_erm_201	*vzlyk* Ta bolest!
0/9/09357d0c.p3d	12134_nypda_205	Nevím. Já nevím!
0/9/0935f154.p3d	13356_p_ctm_113	Tamhle jsou! Nakažení!
0/9/093cfcf4.p3d	8766_mar_a_487	Svoji, ty debile, svoji!
0/9/093e64c4.p3d	7751_mabra_191	Něco máme na termovizi, jdeme to zkontrolovat, přepínám.
0/9/0941ee68.p3d	13199_p_ctf_188	Hni sebou! Běž!
0/9/0948f64c.p3d	10682_mamls_229	Utíkají, hoďte na ně všechno, co máme.
0/9/095055d4.p3d	24292_p_haf_050	Koukej -- to je ten samej chlap!
0/9/0952f671.p3d	114_bwbhk_083	Sakra! Vážné poškození, systémy funkční!
0/9/095ea9fb.p3d	20527_nypda_pain_d	*argh*
0/9/0965c47e.p3d	15100_p_uwm_223	Ah! Můj krk! *zasténání*
0/9/09687699.p3d	18941_susol_329	Skládá se to!
0/9/096d0c72.p3d	9244_mar_b_413	To není jeden z našich!
0/9/0972ab3f.p3d	8199_mabhk_278	Jsem v hovnobouři, odložte vysílání.
0/9/097d1c3c.p3d	4627_mar_c_485	Pal!
0/9/09845794.p3d	15541_p_suf_197	Ááách, moje noha!
0/9/0985a4e3.p3d	22820_mar_a_e02m02_002	Mám takový pocit, že až jedna z těch věcí začne pípat, bude už pozdě.
0/9/0986da85.p3d	22270_bwhqa_e08m03_045	Udržujte zabezpečení. Vypadá to, že teď řídnou. Zbývá 25 % toxinu. Čekejte.
0/9/098ca81d.p3d	19413_bwhqa_082	Polní veliteli, Red Crown žádá o stav, přepínám.
0/9/098f3ffc.p3d	11493_maoff_320	Zbraně dolů! Vlastní!
0/9/098fdf72.p3d	17804_bwtra_161	Zóna je vyčištěná.
0/9/09976628.p3d	16617_bwabr_157	Zabalte to a odvezte na velitelství.
0/9/0998326e.p3d	22578_bwtrb_e07m01_079	Potřebujeme blízkou podporu na mé Dvacítce. Ghoste Dvanáct, slyšíte mě, přepínám?
0/9/099d639a.p3d	22256_bwhqa_e08m03_031	Mám pozemní potvrzení kontaktů na jih od vás.
0/9/09a00f67.p3d	9856_maf35_144	Kryjte se, pozemní! Přilétá to!
0/9/09a6bfd8.p3d	13644_p_erm_166	Nechceš tohle udělat! Prosím!
0/9/09a98070.p3d	13321_p_ctm_078	Tamhle! Přímo tamhle!
0/9/09a9bf3b.p3d	10033_maf35_301	Voodoo zasaženo! Voodoo zasaženo!
0/9/09aaee18.p3d	19978_magsp_246	Prostě zmlkni, zmlkni.
0/9/09ad0109.p3d	7594_mabra_034	Potvrďte stav cíle, přepínám.
0/9/09b08eb0.p3d	8731_mar_a_452	Bože a Ježíšku.
0/9/09b58024.p3d	13164_p_ctf_153	Trefí nás!
0/9/09be24e2.p3d	584_bwbra_179	Potvrzeno, cíl dole v zabíjecí zóně.
0/9/09c1db32.p3d	14725_p_mtf_081	Nejsem vrah!
0/9/09c42a0a.p3d	22086_alex_e08m02_304	Cíl, Times Square. Jedna kolona, pohyb!
0/9/09c6b09c.p3d	13782_p_fdf_068	Proměnil se! Vidělas to?
0/9/09cb6f87.p3d	17509_bwoff_168	Vstupuji do boje.
0/9/09d2e983.p3d	15238_p_mtm_128	Ten chlap je vyřízenej.
0/9/09d7befe.p3d	14295_p_fdm_111	Blíží se!
0/9/09d8222e.p3d	22138_alex_e09m03_355	Ne, tam se nemáš kam schovat.
0/9/09dba62c.p3d	9087_mar_b_256	To... *povzdech* Kámo, to nebyl on.
0/9/09e1b989.p3d	25206_nypda_088	Echo Twelve, hlásím nepřátele na své pozici.
0/9/09e63cfb.p3d	8164_mabhk_243	Žádost o rozšíření pátracího vzorce, přepínám.
0/9/09e98cf6.p3d	23001_ragla_e05m02_021	POMOC!
0/9/09f2f3f0.p3d	15384_p_suf_042	Držte se od něj dál!
0/9/09fe7bf5.p3d	17647_bwtra_024	Ahoj. Máš nějaké skutečné zprávy?
0/a/0a025216.p3d	7858_mabra_278	Přivolej palebnou podporu na můj povel, musím ustoupit, přepínám.
0/a/0a07f212.p3d	20174_bwgsp_scream_c	*výkřik*
0/a/0a07fb76.p3d	21892_alex_e03m03_108	Tahle hmota...jestlipak je to ta odpověď
0/a/0a08e446.p3d	16870_bwtrb_070	Měj oči otevřené.
0/a/0a09f671.p3d	4171_mar_c_039	Jestli nám tihle hajzlové kryjou záda, budu chodit bokem.
0/a/0a0e36b7.p3d	19109_p_hlf_033	S kým si myslíš, že si zahráváš?
0/a/0a17febc.p3d	886_bwgsp_126	Nepřítel se zahřívá, ustupte!
0/a/0a17ff2f.p3d	11840_nydisp_105	Máme ozbrojeného podezřelého na útěku. Může ho nějaká jednotka pronásledovat?
0/a/0a18a582.p3d	21038_p_uwm_cough_c	*kašel*
0/a/0a1c7388.p3d	11075_mahqa_103	Taktické cíle na dohled. Vypadá to dobře.
0/a/0a1e8012.p3d	19943_magsp_231	Rozumím.
0/a/0a1f2b33.p3d	8574_mar_a_315	Kurva. Kurva, kurva, kurva!
0/a/0a20848b.p3d	18125_bwtra_482	Seru na tohle, JSEM PRYČ.
0/a/0a2b2200.p3d	10490_mamls_057	Vítejte ve městě sraček.
0/a/0a39ce03.p3d	14498_p_ham_084	Ne! To nejsem já! To nejsem já!
0/a/0a3ec5f0.p3d	14620_p_ham_206	K zemi!
0/a/0a4678b4.p3d	15203_p_mtm_093	Co se sakra stalo?
0/a/0a4b4e1a.p3d	14260_p_fdm_076	To je on!
0/a/0a4ccab2.p3d	15966_p_uem_151	Uhni mu z cesty!
0/a/0a4f37e8.p3d	9052_mar_b_221	Co tu máme dělat!?
0/a/0a505d65.p3d	25049_nypda_131	Nehýbe se to!
0/a/0a5630a7.p3d	23881_alex_009	Palte na můj cíl, souřadnice Zulu jedna tři devět. Okamžitě. Palte na zásah!
0/a/0a5a2218.p3d	24019_bwhqb_e07m02_022	Sigma jedna hlásí neúspěšné nasazení v horké zóně. Velitelství Red Crown, berte na vědomí, ZEUS spatřen. Konec.
0/a/0a5a90e5.p3d	24051_bwoff_events_012	Zdá se, že nám Zeus pomáhá! Co to sakra je?
0/a/0a5f47b2.p3d	4435_mar_c_293	Přestaň s tím!
0/a/0a606f04.p3d	24991_nypda_001	Nevím proč, ale dneska se to nějak lepší.
0/a/0a67e9d4.p3d	1972_bwmls_110	Budete to muset zopakovat, vidím pevný cíl, přepínám.
0/a/0a6cf9ce.p3d	12206_nypda_278	Dispečinku, mám zasaženou budovu.
0/a/0a6d6e15.p3d	13428_p_ctm_185	Jen běž!
0/a/0a75e3d2.p3d	7823_mabra_243	Bulldog teď opouští zabijáckou zónu, přepínám.
0/a/0a8075ad.p3d	10754_mamls_301	Tank vyřazen, tank vyřazen!
0/a/0a82809d.p3d	8838_mar_b_027	Nemám je rád. Vůbec ne.
0/a/0a87d580.p3d	24364_p_haf_155	Pomoc!
0/a/0a8a9e3e.p3d	13889_p_fdf_172	Zpátky!
0/a/0a8b8ded.p3d	851_bwgsp_091	Cíl přerušil kontakt. My- máme další žádost o palebnou podporu, přepínám.
0/a/0a8d176c.p3d	7915_mabhk_014	Připraveni k boji. Do toho!
0/a/0a8d19cc.p3d	19786_magsp_074	Mariňáci, mariňáci, oči otevřené! Nepřítel není na skenerech. Vidíte ho?
0/a/0a9002c3.p3d	11040_mahqa_078	Negativní, opakujte?
0/a/0a957e10.p3d	4861_maabr_189	Pal!
0/a/0a998921.p3d	17191_bwtrb_371	Kdo to je? Uvolněte je!
0/a/0aa48933.p3d	9316_mar_b_485	Do krytu! Běžte, běžte!
0/a/0aa860e2.p3d	14992_p_uwm_115	Pryč od nich!
0/a/0aad5faa.p3d	14463_p_ham_049	Sleduj ho! Sleduj ho!
0/a/0abcd028.p3d	22069_alex_e07m02_285	V tomhle svinstvu nemůžu zůstat dlouho. Udeřit a zmizet....
0/a/0ac05c5a.p3d	15931_p_uem_117	Nakažený! Támhle!
0/a/0ac3eba7.p3d	25014_nypda_025	Dispečinku, mám možné 10-34. Charlie Nineteen jde se podívat.
0/a/0accd198.p3d	16977_bwtrb_157	Ještě krok a střílím.
0/a/0ad2d959.p3d	4400_mar_c_258	Je to on! Zastřelte toho hajzla.
0/a/0ad8360d.p3d	11773_nydisp_058	Potvrzeno, máme ho, 10-4.
0/a/0adb960e.p3d	12049_nypda_116	Dispečinku! Dispečinku! Velká dopravní nehoda na mé pozici! Slyšíte?
0/a/0ae48055.p3d	7666_mabra_106	Vylez ven a bojuj, ty hovado.
0/a/0ae72fb8.p3d	93_bwbhk_062	Ghost hlásí. Ehm, cíl možná opustil sektor, přepínám.
0/a/0ae80dfc.p3d	8803_mar_a_524	Pomozte mi!
0/a/0aeba887.p3d	11991_nypda_057	Jsme tu, abychom pomohli.
0/a/0aecff70.p3d	13236_p_ctf_225	Prosím přestaňte.
0/a/0aef0fa5.p3d	10597_mamls_164	Žádáme pozorovatele v inspekční zóně, potřebujeme potvrdit cíl.
0/a/0af5a443.p3d	656_bwbra_251	Přerušit, ztratili jsme cíl. Opakuji, přerušit.
0/a/0afe2fe5.p3d	13854_p_fdf_137	Někdo má zbraň!
0/b/0b00ab73.p3d	19751_magsp_039	Chalk Tři od Tornado Lima Kilo, zapojuji se na cíl. Manévruji od severozápadu.
0/b/0b0156a8.p3d	8382_mar_a_122	Pusť!
0/b/0b0bdd84.p3d	15015_p_uwm_138	Střelec!
0/b/0b0e8fb4.p3d	18856_susol_244	Bude to chtít víc, abys mě dostal na kolena!
0/b/0b0f3bbf.p3d	14367_p_fdm_183	Odejděte! Hned!
0/b/0b132578.p3d	9159_mar_b_328	Nepřátelský projektil -- pozor na něj!
0/b/0b13abdf.p3d	1073_bwgsp_311	Systémy narušeny, ztrácím kontrolu!
0/b/0b1dbc47.p3d	8236_mabhk_315	Jdeme na to naplno!
0/b/0b2a733a.p3d	15456_p_suf_112	Držte se od nich dál!
0/b/0b32c3ec.p3d	19328_bwhqa_017	ZEUS se odpojil. Varujte všechny jednotky.
0/b/0b35f878.p3d	17719_bwtra_076	Nasaďte Úderný tým -- hned, sakra! Mám tu velitele rozřezanýho na kousky!
0/b/0b406354.p3d	16942_bwtrb_122	Nakopali jsme jim zadky, přepínám.
0/b/0b4175d3.p3d	4243_mar_c_112	Velení v terénu, tohle musíte vidět. Vypadá to na pevnou strukturu, drženou nepřítelem.
0/b/0b4cd8f3.p3d	13559_p_erm_081	Co? Já? Ne! Ne, ne!
0/b/0b4e54fc.p3d	17580_bwoff_229	Jsme PŘÁTELÉ!
0/b/0b4f253f.p3d	12014_nypda_081	Charlie Nineteen všem ostatním jednotkám. Podezřelý unikl. Mějte oči otevřené.
0/b/0b56a7f4.p3d	8646_mar_a_387	Je v tom zasraným voze!
0/b/0b580f86.p3d	7631_mabra_071	Pohyb, máme úklid.
0/b/0b596b77.p3d	4968_maabr_276	Ustupte do bezpečné vzdálenosti.
0/b/0b5b992b.p3d	13079_p_ctf_069	Já nevím!
0/b/0b5d76b1.p3d	17298_bwtrb_478	Pokračuj v tom.
0/b/0b5e572c.p3d	10370_mahqb_107	Stále plníme své taktické cíle.
0/b/0b608ea1.p3d	13201_p_ctf_190	Utíkej dál!
0/b/0b62a14c.p3d	10562_mamls_129	Pozorovatel se přibližuje, aby potvrdil zásah.
0/b/0b643dfd.p3d	499_bwbra_094	Ježíši, město je na hadry. Úplně na hadry.
0/b/0b7c98c4.p3d	11877_nydisp_142	Všechny jednotky, ohlaste se! Padly výstřely, žádán vojenský zásah na pozici policisty, přepínám.
0/b/0b7d296e.p3d	18699_susol_087	Tvrdý nepřátelský kontakt. Máme opevněné zařízení.
0/b/0b7d81fc.p3d	23910_alex_038	Aha.
0/b/0b82215b.p3d	18821_susol_209	Tohle je špatně, celé je to zasraně špatně.
0/b/0b82cd66.p3d	14332_p_fdm_148	Co to sakra dělá!?
0/b/0b86b4a9.p3d	9124_mar_b_293	Do prdele!
0/b/0b8c563f.p3d	8079_mabhk_178	Nepřítel v otevřeném terénu, pálíme.
0/b/0b911c49.p3d	19180_p_hlf_102	Uvízla jsem! Pomoc!
0/b/0b914b78.p3d	8201_mabhk_280	Pozor, cíl je ozbrojen, přepínám.
0/b/0b96c6fe.p3d	4507_mar_c_365	Tahle oblast je zakázaná!
0/b/0b971b22.p3d	7541_mabcm_195	Základna se hroutí. Těžké ztráty a poškození. Nevím, jak dlouho to ještě udržíme, Red Crowne.
0/b/0b9741c5.p3d	20733_p_fdf_pain_b	*argh*
0/b/0b99c9aa.p3d	292_bwbhk_261	Zóna je modrá, hrozba dole, opakuji, hrozba dole.
0/b/0b9e0256.p3d	15421_p_suf_077	Přímo před tebou!
0/b/0ba4f5d2.p3d	22510_bwtrb_e02m01_010	Pane?
0/b/0ba8eb05.p3d	11373_maoff_229	Ó bože, ne, to je špatný chlap!
0/b/0bb9ba29.p3d	9736_maf35_024	Odcházím z party, zkusím to dotáhnout do Citadely, přepínám.
0/b/0bc06a9a.p3d	13524_p_erm_046	Hej, to je, to je ten chlap! Ze zpráv!
0/b/0bc30d39.p3d	923_bwgsp_163	Red Crown, máme tu skiny, přepínám. Palte.
0/b/0bc49918.p3d	19858_magsp_146	Vidíš to? Vlevo?
0/b/0bc5444e.p3d	8489_mar_a_230	Zastřelím tě!
0/b/0bc78205.p3d	11112_mahqa_140	Máme čistý bojový prostor, přepínám.
0/b/0bca39b0.p3d	8611_mar_a_352	Dávej pozor, kam tu šlapeš.
0/b/0bccfd33.p3d	4933_maabr_241	Jsme čistí. Oblast je čistá, přepínám.
0/b/0bcf2ae8.p3d	13044_p_ctf_035	Hej! Dávej si pozor!
0/b/0bd1086d.p3d	17263_bwtrb_443	Jako rukojmí bych ti mohl posloužit líp.
0/b/0bd6b296.p3d	17982_bwtra_339	Příště přines nějakou VÝBAVU.
0/b/0bd7cfa4.p3d	464_bwbra_059	Rudý nepřítel zlikvidován, přepínám.
0/b/0bde3923.p3d	16795_bwabr_315	Ven! Hned!
0/b/0be18b7d.p3d	19591_bwhqb_079	Negativní, přepínám.
0/b/0be4df0b.p3d	14535_p_ham_121	Sakra, zahoď to!
0/b/0bed8c47.p3d	20325_mabra_dying_b	*chroptění*
0/b/0bfa53c0.p3d	20199_bwmls_scream_d	*výkřik*
0/b/0bffe7fb.p3d	8044_mabhk_143	Thunder Čtyři Pět, cíl připraven spustit palbu.
0/c/0c05b79f.p3d	7384_mabcm_052	Ozvěte se, přepínám.
0/c/0c0e02da.p3d	1887_bwmls_025	Highball sedm nemá cíl.
0/c/0c0e980b.p3d	25392_alex_e04m02_702	Musím přidat.  Určitě mě už zaměřují.
0/c/0c14e044.p3d	20826_p_hlf_cheer_c	Tak se to dělá, kluci!
0/c/0c1bfd16.p3d	7738_mabra_178	Aktivujte všechny střely. Zkontrolujte optiku na cíle.
0/c/0c20df8a.p3d	22636_mabhk_e09m01_005	Velitelství, opouštíme dočasnou základnu H Třicet Dva.
0/c/0c268eb3.p3d	10669_mamls_216	Red Crown, tank nemůže vyhovět žádosti, přepínám.
0/c/0c2d2370.p3d	728_bwbra_313	Otevřete poklop, otevřete ho!
0/c/0c2df244.p3d	24279_p_haf_167	Neubližujte mi, jo? Nic jsem vám neudělala.
0/c/0c31c27f.p3d	21065_p_uwm_fallscream_b	*výkřik*
0/c/0c35af31.p3d	13926_p_fdf_209	K zemi!
0/c/0c382ad4.p3d	19823_magsp_111	Red Crown, Tornado Echo Dva, máme cíl zaměřený. Sežeňte na to nějakou podporu navíc.
0/c/0c38d369.p3d	8454_mar_a_194	Rozkaz, pane!
0/c/0c3a2f4d.p3d	18005_bwtra_362	To je ZEUS! Všichni ke mně!
0/c/0c3b99b6.p3d	4776_maabr_104	Velitelství, žádáme podporu. Cíl v Zóně, sami to nezvládneme, přepínám.
0/c/0c44d0ef.p3d	22547_bwtrb_e05m01_047	Zapojuji ZEUSE! Žádám podporu!
0/c/0c460f00.p3d	18928_susol_316	Přerušuje kontakt!
0/c/0c4d795e.p3d	24023_bwhqb_e09m01_024	Tady plukovník Taggart. Všechny letecké přepravy byly prozrazeny. Veškerý personál uvězněný v horké zóně musí hledat jiný způsob evakuace! Konec.
0/c/0c51c854.p3d	16760_bwabr_280	Jsme v tom až po krk, RC, držte linii.
0/c/0c5509d7.p3d	19287_p_hlf_207	Pohni se!
0/c/0c586e27.p3d	14500_p_ham_086	Ne, tohle máte celý blbě!
0/c/0c61effb.p3d	15528_p_suf_184	Rychleji! Rychleji!
0/c/0c6505d9.p3d	20383_magsp_pain_d	*argh*
0/c/0c667577.p3d	15846_p_uem_034	Z cesty, blbče.
0/c/0c6c464f.p3d	22294_bwhqa_e10m04_069	Prvky Tornado a Ghost, uvolněte palubu, okamžitě uvolněte palubu. Vzlétněte a vstupte na bojovou oběžnou dráhu.
0/c/0c78f273.p3d	4315_mar_c_172	Tým Charlie X-Ray? Slyší mě někdo?
0/c/0c8718d8.p3d	13308_p_ctm_066	Co? To je on!?
0/c/0c8b1696.p3d	11181_maoff_043	Sakra, opouští zónu zásahu, Red Crown, přepínám.
0/c/0c8e2702.p3d	8718_mar_a_439	Red Crown, operace úspěšná. Opakuji, úspěšná!
0/c/0c8f8ed2.p3d	7703_mabra_143	Seber z toho něco pro zpravodajce, přepínám.
0/c/0ca18043.p3d	24244_p_haf_036	DO PRDELE!
0/c/0ca2040a.p3d	20744_p_fdm_cheer_a	*smích* Já to věděl!
0/c/0ca44904.p3d	13769_p_fdf_056	Tamhle! Tamhle! Je tamhle!
0/c/0ca76fad.p3d	8297_mar_a_036	Jde se na to.
0/c/0caf28d2.p3d	4741_maabr_069	Polní veliteli, máš potvrzení polohy cíle? Tady jsme naslepo.
0/c/0cb333e3.p3d	17071_bwtrb_251	Falešný zásah. Pořád je aktivní, vojáci.
0/c/0cb3cd07.p3d	12384_nypda_456	Nemusíš to dělat takhle, slož ho a můžeme to vyřešit.
0/c/0cb8de0c.p3d	17790_bwtra_147	Trefte ho do zad! Sakra, trefte to!
0/c/0cba4cc7.p3d	14404_p_fdm_220	Co to děláte?
0/c/0cc89908.p3d	19252_p_hlf_172	Uhni mi z cesty!
0/c/0cd148f6.p3d	364_bwbhk_333	Ztrácíme kontrolu, opakuji, ztrácíme kontrolu!
0/c/0cd35439.p3d	22276_bwhqa_e09m03_051	Máme pozitivní ZAMĚŘENÍ!
0/c/0ce00131.p3d	21863_alex_e03m01_079	Jo...dobře.
0/c/0ce0679f.p3d	11445_maoff_283	Dobře, dobře -- dost, blbče!
0/c/0ce5e475.p3d	21915_alex_e04m01_131	Ty jsi další.
0/c/0ce67c98.p3d	16857_bwtrb_057	Páni.
0/c/0ce78ed8.p3d	4158_mar_c_026	Kapitáne, pane.
0/c/0cf136ea.p3d	9808_maf35_096	Spouště aktivní! Připravte se na druhý úder, přepínám.
0/c/0cf1e4ad.p3d	11761_nydisp_046	Potvrďte totožnost pachatele? Je to náš muž?
0/c/0cf46e36.p3d	17495_bwoff_154	To musí být ZEUS!
0/d/0d020272.p3d	23045_tagga_e09m03_005	Tady Taggart. Jsme v pohodě?
0/d/0d047085.p3d	10285_mahqb_042	Přecházíte na službu zadržení, hned teď, do toho. Nulová tolerance.
0/d/0d061ec3.p3d	20713_p_fdf_cough_b	*kašel*
0/d/0d06aa32.p3d	13116_p_ctf_105	*vzlyky* Myslím, že je ten muž uvězněný. Může mu někdo pomoct!? Prosím! Pomozte mu, prosím!
0/d/0d08ba67.p3d	10477_mamls_044	Akce dvanáct, akce dvanáct, dneska máme štěstí.
0/d/0d0abfbf.p3d	25192_nypda_279	Tady Adam Three Victor Nine, mám tu stavbu, co vypadá zkorumpovaně.
0/d/0d0f4f05.p3d	536_bwbra_131	ZEUS je horký, pozor, přepínám.
0/d/0d1239af.p3d	2173_bwmls_311	Motory hoří, za chvíli to bouchne!
0/d/0d126571.p3d	23957_alex_085	Ještě tu neskončíme.
0/d/0d190abf.p3d	19663_bwhqb_141	Máme zelenou. Zahajte úder.
0/d/0d1c5bcc.p3d	14607_p_ham_193	Jsem zraněnej! Ách, sakra....
0/d/0d1ee276.p3d	24533_alex_e03m02_537	Mám jeden.
0/d/0d1f7d95.p3d	23021_ragla_e06m02_041	Budeš potřebovat ještě aspoň jedno, abys ho dostal, Alexi!
0/d/0d25df33.p3d	21733_speci_e04m04_035	Potřebuju palebnou clonu -- hned teď! Skoste je!
0/d/0d283a76.p3d	18736_susol_124	Další je dole.
0/d/0d28e681.p3d	14247_p_fdm_063	Ale ne!
0/d/0d2cd03a.p3d	9039_mar_b_208	Vidím to! Vím, že je to on!
0/d/0d2dc951.p3d	23909_alex_037	Jo.
0/d/0d376728.p3d	8116_mabhk_205	Potvrzuji.
0/d/0d3c4f8d.p3d	20963_p_suf_gasp_d	*lapání po dechu*
0/d/0d3c6848.p3d	21719_speci_e04m04_021	Zabiju tě!
0/d/0d3ce2c9.p3d	8981_mar_b_150	Kriste, myslím, že to je náš rotmistr.
0/d/0d3d36eb.p3d	7456_mabcm_124	Je to hotové, Red Crowne. Jednotka Charlie zlikvidovala ZEUSE. Čekejte.
0/d/0d3e0f11.p3d	24978_nypda_203	Tak jo, co to sakra je!?
0/d/0d457f9b.p3d	1959_bwmls_097	Tohohle potvrzuji, dejte mu ochutnat.
0/d/0d4f0879.p3d	11288_maoff_291	Williamsone, Ali, do toho! Hned!
0/d/0d53f946.p3d	11410_maoff_248	Bože, ten je roztrhaný na kusy!
0/d/0d58dc9b.p3d	21587_magsp_059	Těžko říct. Je to hned nalevo od nás. Nalevo dole.
0/d/0d5a0e54.p3d	16822_bwtrb_022	Ztráta kontaktu, přepínám.
0/d/0d67ffdd.p3d	17460_bwoff_119	Stůj. Tahle oblast je zakázaná.
0/d/0d69263f.p3d	838_bwgsp_078	Žádám úderný balíček, opakuji, žádám balíček, přepínám.
0/d/0d6d9b2a.p3d	11027_mahqa_065	Potvrzeno, přepínám.
0/d/0d7052b6.p3d	8526_mar_a_267	Našel jsem to! Přímo tam!
0/d/0d731677.p3d	4848_maabr_176	Všechny týmy! Palte! Palte! Palte!
0/d/0d74180c.p3d	20854_p_hlf_pain_c	*argh*
0/d/0d772173.p3d	17178_bwtrb_358	Polož mě, hajzle!
0/d/0d78022c.p3d	10250_mahqb_007	Slyším vás. Odvolejte pohotovost.
0/d/0d7c16ea.p3d	17300_bwtrb_480	Nepřetržitá palba.
0/d/0d7c4c0e.p3d	10442_mamls_009	Všechny senzory a optika ukazují negativní.
0/d/0d7ccbb1.p3d	17897_bwtra_254	Narážíme na taktickou pevnost.
0/d/0d82de21.p3d	501_bwbra_096	To, co vidíme, nevypadá dobře, RC.
0/d/0d85f949.p3d	14979_p_uwm_102	Můžu někomu pomoct?
0/d/0d896c5a.p3d	22596_dana_e06m01_004	Proboha...
0/d/0d95f87d.p3d	12192_nypda_264	Mám tu místo činu pro forenzní tým.
0/d/0d964764.p3d	11865_nydisp_130	Všechny jednotky, honička podezřelého ukončena. Opakuji, ukončena.
0/d/0d9bc992.p3d	18701_susol_089	Nepřátelská struktura na dvacítce, Textbook hlásí Hotel Indigo Victor Echo.
0/d/0d9bfd7d.p3d	24440_mcmul_e04m03_102	Zůstaňte blízko! Nesmíme ho zase ztratit.
0/d/0d9c7829.p3d	14212_p_fdm_029	Neuvěřitelné!
0/d/0d9df4c1.p3d	15918_p_uem_104	Augh! Jsem zraněnej! Asi jsem zraněnej! Ach bože...
0/d/0da05f6b.p3d	9004_mar_b_173	Ta věc se sakra umí měnit!
0/d/0da776a6.p3d	21048_p_uwm_gasp_a	*lapání po dechu*
0/d/0da785cf.p3d	24586_alex_e06m03_589	Spojení sílí.
0/d/0db0c607.p3d	7421_mabcm_089	Připravte další polní tým, vyšlete ho na můj povel, přepínám.
0/d/0db1a8f3.p3d	24943_nypda_427	Vypadněte odsud!
0/d/0db3746c.p3d	172_bwbhk_141	Kroužíme, vypadá to horké, přepínám.
0/d/0db91157.p3d	1924_bwmls_062	Úderný balíček, úderný balíček, předáme data Beamrideru, přepínám.
0/d/0dc2931b.p3d	11253_maoff_097	Ošetřovatele! Ošetřovatele!
0/d/0dc940ed.p3d	11978_nypda_043	Neslyším vás, dispečinku.
0/d/0dcb2f0f.p3d	22187_bwabr_e08m03_27	Do prdele! Lezou ze země -- všechny body, zkontrolujte si okolí pozic!
0/d/0dceb145.p3d	25299_nypda_497	Jsi čistý?
0/d/0dd19d30.p3d	10706_mamls_253	Tahle pozice je prozrazená, balíme se!
0/d/0dd2c94e.p3d	21794_alex_e01m01_011	Kde je sakra hodně lidí? KDE?!
0/d/0dd90003.p3d	24316_p_haf_140	Nechci bejt postřelená.
0/d/0ddcb7fb.p3d	803_bwgsp_043	Red Crown, připraveni zahájit, útočný nálet Bravo.
0/d/0dde43da.p3d	19738_magsp_026	T-Čtyři, máte to, přepínám? Nevidím, odkud ta palba přichází.
0/d/0ddeeefa.p3d	8369_mar_a_109	Red Crown, je tu jak po vymření. Cíl je pryč.
0/d/0de6a833.p3d	4813_maabr_141	Pozemní týmy, hlídejte si záda!
0/d/0de8b822.p3d	20775_p_fdm_pain_d	*argh*
0/d/0deab32f.p3d	17143_bwtrb_323	Co to sakra dělá?!
0/d/0deb4c53.p3d	12456_nypda_528	Aaaaaaaaarrrrgh!
0/d/0ded2618.p3d	19471_bwhqa_140	Ukončete pohotovost, ukončete pohotovost, zadržení dokončeno bez problémů.
0/d/0df05d58.p3d	17862_bwtra_219	Zkontrolujte cíle. Střílejte každého, kdo vypadá podezřele, nemůžeme si dovolit přenašeče.
0/d/0df98865.p3d	14944_p_uwm_067	Nenech se tím oklamat!
0/d/0dfa9a1a.p3d	22688_maf35_e10m04_019	Cíl stále aktivní a jsme bez munice.
0/e/0e1107f5.p3d	21846_alex_e02m05_062	Potřebuju s tímhle pomoct.
0/e/0e17a702.p3d	22600_dana_e06m01_008	Pusť mě! PUSŤ MĚ!!
0/e/0e181b38.p3d	22463_bwtra_e06m05_056	Postup! Jdem, jdem, jdem!
0/e/0e203ac6.p3d	24786_nypda_032	Rozumím, dispečinku.
0/e/0e225916.p3d	14783_p_mtf_137	Sakra! Bouchačka!
0/e/0e2bed63.p3d	17567_bwoff_216	Negativní, Red Crown.
0/e/0e2c714b.p3d	19022_susol_410	Aahhh!
0/e/0e3364f1.p3d	15296_p_mtm_184	Pomoc!
0/e/0e3457f9.p3d	22326_bwhqa_508	Překročil hranici. Máte povolení k palbě.
0/e/0e35a7d8.p3d	7618_mabra_058	Nemůžu to potvrdit, máme tu lidi rozeseté všude kolem.
0/e/0e3859c6.p3d	45_bwbhk_014	Red Crown, jsme v dosahu a máme vizuál, čekáme na rozkazy.
0/e/0e3bed08.p3d	10357_mahqb_094	Co se to tam venku děje?
0/e/0e3cd2d2.p3d	11943_nypda_028	Blížím se na bližší pohled, dispečinku. Čekejte.
0/e/0e3d2dc9.p3d	22795_maoff_e08m04_059	Vidíte to? Zranili jsme ho!
0/e/0e4039b3.p3d	10549_mamls_116	Uvolněte cíl, udržujte perimetr pro naši ránu.
0/e/0e41d1b9.p3d	24516_alex_e02m05_520	Teď mám šanci...
0/e/0e42433e.p3d	25264_nypda_481	Není možný, že se tohle právě stalo.
0/e/0e46ce51.p3d	608_bwbra_203	Rozumím tedy, jsme na průzkumu.
0/e/0e47a15f.p3d	24159_p_haf_194	Ne takhle. Prosím, Bože, ne.
0/e/0e4f577f.p3d	13806_p_fdf_091	Neeee!
0/e/0e512bfd.p3d	4650_mar_c_518	Ustupte! Jdeme!
0/e/0e527e2b.p3d	8334_mar_a_074	Nevidím, kurva, nevidím!
0/e/0e567e23.p3d	11798_nydisp_073	Negativní, jednotko.
0/e/0e59e622.p3d	12299_nypda_371	Chceš strávit noc v base?
0/e/0e5edb84.p3d	12421_nypda_493	Přestaňte střílet!
0/e/0e5fb737.p3d	18808_susol_196	Kluci, kluci, jsem od 'WATCH!
0/e/0e6065cd.p3d	14319_p_fdm_135	Nestřílejte!
0/e/0e64d363.p3d	1025_bwgsp_264	Přerušujeme, stahujeme se.
0/e/0e6b7354.p3d	16640_bwabr_180	Velitelství, navázali jsme kontakt.
0/e/0e6eb210.p3d	19167_p_hlf_089	Tohle je šikana! Zasraná šikana!
0/e/0e74b389.p3d	7528_mabcm_182	Momentálně nemám nic dalšího, přepínám.
0/e/0e7761fc.p3d	279_bwbhk_248	Rozumím, jsme v polovině náletu, přerušte spojení, přerušte spojení.
0/e/0e7b9abe.p3d	15408_p_suf_065	Kam zmizel!?
0/e/0ea6f698.p3d	15261_p_mtm_149	Ach, můj bože.
0/e/0eadd382.p3d	22081_alex_e07m04_298	Udeřit a zmizet. Víc udělat nemůžu.
0/e/0eaf7ece.p3d	10322_mahqb_069	Ano, povoleno.
0/e/0eb3c8e4.p3d	10514_mamls_081	Všechny týmy, taktický rozptyl.
0/e/0eb44afd.p3d	17969_bwtra_326	Plný triků, co?
0/e/0eb852d4.p3d	2088_bwmls_236	Highball, kontrola stavu. Zatracená kontrola stavu!
0/e/0ebb2fba.p3d	24124_p_haf_092	Do prdele.
0/e/0ebf23e4.p3d	19578_bwhqb_066	Ano, pokračujte.
0/e/0ebfc5ad.p3d	4493_mar_c_351	Dolů! Dolů!
0/e/0ec50345.p3d	24087_bwoff_events_048	Už jsme skoro tam -- tlačte na ně dál.
0/e/0ecd77c9.p3d	12264_nypda_336	Který z vás jsi ty!?
0/e/0ed288ed.p3d	17670_bwtra_037	Rozumím.
0/e/0ed661cd.p3d	7881_mabra_301	Přilétá to!
0/e/0eda0f99.p3d	16483_bwabr_023	Blackjack online, máme potvrzené spatření, přepínám.
0/e/0ee243ce.p3d	19132_p_hlf_056	Ubohej zasranej hajzl!
0/e/0eeaf3b8.p3d	244_bwbhk_213	Letíme se na to podívat, čekejte.
0/e/0eed92dc.p3d	7973_mabhk_072	Tady je! Letíme na něj.
0/e/0ef16f71.p3d	22516_bwtrb_e03m01_016	Ježíši. Cítím to i přes masku. Shnilé maso.
0/e/0efa129d.p3d	11325_maoff_181	Máme tu podezřelého.
0/f/0f0e18f8.p3d	17375_bwoff_034	Zhluboka dýchat a mít oči otevřené.
0/f/0f10c54f.p3d	16047_p_uem_232	Aaaagghhhh!
0/f/0f16c738.p3d	25415_alex_e05m03_703	Ghost Eye žádá o povolení zahájit prohledávání cíle, Red Crown.  Uh, přepínám.
0/f/0f222ff0.p3d	17215_bwtrb_395	Těžké zbraně!
0/f/0f2466f9.p3d	25072_nypda_074	Dispečinku, podezřelý zmizel. Nelíbí se mi to.
0/f/0f259736.p3d	24426_maoff_events_054	Udeřte na ně tvrdě, nebo jsme v prdeli.
0/f/0f27da2e.p3d	17934_bwtra_291	Moc blbej na to použít koště, hnido?
0/f/0f28f9a8.p3d	416_bwbra_001	Tady Razorback, připraveni vyrazit, přepínám.
0/f/0f2be1e6.p3d	2053_bwmls_191	Úder Highballu úspěšný. Vracíme se.
0/f/0f2f60a6.p3d	16747_bwabr_267	Potlačovací palba. Ustupte, proveďte to.
0/f/0f32b5bf.p3d	19543_bwhqb_041	Potvrzeno. Vyšlete vědecký tým. Jděte!
0/f/0f3809e5.p3d	9986_maf35_254	To je zásah, to je zásah, tady jsme hotovi, Red Crown.
0/f/0f417db7.p3d	13451_p_ctm_208	Pozor!
0/f/0f41e595.p3d	18616_susol_034	Ne, ztratili jsme ho. Žádám letecký průzkum té oblasti.
0/f/0f4281f4.p3d	22904_mar_b_e06m01_033	Máme Vůdce v pohybu, nahrávám to teď do sítě. Běžci a Rváči negativní.
0/f/0f568dc9.p3d	8861_mar_b_050	Red Crown, spatřili jsme vysoce prioritní Tango, přesměrujte Úderný tým.
0/f/0f56e1ad.p3d	7336_mabcm_004	Polní velitelství v pohotovosti a připraveno k nasazení. Přebírá taktiku.
0/f/0f57c1f2.p3d	24858_nypda_335	Na koho mám střílet?
0/f/0f59d862.p3d	14855_p_mtf_209	Do prdele! To do toho narazí!
0/f/0f68aefd.p3d	11168_maoff_030	Přibližujeme se, vizuál potvrzen.
0/f/0f6b4030.p3d	22395_bwoff_e07m04_038	Zpátky! Zpátky od té zatracené nádrže!
0/f/0f6c58f4.p3d	15073_p_uwm_196	Sežente mi doktora! Prosím!
0/f/0f736c54.p3d	10429_mahqb_166	Vraťte se do terénu. Zkontrolujte poškození, na skenu mám nějaký tepelný signál.
0/f/0f84546b.p3d	16012_p_uem_197	Kristepane, trefili mě!
0/f/0f89fd77.p3d	8406_mar_a_146	Kde je sakra ten obrněnec!?
0/f/0f8cc139.p3d	4728_maabr_056	Hořák dole, Red Crowne, potvrzený zásah.
0/f/0f8f977e.p3d	22867_mar_a_e08m04_048	To ne. To sakra ne.
0/f/0f90cc35.p3d	17058_bwtrb_238	Je mrtvej? Asi je sakra mrtvej.
0/f/0f933f3d.p3d	19386_bwhqa_065	Rozumím.
0/f/0f967673.p3d	17777_bwtra_134	Je blízko. Cítím ho.
0/f/0f9f69f5.p3d	25468_alex_e08m04_704	To je - to je Greeneová. Elizabeth Greeneová.
0/f/0fa2f262.p3d	16712_bwabr_232	Úderný tým ztratil cíl, přiveďte nás zpátky, přepínám.
0/f/0fa6315a.p3d	19239_p_hlf_159	Co jsem ti kdy udělal!?
0/f/0fafa33b.p3d	12072_nypda_140	Padly výstřely, padly výstřely na místě, přepínám.
0/f/0faff5ef.p3d	11853_nydisp_118	Všechny jednotky, možná budete muset čekat. Záchranka nemá povolen vstup do oblasti. Pozor na civilní provoz a osoby.
0/f/0fb01788.p3d	13294_p_ctm_053	Hej! Je nakažený! Tamhle!
0/f/0fb31f93.p3d	22567_bwtrb_e06m05_068	To je fakt sakra hnus.
0/f/0fc87233.p3d	14698_p_mtf_054	Vrah! Přímo tam!
0/f/0fcb578e.p3d	24823_nypda_410	Pal!
0/f/0fcd6793.p3d	14820_p_mtf_174	Zmizte!
0/f/0fd6fbe0.p3d	17604_bwoff_253	Už je to tady!
0/f/0fde75f9.p3d	15333_p_mtm_221	Někdo. Pomoc.
0/f/0fded339.p3d	22316_bwhqa_e10m04_091	Výsadková loď v dolní zátoce. Máme volná místa, záchranné čluny a výsadková loď HNED.
0/f/0fe34b61.p3d	14390_p_fdm_206	Pohni se!
0/f/0fe732a4.p3d	9182_mar_b_351	Panebože.
0/f/0fe85b6b.p3d	25179_nypda_326	Ježíši Kriste!
0/f/0fed5169.p3d	25301_nypda_499	Moc blízko, chlape.
0/f/0ff744f9.p3d	4565_mar_c_423	Do prdele!
1/0/10045df1.p3d	17023_bwtrb_203	Čas s tím skoncovat.
1/0/1004f715.p3d	12336_nypda_408	Palte!
1/0/1006d118.p3d	19351_bwhqa_040	Všechny týmy, prohledávání ukončeno. Navštivte nejbližší Citadelu nebo Palace kvůli palivu a munici, přepínám.
1/0/100a058f.p3d	17742_bwtra_099	Připraven vyrazit!
1/0/10118c5a.p3d	16555_bwabr_095	Roztrhejte to na kusy!
1/0/1019c318.p3d	19204_p_hlf_126	Nechte je jít!
1/0/101a3599.p3d	9794_maf35_082	Ále, podívejme, kdo se vrátil pro víc.
1/0/101a7b1b.p3d	8968_mar_b_137	Do zasraný HLÍNY!
1/0/1020e895.p3d	13582_p_erm_104	*kašel* Ať mi někdo pomůže!
1/0/10227079.p3d	316_bwbhk_285	Vysazujeme je. Bez strachu! Jedem, jedem, jedem!
1/0/10238b34.p3d	981_bwgsp_221	Nepřítel dole, mise dokončena, rozumíte?
1/0/10271b8c.p3d	18098_bwtra_455	Nechci takhle skončit.
1/0/102d788e.p3d	4991_maabr_299	To sedělo. Zkontrolujte poškození korby, přepínám.
1/0/1035c636.p3d	22728_mahqa_e09m03_028	Plukovníku, máme situaci...
1/0/1037a6a6.p3d	16809_bwtrb_009	Další je dole.
1/0/103c03da.p3d	14663_p_mtf_019	Jsou nakažený?
1/0/10407649.p3d	21975_alex_e05m02_191	Pospěš si!
1/0/10455a66.p3d	14593_p_ham_179	Sakra, pohyb!
1/0/10459844.p3d	17447_bwoff_106	Jak jde mise?
1/0/104d0fb6.p3d	15176_p_mtm_067	Stalo se tam něco? Vidíš to?
1/0/105b48b5.p3d	10956_mahqa_004	Žádná jednotka nehlásí zaměření.
1/0/105be2c5.p3d	25144_nypda_069	Ty hajzlové si myslí, že jejich sračky voněj jako růže.
1/0/10636151.p3d	2125_bwmls_273	To je zásah, dejte nám nové souřadnice cíle.
1/0/106a3242.p3d	19615_bwhqb_093	Aktualizace situace?
1/0/106ad415.p3d	4530_mar_c_388	Cíl nalezen!
1/0/10702cc3.p3d	11786_nydisp_061	Potvrzuji, Tac Five.
1/0/107390e4.p3d	12179_nypda_251	Prosím, nepanikařte! Situace je pod kontrolou!
1/0/10788646.p3d	12301_nypda_373	Dneska si to NENECHÁM líbit!
1/0/1084fecb.p3d	22121_alex_e09m01_338	Zatrať tě, Taggarte. Zatrať tě za to, žes mě k tomuhle donutil.
1/0/10851e16.p3d	16520_bwabr_060	Žádost úderného týmu, přiveďte to hned!
1/0/108e0cd7.p3d	8933_mar_b_102	Vypadá to dobře, lidi. Jsme čistí a usmíváme se, Control.
1/0/108e5e6e.p3d	7408_mabcm_076	Základna Delta odrazila útok nepřítele. Držíme se, konec.
1/0/10910cbe.p3d	159_bwbhk_128	Ghost Čtyři Pět přepíná na průzkum, přepínám.
1/0/10929cb6.p3d	20043_magsp_311	Únik, únik!
1/0/1098a62f.p3d	19881_magsp_169	Zmlkněte tam dole, uvolněte tenhle kanál.
1/0/109aad48.p3d	18063_bwtra_420	Jdeme kolem!
1/0/10a68a70.p3d	18986_susol_374	Přátelská palba, ty zasranej kreténe.
1/0/10a88ab7.p3d	22432_bwtra_e04m03_024	Do prdele -- jsou všude.
1/0/10ab2034.p3d	9289_mar_b_458	Nelze určit polohu nepřítele!
1/0/10acb749.p3d	24001_bwhqb_e02m01_006	Red Crown všem velitelským jednotkám. Berte na vědomí, že Recoil se nezdařil. Jednotky Sigma prozrazeny. Nakažený cíl je stále na svobodě. Konec.
1/0/10b3e3da.p3d	22721_mahqa_e05m03_021	Stalker šest nula, opakuji, potvrďte poslední zprávu.
1/0/10b92775.p3d	17412_bwoff_071	Polib mi prdel.
1/0/10c0a173.p3d	15141_p_mtm_033	Naser si, kámo!
1/0/10cabe6a.p3d	19458_bwhqa_127	Všechny týmy: držte pozice. Při kontaktu čistěte, přepínám.
1/0/10cdf5bf.p3d	17849_bwtra_206	Oči na cíli. Havárie aut jsou jen rozptýlení.
1/0/10d79483.p3d	20924_p_mtm_gasp_a	*lapání po dechu*
1/0/10d9706f.p3d	4373_mar_c_231	Počkat! To stačí!
1/0/10dbb4ca.p3d	22764_maoff_e06m03_028	Páni. Co to sakra je? Vůbec to neškrábeme!
1/0/10e4d63a.p3d	13689_p_erm_211	Ále, sakra!
1/0/10e7228b.p3d	12144_nypda_216	Do prdele s tímhle svinstvem.
1/0/10e796d2.p3d	13366_p_ctm_123	Nezabíjejte je!
1/0/10eea272.p3d	8776_mar_a_497	Zpátky!
1/0/10fa9bca.p3d	10692_mamls_239	Hlášení o stavu, hlášení o stavu! Palebná četa?
1/0/10fdb33d.p3d	20178_bwmls_choke_c	*dušení*
1/1/11049bef.p3d	124_bwbhk_093	Setkání na vektoru Čtyři Nula Pět, přepínám.
1/1/110a0712.p3d	19009_susol_397	Sundejte ho.
1/1/1115add3.p3d	22483_bwtra_e07m01_076	Neidentifikovaná osoba! Sejměte ho!
1/1/111a1c17.p3d	18951_susol_339	Opotřebováváme je! Opotřebováváme je!
1/1/111eb1f0.p3d	9254_mar_b_423	Přestaň s tím!
1/1/112ec1ba.p3d	4637_mar_c_495	Pozor!
1/1/1135ff9d.p3d	15551_p_suf_207	Pozor!
1/1/113c73eb.p3d	12408_nypda_480	Co to sakra je, chlape?
1/1/113e4d9b.p3d	19423_bwhqa_092	Nahrajte data ze skeneru a podejte Red Crown hlášení, přepínám.
1/1/114184f0.p3d	17814_bwtra_171	Nemáš sakra oprávnění pro tuhle oblast.
1/1/11490ba6.p3d	16627_bwabr_167	Vyklidit zónu, připravit munici.
1/1/1151b4e5.p3d	9866_maf35_154	Udržujte bezpečnou vzdálenost.
1/1/11586556.p3d	13654_p_erm_176	Zpátky!
1/1/115b25ee.p3d	13331_p_ctm_088	Napálil tě!
1/1/115b64b9.p3d	10043_maf35_311	Vypadám dobře.
1/1/115c9396.p3d	19988_magsp_256	Jsme v tom hluboko, Red Crown, odložte přenos,
1/1/115dcd1f.p3d	25167_nypda_scream_b	*výkřik*
1/1/1162342e.p3d	8741_mar_a_462	Dolů! Dolů!
1/1/116725a2.p3d	13174_p_ctf_163	Zavolejte policii! Zavolejte policii! Ať někdo zavolá poldy!
1/1/116fca60.p3d	594_bwbra_189	Střelče, pal po zaměření! Pal po zaměření!
1/1/117380b0.p3d	14735_p_mtf_091	Neeee!
1/1/11785619.p3d	13792_p_fdf_077	Tady to je. Přímo tady!
1/1/1179c893.p3d	21783_speci_e04m04_085	Brzy.
1/1/117d1505.p3d	17519_bwoff_178	Právě jsme ukončili tuhle misi!
1/1/11848eff.p3d	15248_p_mtm_136	Zasranej maniak!
1/1/1188b5e6.p3d	18794_susol_182	Je celej můj! Je to ZEUS!
1/1/118c8a70.p3d	22743_maoff_e02m05_007	Co to sakra jsou? Střílejte, STŘÍLEJTE!
1/1/118d1754.p3d	10309_mahqb_066	Rozumím. Pokračujte.
1/1/118d4baa.p3d	9097_mar_b_266	Páni!! Zkontrolujme ztráty.
1/1/119051a8.p3d	21769_speci_e04m04_071	Po tom všem nastřádání... zdaleka ne tak zlý jako Kentucky. Skoro jsem zklamanej.
1/1/11936284.p3d	25216_nypda_172	Podezřelý nemůže být daleko. Najděte ho.
1/1/1197e279.p3d	8174_mabhk_253	Moc horký. Mizím odsud.
1/1/1199d68d.p3d	22104_alex_e08m03_321	Černá kravata....
1/1/11a25376.p3d	4602_mar_c_460	Máme na sobě palbu! Slyšíte mě!?
1/1/11a48638.p3d	24614_alex_e09m03_617	Taggarte! Vylez ze své díry
1/1/11a4996e.p3d	15394_p_suf_052	Je přímo tam!
1/1/11b02173.p3d	17657_bwtra_034	Potvrzuji.
1/1/11b3f794.p3d	7868_mabra_288	Dostali jsme na frak, ale neutíkáme, přepínám.
1/1/11ba89c4.p3d	16880_bwtrb_080	ZEUS nezastižen, Red Crowne.
1/1/11bb9bef.p3d	4181_mar_c_049	Red Crown, tady palebná skupina Echo. Nemáme vizuál, přepínám.
1/1/11bfdc35.p3d	19119_p_hlf_043	Nechci žádný problémy.
1/1/11c5468c.p3d	9831_maf35_119	Nepřítel potvrzen, pošlete úderný tým na vektor tři šest devět. Odpoutáme se při kontaktu.
1/1/11c6a68d.p3d	25370_alex_e02m01_703	Vidím, co viděl on, znám, co znal on.  Jeho vzpomínky jsou jako obrázkový sešit.
1/1/11c7019b.p3d	13497_p_erm_019	Ále, viděl jsem to ve zprávách.
1/1/11c9a43a.p3d	896_bwgsp_136	Buďte v obraně, TID. s nepřátelským úmyslem!
1/1/11c9a48f.p3d	11841_nydisp_106	Buďte ve střehu. Podezřelý je ozbrojený a nebezpečný.
1/1/11ce1906.p3d	11085_mahqa_113	Sektor je rozdělen, opakuji, rozdělen.
1/1/11d02571.p3d	19953_magsp_231	Rozumím.
1/1/11d0d0b1.p3d	8584_mar_a_325	Red Crown, možná budeme potřebovat lékařskou pomoc. Čekejte.
1/1/11d22a09.p3d	18135_bwtra_492	S tímhle přestaň!
1/1/11e71257.p3d	14700_p_mtf_056	Tam! Tam!
1/1/11f06b6e.p3d	14630_p_ham_216	Hej! Ó! Ááách!
1/1/11f820bd.p3d	15213_p_mtm_103	Zavolejte poldy! Zavolejte sakra poldy!
1/1/11fb667d.p3d	22850_mar_a_e06m01_031	Zastavte palbu! Drží civilistu!
1/1/11fcf398.p3d	14270_p_fdm_086	Prosím nestřílejte! Vzdávám se!
1/1/11fe7030.p3d	15976_p_uem_161	Nedělej to, vem si všechno, co mám, prosím. Tady je moje peněženka.
1/2/1200dd66.p3d	9062_mar_b_231	Ser na to, jdu tam.
1/2/120206a9.p3d	25059_nypda_246	Myslel jsem, že to byl on!
1/2/1210efbb.p3d	4445_mar_c_303	Zrovna to padne!
1/2/12198f52.p3d	1982_bwmls_120	Red Crown, potvrzujete vizuál?
1/2/121e9f4c.p3d	12216_nypda_288	Kámo, ty bys byl fakt roztomilej v žebrácký kazajce.
1/2/121f1393.p3d	13438_p_ctm_195	Záchranku!
1/2/12233b31.p3d	23933_alex_061	Znám ho.
1/2/12278950.p3d	7833_mabra_253	Není nikde, senzory nehlásí žádný pohyb, přepínám.
1/2/12321b2b.p3d	10764_mamls_311	Podporu, potřebujeme podporu!
1/2/1234261b.p3d	8848_mar_b_037	Šéfe, něco mi padlo do oka....
1/2/123c43bc.p3d	13899_p_fdf_182	Hněte sebou!
1/2/123d35f6.p3d	861_bwgsp_101	Máme tam dole nějakou akci, přepínám.
1/2/123ebcea.p3d	7925_mabhk_024	Chystáme se spustit palbu na cíl.
1/2/123ebf4a.p3d	19796_magsp_084	Tady to je. Zaměřovací zámek na cíl.
1/2/1241a822.p3d	11050_mahqa_078	Negativní, opakujte?
1/2/1245bbb0.p3d	18100_bwtra_457	Tohle se neděje, sakra, tohle se neděje.
1/2/1247238e.p3d	4871_maabr_199	Jsme zasažení? Zkontrolujte systémy!
1/2/1251a693.p3d	22536_bwtrb_e04m04_036	Místo čisté.
1/2/12562eb1.p3d	9326_mar_b_495	Postupuju teď!
1/2/125f0528.p3d	14473_p_ham_059	Nepleť se mu do cesty!
1/2/127201d8.p3d	15941_p_uem_127	Vyprosti se! Vyprosti se!
1/2/1275995d.p3d	25024_nypda_291	Vypadni sakra odsud!
1/2/127d0bf4.p3d	2005_bwmls_143	Valí se na vás pořádná dávka sraček, rozdělte se a kryjte se.
1/2/127e7716.p3d	16987_bwtrb_167	Do zbraně, je to ZEUS!
1/2/12847ed7.p3d	4410_mar_c_268	Co teď?
1/2/1289db6d.p3d	11774_nydisp_059	Uzavřete scénu, je na zemi.
1/2/128c9c08.p3d	22035_alex_e06m03_251	Ti lidé, co vidím...oni...jsou nakažení....
1/2/128d3b8c.p3d	12059_nypda_126	Jak jsi na tom s municí?
1/2/1292a54f.p3d	13403_p_ctm_160	Ne takhle. Ne takhle!
1/2/129625d3.p3d	7676_mabra_116	Zmizel. Na obrazovkách nic nemáme.
1/2/12a749c1.p3d	666_bwbra_261	Razorback je pořád v pohybu, Red Crown.
1/2/12aafffa.p3d	14807_p_mtf_161	Nezabíjej mě! Jsem nevinná! Prosím!
1/2/12afd563.p3d	13864_p_fdf_147	Ten tank! Střílí po nás!
1/2/12b0b22e.p3d	22587_bwtrb_e07m01_088	Jeho kůže hoří... To je Mercer!
1/2/12b250f1.p3d	19761_magsp_049	Střílím!
1/2/12b2fc26.p3d	8392_mar_a_132	Pusť ho!
1/2/12b5e35a.p3d	22265_bwhqa_e08m03_040	Jádrové týmy, hlídejte čerpadlo. Dávejte pozor na palbu a držte ty zatracené skiny od něj dál.
1/2/12bd8302.p3d	15025_p_uwm_148	Proč, proč střílí!
1/2/12c03532.p3d	18866_susol_254	Dávej na to pozor.
1/2/12c0e13d.p3d	14377_p_fdm_193	Já to zvládnu. Já... počkat...
1/2/12c20a17.p3d	20923_p_mtm_disgust_d	Ú!
1/2/12c4caf6.p3d	9169_mar_b_338	VYDRŽ, JAS!
1/2/12c5515d.p3d	1083_bwgsp_321	Táhni nahoru! Táhni nahoru!
1/2/12cf61c5.p3d	8246_mabhk_325	Úhybný manévr!
1/2/12d24e7c.p3d	22924_mar_c_e02m02_002	Mám takový pocit, že až jedna z těch věcí začne pípat, bude už pozdě.
1/2/12dc18b8.p3d	15466_p_suf_122	Odhoďte je!
1/2/12e4696a.p3d	19338_bwhqa_027	Ukončete operaci. Všechny pátrací týmy podejte hlášení.
1/2/12e79df6.p3d	17729_bwtra_086	Nic tu není. Zbytečná zastávka.
1/2/12f208d2.p3d	16952_bwtrb_132	Pane.
1/2/12f31b51.p3d	4253_mar_c_122	Utíká, zavolejte vrtulník.
1/2/12fcc362.p3d	9903_maf35_191	Senzory hlásí přibližující se hrozbu.
1/2/12fe7e71.p3d	13569_p_erm_091	Sakra!
1/2/12fffa7a.p3d	17590_bwoff_239	Stáhnout se! STÁHNOUT SE!
1/3/1300cabd.p3d	12024_nypda_091	Dispečinku, tady Adam Seventy-One. Mám ty nahý zrůdy na svý pozici.
1/3/13012386.p3d	968_bwgsp_208	Nepřátelé jsou mrtví nebo se stáhli, Bravo Osm Tři.
1/3/13020cb6.p3d	23010_ragla_e05m02_030	To bylo... zajímavý. Dám to pod mikroskop -- vrať se za pár hodin, budu mít analýzu.
1/3/13084d72.p3d	8656_mar_a_397	Hej, mě platí za to, abych střílel hajzly jako ty.
1/3/1309b504.p3d	7641_mabra_081	Dej mi hlášení o škodách, pak uklidíme ten bordel.
1/3/130b10f5.p3d	4978_maabr_286	Držte se něčeho!
1/3/130d3ea8.p3d	13089_p_ctf_078	Zastavte toho muže!
1/3/130ffcaa.p3d	10380_mahqb_117	Situace se vyvíjí, přepínám.
1/3/1310d903.p3d	20913_p_mtm_cough_b	*kašel*
1/3/131236aa.p3d	13211_p_ctf_200	*vzlyky* Pořád to krvácí. Ó, můj bože.
1/3/131446ca.p3d	10572_mamls_139	Vypusťte kouř a nahlaste pozice pozorovateli.
1/3/131badf9.p3d	24182_p_haf_176	Jsou nám v patách!
1/3/132e3e24.p3d	11878_nydisp_143	Policisté hlásí vojenské prioritní cíle na své pozici, souřadnice Juliet Hotel pět pět tři, přepínám.
1/3/1333c6d9.p3d	18831_susol_219	Vidím to. Označuji to teď.
1/3/133472e4.p3d	14342_p_fdm_158	Proč to děláš? Řekni mi proč!
1/3/13385cb2.p3d	9134_mar_b_303	Páni. To je hodně nepřátel.
1/3/133dfbbd.p3d	8089_mabhk_188	Máme pohyb. Zrůdy v zóně, přepínám.
1/3/1342c1c7.p3d	19190_p_hlf_112	Ty věci!
1/3/1342f0f6.p3d	8211_mabhk_290	Hodí to po nás, ustupte!
1/3/13477059.p3d	20263_bwtrb_pain_d	*argh*
1/3/1347ff34.p3d	20633_p_ctm_cough_b	*kašel*
1/3/13480738.p3d	20158_bwgsp_dying_c	*chroptění*
1/3/13486c7c.p3d	4517_mar_c_375	Palte na můj povel!
1/3/1348c32b.p3d	7551_mabcm_205	Ježíši Kriste, Red Crowne, dostaňte nás odsud, SAKRA!!!!
1/3/134fa7d4.p3d	15431_p_suf_087	Tohle celý máte blbě!
1/3/135a9083.p3d	11383_maoff_239	Jémine. Je tu někde sanitář?
1/3/1362b668.p3d	16507_bwabr_047	Pozice je neudržitelná. Stahujeme se z toho binci.
1/3/136b5fa7.p3d	9746_maf35_034	Voodoo volá Red Crown, zaujímáme útočnou formaci. Označte a přihlaste se.
1/3/13721018.p3d	13534_p_erm_056	Přímo tady! Tamhle!
1/3/137310a5.p3d	24060_bwoff_events_021	Zdá se, že máme navíc nějaké jednotky -- ať se počítají!
1/3/1374b2b7.p3d	933_bwgsp_173	Proletím nad tím, mrknu se.
1/3/13763e96.p3d	19868_magsp_156	Aktualizace cíle, chytáte to?
1/3/1376e9cc.p3d	8499_mar_a_240	Pá-pá-páni -- co se to děje!?
1/3/13792783.p3d	11122_mahqa_150	Povoluji úderný tým.
1/3/137bdf2e.p3d	8621_mar_a_362	Kurva-sakra-Kriste.
1/3/137ea2b1.p3d	4943_maabr_251	Všechny cíle splněny. Útok dokončen. Ranger, konec.
1/3/1380d066.p3d	13054_p_ctf_045	Někdo zavolejte záchranku!
1/3/1382adeb.p3d	17273_bwtrb_453	Zblízka s nepřáteli.
1/3/13885814.p3d	17992_bwtra_349	Sundejte ho!
1/3/13897522.p3d	474_bwbra_069	Sakra, ztratil jsem ho. Zahajuji sken, přepínám.
1/3/138999a5.p3d	24046_bwoff_events_007	Zeus zpozorován, jak si hraje s nakaženými -- vymažte je.
1/3/13968489.p3d	14545_p_ham_131	Bouchačka! Bouchačka!
1/3/13a260a8.p3d	18674_susol_062	Jo, jo.
1/3/13b18d79.p3d	8054_mabhk_153	Veškerou palbu na tento cíl!
1/3/13b75d1d.p3d	7394_mabcm_062	Útočná síla odražena. Pozice zabezpečena. Hlídky rozmístěny, přepínám.
1/3/13bfa858.p3d	1897_bwmls_035	ZEUS znovu zaměřen, vidím ho.
1/3/13c24c54.p3d	22452_bwtra_e05m01_044	Hotrod Leader volá Red Crown, žádám instrukce, přepínám.
1/3/13cda294.p3d	7748_mabra_188	Rozumím, vidím ho. A je hnusnej.
1/3/13d301d5.p3d	20722_p_fdf_disgust_c	Jauu!
1/3/13d83431.p3d	10679_mamls_226	Až budeme prázdní, znovu nabít a opakovat.
1/3/13df93a4.p3d	24289_p_haf_047	Myslím, že vidím toho chlapa, co ho hledaj!
1/3/13e34efc.p3d	776_bwgsp_016	Tornado Five připraven k zásahu, zbraně aktivní.
1/3/13e754af.p3d	13936_p_fdf_219	Vrahu! *kašel*
1/3/13e9d052.p3d	19833_magsp_121	Nic na senzorech. Zahajuji vizuální hledání.
1/3/13ea7b72.p3d	8464_mar_a_204	Ále, do prdele, kámo, to jsou ty BLACKWATCH čuráci.
1/3/13ebd4cb.p3d	18015_bwtra_372	Nesnáším tenhle zasraný převlek...
1/3/13ed2d19.p3d	20511_mar_c_scream_d	*výkřik*
1/3/13ed3f34.p3d	4786_maabr_114	Zkontrolujte termovizi -- najdeme ho.
1/3/13f7b47e.p3d	18938_susol_326	Dodělejte to!
1/4/14007355.p3d	25410_alex_e04m05_702	Ta věc na mých zádech, jako by mi vyžírala vnitřnosti.
1/4/14036dd2.p3d	16770_bwabr_290	Blackjack poškozen, přepínám.
1/4/1406af55.p3d	19297_p_hlf_217	Prosím, pusť mě.
1/4/140a13a5.p3d	14510_p_ham_096	Páni!
1/4/14139579.p3d	15538_p_suf_194	Někdo, pomozte!
1/4/14181af5.p3d	15856_p_uem_044	Ať někdo zavolá poldy!
1/4/141f968f.p3d	22673_maf35_e08m02_004	Phoenix Šest Dva. Na pozici.
1/4/1427730d.p3d	21877_alex_e03m02_093	Co to sakra je? Je v tom člověk?
1/4/142a97f1.p3d	4325_mar_c_182	Palebná skupino. Cíl je poblíž. Najděte ho!
1/4/142bcf63.p3d	24881_nypda_385	Ani náhodou!
1/4/142d563c.p3d	21929_alex_e04m02_145	To by je mělo na chvíli zaměstnat.
1/4/1438be55.p3d	13318_p_ctm_075	To je ten muž, co jsem viděl!
1/4/143fcc80.p3d	8728_mar_a_449	Skoro jsem se posral.
1/4/14409b13.p3d	25389_alex_e03m02_701	Nechám tyhle vzorky u Karen, ale musím se stavit za Danou - podívat se, jestli něco nezjistila.
1/4/14413450.p3d	7713_mabra_153	Pěkná rána, pěkná rána.
1/4/144bc362.p3d	10644_mamls_191	Cíle ztichly, kontrolujeme raněné a zásoby, přepínám.
1/4/1452580a.p3d	703_bwbra_288	Razorback Jedna, posádka a vybavení stále funkční... sotva, přepínám.
1/4/1455ee81.p3d	13779_p_fdf_065	Vypadá jinak!
1/4/145ae3e0.p3d	13901_p_fdf_184	Vyklidit!
1/4/1460ce50.p3d	4751_maabr_079	ZEUS potvrzen. ZEUS potvrzen. Cíl zase na síti, přepínám.
1/4/1464d961.p3d	17081_bwtrb_261	Autonehoda, ale jsme v pohodě. Celkové pokrytí, co?
1/4/14657285.p3d	12394_nypda_466	Ten hajzl si pro něco jde!
1/4/146b43af.p3d	18903_susol_291	Tohle tě nezachrání.
1/4/146bf245.p3d	14414_p_fdm_230	Aaah!!!
1/4/146fd973.p3d	9206_mar_b_375	Sak-ra práce!
1/4/147a3e86.p3d	19262_p_hlf_182	Tudy! TUDY!
1/4/147b01f6.p3d	23043_tagga_e03m01_003	Ohh, starej mi za tohle vytrhá prdel...
1/4/1482ee74.p3d	374_bwbhk_343	EFIS je mimo, jsme napadeni! Napadeni!
1/4/14872720.p3d	15503_p_suf_159	Nezabíjej mě! Prosím tě!
1/4/14921025.p3d	11455_maoff_334	Ne, ne. N-n-neubližujte mi!
1/4/1493c664.p3d	22170_bwabr_e08m02_10	Formace, potlačte ty nepřátele! Uvolněte cestu!
1/4/14982216.p3d	16867_bwtrb_067	Sežeňte mi na tohle palbu, RC.
1/4/14993456.p3d	4168_mar_c_036	Nevěřím jim. Nemám je rád. A naskakuje mi z nich husí kůže.
1/4/14a2def3.p3d	9818_maf35_106	Na zemi nic nevidím, Věži. Je to bordel. Vracíme se do Citadely, přepínám.
1/4/14a38a0d.p3d	11762_nydisp_047	Potvrďte, že je pachatel na zemi? Slyšíte?
1/4/14a98f64.p3d	13606_p_erm_128	Seženu pomoc!
1/4/14b61603.p3d	10295_mahqb_052	Mise splněna. Stáhněte se a zajistěte prostor.
1/4/14b84fb0.p3d	13126_p_ctf_115	Vidím některé z nich!
1/4/14ba5fe5.p3d	10487_mamls_054	Teď poslouchejte! Misi SPLNÍME.
1/4/14c0f483.p3d	546_bwbra_141	Připraveni na náraz!
1/4/14c9803e.p3d	13744_p_fdf_031	Už to nedělej!
1/4/14cab03d.p3d	19673_bwhqb_151	Úderná četa je schválena a nasazena.
1/4/14cca6e7.p3d	8272_mar_a_011	Velitelství, tady Echo One Alpha. Ztratili jsme cíl. Opakuji, cíl NEMÁME.
1/4/14ce03d5.p3d	14617_p_ham_203	Aaách! To bolí!
1/4/14d9dff4.p3d	18746_susol_134	ZEUS je dole, zajistěte perimetr.
1/4/14da8bff.p3d	14257_p_fdm_073	To je ten chlap!
1/4/14de75b8.p3d	9049_mar_b_218	Počkejte, ne. Nejsem to JÁ. Vy VÍTE, kdo jsem.
1/4/14e21321.p3d	24399_maoff_events_027	Ať to má váhu.
1/4/14e7ad77.p3d	22407_bwoff_e09m03_050	Jestli ta věc přejde tu linii... Připravte se na ústup.
1/4/14ee8847.p3d	8991_mar_b_160	Tohle je zakázaná oblast, blbečku. Narušitelé BUDOU ZASTŘELENI.
1/4/14eedc69.p3d	7466_mabcm_134	Nepřítel je uvnitř perimetru. Na stanoviště! Na stanoviště! Na stanoviště!
1/4/14efb8ae.p3d	24988_nypda_344	Tam! Skočte po něm!
1/4/14f727a4.p3d	1969_bwmls_107	Máte potvrzeno, rozstřílejte to, prostě to srovnejte se zemí.
1/5/1500a9bb.p3d	11298_maoff_162	Tak dost, dál ne!
1/5/15050977.p3d	22649_mabhk_e10m04_018	Zvládneme to, jen tam vzadu vydržte. Čekejte.
1/5/15059ec4.p3d	11420_maoff_258	Do prdele!
1/5/150bb3d2.p3d	16832_bwtrb_032	Vystopoval jsem ZEUSE.
1/5/1519a55b.p3d	17470_bwoff_129	Mám povolení tě zastřelit a spálit tvou zasranou mrtvolu. VYPADNI ODSUD!
1/5/151acbbd.p3d	848_bwgsp_088	Radarové zaměření ztraceno, přepínám na vizuál.
1/5/151f40a8.p3d	11037_mahqa_075	To je zamítnuto.
1/5/15214d13.p3d	19905_magsp_193	Náš pták je na něm, rozumím. Zapojujeme se.
1/5/1521f834.p3d	8536_mar_a_277	Zadržte palbu! Zadržte palbu!
1/5/1524bbf5.p3d	4858_maabr_186	Zasáhni to!
1/5/1528c6f1.p3d	17188_bwtrb_368	Ustup, nenech ho, ať dostane i tebe!
1/5/152dbc68.p3d	17310_bwtrb_490	Poleviž, dostáváme zásah!
1/5/152df18c.p3d	10452_mamls_019	Palebná mise zahájena, palte naplno!
1/5/1534862a.p3d	511_bwbra_106	Red Crown, potřebujeme úderový balíček na tuhle polohu, přepínám.
1/5/15379ec7.p3d	14989_p_uwm_112	Ať tě nevidí.
1/5/15395f4a.p3d	22645_mabhk_e09m01_014	Ghost Dvanáct, na minimální bezpečné výšce, jsme čistí. Čistí.
1/5/1547ecc4.p3d	11866_nydisp_131	Ta honička je vyřízená. Slyšíte mě?
1/5/154d6f10.p3d	18711_susol_099	Virové senzory jsou na okolní úrovni. Žádné známky, Red Crown.
1/5/154e1da7.p3d	14222_p_fdm_039	Za koho se sakra máš!?
1/5/154f9a3f.p3d	15928_p_uem_114	Nenech je, aby se tě dotkli!
1/5/155204e9.p3d	9014_mar_b_183	Viděls to sakra?
1/5/155b22ad.p3d	24552_alex_e05m02_555	Mám-li dostat Raglanda k těm tělům, budu potřebovat pancíř.
1/5/15626b85.p3d	7431_mabcm_099	Rozumím, polní veliteli. Máme málo lidí, ale pošleme, co můžeme, na vaši pozici, konec.
1/5/15634f0c.p3d	24953_nypda_487	Přestaňte střílet! Přestaňte střílet!
1/5/156519ea.p3d	182_bwbhk_151	Hodí to po nás, ustupte!
1/5/156ab6d5.p3d	1934_bwmls_072	Žádám nasazení průzkumu, budu čekat.
1/5/1573a77a.p3d	25446_alex_e06m05_706	Dano?!
1/5/15743b3c.p3d	11263_maoff_110	Rozptylte se. Prohledejte každý kout!
1/5/157ae66c.p3d	11988_nypda_054	Jsem rád, že jsi tady.
1/5/158342ae.p3d	10716_mamls_263	To je čistý zásah, zaměřte to znovu.
1/5/158aa1e4.p3d	24326_p_haf_065	Ne, kámo, ach ne. Ne tady, ne teď!
1/5/158e5d79.p3d	813_bwgsp_053	Red Crown, přepojte na leteckou podporu, restart mise probíhá.
1/5/158fe958.p3d	19748_magsp_036	Mariňáci od Tornado Čtyři. Máme zaměřený cíl! Uvolněno.
1/5/15909478.p3d	8379_mar_a_119	Páni! POZOR!
1/5/1592c413.p3d	22205_bwabr_e08m03_46	Nakažení mají přednost před ZEUSem. Zapojte se, jen pokud zaútočí on.
1/5/1592d283.p3d	11002_mahqa_050	ZEUS na zemi v černém sektoru. ZEUS sundán.
1/5/159589f0.p3d	8501_mar_a_242	To je ono, je to sakra přímo tady!
1/5/15984db1.p3d	4823_maabr_151	Za chvíli to vypustí!
1/5/159b4f24.p3d	22289_bwhqa_e10m04_064	Všichni na palubu, všichni na palubu! Poplach, vetřelec, ZEUS je uvnitř! Tohle není cvičení!
1/5/159c58ad.p3d	17153_bwtrb_333	Padej.
1/5/159ecb96.p3d	19481_bwhqa_150	Tady Red Crown, potvrzuji nasazení zálohy Sigma.
1/5/15a202d6.p3d	17872_bwtra_229	Je mrtvý. Nahlaste to.
1/5/15a875bd.p3d	21812_alex_e01m02_029	Musím se dostat k Daně...možná ví, o co tu jde....
1/5/15ab2de3.p3d	14954_p_uwm_077	Tady je váš muž!
1/5/15b02f4b.p3d	14425_p_ham_011	Hej, co to všechno je?
1/5/15cfa124.p3d	16939_bwtrb_119	Situace stabilní.
1/5/15d1e429.p3d	24796_nypda_157	Tady Charlie Nineteen, *kašel* Charlie Nineteen -- máme oběti!
1/5/15d3fe94.p3d	14793_p_mtf_147	Ten tank! Střílí po nás!
1/5/15dd92e1.p3d	17577_bwoff_226	Jsi v pořádku? Dostaňte toho hajzla!
1/5/15e5fd77.p3d	22336_bwhqa_518	Vypusťte dvě a sledujte, jak padá.
1/5/15e74d56.p3d	7628_mabra_068	Zóna je horká. Připravit, připravit!
1/5/15e9ff44.p3d	55_bwbhk_024	Jsme připraveni na útočný nálet, zahajujeme prohledávání, pozor.
1/5/15ed9511.p3d	10367_mahqb_104	Situace je pořád velmi nestabilní.
1/5/15ee7850.p3d	11953_nypda_038	Slyším vás, dispečinku.
1/5/15f1df31.p3d	10559_mamls_126	Vysílejte aktualizaci pro Red Crown. Blackwatchi, zůstaňte vzadu.
1/5/15f3e081.p3d	25274_nypda_232	Vidíš to? Hýbe se to?
1/5/15f94968.p3d	24169_p_haf_204	Potřebuju záchranáře. Prosím, jestli někoho vidíte.
1/5/15fa9fc6.p3d	24011_bwhqb_e05m01_016	Velitelství Red Crown obrněným jednotkám. Kapitáne Lime, hlaste se! Jsou tam dole nějaké jednotky Thunder pořád funkční? Ozvěte se.
1/5/15fe635c.p3d	20485_mar_b_scream_b	*výkřik*
1/6/1600ff88.p3d	13816_p_fdf_101	Co se stalo!?
1/6/1602d17b.p3d	4660_mar_c_528	Pomoc! *sténání*
1/6/16037b14.p3d	19713_magsp_001	Jen modrá obloha.
1/6/160423a9.p3d	8344_mar_a_084	Red Crown, trvalý nepřátelský kontakt. Žádám úderný balík.
1/6/16082383.p3d	11799_nydisp_074	Negativní, potvrzujete?
1/6/160cbf87.p3d	23880_alex_008	Jsou uvnitř. Je jich hodně.
1/6/1610838d.p3d	12431_nypda_503	Jsem v pořádku! *zasténání*
1/6/16115f40.p3d	18818_susol_206	Je nám kurva jedno, jestli se mýlíme?
1/6/16120b4b.p3d	14329_p_fdm_145	Střelec! Potřebujeme pomoc!
1/6/161678e1.p3d	1035_bwgsp_274	Střílíme.
1/6/161a8232.p3d	23054_tagga_e09m03_014	Bože můj.
1/6/161d18d2.p3d	16650_bwabr_190	Mrkneme se na to.
1/6/1620578e.p3d	19177_p_hlf_099	Hajzl!
1/6/16265907.p3d	7538_mabcm_192	Všechny polní jednotky, okamžitě přejděte do těsné obrany, slyšíte?
1/6/1629077a.p3d	289_bwbhk_258	Šéfe úderu, dobrá práce, můžete se přesunout dle potřeby. Vypadá to dobře.
1/6/162d403b.p3d	15418_p_suf_074	Jsem si jistá, že je to on!
1/6/1637fd55.p3d	23030_ragla_e06m02_050	Najdu ti slabinu. Nějak...
1/6/164442d4.p3d	4205_mar_c_074	Palebná skupina Delta volá velitelství. Cíl zlikvidován. Je konec.
1/6/164e8655.p3d	23016_ragla_e06m02_036	Vpíchni mu to, dokud je omráčenej!
1/6/165124bc.p3d	17542_bwoff_201	Tohle bude chtít trochu úsilí.
1/6/1654e808.p3d	21728_speci_e04m04_030	Pohni se!
1/6/1656bfd5.p3d	11109_mahqa_137	Cíle mise se přehodnocují.
1/6/16589c16.p3d	15271_p_mtm_159	Mám rodinu. Slyšíš mě? Mám rodinu. Chci je zase vidět.
1/6/16597780.p3d	8608_mar_a_349	Ježíšikriste, to je hnusný.
1/6/165ed114.p3d	21047_p_uwm_disgust_d	Co to sakra je!?
1/6/1661244c.p3d	10332_mahqb_079	Ne na to, přepínám.
1/6/16656e62.p3d	10524_mamls_091	Vypněte automatiku na zbraních, ale nepolevujte.
1/6/1665f07b.p3d	17979_bwtra_336	Paní štěstěno, dlužím ti jednu.
1/6/1669f852.p3d	2098_bwmls_246	Kdo ho pustil na dostřel? Vytváříme odstup, přepínám.
1/6/166eead6.p3d	22421_bwtra_e03m01_013	Viděl jsem hodně sraček, ale nikdy jsem neviděl, aby virus dělal tohle.
1/6/1670c962.p3d	19588_bwhqb_076	Povolení zamítnuto.
1/6/1676f4e9.p3d	21576_maabr_258	Tohle máme v kapse. Ranger Dvě Sedm se vrací na základnu, přepínám.
1/6/167a43f9.p3d	22710_mahqa_e04m01_010	Alpha Juliet přestala vysílat. Buďte v maximální pohotovosti a při spatření cíl napadněte.
1/6/167f1d47.p3d	12274_nypda_346	Mám ho! Pomozte mi ho dostat na zem!
1/6/16842e6b.p3d	17680_bwtra_047	Ne.
1/6/1688074b.p3d	7891_mabra_311	Ach, můj bože!
1/6/168a0a9e.p3d	1000_bwgsp_240	V horké zóně, nemůžeme odpovědět, přepínám.
1/6/168bb517.p3d	16493_bwabr_033	Ustupte, čekáme na nový taktický pokyn, přepínám.
1/6/1693e94b.p3d	19142_p_hlf_065	Ne, kámo, ach ne. Ne tady, ne teď!
1/6/169f385a.p3d	7983_mabhk_082	Setkání na vektoru Čtyři Nula Pět, přepínám.
1/6/16ab7913.p3d	24370_maoff_e08m03_006	Držte své zóny! Jackpot nesmí být narušen!
1/6/16abb81b.p3d	11335_maoff_191	Cíl! To je ten cíl!
1/6/16bd38ad.p3d	11750_nydisp_035	Podezřelý může být opět zaměřen, čekejte.
1/6/16bfbe76.p3d	17385_bwoff_044	Palba v zóně. Nasaďte dělostřelectvo na tento cíl.
1/6/16d3d7f9.p3d	17225_bwtrb_405	Další by mohla zasáhnout.
1/6/16d60bfa.p3d	25082_nypda_043	Neslyším vás, dispečinku.
1/6/16d98237.p3d	17944_bwtra_301	Musím být sakra upřímný. Kdybych měl morálku, tohle by mě sakra štvalo.
1/6/16da9f45.p3d	426_bwbra_021	Razorback Jedna, připraven rozdat pár ran.
1/6/16dd89ef.p3d	2063_bwmls_201	Zkontrolujte souřadnice, nic tu není. Rozumíte?
1/6/16e10624.p3d	16757_bwabr_277	Zahajujeme palbu! Kryjte nás!
1/6/16e45b3d.p3d	19553_bwhqb_051	Vypadá to, že jsme hotovi. Uklidťe a ukončete misi, přepínám.
1/6/16e9af63.p3d	9996_maf35_264	Úderný balík Delta selhal. Nepřítel se ukryl, přepínám.
1/6/16f32335.p3d	13461_p_ctm_218	Škrtíš mě!
1/6/16f38b13.p3d	18626_susol_044	Červení na téhle pozici, aktualizace. Připravte se.
1/7/1702b787.p3d	8006_mabhk_105	Cíl spatřen, pošlete úder na vektor Nula Jedna Devět.
1/7/1708872b.p3d	7346_mabcm_014	Stavba stojí a je zabezpečena, velitelství Delta volá Red Crown. Delta Dogs jsou v pohotovosti, konec.
1/7/17096088.p3d	24868_nypda_194	Stůj přesně tam! Tohle je zakázaná oblast!
1/7/170b7de0.p3d	14865_p_mtf_219	Pusť mě!
1/7/171a547b.p3d	11178_maoff_040	ZEUS je v pohybu, Red Crown.
1/7/171e00fd.p3d	15083_p_uwm_206	K zemi!
1/7/171f49df.p3d	11300_maoff_164	Mám povolenou palbu!
1/7/17309af8.p3d	22472_bwtra_e06m05_065	Nemám tušení, co to sakra je, ale právě to vykuchalo tým McMillana, aniž by se zapotilo.
1/7/1733501d.p3d	17350_bwoff_009	Nasaďte Úderný balíček, je to on!
1/7/1735fc74.p3d	16022_p_uem_207	Pozor!
1/7/173ba2f5.p3d	8416_mar_a_156	No teda, ten chlápek pořád mění pravidla.
1/7/173e66b7.p3d	4738_maabr_066	Ztratili jsme ho!
1/7/174271b3.p3d	17068_bwtrb_248	Potřebujeme lepší protokoly.
1/7/1744e4bb.p3d	19396_bwhqa_075	Negativní.
1/7/1747240c.p3d	22458_bwtra_e06m05_050	A sakra -- máme tu novýho.
1/7/17481bf1.p3d	17787_bwtra_144	Cíl zachycen, pronásleduji!
1/7/175497e0.p3d	16722_bwabr_242	Setřeste to, týme!
1/7/1757d6d8.p3d	19249_p_hlf_169	Co chceš? Vezmi si cokoliv, OK? Vezmi si všechno, co mám! Jen si to vezmi a jdi!
1/7/176148bc.p3d	12082_nypda_153	Vidím ho, vypadá to na muže, nezdá se zraněný. Je to tak?
1/7/17619b4f.p3d	11854_nydisp_119	Všechny jednotky, čekejte na nouzovou situaci.
1/7/177cf625.p3d	24833_nypda_270	Do prdele!
1/7/177f0d11.p3d	14830_p_mtf_184	Dostaňte mě odsud!
1/7/1787ea9b.p3d	21989_alex_e05m03_205	No, asi budu muset hledat dál....
1/7/1788a15e.p3d	17614_bwoff_263	Pusť mě!
1/7/1798a38e.p3d	10404_mahqb_141	Úderný balíček povolen, veškerá podpora autorizace X-Ray Juliet Delta.
1/7/1798d822.p3d	9192_mar_b_361	Granáty, potřebujeme granáty...
1/7/179a04e8.p3d	25189_nypda_456	Nemusíš to dělat takhle, slož ho a můžeme to vyřešit.
1/7/179ef60e.p3d	25311_nypda_439	Co to sakra je!?
1/7/17a4500c.p3d	24206_p_haf_017	Tohle místo se úplně zbláznilo.
1/7/17a8ea77.p3d	4575_mar_c_433	Nepřátelské vozidlo! Kryjte se!
1/7/17b1f873.p3d	4703_maabr_031	Zásah bez účinku, připravte další granát.
1/7/17b6036f.p3d	17033_bwtrb_213	Neopovažuj se mě sakra zastřelit!
1/7/17b69c93.p3d	12346_nypda_418	Teď nemůžu mluvit, dispečinku -- mám plné ruce práce!
1/7/17b87696.p3d	19361_bwhqa_050	ZEUS je zlikvidován, všechny týmy ukončete pohotovost. Jednotky Whiskey a X-Ray na základnu.
1/7/17bbad98.p3d	17752_bwtra_109	To je pět.
1/7/17bd06dc.p3d	23879_alex_007	Co to SAKRA je?
1/7/17be5926.p3d	22135_alex_e09m01_352	Ne.
1/7/17c33463.p3d	16565_bwabr_105	Cíl je stále pohyblivý!
1/7/17cb6894.p3d	19214_p_hlf_134	Kdo? Ach, sakra!
1/7/17cc2099.p3d	8978_mar_b_147	Do prdele -- kluci, vidí někdo něco? Kluci?
1/7/17d28e13.p3d	13592_p_erm_114	Nenech je, aby se tě dotkli!
1/7/17d415f7.p3d	326_bwbhk_295	Odvážíme vás! Vydržte, pohybujeme se.
1/7/17d530b2.p3d	991_bwgsp_231	Nemá to smysl, Red Crown.... Přiveďte balíček domů.
1/7/17e33348.p3d	11407_maoff_132	Rukojmí! Střelte! Střelte!
1/7/17e94c24.p3d	16819_bwtrb_019	Negativní, negativní. Zaujměte pozice.
1/7/17eda958.p3d	14673_p_mtf_029	Chytili toho chlapa?
1/7/17f73dc2.p3d	17457_bwoff_116	Na tohle nemám čas.
1/7/17feb533.p3d	15186_p_mtm_076	Ten! To je ten!
1/8/18074011.p3d	10247_mahqb_004	ZEUS se odpoutal a pohybuje se skrytě.
1/8/180b89f3.p3d	10439_mamls_006	Uh, střely naprogramovány, čekáme na cíle.
1/8/180cee33.p3d	10966_mahqa_014	Týmy Bravo a Oscar, koordinujte pátrání, slyšíte?
1/8/180d92c8.p3d	25154_nypda_315	Tady je!
1/8/181505f6.p3d	2135_bwmls_213	Zásah je příliš silný.
1/8/181bda4b.p3d	19625_bwhqb_103	Přejít na stav červená. Situace je stále kritická.
1/8/181c7993.p3d	4540_mar_c_398	Sakra! Ale sakra! Je to jeden z našich!
1/8/1821d223.p3d	11787_nydisp_062	Rozumím.
1/8/18253662.p3d	12189_nypda_261	Označuju to jako tělo, dispečinku. Zařaďte to do forenzního procesu.
1/8/182a2bc4.p3d	12311_nypda_383	Dobrý bože!
1/8/182bb60e.p3d	14209_p_fdm_026	Jen se na to podívejte!
1/8/1836c394.p3d	16530_bwabr_070	Blackjack udržuje disciplínu při pátrání, přepínám.
1/8/183fb255.p3d	8943_mar_b_112	Nepřítel v otevřeném prostoru! Nepřítel!
1/8/184003ec.p3d	7418_mabcm_086	Nasazujeme další podporu, budeme u vás co nejdřív, přepínám.
1/8/1842b23c.p3d	169_bwbhk_138	Cíl nás úspěšně ztratil, sbalme to.
1/8/18444234.p3d	20053_magsp_321	Tornado Jedna zasaženo! Padáme! Padáme!
1/8/184a4bad.p3d	19891_magsp_179	Dej do toho všechno, co máš!
1/8/184c52c6.p3d	18073_bwtra_430	Střílí po nás!
1/8/18582fee.p3d	18996_susol_384	Pohni se!
1/8/185cc5b2.p3d	9299_mar_b_468	Pomozte mi!
1/8/186accf3.p3d	17422_bwoff_081	Otočte hlavy, je volný.
1/8/187246f1.p3d	15151_p_mtm_043	To je on! To je on!
1/8/1877f2d6.p3d	22983_ragla_e05m02_003	Musíš to fakt dělat?
1/8/187c63e8.p3d	19468_bwhqa_137	Zrušte volnou palbu. Máme hotovo s primárním cílem a ukončujeme zadržování, přepínám.
1/8/187f9b3d.p3d	17859_bwtra_216	Sakra, ovládněte se! Tohle je směšné!
1/8/18854837.p3d	22913_mar_b_e06m04_042	Kontakty na dvanáctý, devítce, třetí hodině -- jsou sakra všude!
1/8/1887e0df.p3d	20460_mar_a_scream_a	*výkřik*
1/8/18889876.p3d	2100_bwmls_248	Ustupujeme. Pozemní, Highball se přesouvá.
1/8/188b15ed.p3d	4383_mar_c_241	Řekněte mi, že to viděl ještě někdo!
1/8/18967bb8.p3d	13699_p_erm_221	Ó, nezabíjej mě!
1/8/1898c809.p3d	12154_nypda_226	A tak ten příběh končí, brácho.
1/8/18993c50.p3d	13376_p_ctm_133	K zemi!
1/8/18a04a7b.p3d	8786_mar_a_507	Ále, no tak, ne takhle!
1/8/18b11ea1.p3d	22066_alex_e07m01_282	Potřeboval jsem ho živého.
1/8/18b47c9d.p3d	24905_nypda_519	Pozor!
1/8/18b643f8.p3d	134_bwbhk_103	Uděláme další průlet a podíváme se, co je tam dole.
1/8/18b8db73.p3d	20892_p_mtf_pain_a	*argh*
1/8/18bbaf1b.p3d	19019_susol_407	Gaaaaahhh!
1/8/18c562c2.p3d	11215_maoff_065	Situace zajištěna, se ztrátami.
1/8/18c8f451.p3d	23956_alex_084	Neodcházím.
1/8/18cbc195.p3d	18961_susol_349	Obejděte to a obklíčte ho. Padáme za třicet! Padáme za třicet!
1/8/18d0576e.p3d	9264_mar_b_433	Sakra.
1/8/18db56f1.p3d	20887_p_mtf_gasp_d	*lapání po dechu*
1/8/18e069e2.p3d	4647_mar_c_515	Ústup! Pohyb!
1/8/18e45831.p3d	23908_alex_036	Ano.
1/8/18e7a51b.p3d	15561_p_suf_217	Nemůžu dýchat!
1/8/18ed8030.p3d	17105_bwtrb_285	To je tam ruka?
1/8/18ee1969.p3d	12418_nypda_490	Nestřílejte!
1/8/18ee2011.p3d	22383_bwoff_e03m01_026	Tady Zadržení Jedna, máme prioritní situaci. Sežeňte mi leteckou podporu!
1/8/18eff5a4.p3d	19433_bwhqa_102	Polní týmy nasazeny, na místě a čekají na rozkazy, přepínám.
1/8/18f32a6e.p3d	17824_bwtra_181	Počkat, počkat! Stát!
1/8/18fab124.p3d	16637_bwabr_177	Nabijte hmyzí sprej, likvidujeme!
1/8/18fc57f1.p3d	14906_p_uwm_029	Chytili toho chlapa?
1/9/1901f5c4.p3d	20318_mabhk_scream_c	*výkřik*
1/9/19035a63.p3d	9876_maf35_164	Red Crown, data o výběru cíle jsou v síti, dál útočte na toho velkého a zbytek si poradí sám.
1/9/190a0ad4.p3d	13664_p_erm_186	Jen-jen se dostaňte do bezpečí!
1/9/190ccb6c.p3d	13341_p_ctm_098	Sakra!
1/9/190d0a37.p3d	10053_maf35_321	Nulový výkon. Voodoo potvrzuje katapultáž.
1/9/190e3914.p3d	19998_magsp_266	Podpůrný pták Jedna, mise splněna.
1/9/1913d9ac.p3d	8751_mar_a_472	Aktualizace ze satelitu, máme evakuaci, Red Crown, poraďte, přepínám.
1/9/1918cb20.p3d	13184_p_ctf_173	Pohni se!
1/9/192528b9.p3d	14745_p_mtf_101	Slyší mě někdo!?
1/9/19351c47.p3d	22814_maoff_e10m04_078	Red Crown, potvrdili jsme aktivaci Otcovského zařízení. Je aktivní a odpočítává. Zbývají minuty.
1/9/1936347d.p3d	15258_p_mtm_146	Utíkej! Uhni mu z cesty!
1/9/193ebcb3.p3d	10319_mahqb_066	Rozumím. Pokračujte.
1/9/1944e758.p3d	19209_p_hlf_130_a	Ach ne!
1/9/19450710.p3d	25226_nypda_108	Stahuju se z oblasti, dispečinku. Podezřelý je pryč.
1/9/194987f7.p3d	8184_mabhk_263	Skoro jsme to koupili, Red Crowne, žádáme povolení stáhnout se.
1/9/1953f8f4.p3d	4612_mar_c_470	Zkontrolujte cíle, mariňáci! Svoji!
1/9/1961c6d2.p3d	17667_bwtra_034	Potvrzuji.
1/9/19659d12.p3d	7878_mabra_298	Seber si věci a padej -- vybouchne to!
1/9/196c2f42.p3d	16890_bwtrb_090	Máme tu anomálii.
1/9/196d4183.p3d	4191_mar_c_060	Máme pozitivní potvrzení hlavního cíle. Žádáme úder jižně od našich souřadnic, přepínám.
1/9/196e42e0.p3d	16602_bwabr_142	Vyrovnejte se mu! Síla proti síle!
1/9/197181b3.p3d	19129_p_hlf_053	Řekli, že je ozbrojenej. Držte se dál!
1/9/1976ec0a.p3d	9841_maf35_129	Voodoo Sedm zahajuje vyhledávací vzorec Zulu. Kurz sto třicet, přepínám.
1/9/197b49ef.p3d	11842_nydisp_107	Jde o podezřelého s nejvyšší hrozbou. Postupujte s krajní opatrností.
1/9/197fbe84.p3d	11095_mahqa_123	Povolení palby zrušeno, přepínám.
1/9/1981caef.p3d	19963_magsp_241	To je negativní.
1/9/1982762f.p3d	8594_mar_a_335	Klid, lidi, klid!
1/9/1983d212.p3d	18145_bwtra_502	Přilétá to!
1/9/1998b7d5.p3d	14710_p_mtf_066	Zdá se mi to?
1/9/19a210ec.p3d	14640_p_ham_226	Aaaaáááá!
1/9/19a9c63b.p3d	15223_p_mtm_113	Zmizte! Jsou to ty zasraný věci!
1/9/19ae9916.p3d	14280_p_fdm_096	Co to sakra je!?
1/9/19b015ae.p3d	15986_p_uem_171	Utíkej! UTÍKEJ!
1/9/19b282e4.p3d	9072_mar_b_241	Jo! Pěkný!
1/9/19b3b026.p3d	25069_nypda_376	Na zem!
1/9/19bb6475.p3d	22427_bwtra_e04m01_019	Sledují červenou, najdou Mercera. Toho hajzla brzo najdeme.
1/9/19c29539.p3d	4455_mar_c_313	Pohyb! Pohyb!
1/9/19c5e766.p3d	24039_bwoff_e08m02_113	Red Crown, tady Sigma. Jackpot je na místě, perimetr je zajištěný a jsme připraveni nasadit, přepínám.
1/9/19cb34d0.p3d	1992_bwmls_130	Myslím, že Highball šest právě odešel na věčnost, vy sráči.
1/9/19cf21f8.p3d	22441_bwtra_e04m04_033	Máme čisto.
1/9/19d044ca.p3d	12226_nypda_298	Na kolena, hajzle!
1/9/19d0bb9c.p3d	13448_p_ctm_205	Trpím! Prosím!
1/9/19d92ece.p3d	7843_mabra_263	Zásah, zásah. Jsme tady, pořád jsme tady!
1/9/19e22550.p3d	22049_alex_e06m05_265	Páni, ty jsi teda něco jinýho.
1/9/19e3c0a9.p3d	10774_mamls_321	Sakra, tohle bude bolet jak čert.
1/9/19e5cb99.p3d	8858_mar_b_047	Jednotka dvanáct sedm hlásí prioritní cíl na sedm tři nula kilo. Rozumíte?
1/9/19edc0b9.p3d	206_bwbhk_175	Vysaďte tým a nechte je dokončit práci.
1/9/19ee8e9d.p3d	22759_maoff_e06m01_023	Tango míří na jih. Úderný tým povolán do kvadrantu Delta k zachycení.
1/9/19eedb74.p3d	871_bwgsp_111	Vidím ho, ale klidně umře i tak. Zasáhni to znovu.
1/9/19f06268.p3d	7935_mabhk_034	Zbraně aktivní! Zbraně aktivní!
1/9/19f34da0.p3d	11060_mahqa_088	Hlášení situace, opakuji, hlášení situace.
1/9/19f7612e.p3d	18110_bwtra_467	TEĎ zemřete! Všichni!
1/9/19f8cb97.p3d	4881_maabr_209	Zvládneme to. Čekejte na naše hlášení, přepínám.
1/a/1a06c11d.p3d	25367_alex_e01m02_709	Tomu nemůžu uvěřit.
1/a/1a07d6ba.p3d	9336_mar_b_505	Jó!!
1/a/1a10aaa6.p3d	14483_p_ham_069	Sakra, proměnilo se to!
1/a/1a139250.p3d	16009_p_uem_194	Někdo, pomozte!
1/a/1a201455.p3d	20606_p_ctf_gasp_c	*lapání po dechu*
1/a/1a23a755.p3d	15951_p_uem_136	Všichni k zemi!
1/a/1a273de3.p3d	25034_nypda_221	Jsi vyřízenej, hajzle!
1/a/1a2e2d93.p3d	22492_bwtra_e07m01_085	Díky, Ghoste Dvanáct. Tady jsme v pohodě.
1/a/1a301c94.p3d	16997_bwtrb_177	Co to sakra děláš?!
1/a/1a312ef2.p3d	4298_mar_c_155	To je zásah!
1/a/1a323032.p3d	16709_bwabr_229	Blackjack se blíží. Máme čisto.
1/a/1a3442d0.p3d	20747_p_fdm_cheer_d	Hůůů! Tak se mi to líbí!
1/a/1a35854b.p3d	19505_bwhqb_003	Všechny jednotky pátrejte. Zařiďte to.
1/a/1a362455.p3d	4420_mar_c_278	Přímý čelní útok, hned!
1/a/1a3b80e2.p3d	11775_nydisp_060	Podezřelý zadržen nebo zabit, potvrďte prosím?
1/a/1a3ee10a.p3d	12069_nypda_136	Dispečinku, tady Two Juliet Eleven. Jsem 10-84, zůstaňte na příjmu.
1/a/1a444acd.p3d	13413_p_ctm_170	Chceš mě zabít! No tak! Proč zrovna já?
1/a/1a47cb51.p3d	7686_mabra_126	Tohle nebude hezké.
1/a/1a4e5052.p3d	22001_alex_e05m03_217	Hotovo.
1/a/1a58ef3f.p3d	676_bwbra_271	Přerušte spojení, jsme zapojeni.
1/a/1a595d55.p3d	8823_mar_b_012	Je mi ctí, pane!
1/a/1a5ca578.p3d	14817_p_mtf_171	Utíkej!
1/a/1a617ae1.p3d	13874_p_fdf_157	Proboha, ne! Co jsem udělala?
1/a/1a63f66f.p3d	19771_magsp_059	Těžko říct. Je to hned nalevo od nás. Nalevo dole.
1/a/1a6bae41.p3d	25551_speci_e03m01_701	Aktualizace stavu: Subjekt K. Parkerová je nezvěstná - podezření na krádež transportéru souvisí se zmizením. Všechny jednotky proveďte B-sweep sektoru 32, sbalte to, chlapi.
1/a/1a6f2880.p3d	15035_p_uwm_158	Promysli si to! Prosím!
1/a/1a71dab0.p3d	18876_susol_264	Obejděte to doprava!
1/a/1a728946.p3d	14387_p_fdm_203	Ne tady.
1/a/1a767074.p3d	9179_mar_b_348	Palte, všichni najednou!
1/a/1a76f6db.p3d	1093_bwgsp_331	Padáme, opakuji, padáme!
1/a/1a7b65eb.p3d	9301_mar_b_470	*sténání* Sundejte to ze mě!
1/a/1a810743.p3d	8256_mabhk_335	Mayday! Mayday! Thunder padá!
1/a/1a833541.p3d	22738_maoff_e02m01_002	Do prdele. Ten chlap je pořád naživu.
1/a/1a85bea5.p3d	20792_p_ham_cough_a	*kašel*
1/a/1a8dbe36.p3d	15476_p_suf_132	Střelec, pozor!
1/a/1a960ee8.p3d	19348_bwhqa_037	Rozptylte se od posledního zpozorování, přepínám.
1/a/1a994374.p3d	17739_bwtra_096	Jdeme na to!
1/a/1aa3ae50.p3d	16962_bwtrb_142	Neviděl jsem tě na Místě čtyři?
1/a/1aa8d168.p3d	21778_speci_e04m04_080	Tohle je všechno, co máme, Mercere. Tohle... a pak díra v zemi. Tak si rozmysli, co chceš na téhle straně díry.
1/a/1aae6b6b.p3d	9913_maf35_201	Máme kontakt v zóně, přesuneme se na skenování.
1/a/1ab0267a.p3d	13579_p_erm_101	*kašel* Co se stalo? *kašel*
1/a/1ab272c6.p3d	12034_nypda_101	Dispečinku, zkontrolujte mou pozici. ID podezřelého. Pošlete úderný tým.
1/a/1ab2c904.p3d	978_bwgsp_218	Potvrzeno, cíl dole, čekáme na nové rozkazy.
1/a/1ab2e714.p3d	13256_p_ctm_015	Viděl někdo, co se stalo?
1/a/1ab51bdc.p3d	13701_p_erm_223	Pusť!
1/a/1ab9f57b.p3d	8666_mar_a_407	Echo pět Charlie hlášení, prověřujeme možného nepřítele. Ozvu se.
1/a/1abb5a82.p3d	7651_mabra_091	Máme obraz, budu střílet, přepínám.
1/a/1abc7087.p3d	20214_bwoff_pain_c	*argh*
1/a/1abcb673.p3d	4988_maabr_296	Dostaňte nás do bezpečné vzdálenosti, řidiči, jsme tu moc hluboko.
1/a/1abee426.p3d	13099_p_ctf_088	Napálil tě!
1/a/1ac1a228.p3d	10390_mahqb_127	Taktické cíle se přehodnocují.
1/a/1ac3dc28.p3d	13221_p_ctf_210	Ale ne.
1/a/1ac5ec48.p3d	10582_mamls_149	RC, RC, tady Roller Dog sedm, nasazujeme se proti nepříteli.
1/a/1acc80e6.p3d	641_bwbra_236	Nepřátelé jsou zadrženi.
1/a/1accef40.p3d	20479_mar_b_pain_d	*argh*
1/a/1acd5377.p3d	24192_p_haf_186	Pomozte mi!
1/a/1adfe384.p3d	11879_nydisp_144	Voláme zásahovku! Ozvěte se s potvrzením, přepínám.
1/a/1ae2672b.p3d	21860_alex_e03m01_076	Přesně vím, jak tuhle věc řídit.
1/a/1ae2ba3c.p3d	15000_p_uwm_123	Zahoď to, blbče!
1/a/1ae56c57.p3d	18841_susol_229	Jo, D-Codes primární úkol splněn.
1/a/1ae61862.p3d	14352_p_fdm_168	Prosím, měj slitování! Prosím!
1/a/1aea0230.p3d	9144_mar_b_313	Tohle svinstvo je fakt?
1/a/1aefa13b.p3d	8099_mabhk_198	Jo, Red Crowne, máme pohyb.
1/a/1af335b5.p3d	15169_p_mtm_060_a	Co to sakra dělá?
1/a/1af498ff.p3d	8221_mabhk_300	Aaa! Sundejte to ze mě!
1/a/1afa11fa.p3d	4527_mar_c_385	Pozor! To je on!
1/b/1b014d52.p3d	15441_p_suf_097	Co!?
1/b/1b02f553.p3d	21701_speci_e04m04_003	Těšil jsem se na tohle.
1/b/1b09a0a4.p3d	19313_bwhqa_002	Potvrzuji, týmy Alfa a Delta hlásí, že se jim nepodařilo zaměřit cíl.
1/b/1b0c31e2.p3d	11393_maoff_118	*kašel* Bože. Do prdele!
1/b/1b0cd530.p3d	17704_bwtra_061	Asi to nic není, ale mrknu se tam.
1/b/1b1330ef.p3d	24530_alex_e03m01_534	Dobře, teď potřebuju odvoz.
1/b/1b145be6.p3d	16517_bwabr_057	Red Crown, potvrďte vyslání úderu na tuto pozici, přepínám.
1/b/1b19c9c6.p3d	22654_mabra_e04m01_004	Počkejte, počkejte. Signál slábne. Nový směr.
1/b/1b1d0525.p3d	9756_maf35_044	Jdi na zabití, šlápni na to.
1/b/1b23b596.p3d	13544_p_erm_066	Do prdele! Do PRDELE!
1/b/1b27e414.p3d	19878_magsp_166	Škrtni to, přepínám.
1/b/1b2acd01.p3d	11132_mahqa_160	Kdo je nejblíž k Bravo Zulu tři čtyři?
1/b/1b2d84ac.p3d	8631_mar_a_372	Nepřátelé, Red Crown. Máme nepřátele, smíšené složení, rozumíte?
1/b/1b30482f.p3d	4953_maabr_261	Red Crowne, ztratili jsme cíl. Žádáme povolení k návratu na základnu, přepínám.
1/b/1b3275e4.p3d	13064_p_ctf_055	Někdo! Zastavte ho!
1/b/1b3b1aa0.p3d	484_bwbra_079	Rozumím, RC, ZEUS je zpátky v zóně, přepínám.
1/b/1b47c930.p3d	21009_p_uem_gasp_b	*lapání po dechu*
1/b/1b481016.p3d	22954_mar_c_e06m01_031	Přestaňte střílet! Drží civilistu!
1/b/1b482a07.p3d	14555_p_ham_141	Je sakra ozbrojenej!
1/b/1b486545.p3d	17409_bwoff_068	Zvládli jsme to, HQ.
1/b/1b4fdf58.p3d	15138_p_mtm_030	Ničeho se nedotýkejte. Asi budou chtít forenzní vzorky.
1/b/1b540626.p3d	18684_susol_072	Úderná zásilka na Lima Osm Devět Nula. Nebezpečná blízkost.
1/b/1b54b4bd.p3d	14195_p_fdm_012	Bože, škoda že jsem to viděl.
1/b/1b5778c4.p3d	25339_fmv10-3_701	Jeden virus. Tři týdny. Miliony mrtvých. A já jsem u toho byl. Jmenoval jsem se Alex Mercer. A moje práce je téměř hotová.
1/b/1b6332f7.p3d	8064_mabhk_163	Cíl zlikvidován, Thunder hlásí mise splněna, přepínám.
1/b/1b7f4812.p3d	7758_mabra_198	Použijte vizuál k výběru možných cílů, přepínám.
1/b/1b89d9af.p3d	10689_mamls_236	Vypadá to, že dnes nám přálo štěstí.
1/b/1b8bd254.p3d	22593_dana_e06m01_001	ALEXI!! POMOZ MI!
1/b/1b906925.p3d	24431_mabra_e08m02_001	Čisto! Pohyb, lidi!
1/b/1b913922.p3d	24299_p_haf_057	Tam! Tam, kámo! Vidíš to?
1/b/1b94f47a.p3d	786_bwgsp_026	Můžu se propojit na keyhole? ZEUS utekl.
1/b/1b94f604.p3d	11830_nydisp_095	Žádána aktualizace, odpovězte prosím.
1/b/1b9569b7.p3d	20005_magsp_273	Hlásím, žádné cíle nezbývají. Žádám povolení k návratu do paláce.
1/b/1b98fa2d.p3d	13946_p_fdf_229	Neeeeee!
1/b/1b9b75d0.p3d	19843_magsp_131	Red Crown, prohledali jsme zónu. Není tady. Nože zpátky do pochvy.
1/b/1b9bd448.p3d	24583_alex_e06m02_586	Jsem TADY!
1/b/1b9c20f1.p3d	8474_mar_a_215	Ani hnout, hajzle!
1/b/1b9d7a49.p3d	18025_bwtra_382	Eny, meny, mýny, mo...
1/b/1b9ee4b2.p3d	4796_maabr_124	Red Crowne, je pryč. Pošlete nám novou lokaci, přepínám.
1/b/1ba6a7e1.p3d	15107_p_uwm_230	Ha-pooomooc!
1/b/1ba959fc.p3d	18948_susol_336	Není čas na kecy, Crown.
1/b/1bb2a004.p3d	21028_p_uwm_cheer_a	JOOO!
1/b/1bb515db.p3d	16780_bwabr_300	Jsme na hovno, na ulici!
1/b/1bbbbbae.p3d	14520_p_ham_106	Zavolejte sakra hasiče!
1/b/1bc53d82.p3d	15548_p_suf_204	Zavolejte 911! Prosím!
1/b/1bc9c073.p3d	15866_p_uem_054	Hej! Hej! Vidíš to!?
1/b/1bcd20aa.p3d	22184_bwabr_e08m02_24	Dostaňte ty Nakažené pryč!
1/b/1bcd2d63.p3d	22824_mar_a_e02m02_006	Dovnitř smí jen důstojníci a výš. Barker se tam snažil dostat vyčůrat se a teď je v base.
1/b/1bd52f33.p3d	21791_alex_e01m01_008	Co na mě hodíte příště, co? CO ODE MĚ CHCETE?!?!
1/b/1bdc3d6f.p3d	4335_mar_c_192	Ustup! Ustup!
1/b/1bdd7028.p3d	24891_nypda_215	Je čas s tím skoncovat.
1/b/1be4df92.p3d	1872_bwmls_010	Odpalovač vysunut, čekám na souřadnice, rozumíte?
1/b/1be9ef8b.p3d	12106_nypda_177	Tady Charlie Nineteen, podezřelý je na útěku!
1/b/1bea63d3.p3d	13328_p_ctm_085	Nezabíjej mě!
1/b/1bec4041.p3d	20601_p_ctf_disgust_b	Fujtajbl!
1/b/1bf171fe.p3d	8738_mar_a_459	Páni, kámo -- tohle je velký!
1/b/1bf2d9ce.p3d	7723_mabra_163	Je konec, sakra, je konec!
1/b/1bfd6b6b.p3d	10654_mamls_201	Cílová zóna přehodnocena, odhlašuje se Roller sedm.
1/c/1c03fd88.p3d	713_bwbra_298	Opusťte to, hned!
1/c/1c04cb9d.p3d	24264_p_haf_087	Nejsem nakažená, OK! Otestujte mě! Sakra, otestujte mě!
1/c/1c0793fe.p3d	13789_p_fdf_074	To vypadá jako ten!
1/c/1c0c895e.p3d	13911_p_fdf_194	Někdo, pomozte!
1/c/1c1273ce.p3d	4761_maabr_089	Přeskupit! Přeskupit! Kryjeme vás!
1/c/1c136dda.p3d	21843_alex_e02m05_059	Měl bych je nalákat na tu vojenskou základnu.
1/c/1c1514bf.p3d	22933_mar_c_e02m05_011	Kurva! Jsou uvnitř!
1/c/1c167edf.p3d	17091_bwtrb_271	Není třeba panikařit. Sakra idioti...
1/c/1c19f11b.p3d	24513_alex_e02m02_517	Elizabeth Greeneová musí být klíč...
1/c/1c1cebb8.p3d	18913_susol_301	Pořád dobrý!
1/c/1c217ef1.p3d	9216_mar_b_385	Pohybuje se to rychle! Pozor!
1/c/1c2556a0.p3d	14892_p_uwm_015	V... ví někdo, co se stalo?
1/c/1c38cc9e.p3d	15513_p_suf_169	Slitujte se! Prosím!
1/c/1c3d521a.p3d	15831_p_uem_019	Hej, myslím, že tohle bylo ve všech zprávách.
1/c/1c43b5c0.p3d	11465_maoff_352	Pozor všem, mám prioritní cíl, PALTE, PALTE!
1/c/1c49c794.p3d	16877_bwtrb_077	Vrhni se do zabíjení.
1/c/1c4ad9d4.p3d	4178_mar_c_046	Chalk Tři volá Bird-Dogs. Vidíte toho chlapa? My jsme ho ztratili.
1/c/1c4f0f34.p3d	20653_p_ctm_pain_b	*argh*
1/c/1c4fcf16.p3d	4300_mar_c_157	Mám to! Je to dole!
1/c/1c548471.p3d	9828_maf35_116	Úderný tým na místě, pošlete sem balík, šéfe.
1/c/1c552f6d.p3d	11763_nydisp_048	10-60-I uzavřeno.
1/c/1c5b34e2.p3d	13616_p_erm_138	Zabije nás všechny!
1/c/1c5e31ba.p3d	10005_maf35_273	Ty vole! Nemůžu uvěřit, že jsem z tohohle vyvázl.
1/c/1c617613.p3d	7566_mabra_006	Jen si ověřte cíle, nechceme dostat vlastní palbou.
1/c/1c69f52e.p3d	13136_p_ctf_125	Ach, můj bože.
1/c/1c6c0563.p3d	10497_mamls_064	Priorita číslo jedna je najít živé.
1/c/1c729a01.p3d	556_bwbra_151	Cíl je nepřátelský!
1/c/1c7b25bc.p3d	13754_p_fdf_041	Bože můj! To je on!
1/c/1c7c55bb.p3d	19683_bwhqb_161	Stáhněte úder. Přiveďte je domů.
1/c/1c7e4c65.p3d	8282_mar_a_021	Zase ho mám!
1/c/1c7fa953.p3d	14627_p_ham_213	Sakra, už to jde!
1/c/1c8b8572.p3d	18756_susol_144	Zakázaná oblast! K zemi!
1/c/1c8c317d.p3d	14267_p_fdm_083	Neubližuj mi!
1/c/1c901b36.p3d	9059_mar_b_228	Co když to není on?
1/c/1ca081e7.p3d	7476_mabcm_144	Stav poplachu žlutá. Vraťte se na pohotovostní pozice.
1/c/1ca15252.p3d	24998_nypda_008	Ukazoval jsem ti fotky svýho kluka? Ten spratek roste jak z vody.
1/c/1ca21965.p3d	24055_bwoff_events_016	Dneska nám pomáhá nějaký nový chlap?
1/c/1ca768fa.p3d	15356_p_suf_014	Vidíš, co se to děje?
1/c/1ca8cd22.p3d	1979_bwmls_117	Blízký zásah, blízký zásah. Nebojte se, budeme mít Seven One Three co by dup.
1/c/1cb5256f.p3d	21835_alex_e02m02_051a	Potřebuju tvou pomoc.
1/c/1cb74442.p3d	11430_maoff_268	Nahlaste tuto polohu Red Crown!
1/c/1cbd5950.p3d	16842_bwtrb_042	Sám sis o to řekl.
1/c/1cbe6b90.p3d	4143_mar_c_011	Pohyb. Vlevo! Prověřte to!
1/c/1ccb4ad9.p3d	17480_bwoff_139	Zabijte ho, než vám zmizí z dohledu!
1/c/1ccc713b.p3d	858_bwgsp_098	Pátrání bez výsledku, cíl v této zóně není, přepínám.
1/c/1ccef0db.p3d	22628_maabr_e08m04_023	Nemáme kontakt s tou... ehm... velkou hmotou. Má někdo aktuální polohu cíle?
1/c/1cd0e607.p3d	11047_mahqa_075	To je zamítnuto.
1/c/1cd2f51c.p3d	19915_magsp_203	Dav čítá aspoň třicet lidí, ehm, dám vám vědět, přepínám.
1/c/1cd39db2.p3d	8546_mar_a_287	Kurva, tohle je vážný.
1/c/1cd66173.p3d	4868_maabr_196	Omezte odkrytí.
1/c/1cda6c6f.p3d	17198_bwtrb_378	Kryj!
1/c/1cdb4d28.p3d	10270_mahqb_027	To nestačí, lidi. Víte, co je v sázce. Všichni polní důstojníci na tomto kanálu, čekám písemné hlášení do devíti hodin!
1/c/1cdd845f.p3d	13101_p_ctf_090	Jsem nevinná!
1/c/1cdf6471.p3d	17320_bwtrb_500	Zpátky!
1/c/1cdf970a.p3d	10462_mamls_029	Nesnáším tohle čekání a vyhlížení.
1/c/1ce05416.p3d	20273_maabr_choke_b	*dušení*
1/c/1ce1d018.p3d	21826_alex_e01m02_043	Teď se dostanu dovnitř.
1/c/1ce62ba8.p3d	521_bwbra_116	Red Crown, dejte nám výchozí bod a projedeme to, přepínám.
1/c/1ce94445.p3d	14999_p_uwm_122	Sakra! Odlož to!
1/c/1cf15514.p3d	22447_bwtra_e05m01_039	Jednotko Hotrod, tohle je obecný rozkaz k evakuaci. Pohyb, pohyb na všech místech a shromážděte se dle plánu. Pokud jste dosud nebyli sami, teď jste. Konec.
1/c/1cf99224.p3d	11867_nydisp_132	Honička vyřešena, potvrdí to všechny jednotky?
1/c/1cfcfe32.p3d	25412_alex_e05m01_702	Klíčem jsou těla z prvního výskytu nákazy.  Vzali je Specters z Blackwatche.  Najdu Specters, najdu těla - třeba najdu i odpovědi.
1/c/1cff1719.p3d	18721_susol_109	D-Code, prohledávám!
1/c/1cffc325.p3d	14232_p_fdm_049	Je zpátky!
1/d/1d013fbd.p3d	15938_p_uem_124	Ale sakra, ten člověk je mrtvej!
1/d/1d03aa67.p3d	9024_mar_b_193	Ztrácím to! Kurva!
1/d/1d0e43ff.p3d	8101_mabhk_200	Rozumím.
1/d/1d13bcbc.p3d	4407_mar_c_265	Ach, já prostě nevím!
1/d/1d14138e.p3d	7441_mabcm_109	Velitelství základny nemá polohu cíle.
1/d/1d14f736.p3d	24963_nypda_509	*zasténání* Ty hajzle jeden!
1/d/1d16bf68.p3d	192_bwbhk_161	Žádost o aktuální situaci, máte taktický na spojení, přepínám?
1/d/1d1c5c53.p3d	1944_bwmls_082	Zóna vypadá negativně, přepínám.
1/d/1d1f5e7d.p3d	20866_p_mtf_cheer_c	Kdo je teď borec!? Wúú-húú!
1/d/1d25e0fc.p3d	11273_maoff_144	Pozor!
1/d/1d2c8bea.p3d	11998_nypda_064	Slyšel jsem, že tihle nechali shořet dva bloky v centru. Zabili všechny uvnitř. Zasraní hajzlové.
1/d/1d34e82c.p3d	10726_mamls_273	Všechny střely odpáleny. Čekáme na hlášení.
1/d/1d3c4a87.p3d	24336_p_haf_124	Zastavte ho!
1/d/1d4002f7.p3d	823_bwgsp_063	Potřebujeme hazmat a lékařskou evakuaci na vektoru pět pět dva.
1/d/1d418ed6.p3d	19758_magsp_046	Rozsviťte to!
1/d/1d4239f6.p3d	8389_mar_a_129	Uh. *zabručení* Co to děláš!?
1/d/1d447801.p3d	11012_mahqa_060	ZEUS je hlavní cíl, pane. Hlásíme to.
1/d/1d472f6e.p3d	8511_mar_a_252	*lapnutí po dechu* Co?
1/d/1d49f32f.p3d	4833_maabr_161	Přepnout do obrany!
1/d/1d4dfe2b.p3d	17163_bwtrb_343	Cíl uprchl z místa.
1/d/1d507114.p3d	19491_bwhqa_160	Úderný tým do mřížky Zebra. Pozemní týmy, nastražte kouř, přepínám.
1/d/1d53a854.p3d	17882_bwtra_239	Co ta hnida předvede na přídavek?
1/d/1d5684ae.p3d	20586_p_ctf_cheer_c	Ano!
1/d/1d5b2ee1.p3d	16695_bwabr_215	Nepřátelé staženi, dobrá práce, posádko.
1/d/1d5cd361.p3d	14964_p_uwm_087	Věř mi, prosím! Jsem nevinnej!
1/d/1d61d4c9.p3d	14435_p_ham_021	Řekli poldové něco?
1/d/1d74ced9.p3d	15903_p_uem_089	Nezabíjej mě!
1/d/1d8146a2.p3d	16949_bwtrb_129	Pane.
1/d/1d8f385f.p3d	17587_bwoff_236	Kurva, zpátky!
1/d/1d97a2f5.p3d	22346_bwhqa_528	Red Crown letounu, vstupujete do zabezpečeného vzdušného prostoru kolem U.S.S. Reagan. Okamžitě změňte směr, jinak na vás zahájíme palbu.
1/d/1d98f2d4.p3d	7638_mabra_078	Jedem. Mariňáci, Semper Fi.
1/d/1d9ba4c2.p3d	65_bwbhk_034	Sesypte na to palbu!
1/d/1d9f3a8f.p3d	10377_mahqb_114	Pokračujte v pronásledování ZEUSE a jeho pomocníků.
1/d/1da01daf.p3d	11963_nypda_038	Slyším vás, dispečinku.
1/d/1da171ef.p3d	13208_p_ctf_197	Tak strašně to bolí.
1/d/1da1cfef.p3d	25465_alex_e08m04_701	Tohle není dobré - Blackwatch má jen jeden důvod stahovat se z Manhattanu - vyčistí celý ostrov.
1/d/1da384af.p3d	10569_mamls_136	Aktivujte zbraňové systémy, hned.
1/d/1da582b9.p3d	25284_nypda_181	Dispečinku, honíme ho!
1/d/1daaebde.p3d	24179_p_haf_173	Pohni se!
1/d/1dafd946.p3d	24301_p_haf_059	To je ten vrah!
1/d/1db2a506.p3d	13826_p_fdf_111	Držte se od nich dál!
1/d/1db4769d.p3d	4670_mar_c_509	Aaah!
1/d/1db52092.p3d	19723_magsp_011	Tornado Jedna pozemním. Setřeste je, kluci.
1/d/1db5c927.p3d	8354_mar_a_094	Nemám ho. Negativní.
1/d/1db88f74.p3d	4676_maabr_004	Ranger Dvě Sedm v zóně, čekáme na taktické pokyny, přepínám.
1/d/1dc2290b.p3d	12441_nypda_513	*lapání po dechu* Nemůžu dýchat!
1/d/1dc3b0c9.p3d	14339_p_fdm_155	Jde to naším směrem!
1/d/1dc81e5f.p3d	1045_bwgsp_284	Vícenásobné zásahy, nepřetržitě.
1/d/1dd1ff97.p3d	19187_p_hlf_109	Slyší mě tam venku někdo?
1/d/1dd22ec6.p3d	8208_mabhk_287	Něco zvedl, pozor!
1/d/1dd80110.p3d	7548_mabcm_202	Red Crowne, polní velitelství je narušeno. Jestli jste dosud nebyli sami, tak teď už jste -- jste tam venku úplně v prdeli!
1/d/1dd9ca11.p3d	23932_alex_060	Odkud ho znám?
1/d/1ddaacf8.p3d	299_bwbhk_268	Tady vedoucí balíčku, nepřítel dole, to je hotovo.
1/d/1ddee5b9.p3d	15428_p_suf_084	Máte špatnýho člověka!
1/d/1deec36e.p3d	11502_maoff_329	Odpoutejte se a přeskupte!
1/d/1df5e852.p3d	4215_mar_c_084	Sežeňte sem rychle zdravotníka!
1/d/1df7264a.p3d	24771_nypda_403	Ó, teď ho máme!
1/e/1e02ca3a.p3d	17552_bwoff_211	Rozumím.
1/e/1e086553.p3d	11119_mahqa_147	Dáme vědět ohledně úderného balíčku, přepínám.
1/e/1e0a4194.p3d	15281_p_mtm_169	Prosím, jen mě poslouchej!
1/e/1e0b1cfe.p3d	8618_mar_a_359	Kurva!
1/e/1e0c8490.p3d	7603_mabra_043	Vítej v klubu mrtvých, kámo.
1/e/1e12c9ab.p3d	10342_mahqb_079	Ne na to, přepínám.
1/e/1e17166b.p3d	10534_mamls_101	Couvej, dostaň tu plechovou bednu odsud.
1/e/1e1795f9.p3d	17989_bwtra_346	Dej mu zabrat!
1/e/1e1e80e8.p3d	24144_p_haf_207	Pohni se!
1/e/1e226ec1.p3d	19598_bwhqb_076	Povolení zamítnuto.
1/e/1e30c2c5.p3d	12284_nypda_356	Máš špatnýho chlapa -- tohle jsem já!
1/e/1e35d3ca.p3d	17690_bwtra_047	Ne.
1/e/1e374285.p3d	14304_p_fdm_120	Nepřestávají. Prostě nepřestávají!
1/e/1e3bb01c.p3d	1010_bwgsp_250	Nepřestávejte střílet, dokud nedám signál.
1/e/1e3de416.p3d	20814_p_ham_pain_c	*argh*
1/e/1e42dc2e.p3d	21972_alex_e05m02_188	Táhni od něj!
1/e/1e458ec8.p3d	19152_p_hlf_074	ON! TEN!
1/e/1e50ddd8.p3d	7993_mabhk_092	Uděláme další průlet a podíváme se, co je tam dole.
1/e/1e5d6024.p3d	11345_maoff_201	Vybrali jste si špatného chlapa!
1/e/1e6ede0d.p3d	11751_nydisp_036	Jste západně od bývalé Cílové zóny? Čekejte, předám dál.
1/e/1e703253.p3d	25448_alex_e07m01_702	Přijato, konec.
1/e/1e7163f4.p3d	17395_bwoff_054	Přeskupit se, týme, přeskupit! Všichni ke mně!
1/e/1e857d77.p3d	17235_bwtrb_415	Přesně tak. Vytáhněte ho ven!
1/e/1e87b159.p3d	25092_nypda_043	Neslyším vás, dispečinku.
1/e/1e8b27b5.p3d	17954_bwtra_311	HQ, radši pošlete zdravotníky HNED.
1/e/1e8c44c3.p3d	436_bwbra_031	Pal! Pal!
1/e/1e8f2f8c.p3d	2073_bwmls_221	Přední pozorovatel palby. Stáhněte se, tohle bude pořádná rána.
1/e/1e92aba2.p3d	16767_bwabr_287	Ještě jednou a možná shodíme pás.
1/e/1e9600bb.p3d	19563_bwhqb_061	Povoleno.
1/e/1e99518a.p3d	14507_p_ham_093	Kriste!
1/e/1e9fa21d.p3d	22229_bwhqa_e06m04_004	Dobrá práce, ale teď už vědí, že jdete po nich. Zamiřte do druhé červené zóny a rychle to dokončete.
1/e/1ea4c8b3.p3d	13471_p_ctm_228	Neeeee!
1/e/1eb3cee4.p3d	22298_bwhqa_e10m04_073	Na přiblížení. Připravte se k výsadku, vydržte, lana připravena.
1/e/1eb45d05.p3d	8016_mabhk_115	Thunder Čtyři Pět, máme oči na stopkách, přepínám.
1/e/1eba2ca9.p3d	7356_mabcm_024	Nepřítel je v obranném perimetru. Stav ohrožení základny červený, konec.
1/e/1ebb0d48.p3d	24878_nypda_382	Kriste!
1/e/1ebd235e.p3d	14875_p_mtf_229	Óóóóch, bóóóže!
1/e/1ecbf9f9.p3d	11188_maoff_050	Máme kontakt. Na tohle jste cvičeni, mariňáci!
1/e/1ecfa67b.p3d	15093_p_uwm_216	Hej! Aaahh! *dávení, kašel*
1/e/1ed0f69d.p3d	11310_maoff_350	Žádám těžký útok do zabíjecí zóny. Cíl označen, přepínám.
1/e/1ee4f59b.p3d	17360_bwoff_019	Nechte Mercerovi místo ve vědecké laborce.
1/e/1ee7a1f2.p3d	16032_p_uem_217	Pusť mě!
1/e/1eed4873.p3d	8426_mar_a_166	Zabijte tu zasranou věc!
1/e/1ef00c35.p3d	4748_maabr_076	Red Crowne, tady Ranger Dvě Sedm. Cíl na dohled!
1/e/1ef50681.p3d	22844_mar_a_e03m01_026	Vidíš ty operativce? Odpověz mi na tohle: proč MY nemáme ochranné obleky proti zbraním hromadného ničení?
1/e/1ef90ca8.p3d	17200_bwtrb_380	K zemi!
1/e/1ef9c16f.p3d	17797_bwtra_154	Držte tu oblast, nahlásím to vysílačkou.
1/e/1effea4a.p3d	22097_alex_e08m02_315	Zaútočte na můj cíl!
1/f/1f063d5e.p3d	16732_bwabr_252	Dostáváme se na dostřel, ještě jeden výstřel!
1/f/1f097c56.p3d	19259_p_hlf_179	Nepřestávej!
1/f/1f0ee688.p3d	9971_maf35_239	Vydrž, Red Crown, Sedm je v hajzlu.
1/f/1f12a75a.p3d	22953_mar_c_e03m01_031	Všechny osádky vozidel jsou uvnitř na briefingu.
1/f/1f12ee3a.p3d	12092_nypda_163	*výdech* Myslel jsem, že tohle už máme za sebou.
1/f/1f1340c4.p3d	11855_nydisp_120	Až se vojáci přiblíží, léčte prosím zraněné civilisty jako první. Mariňáci mají přednost při zásahu proti hrozbám.
1/f/1f2e9445.p3d	24843_nypda_095	Dispečinku, ID podezřelého. Informujte podporu o mé pozici.
1/f/1f30b28f.p3d	14840_p_mtf_194	Někdo, pomozte mi! Myslím, že umírám!
1/f/1f3f8b9e.p3d	11153_maoff_013	Jaká je jeho pozice? Ozvěte se!
1/f/1f498af2.p3d	23049_tagga_e09m03_009	Škoda.
1/f/1f4a490c.p3d	10414_mahqb_151	Úderný balíček je na cestě. Vydržte.
1/f/1f4ba322.p3d	25199_nypda_286	Co je s těma hajzlama? Co to stavějí?
1/f/1f509bab.p3d	25321_nypda_459	Ó, přichází nějaký svinstvo!
1/f/1f55f58b.p3d	24216_p_haf_028	Přála bych si to nevidět.
1/f/1f56deb3.p3d	21751_speci_e04m04_053	Čisto!
1/f/1f5a8ff5.p3d	4585_mar_c_443	Hajzl!
1/f/1f62e038.p3d	24140_p_haf_cough_b	*kašel*
1/f/1f639df1.p3d	4713_maabr_041	Red Crowne, mám více cílů. Opakuji, více cílů.
1/f/1f650649.p3d	22611_maabr_e06m04_007	Chraňte Hammera! Nesmí padnout! Družstvo Delta, vpřed a kryjte bok! POHYB! POHYB!
1/f/1f670615.p3d	23025_ragla_e06m02_045	POMOC!
1/f/1f67a8ed.p3d	17043_bwtrb_223	Ukaž mi průkaz!
1/f/1f684211.p3d	12356_nypda_428	Šlapej to!
1/f/1f6a1c14.p3d	19371_bwhqa_060	Máme pozitivní. ZEUS je zlikvidován. Všechny týmy čekejte.
1/f/1f6d5316.p3d	17762_bwtra_119	Mám tě! Jde se na to.
1/f/1f6d67b3.p3d	21737_speci_e04m04_039	Nezlý.
1/f/1f74d9e1.p3d	16575_bwabr_115	Další hořák zlikvidován.
1/f/1f7d0e12.p3d	19224_p_hlf_144	Bude z toho zasraná řež.
1/f/1f7dc617.p3d	8988_mar_b_157	Hej! Dávej pozor! Couvni!
1/f/1f85be00.p3d	336_bwbhk_305	Sakra, musíme se stáhnout, jsme moc blízko!
1/f/1f8abd30.p3d	24611_alex_e09m01_614	Zbyl mu jeden.
1/f/1f94dca9.p3d	11417_maoff_255	Máme tu tělo. Ukliďme to.
1/f/1f9af1a2.p3d	16829_bwtrb_029	Ustup. Pal na to.
1/f/1f9f4ed6.p3d	14683_p_mtf_039	Přestaň!
1/f/1fa8e340.p3d	17467_bwoff_126	Ruce nahoru a k zemi.
1/f/1fb05ab1.p3d	15196_p_mtm_086	Pane? Prosím! Počkejte chvíli. Pane! Nechystám se udělat NIC. Jen mě nechte vysvětlit.
1/f/1fb8e58f.p3d	10257_mahqb_014	Aktuální stav kontaktu, přepínám.
1/f/1fbcfa38.p3d	17307_bwtrb_487	Uhni!
1/f/1fbd2f71.p3d	10449_mamls_016	Jsme tu, abychom bojovali s nepřítelem, tak ho najdeme.
1/f/1fbe93b1.p3d	10976_mahqa_024	Přerušte operaci SD. Vraťte se na shromaždiště, přepínám.
1/f/1fbf2d7a.p3d	25164_nypda_060	Znám ty ulice. Můžu vám pomoct.
1/f/1fc3c40f.p3d	508_bwbra_103	Potřebujeme víc palebné síly! Sešlete úder!
1/f/1fc6ac2e.p3d	2145_bwmls_283	Jsou tam pořád všichni?
1/f/1fcd7fc9.p3d	19635_bwhqb_113	Situace zůstává vysoce nestabilní.
1/f/1fce219c.p3d	4550_mar_c_408	No tak, chlape, Semper Fi! Jsem s tebou!
1/f/1fd2351d.p3d	21560_bwabr_252	Dostáváme se na dostřel, ještě jeden výstřel!
1/f/1fd37783.p3d	11788_nydisp_063	Rozumím.
1/f/1fd6dbe0.p3d	12199_nypda_271	Do prdele!
1/f/1fdbd142.p3d	12321_nypda_393	Nemusíš mě zabíjet. Sloužit a chránit!
1/f/1fdcacf5.p3d	18708_susol_096	Jen přeludy. Kontakt negativní, Control.
1/f/1fdd5b8c.p3d	14219_p_fdm_036	Přestaň s tím!
1/f/1fe385fd.p3d	24444_mcmul_e04m03_106	Dobře, lidi -- po celé ploše čisto. McMullen se blíží.
1/f/1fe86912.p3d	16540_bwabr_080	Všechny skeny ukazují nic. Polní jednotky, máte něco?
1/f/1ff157d3.p3d	8953_mar_b_122	Naštval jsi mě naposledy, hajzle.
1/f/1ff1a96a.p3d	7428_mabcm_096	Zelená pro nasazení družstev. Pošlete týmy do terénu, přepínám.
1/f/1ff457ba.p3d	179_bwbhk_148	Nevidím to, kde je, přepínám.
1/f/1ff5e7b2.p3d	20063_magsp_331	Thunder Sedm zasaženo! Vychýlení. Vychýlení. Padáme do příkopu! Záchranu, prosím! Záchranu, PROSÍÍÍM!
1/f/1ff94d31.p3d	301_bwbhk_270	Nepřítel je zahrabán, Red Crown, mise splněna.
1/f/1ffdf844.p3d	18083_bwtra_440	Seš mrtvej!
2/0/201c7271.p3d	17432_bwoff_091	Nemůžeme ho zachránit, ZABIJTE ZEUSE.
2/0/2023ec6f.p3d	15161_p_mtm_053	Zabije zas!
2/0/20241d1c.p3d	22347_bwhqb_e06m04_001	Pomáhat? Ta věc zabila desítky, ne-li stovky našich mužů. Zaútočte na nepřítele smrtící silou. Zlikvidujte ZEUSe.
2/0/202e0966.p3d	19478_bwhqa_147	Red Crown nasazuje těžkou techniku do vaší oblasti. Držte se stranou, přepínám.
2/0/203140bb.p3d	17869_bwtra_226	Tenhle je mrtvej.
2/0/203a3df4.p3d	2110_bwmls_258	Náklad... doručen.
2/0/203cbb6b.p3d	4393_mar_c_251	Nestřílejte! Počkejte, počkejte chvíli!
2/0/20410ee5.p3d	19600_bwhqb_078	Ne od velitelství.
2/0/20491ab8.p3d	22481_bwtra_e06m05_074	Zavři tu svou hubu a střílej!
2/0/204a6d87.p3d	12164_nypda_236	Příště rovnou zavolejte armádu.
2/0/204ae1ce.p3d	13386_p_ctm_143	Kryjte si hlavy!
2/0/2051eff9.p3d	8796_mar_a_517	Pozor!
2/0/205e0787.p3d	24711_bwtra_e08m03_091	Kdo to sakra je? Není jeden z nás.
2/0/205ef6c4.p3d	20681_p_erm_disgust_b	Ále, fuj!
2/0/205fa3cd.p3d	22467_bwtra_e06m05_060	Najděte palebnou pozici!
2/0/20661331.p3d	24915_nypda_134	10-84, dispečinku. Charlie Nineteen na místě.
2/0/2067e976.p3d	144_bwbhk_113	Pošlete úderový balíček. Budeme cíl sledovat.
2/0/206cb624.p3d	11910_nydisp_175	Posily očekávejte každou vteřinu.
2/0/20770b44.p3d	11225_maoff_112	Všechny palebné týmy, prohledávání zrušeno, čekejte.
2/0/207d6713.p3d	18971_susol_359	Padej dolů!
2/0/207db681.p3d	23999_bwhqb_e01m02_005	Red Crown všem velitelským jednotkám. Máme narušení zadržení kategorie nula. Nyní platí protokoly Blacklight. Konec.
2/0/2080ea6c.p3d	22032_alex_e06m02_248	Bude potřebovat další dávku!
2/0/2081fcec.p3d	9274_mar_b_443	No tak, jsem zraněnej, nechte mě bejt!
2/0/2084b65e.p3d	22799_maoff_e08m04_063	Ty hadí věci jsou tady. Opele, pošli souřadnice cíle vrtulníkům.
2/0/20920f60.p3d	4657_mar_c_525	Pusť! Uhhr!
2/0/20994a99.p3d	15571_p_suf_227	Neeeee!
2/0/209f25ae.p3d	17115_bwtrb_295	Posily?
2/0/209fc172.p3d	12428_nypda_500	*výdech* Těsně.
2/0/20a19b22.p3d	19443_bwhqa_112	Situace kritická, máme zelenou k zadržení a čekáme na signál, přepínám.
2/0/20a4cfec.p3d	17834_bwtra_191	Ach, skončilo to moc brzo.
2/0/20ac56a2.p3d	16647_bwabr_187	Zahajujeme průzkum podle hlášení, přepínám.
2/0/20adfd6f.p3d	14916_p_uwm_039	Ah, jdi do prdele!
2/0/20b4ffe1.p3d	9886_maf35_174	Pošlete pozemní jednotky na potvrzení, ale vypadá to jako zásah.
2/0/20bbb052.p3d	13674_p_erm_196	Ach bože!
2/0/20be7375.p3d	13351_p_ctm_108	Kdo potřebuje pomoc!? Kdo potřebuje pomoc!
2/0/20beafb5.p3d	10063_maf35_331	Katapultuji se -- teď! Omlouvám se, kluci.
2/0/20c47011.p3d	20920_p_mtm_disgust_a	Fujtajbl!
2/0/20c57f2a.p3d	8761_mar_a_482	Ha, jsme ďábelský psi, tak snadno neumíráme!
2/0/20ca709e.p3d	13194_p_ctf_183	Jak nejrychleji můžeš!
2/0/20d6ce37.p3d	14755_p_mtf_111	Ach, bože, zabijou nás!
2/0/20e06001.p3d	17539_bwoff_198	Nenech je dostat se do CQ!
2/0/20e7d9fb.p3d	15268_p_mtm_156	Prosím, nedělej to.
2/0/20f06231.p3d	10329_mahqb_076	Negativní, přepínám.
2/0/20f6b3ec.p3d	25236_nypda_303	Ani krok dál!
2/0/20fb2d75.p3d	8194_mabhk_273	Přestaňte vysílat, jsme uprostřed toho, Red Crowne.
2/1/21059e72.p3d	4622_mar_c_480	Dobře, udělej to! Jen pojď, hajzle!
2/1/2106f334.p3d	8306_mar_a_045	Rozstřílejte to na kusy!
2/1/21136c50.p3d	17677_bwtra_044	To je ne.
2/1/2117451b.p3d	7888_mabra_308	Couvej! Couvej hned!
2/1/211fe85e.p3d	16612_bwabr_152	Polní týme, potvrďte pád cíle!
2/1/21232730.p3d	19139_p_hlf_062	Padáme, kámo. Hned!
2/1/21289188.p3d	9851_maf35_139	Ztratili jsme ho. Jsme slepí. Šéfe, chcete, abychom to zlikvidovali? Přepínám.
2/1/2128fbf5.p3d	21943_alex_e05m01_159	Sakra! Co mi to udělal...?
2/1/212a1259.p3d	20301_mabhk_dying_b	*chroptění*
2/1/212cef4f.p3d	11843_nydisp_108	K pachateli přistupujte s krajní opatrností. Je nebezpečný.
2/1/2133704e.p3d	19973_magsp_241	To je negativní.
2/1/21357790.p3d	18155_bwtra_512	Radši se ujisti, že mě zabiješ.
2/1/214a5d53.p3d	14720_p_mtf_076	Ten, tamhle!
2/1/2153f1bd.p3d	17504_bwoff_163	Blábolíš z prdele! Stůj!
2/1/215b6bb9.p3d	15233_p_mtm_123	Ale, kámo.
2/1/2160411f.p3d	14290_p_fdm_106	Nevidím! Vůbec nic sakra nevidím!
2/1/2161bb2c.p3d	15996_p_uem_181	Utíkej!
2/1/21642862.p3d	9082_mar_b_251	Ále, kámo. Rotmistře, musíme si promluvit.
2/1/21654a5c.p3d	25079_nypda_081	Charlie Nineteen všem ostatním jednotkám. Podezřelý unikl. Mějte oči otevřené.
2/1/216a3bbf.p3d	25201_nypda_083	Spatřeni nepřátelé, dispečinku.
2/1/21743ab7.p3d	4465_mar_c_323	Kryjte se!
2/1/2181ecd3.p3d	12236_nypda_308	Mám ho!
2/1/2182611a.p3d	13458_p_ctm_215	Ne! Ne! Ne!
2/1/2186fe16.p3d	17642_bwtra_019	Dobrý den, vojáku.
2/1/2187aaad.p3d	22015_alex_e05m03_231	Ále...sakra. Je to mrtvé, je to mrtvé....
2/1/218ad44c.p3d	7853_mabra_273	Pohyb, kluci, musíme se stáhnout.
2/1/21907296.p3d	22992_ragla_e05m02_012	Sundej z nás tu věc! Sundej ji!
2/1/2196b8d8.p3d	19104_p_hlf_028	Přála bych si to nevidět.
2/1/219f6637.p3d	216_bwbhk_185	Cíl dole, Ghost hlásí mise splněna, přepínám.
2/1/21a080f2.p3d	881_bwgsp_121	Zahajuji prudkou zatáčku!
2/1/21a207e6.p3d	7945_mabhk_044	Red Crowne, cíl není zlikvidován, přepínám.
2/1/21a4f31e.p3d	11070_mahqa_098	Hlášení situace hned!
2/1/21a906ac.p3d	18120_bwtra_477	Palba na maximum!
2/1/21b450f7.p3d	22908_mar_b_e06m04_037	Bude nám tu pěkně horko... Pojďme to svinstvo prostě zvládnout a zůstat v klidu.
2/1/21b97c38.p3d	9346_mar_b_515	Kryj!
2/1/21c25024.p3d	14493_p_ham_079	Teď jsi mrtvej!
2/1/21c53a59.p3d	16019_p_uem_204	Tohle... *kašel* je ono!
2/1/21d54cd3.p3d	15961_p_uem_146	Pozor! Tank se vymknul kontrole!
2/1/21d8df86.p3d	25044_nypda_126	Jak jsi na tom s municí?
2/1/21dc4f38.p3d	17906_bwtra_263	Dostali jsme je. Jsme v krytu.
2/1/21e3d5b0.p3d	16719_bwabr_239	Zpravodajství naznačuje, že se cíl přesunul. Stopa vychladla.
2/1/21e72ac9.p3d	19515_bwhqb_013	Rychlé pátrání, s krytím.
2/1/21e7c9d3.p3d	4430_mar_c_288	Jak si ověříme, že je to on?
2/1/21ed2642.p3d	11776_nydisp_061	Potvrzuji, Tac Five.
2/1/21f08689.p3d	12079_nypda_147	Dispečinku, mám toho hajzla na mušce. Jdu na to!
2/1/21f57c04.p3d	12201_nypda_273	To je kravina!
2/1/21f5f04b.p3d	13423_p_ctm_180	Z cesty!
2/1/21f970cf.p3d	7696_mabra_136	Rozmáčkni tu malou svini.
2/2/220a8c62.p3d	686_bwbra_011	Kryjte náš ústup! Kryjte nás!
2/2/220b02d3.p3d	8833_mar_b_022	Kdo je poslal... a proč?
2/2/220e4af6.p3d	14827_p_mtf_181	Utíkej!
2/2/2213205f.p3d	13884_p_fdf_167	Prosím vás! Nezabíjejte mě! Udělám cokoli!
2/2/22159bed.p3d	19781_magsp_069	Nepřítel zlikvidován, přepínám.
2/2/2220cdfe.p3d	15045_p_uwm_168	D-d-dám ti, co budeš chtít! Fakt!
2/2/2223802e.p3d	18886_susol_274	Už to jde!
2/2/22242ec4.p3d	14397_p_fdm_213	Do prdele!
2/2/222815f2.p3d	9189_mar_b_358	Nechoďte moc blízko!
2/2/2229d907.p3d	21874_alex_e03m02_090	Ale ne....
2/2/222d0b69.p3d	9311_mar_b_480	PŘESTAŇTE PALIT, PŘESTAŇTE PALIT!
2/2/222e3757.p3d	25308_nypda_506	Sakra, to bylo o fous!
2/2/2234e9af.p3d	25386_alex_e03m01_712	Ta červená hmota se rychle šíří. Z člověka na člověka.  Z budovy na budovu.  Z ulice na ulici. Musí to souviset s Elizabeth Greeneovou.
2/2/223f63b4.p3d	15486_p_suf_142	Bude střílet!
2/2/2247b466.p3d	19358_bwhqa_047	Rozumím. Cíl potvrzeně sestřelen. Připravte tělo k transportu, přepínám.
2/2/224aeb7d.p3d	17749_bwtra_106	Tango. Tango.
2/2/225553ce.p3d	16972_bwtrb_152	Tahle OBLAST je UZAVŘENÁ.
2/2/2261cbf8.p3d	13589_p_erm_111	Sakra! Utíkej a schovej se!
2/2/22641844.p3d	12044_nypda_111	Stav místa je negativní, dispečinku. Čekáme na nové přidělení.
2/2/2264251c.p3d	22809_maoff_e10m04_073	Prohledejte palubu. Vyčistěte celou tu zasranou oblast. Vrtulníkové týmy letí paralelně, letouny provádí podélné přelety. Udělejte to!
2/2/22646e82.p3d	988_bwgsp_228	Je to tu studené. Přilétáme dovnitř.
2/2/22648c92.p3d	13266_p_ctm_025	To je i tady!?
2/2/2266c15a.p3d	13711_p_erm_233	Aůůů!
2/2/226d028b.p3d	7661_mabra_101	Nepal, najdi cíl a potvrď, přepínám.
2/2/226e5e7c.p3d	4998_maabr_306	Musíme to opustit! Otevři poklop!
2/2/226f4d0e.p3d	25460_alex_e07m04_704	Teď mám šanci nechat se sejmout!
2/2/227581a6.p3d	13231_p_ctf_220	Pusťte mě.
2/2/227791c6.p3d	10592_mamls_159	Operace hledej a znič, oči na stopkách, potvrďte.
2/2/227e2664.p3d	651_bwbra_246	Mise splněna.
2/2/2292e878.p3d	15305_p_mtm_193	Sežeňte mi doktora.
2/2/22945fba.p3d	15010_p_uwm_133	Bude střílet!
2/2/229711d5.p3d	18851_susol_239	Tohle NEBYL ten měnič.
2/2/2297bde0.p3d	14362_p_fdm_178	Couvni!
2/2/229ba7ae.p3d	9154_mar_b_323	Zrovna to hodí!
2/2/22a63e7d.p3d	8231_mabhk_310	Zasaženi, ale -- *zafunění* -- udržíme se.
2/2/22a8a02c.p3d	24381_maoff_events_009	Mercer? Zadržte palbu -- zdá se, že nám pomáhá.
2/2/22abb778.p3d	4537_mar_c_395	Ach, Kriste!
2/2/22b2f55b.p3d	15451_p_suf_107	Potřebujeme tu lékařskou pomoc!
2/2/22b4a9dc.p3d	22805_maoff_e09m03_069	Sakra. Přelet dronu nad sektorem sedm je mimo. Můžete tam poslat pár techniků, mrknout na to? Přepínám.
2/2/22b969a9.p3d	12308_nypda_380	Sladký Ježíši!
2/2/22bac7ee.p3d	20377_magsp_blow_b	*uf*
2/2/22bb4622.p3d	19323_bwhqa_012	Jednotky ztratily vizuální kontakt. Žádám prioritní pátrací tým na pozici Alfa dvacet sedm, přepínám.
2/2/22be7aae.p3d	17714_bwtra_071	Tvrdé pátrání po cíli, na můj povel, rozejít se.
2/2/22c60164.p3d	16527_bwabr_067	Přepínáme na průzkum, Red Crown.
2/2/22ceaaa3.p3d	9766_maf35_054	Otočte se na to. Vypadá to, že si někdo vzal tacos, přepínám.
2/2/22d55b14.p3d	13554_p_erm_076	Tamhle. Tamhle. Tamhle!
2/2/22d98992.p3d	19888_magsp_176	Padá to, nepolevujte! Kontinuálně!
2/2/22dc727f.p3d	11142_mahqa_170	To je vše. Doveďte úder do konce, přepínám.
2/2/22df2a2a.p3d	8641_mar_a_382	Ále, tomu svinstvu nevěřím.
2/2/22e1edad.p3d	4963_maabr_271	Řidiči, dostaň nás z dostřelu, hned.
2/2/22e41b61.p3d	13074_p_ctf_064	Co to bylo!?
2/2/22e5f8e7.p3d	17293_bwtrb_473	Palba!
2/2/22ecc01e.p3d	494_bwbra_089	Seskupte se kolem Razorbacku!
2/2/22f01337.p3d	22436_bwtra_e04m03_028	Soustřeďte se! Uvnitř toho je hromada pohybu!
2/2/22f9cf85.p3d	14565_p_ham_151	Uhni mu z cesty!
2/2/22fa0ac3.p3d	17419_bwoff_078	Najděte ho! NAJDĚTE HO!
2/3/230184d6.p3d	15148_p_mtm_040	Takhle se má zacházet s lidma?
2/3/2305aba4.p3d	18694_susol_082	Hnízdo označeno v síti. Vypadá čerstvě.
2/3/2306ef50.p3d	22198_bwabr_e08m03_39	Tango na západě, postupují na nás nepřátelské síly.
2/3/2310634b.p3d	25116_nypda_356	Máš špatnýho chlapa -- tohle jsem já!
2/3/2314d875.p3d	8074_mabhk_173	Tady Thunder, útočíme na cíl, přepínám.
2/3/231aa570.p3d	22671_maf35_e07m02_002	Křídlo Eagle teď na hlídce vzdušného prostoru, budeme kroužit v pohotovosti. Dávejte nám cíle a nasadíme se.
2/3/231f4934.p3d	4502_mar_c_360	Je po tobě, hajzle!
2/3/2321860b.p3d	22610_maabr_e03m03_006	Potvrzený solidní zásah. Vypadá to dobře, čekejte a hledejte přeživší.
2/3/232d9276.p3d	25369_alex_e02m01_702	Další vzpomínky, nejsou moje - ale jsou propojené.
2/3/233154e0.p3d	22768_maoff_e06m04_032	Týme Bravo, zajistěte bok a vyčistěte Běžce. Alfo, přesuňte se na Foxtrot a rozpoutejte peklo!
2/3/233b7f2d.p3d	10699_mamls_246	Dělostřelectvo bylo zasaženo, přesouváme se k ženijnímu týmu.
2/3/23423c4a.p3d	9731_maf35_019	Netrapte se, psi, Guardian Angel vstupuje do cílové zóny.
2/3/23427f56.p3d	8905_mar_b_074	Pozice nepřítele? Pfft, nemám sakra tušení, pane.
2/3/234699f8.p3d	796_bwgsp_036	Cíl nalezen. Postupuji blíž, přepínám. V tuto chvíli potvrzeno.
2/3/23469b64.p3d	11831_nydisp_096	Popište mi situaci.
2/3/23470f35.p3d	20015_magsp_283	Tornado Flagholder volá Red Crown, nemůžeme znovu zaměřit cíl. Kam chcete, abychom letěli dál?
2/3/234d1b4e.p3d	19853_magsp_141	Termovize ukazuje, že něco má, přepínám.
2/3/234dc66f.p3d	8484_mar_a_225	Ustřelím ti tu tvou zasranou hlavu! ANI HNOUT!
2/3/234f1fc7.p3d	18035_bwtra_392	Tohle je cíl. Pal!
2/3/235aff7a.p3d	18958_susol_346	Uvolněno, postupujeme. Jsi naživo.
2/3/235d3668.p3d	22487_bwtra_e07m01_080	OPAKUJI, NEBEZPEČNÁ BLÍZKOST NA MÉ POZICI. UDRŽUJTE PALBU. CÍLE OZNAČENY INFRAČERVENÝM A LASEREM, PŘEPÍNÁM.
2/3/2366bb59.p3d	16790_bwabr_310	Pozor!
2/3/236d612c.p3d	14530_p_ham_116	Vypadni sakra odsud!
2/3/237395bc.p3d	23878_alex_006	Co to sakra dělají?
2/3/23760d74.p3d	25443_alex_e06m05_703	Ale ne!
2/3/2376e300.p3d	15558_p_suf_214	Pohni se!
2/3/237b65f0.p3d	15876_p_uem_063	To je... v prdeli!
2/3/238de578.p3d	4345_mar_c_202	Co to sakra je!?
2/3/23952a0d.p3d	22202_bwabr_e08m03_43	Nevím, kolik toho ta věc ještě vydrží. Sakra.
2/3/23968510.p3d	1882_bwmls_020	Palba na povel, náklad HORKÝ, přepínám.
2/3/239b9509.p3d	12116_nypda_187	Hej, co to děláš?
2/3/239c0951.p3d	13338_p_ctm_095	Do prdele!
2/3/23a3177c.p3d	8748_mar_a_469	Máme tu válku, uvolněte tenhle kanál!
2/3/23a47f4c.p3d	7733_mabra_173	Udělejte místo pro Velkýho tátu.
2/3/23af10e9.p3d	10664_mamls_211	Roller devět tři Alfa od Red Crown potvrzuje, stahujeme se z cílové oblasti, nikdo tam není.
2/3/23b5a591.p3d	723_bwbra_308	Zatlačte!
2/3/23b6747a.p3d	24274_p_haf_162	Ne! Neeé! Ne, dobře? Ne, ne!
2/3/23b9397c.p3d	13799_p_fdf_084	Děláte velkou chybu!
2/3/23be3167.p3d	13921_p_fdf_204	Nenech mě umřít!
2/3/23c2b16e.p3d	18000_bwtra_357	Ustup od perimetru, nebo budu střílet.
2/3/23c4194c.p3d	4771_maabr_099	Sežeňte sem nějaké vrtulníky na evakuaci raněných, přepínám.
2/3/23ce9136.p3d	18923_susol_311	ZEUS je v pohybu!
2/3/23d3246f.p3d	9226_mar_b_395	Střílejte na zabití, hoši!
2/3/23d41305.p3d	22747_maoff_e02m05_011	Máme tu situaci svůj na svého, ať se navzájem pobijou!
2/3/23dd24f4.p3d	22503_bwtrb_e01m02_003	Mám tu všechny posily, co potřebuju.
2/3/23e336c4.p3d	4609_mar_c_467	Jsme na vaší straně!
2/3/23ea721c.p3d	15523_p_suf_179	Pohyb!
2/3/23eef798.p3d	15841_p_uem_029	Chytili toho chlapa?
2/3/23f55a84.p3d	11475_maoff_302	Jsme moc zapletení do boje!
2/3/23fb6d12.p3d	16887_bwtrb_087	Není tady. Prohledejte oblast.
2/3/23fc7f53.p3d	4188_mar_c_057	Red Crown, žádám úder na cíl dvě stě metrů severně od naší pozice. Označíme pozici dýmem, přepínám.
2/4/24017494.p3d	4310_mar_c_167	Williamsone, pozor!
2/4/240629ef.p3d	9838_maf35_126	Tady Voodoo Sedm, mám šťávu na ještě tři okruhy, pak musím vypadnout.
2/4/2406d4cd.p3d	11764_nydisp_049	Je to 10-92-C?
2/4/240cda60.p3d	13626_p_erm_148	Co je sakra s tím tankem?
2/4/240f9b0e.p3d	13303_p_ctm_061	Viděl to někdo!?
2/4/240fd738.p3d	10015_maf35_283	Pozor, přilétá to!
2/4/24131b91.p3d	7576_mabra_016	Dobrá práce, dotlač to.
2/4/2416a938.p3d	8713_mar_a_434	Nepřítel zneškodněn. Vše čisté.
2/4/241b7513.p3d	21710_speci_e04m04_012	Držte střed! Zatlačte je zpět!
2/4/241b9aac.p3d	13146_p_ctf_135	Nechci umřít!
2/4/24243f7f.p3d	566_bwbra_161	Střelče, dorazte to!
2/4/2427f5ba.p3d	14707_p_mtf_063	Co udělal?
2/4/242ccb3a.p3d	13764_p_fdf_051	Policie! Policie!
2/4/242ff1e3.p3d	8292_mar_a_031	Pohyb, mariňáci!
2/4/24314ed1.p3d	14637_p_ham_223	Pusť...mě!
2/4/24324986.p3d	22663_mabra_e04m01_013	Signál sílí. Zůstaňte ve střehu.
2/4/2435827f.p3d	22698_magsp_e10m04_008	Šlápni na to, šlápni! Dostaň nás do vzduchu!
2/4/243d2af0.p3d	18766_susol_154	To je ono. Máme cíl!
2/4/243dd6fb.p3d	14277_p_fdm_093	Sakra!
2/4/2441c0b4.p3d	9069_mar_b_238	Jdeme! Postupujte!
2/4/244c5783.p3d	8146_mabhk_225	Teď je všude klid, Red Crowne, vracíme se na základnu, přepínám.
2/4/24522765.p3d	7486_mabcm_154	Stav poplachu z červené na žlutou. Jsme mimo boj.
2/4/24590e78.p3d	15366_p_suf_024	Tohle je prostě v prdeli!
2/4/245a72a0.p3d	1989_bwmls_127	ZEUS neutralizován, pošlete tam pozorovací týmy.
2/4/2461370e.p3d	21044_p_uwm_disgust_a	Ohhh!
2/4/2468e9c0.p3d	11440_maoff_278	Vozidlo mimo kontrolu! Pozor!
2/4/246d3580.p3d	22854_mar_a_e06m04_035	Zasraný hajzlové. Jak to, že my musíme všude chodit pěšky, sakra?
2/4/246efece.p3d	16852_bwtrb_052	Situace je naprosto odhalená.
2/4/2470110e.p3d	4153_mar_c_021	Důstojník na palubě!
2/4/2479b920.p3d	9803_maf35_091	Týme Voodoo, seřaďte se za mnou. Jdeme na to znovu.
2/4/247cf057.p3d	17490_bwoff_149	Všichni ukažte průkazy!
2/4/247e1944.p3d	868_bwgsp_108	Přepojte pozemním týmům, najděte kryt a vyčistěte cílovou zónu!
2/4/247f8331.p3d	23955_alex_083	Ještě jsem tu neskončil. Zatím ne.
2/4/24828b85.p3d	11057_mahqa_085	Aktualizujte své vyhodnocení.
2/4/24849a9a.p3d	19925_magsp_213	Klid, klid, drž to rovně.
2/4/24854330.p3d	8556_mar_a_297	Jdeme na to!
2/4/24860754.p3d	22694_magsp_e09m03_004	Máme cíl na zemi. PALTE!
2/4/24869f13.p3d	18107_bwtra_464	Všechno pro tebe, zlato. Všechno pro tebe.
2/4/2488097c.p3d	4878_maabr_206	Rozumím. Zajedeme se tam podívat, přepínám.
2/4/248ad659.p3d	22963_mar_c_e06m04_040	Tohle místo je na hovno.
2/4/248cf2a6.p3d	10280_mahqb_037	Zrušte opětovné zaměření.
2/4/248f2c68.p3d	13111_p_ctf_100	Kriste!
2/4/248fec1f.p3d	21064_p_uwm_fallscream_a	*výkřik*
2/4/249109ef.p3d	17330_bwtrb_510	Pohyb, jdem, vyčistit to!
2/4/24913c88.p3d	10472_mamls_039	Nabijte střely souřadnicemi GPS.
2/4/2497d126.p3d	531_bwbra_126	Ukončujeme sken na Foxtrot Jedna Devět, přepínám.
2/4/249ae711.p3d	23907_alex_035	Potřebuju ho.
2/4/24a4dded.p3d	14602_p_ham_188	Sakra, pohni sebou!
2/4/24ab3784.p3d	11868_nydisp_133	Policisté hlásí taktické vyřešení, jsme otevření pro nový případ.
2/4/24b0bc97.p3d	18731_susol_119	Obklíčte ho, sundejte ho!
2/4/24b168a3.p3d	14242_p_fdm_059	Ať někdo zavolá policii!
2/4/24b2e53a.p3d	15948_p_uem_133	Skloňte hlavy!
2/4/24b33e53.p3d	22361_bwoff_e01m01_004	Nikdo neodchází. Teda, aspoň ne živý.
2/4/24b55270.p3d	9034_mar_b_203	Do prdele -- tady je to!
2/4/24bfb787.p3d	19090_p_hlf_014	Musíte to všichni vidět!
2/4/24bfe95e.p3d	8111_mabhk_200	Rozumím.
2/4/24c5623a.p3d	4417_mar_c_275	Postupujte hned!
2/4/24c5b90c.p3d	7451_mabcm_119	Polní jednotky, rozkazy z velitelství jsou jasné: NESAHEJTE na tělo. Udržujte perimetr a čekejte na pokyny.
2/4/24c68ea7.p3d	24973_nypda_198	Mám rozkaz střílet!
2/4/24ce01d1.p3d	1954_bwmls_092	Celá oblast, úplně všechno. Šéf chce jen plynovody a vodovody.
2/4/24d78a9a.p3d	11283_maoff_286	Jděte to prověřit!
2/4/24dbfe5a.p3d	7805_mabra_225	Negativní, v tuto chvíli negativní, přepínám.
2/4/24e15ed1.p3d	21582_magsp_054	Velení Tornado, zbraně vypuštěny, dobrá palba. Máte vizuál na zásah? Přepínám.
2/4/24e68daa.p3d	10736_mamls_283	Zlikvidujte zbývající cíle. Ještě to neskončilo.
2/4/24edefc5.p3d	24346_p_haf_112	Ty věci!
2/4/24f1a875.p3d	833_bwgsp_073	Zabijecí balíček, úderový balíček na tuhle polohu, přepínám.
2/4/24f33454.p3d	19768_magsp_056	Ověřte, byli to civilisté v palebné zóně?
2/4/24f3df74.p3d	8399_mar_a_139	Nemůžeme ho zachránit, zabijte toho hajzla!
2/4/24f61d7f.p3d	11022_mahqa_070	Rozumím, přepínám.
2/4/24f8d4ec.p3d	8521_mar_a_262	Tohle je šílený -- který je to?
2/4/24fb7d4a.p3d	20124_bwbhk_scream_a	*výkřik*
2/4/24fb98ad.p3d	4843_maabr_171	Padá to, padá to!
2/4/24fc3638.p3d	22819_mar_a_e02m02_001	Ty zasraný špióni rozjíždí novou detekční síť. Vsadím se, že nám z toho bude rakovina.
2/4/24fd6bda.p3d	22269_bwhqa_e08m03_044	To je polovina. Musíte je zabíjet v posteli, Alfa čtyři. Polní týme, musíte to čerpadlo udržet v chodu. Konec.
2/4/24fece25.p3d	22225_bwgsp_e06m03_05	Zdá se, že se shromažďují u toho Hnízda... Žádám povolení přivolat úderný tým a tu skupinu rozdrtit.
2/4/24ffa3a9.p3d	17173_bwtrb_353	Připrav se na náraz!
2/5/25054dd2.p3d	17892_bwtra_249	Připravte se sakra pálit.
2/5/250e78df.p3d	14974_p_uwm_097	Páni!
2/5/250ff3a6.p3d	22833_mar_a_e02m05_015	Podívejte se tam nahoru, další z nich!
2/5/25137a47.p3d	14445_p_ham_031	Naser si, kreténe!
2/5/2519d6fc.p3d	22928_mar_c_e02m02_006	Dovnitř smí jen důstojníci a výš. Barker se tam chtěl jít vychcat, teď je na base.
2/5/25267457.p3d	15913_p_uem_099	Sakra!
2/5/252d947f.p3d	22942_mar_c_e02m05_020	Vezmu jakoukoliv zasranou pomoc, co se dá sehnat.
2/5/2532ec20.p3d	16959_bwtrb_139	Kde je akce?
2/5/2540dddd.p3d	17597_bwoff_246	Pozor, lidi!
2/5/254a9852.p3d	7648_mabra_088	Řekněte mi, že jste v pořádku, přepínám.
2/5/254b2b31.p3d	20237_bwtra_pain_b	*argh*
2/5/254d4a40.p3d	75_bwbhk_044	Ghost Stallion Čtyři Čtyři pozemním jednotkám, potvrďte stav cíle.
2/5/2550e00d.p3d	10387_mahqb_124	Rozumím, aktualizujeme parametry mise.
2/5/2551c32d.p3d	11973_nypda_048	Dispečinku, tady Charlie Nineteen. To je negativní.
2/5/255319f8.p3d	13218_p_ctf_207	Pozor!
2/5/25552a2d.p3d	10579_mamls_146	Sledujeme červený signál, posíláme data o cíli.
2/5/25572f5d.p3d	25294_nypda_362	Uhni z cesty!
2/5/255a1f51.p3d	10701_mamls_248	Systém munice poškozen, zůstaňte za frontovou linií.
2/5/255bbecb.p3d	638_bwbra_233	No, protáhl jsem nás tím.
2/5/255c915c.p3d	24189_p_haf_183	Prostě utíkej!
2/5/25618224.p3d	24311_p_haf_135	Zavolejte policii.
2/5/25644a84.p3d	13836_p_fdf_121	Nenech se od toho chytit!
2/5/2566c610.p3d	19733_magsp_021	Vypadněte odtamtud, je to tam moc horké.
2/5/25675f3e.p3d	25409_alex_e04m05_701	Argh, moje záda.  Jako by se to na mně živilo.  
2/5/25677130.p3d	8364_mar_a_104	Zóno dvanáct, na místě negativní. Je pryč.
2/5/256a34f2.p3d	4686_maabr_014	Připrav kumulativní střelu. Čekej na můj povel, přepínám.
2/5/2573ce89.p3d	12451_nypda_523	Ale do prdele!
2/5/2574aa3c.p3d	18838_susol_226	To je ono. Jsi si jistej, že je to on?
2/5/25755647.p3d	14349_p_fdm_165	Pusťte mě! Jsem nevinný! Prosím!
2/5/2579c3dd.p3d	1055_bwgsp_294	Nepřítel je dole. Opakuji, dole, přepínám.
2/5/2583a515.p3d	19197_p_hlf_119	Už jdou! UŽ JDOU!
2/5/2583d444.p3d	8218_mabhk_297	Nepřítel na palubě, setřeste ho!
2/5/2589a68e.p3d	7558_mabcm_212	Stahujeme se. Veškeré zpravodajství padlo. Těžké ztráty! Jestli mě někdo slyší, okamžitě opusťte stanoviště a přeskupte se u PALACE!
2/5/25908b37.p3d	15438_p_suf_094	Neeee!
2/5/2590ab95.p3d	24031_bwoff_e06m04_105	Hlavní struktura Hnízda je primárním cílem Kladiva.
2/5/25951733.p3d	24461_bwoff_e01m02_002	Hlaste se!
2/5/25a06945.p3d	11512_maoff_365	K zemi!
2/5/25a48614.p3d	20694_p_erm_pain_c	*argh*
2/5/25a78dd0.p3d	4225_mar_c_094	Bože můj. Dejte vědět kaplanovi.
2/5/25a8bd06.p3d	24781_nypda_037	Rozumím.
2/5/25b46f9e.p3d	17562_bwoff_216	Negativní, Red Crown.
2/5/25ba0ad1.p3d	11129_mahqa_157	Aktualizujeme síť. Čekejte na aktualizaci, přepínám.
2/5/25ba9925.p3d	24064_bwoff_events_025	Nešetřete se, chlapi -- teď se to může zvrtnout na obě strany.
2/5/25bb4e6a.p3d	24568_alex_e06m01_571	Dano! Ne!
2/5/25bbe712.p3d	15291_p_mtm_179	Uhněte od toho!
2/5/25bcc27c.p3d	8628_mar_a_369	Máme tu návštěvníky přímo vpředu. Vypadají nepřátelsky.
2/5/25bcda2f.p3d	22321_bwhqa_503	Varování. Opouštíte bezpečný vzdušný prostor. Okamžitě otočte letoun.
2/5/25be2a0e.p3d	7613_mabra_053	Negativní na zapojení, nemám cíl.
2/5/25c46f29.p3d	10352_mahqb_089	Red Crown žádá hlášení situace, přepínám.
2/5/25c8bbe9.p3d	10544_mamls_111	Nemáme palbu, šéfe. Zavřete to!
2/5/25c93b77.p3d	17999_bwtra_356	Klidně tě zastřelím a stejně budu dneska v noci spát jako miminko. Ustup ZPÁTKY.
2/5/25cf4de7.p3d	603_bwbra_198	Více cílů, rozdělte se.
2/5/25d7d9a0.p3d	13801_p_fdf_086	Jsem matka s dětmi!
2/5/25e26843.p3d	12294_nypda_366	Zatkněte toho idiota!
2/5/25e8396d.p3d	18803_susol_191	C-co? To nejsem JÁ!
2/5/25e8e803.p3d	14314_p_fdm_130	Strážníku!! STRÁŽNÍKU!!
2/5/25e918bf.p3d	20086_bwabr_dying_c	*chroptění*
2/5/25eccf31.p3d	9106_mar_b_275	Evakuujte oblast. Hned!
2/5/25ed5584.p3d	1020_bwgsp_259	Chlape, Red Crown, skoro jsme to schytali. Pořád v tom.
2/5/25f73446.p3d	19162_p_hlf_084	Páni, páni, páni. Počkej, počkej, počkej, OK. Jsem ochotná spolupracovat.
2/5/25fab238.p3d	22169_bwabr_e08m02_09	Přilétá to! Povolena palba! Povolena palba!
2/5/25fd35aa.p3d	7523_mabcm_177	Polní veliteli, hlaste stav boje, přepínám.
2/5/25ffe432.p3d	274_bwbhk_243	Opakujte poslední zprávu. Nezachytili jsme ji.
2/6/2608a17a.p3d	21828_alex_e02m01_045	Budou na mě čekat. Myslí si, že mají všechno pod kontrolou -- ale nemají tušení, čeho jsem schopný.
2/6/260f05a2.p3d	11355_maoff_211	Sundejte ho, tvrdě!
2/6/26130f01.p3d	20341_mabra_scream_b	*výkřik*
2/6/261b2d16.p3d	24403_maoff_events_031	Trpí... bijte je dál.
2/6/2620836d.p3d	11752_nydisp_037	Potřebuju, abyste to zopakoval, ztratili jste kontakt, je to tak?
2/6/262603d6.p3d	22456_bwtra_e05m03_048	Blbá hlídková služba...
2/6/26268522.p3d	13506_p_erm_028	Ví o tom policie?
2/6/262927c1.p3d	905_bwgsp_145	Tornado Five hlásí nepřítele sestřeleného v modré zóně!
2/6/26354570.p3d	13026_p_ctf_017	Vidí někdo něco?
2/6/263722f5.p3d	17245_bwtrb_425	Ujisti se.
2/6/263ccd33.p3d	17964_bwtra_321	Nesnáším tuhle sračku.
2/6/263dea41.p3d	446_bwbra_041	ZEUS je stále pohyblivý.
2/6/2640d50a.p3d	2083_bwmls_231	Highball, kontrola mobility, kontrola mobility!
2/6/26445120.p3d	16777_bwabr_297	Máme hotovo, RC!
2/6/2647a61a.p3d	19573_bwhqb_061	Povoleno.
2/6/264af993.p3d	14517_p_ham_103	Potřebuje někdo pomoc!?!
2/6/26548bc0.p3d	20100_bwabr_scream_a	*výkřik*
2/6/26660283.p3d	8026_mabhk_125	Průzkumný let dokončen, nic k hlášení, přepínám.
2/6/266bd227.p3d	7366_mabcm_034	Průlom, průlom, všechny síly nasaďte se do svých zón. Máme průlom.
2/6/266cae0c.p3d	24888_nypda_211	Žádám zdravotníky, přepínám.
2/6/26741d62.p3d	1869_bwmls_007	Nesu plný náklad, čekám na zelenou, přepínám.
2/6/268294be.p3d	11320_maoff_176	Palte, než se zase promění!
2/6/26834e11.p3d	22677_maf35_e08m04_008	Tam dole se něco shromažďuje. Něco velkého vylezlo zpod Times Square. Něco velkého a naštvaného, přepínám.
2/6/26969b19.p3d	17370_bwoff_029	Rozprostřít se, pátrací protokoly!
2/6/26994770.p3d	16042_p_uem_227	Ngh, uhh, uh, uh, néééé!
2/6/269bc743.p3d	13908_p_fdf_191	Bože můj! Pomozte mi!
2/6/269e42d1.p3d	19805_magsp_093	Opětovné zaměření je možné. Dejte nám taktickou situaci, přepínám.
2/6/269eedf1.p3d	8436_mar_a_176	Red Crown, tady Echo One Alpha. Nepřítel zdrhnul!
2/6/26a1b1b3.p3d	4758_maabr_086	Red Crowne, musíme se přeskupit, přepínám.
2/6/26a5bcaf.p3d	17088_bwtrb_268	Nenech se jich dotknout. Když uvidíš kůži, zabij všechny.
2/6/26aab226.p3d	17210_bwtrb_390	Neutíkej, střílej! Střílej ho!
2/6/26b38486.p3d	22063_alex_e07m01_279	Potvrzuji, Red Crown. Jdu na to.
2/6/26b49485.p3d	14889_p_uwm_012	Tohle je hrozný!
2/6/26b7e2dc.p3d	16742_bwabr_262	Vytáhni nás odsud, řidiči, na dostřel.
2/6/26bb21d4.p3d	19269_p_hlf_189	Rychle!
2/6/26c08c06.p3d	9981_maf35_249	Status mise zlatý! Tady jsme hotovi, vracíme se na základnu.
2/6/26c4e624.p3d	11856_nydisp_121	Všechny jednotky, 10-80 tohle. Oblast je čistá.
2/6/26ca6778.p3d	18611_susol_009	Zemřeli, utekli, nebo zemřeli při útěku. D-Code, konec.
2/6/26cc8fff.p3d	15828_p_uem_016	Ah, do prdele, koukni na tohle!
2/6/26d72532.p3d	22670_maf35_e04m01_001	Úderný balík na cestě k pokladnici. Uvolněte oblast, tohle bude velké.
2/6/26e04428.p3d	24853_nypda_330	Co mám teď dělat?
2/6/26e25a98.p3d	14850_p_mtf_204	Nenech mě umřít! Prosím, ty hajzle!
2/6/26f1311d.p3d	11163_maoff_024	Polní jednotky mají pozitivní kontakt se ZEUSEM, přepínám.
2/6/26fbee8a.p3d	10424_mahqb_161	Přiveďte je domů.
2/7/2707a267.p3d	24226_p_haf_223	Nedělejte to!
2/7/270c3573.p3d	4595_mar_c_453	Nelze splnit! Jsme v boji s nepřítelem, přepínám!
2/7/270d8a35.p3d	8279_mar_a_018	Kontakt ztracen, buďte v pohotovosti, přepínám.
2/7/27127fad.p3d	8401_mar_a_141	ZABIJTE HO! ZABIJTE HO!
2/7/2715436f.p3d	4723_maabr_051	Zapiš si to! Zrůda dole.
2/7/27194e6b.p3d	17053_bwtrb_233	Mám kontakt.
2/7/2719e78f.p3d	12366_nypda_438	Ježíši Kriste, ustupte!
2/7/271b8712.p3d	22509_bwtrb_e02m01_009	Kód November Charlie, Zóna neutralizována. Pošlete Sběrný tým, jsme zelení pro evakuaci, vyrážíme.
2/7/271bc192.p3d	19381_bwhqa_070	Rozumím poslednímu spojení.
2/7/271ef894.p3d	17772_bwtra_129	New York City to právě pěkně schytal.
2/7/27267f5f.p3d	16585_bwabr_125	Zrovna to hodí!
2/7/272eb390.p3d	19234_p_hlf_154	Utíkej, zmiz odsud! Utíkej, utíkej!
2/7/272f6b95.p3d	8998_mar_b_167	Ven, nebo budu střílet!
2/7/2737637e.p3d	346_bwbhk_315	Trhni s tím! VYTÁHNI TO!
2/7/27468227.p3d	11427_maoff_265	Tohle je zasraný palác pro hořáky!
2/7/274c9720.p3d	16839_bwtrb_039	Dost!
2/7/2750f454.p3d	14693_p_mtf_049	Vidím ho!
2/7/275a88be.p3d	17477_bwoff_136	Sakra, to je ZEUS!
2/7/276a8b0d.p3d	10267_mahqb_024	To stačí, poručíku. Dvě nové palebné mise severovýchodně od toho cíle, přesuňte se.
2/7/276e9fb6.p3d	17317_bwtrb_497	Kryjte se!
2/7/276ed4ef.p3d	10459_mamls_026	Cíl opustil budovu, ale nepotvrzeno.
2/7/2770392f.p3d	10986_mahqa_034	Rozkaz k pronásledování zrušen, potvrďte.
2/7/2770dda1.p3d	25174_nypda_321	Co, no ne -- no ne! Hej -- stůj!
2/7/2775698d.p3d	518_bwbra_113	Vyžeňte ho! Nenechte kámen na kameni.
2/7/277851ac.p3d	2155_bwmls_293	Tahle jednotka je vyřazená, nejsme schopni pohybu, přepínám.
2/7/277f2547.p3d	19645_bwhqb_123	Snižte úroveň pohotovosti. Stav čistý.
2/7/277fc71a.p3d	4560_mar_c_418	Všichni zachovejte klid! Jsme tu kvůli vaší bezpečnosti!
2/7/2780e05b.p3d	20526_nypda_pain_c	*argh*
2/7/27851ce3.p3d	11789_nydisp_064	To je 10-4
2/7/278d794b.p3d	12331_nypda_403	Ó, teď ho máme!
2/7/278e54fe.p3d	18718_susol_106	Rozptylte se. Jdeme, jdeme, jdeme!
2/7/278f010a.p3d	14229_p_fdm_046	Hlídejte ho, než přijede policie!
2/7/278faf2a.p3d	24024_bwhqb_free_025	Žádám dělostřeleckou podporu u výstupního bodu 3C! Máme narušení zadržení!
2/7/279a0e90.p3d	16550_bwabr_090	Blackjack v palebné zóně.
2/7/27a2fd51.p3d	8963_mar_b_132	Mám to!
2/7/27a35173.p3d	7438_mabcm_106	Sledování základny nic neukazuje na ZEUSovu polohu. Zajistěte pokrytí jeho poslední hlášené pozice a rozšiřte odtud pátrání, konec.
2/7/27a5fd38.p3d	189_bwbhk_158	Pozemní, dostaňte své lidi z oblasti pryč!
2/7/27aaf2af.p3d	311_bwbhk_280	Nemůžeme riskovat dalšího ptáka v zóně, to nejde, přepínám.
2/7/27af9dc2.p3d	18093_bwtra_450	To je ostrá munice. Sakra.
2/7/27ce1a7a.p3d	17442_bwoff_101	Pozor!
2/7/27d2bb85.p3d	22874_mar_b_e02m02_004	Ah, letecká podpora, ten pocit pohody moderního bojiště. Na co sakra vůbec potřebujou nás?
2/7/27d3b5d1.p3d	11009_mahqa_057	Cílová zóna čistá, přepínám.
2/7/27d591ec.p3d	15171_p_mtm_062	SBOHEM.
2/7/27d66d3e.p3d	8508_mar_a_249	Co to sakra -- je to nějaký kouzelnický trik?
2/7/27dfaee4.p3d	19488_bwhqa_157	Žádost úderného týmu potvrzena.
2/7/27e2e639.p3d	17879_bwtra_236	HQ, on právě... ZEUS právě... ále, seru na to.
2/7/27e706a0.p3d	24608_alex_e08m04_607	Greeneová.
2/7/27ebe372.p3d	2120_bwmls_268	Zabíjecí zóna je jenom plameny, předsunutý týme. Sežehnutá havěť.
2/7/27f2b463.p3d	19610_bwhqb_088	Podejte mi situaci na zemi.
2/7/27fc1305.p3d	12174_nypda_246	Myslel jsem, že to byl on!
2/7/27fc874c.p3d	13396_p_ctm_153	Uhni mu z cesty!
2/8/28092717.p3d	25364_alex_e01m02_706	Nechápu to.
2/8/2816e0a4.p3d	7403_mabcm_071	Označte jako čisté. Velitelství Delta hlásí základnu čistou, kontakt negativní, konec.
2/8/28198ef4.p3d	154_bwbhk_123	Prověřujeme poslední známou polohu, přepínám.
2/8/281e5b84.p3d	11911_nydisp_176	Vaše nouzové jednotky jsou nasazeny. Vydržte.
2/8/281f2bdf.p3d	1906_bwmls_044	Vytvořte obrannou formaci kolem Highballu devět.
2/8/2828ada3.p3d	11235_maoff_079	Jde se na to! Najděte kryt a palte! Pohyb!
2/8/282f0c91.p3d	18981_susol_369	Ta věc po nás střílí! Pohyb!
2/8/2833a26a.p3d	9284_mar_b_453	Je tu peklo! Nemůžu dělat nic než přežít!
2/8/283a320d.p3d	11740_nydisp_025	Stáhněte se, uvidíme, jestli je zachytí vojenská síť odsud.
2/8/2841b01a.p3d	22948_mar_c_e03m01_026	Vidíš ty operativce? Odpověz mi na tohle: proč MY nemáme ochranné obleky proti zbraním hromadného ničení?
2/8/2843b482.p3d	4667_mar_c_506	Neeeee!
2/8/2850cdb7.p3d	17125_bwtrb_305	Blíží se nemocní parchanti.
2/8/285166f0.p3d	12438_nypda_510	*zasténání* Ať mi někdo pomůže! *zasténání*
2/8/285340a0.p3d	19453_bwhqa_122	Tady Red Crown. Vracíme se do stavu bílá. Bílý stav, slyšíte?
2/8/285677f5.p3d	17844_bwtra_201	Do prdele!
2/8/285fa2ed.p3d	14926_p_uwm_049	Sleduj ho! Sleduj ho! Drž se od něj dál!
2/8/28620ab2.p3d	23058_tagga_e09m03_018	Sundejte. Ho. Ze mě!
2/8/28625650.p3d	21957_alex_e05m01_173	To je ono.
2/8/286632dc.p3d	19306_p_hlf_226	Aach!
2/8/2866a55f.p3d	9896_maf35_184	Všechny systémy připraveny. Dejte mi prostor. Podívám se na to.
2/8/286d585b.p3d	13684_p_erm_206	Neee!
2/8/286f5e73.p3d	21760_speci_e04m04_062	Čas se krátí, Mercere. Tví malí kamarádi chtějí ven, hrát si.
2/8/287018f3.p3d	13361_p_ctm_118	Blíží se!
2/8/28761432.p3d	20173_bwgsp_scream_b	*výkřik*
2/8/287724a8.p3d	8771_mar_a_492	Zastavte tu palbu!
2/8/287d8608.p3d	22620_maabr_e06m04_015	Sayonara, hajzlové....
2/8/2885e773.p3d	21746_speci_e04m04_048	Přepínám na automat!
2/8/2886642f.p3d	24768_nypda_400	Dorazte to!
2/8/288873b5.p3d	14765_p_mtf_121	Musíme jim pomoct!
2/8/2892080a.p3d	17549_bwoff_208	Všichni jste to slyšeli. Jdeme na to!
2/8/28928948.p3d	19004_susol_392	Ježiši... pomoc!
2/8/28997f79.p3d	15278_p_mtm_166	Poslyš svý srdce. To je vše, oč prosím. Poslyš svý srdce.
2/8/28a20790.p3d	10339_mahqb_076	Negativní, přepínám.
2/8/28a2ed6f.p3d	11925_nypda_010	Další den ve velkém městě.
2/8/28a851ed.p3d	25246_nypda_118	Dispečinku, tady Four Hotel Thirty, žádám okamžitou pomoc kvůli 10-53.
2/8/28b67356.p3d	22425_bwtra_e03m01_017	Je to jak jatka pečená na slunci.
2/8/28b743f0.p3d	4632_mar_c_490	Sundejte ho!
2/8/28b898b3.p3d	8316_mar_a_056	Počítá to někdo?
2/8/28c4f60c.p3d	12403_nypda_475	BĚŽ!
2/8/28c511af.p3d	17687_bwtra_044	To je ne.
2/8/28c8ea99.p3d	7898_mabra_318	Do prdele!
2/8/28caedec.p3d	1007_bwgsp_247	Zasáhni to vším, co máme, rozporcuj toho nepřítele!
2/8/28cfe3fa.p3d	22714_mahqa_e04m02_014	Další vypadl ze sítě. Pošlete tam do hodiny polního technika, konec.
2/8/28d18ddc.p3d	16622_bwabr_162	Připravte se k zásahu, čekejte na můj povel, přepínám.
2/8/28d4ccad.p3d	19149_p_hlf_071	Viděla jsem ho! To je on!
2/8/28da3706.p3d	9861_maf35_149	Pozemní jednotky, opusťte dostřel, přepínám.
2/8/28dd2549.p3d	24037_bwoff_e07m04_111	Žádám posily, Red Crown!
2/8/28de94af.p3d	11844_nydisp_109	Pokud uvidíte podezřelého, zavolejte posily. Nechoďte na to sami, lidi.
2/8/28e515cc.p3d	19983_magsp_251	Jsme obsazeni.
2/8/28e71d0e.p3d	18165_bwtra_522	Pomoc!
2/8/28efc9e8.p3d	21006_p_uem_disgust_c	Fuj!
2/8/28fc02d1.p3d	14730_p_mtf_086	Ne! Pletete se!
2/9/290088ff.p3d	20182_bwmls_dying_c	*chroptění*
2/9/2905973b.p3d	17514_bwoff_173	Zapojuji se do boje.
2/9/290d1135.p3d	15243_p_mtm_131	Má bouchačku!
2/9/29128ed2.p3d	24439_mcmul_e04m03_101	McMullen volá Red Crown. Stopa vychladla. Vracíme se na základnu. Konec.
2/9/2915998a.p3d	10304_mahqb_061	Povoleno, přepínám.
2/9/2915cde0.p3d	9092_mar_b_261	Kurva, to bylo brutální.
2/9/2916ef5d.p3d	25089_nypda_050	Negativní, dispečinku. Opakuji, negativní.
2/9/291be4a5.p3d	25211_nypda_167	Není šance, že by byl daleko odsud.
2/9/2925e035.p3d	4475_mar_c_333	Sundejte ho. Hned!
2/9/29339251.p3d	12246_nypda_318	Co to sakra je!?
2/9/29340698.p3d	13468_p_ctm_225	Polož mě!
2/9/2938a394.p3d	17652_bwtra_029	Hodně tlachání, ale i pořádný cákanec.
2/9/293c79ca.p3d	7863_mabra_283	Zkontrolujte všechny poklopy, nechceme tu žádné nezvané hosty.
2/9/29402a21.p3d	16465_bwabr_005	Tady Blackjack, jsme na srazu.
2/9/29485e56.p3d	19114_p_hlf_038	Ublížíš si.
2/9/294d1d9a.p3d	24734_alex_e01m01_801	Vzali mi všechno.
2/9/294f83d1.p3d	13492_p_erm_014	Hej, o co tady jde?
2/9/29510bb5.p3d	226_bwbhk_195	Tady Ghost Tiger Jedna Sedm, míříme na cíl, přepínám.
2/9/29522670.p3d	891_bwgsp_131	Dostaňte se z dosahu, tohle vybuchne!
2/9/2953ad64.p3d	7955_mabhk_054	Thunder hlásí zrůdu dole v cílové zóně.
2/9/29569b27.p3d	11080_mahqa_108	Taktické úkoly čekají na zadání.
2/9/295aac2a.p3d	18130_bwtra_487	Ztrácí se, ztrácí!
2/9/2960346d.p3d	11307_maoff_347	Pal na cíl. Veškerá munice,
2/9/296335d8.p3d	21888_alex_e03m02_104	Jsou všude....
2/9/296b21b6.p3d	9356_mar_b_525	SAAAAAAAAAAAAAAAAAAAKRAAA
2/9/29743380.p3d	17357_bwoff_016	Mercer padl, pošlete odběrový oddíl.
2/9/2976dfd7.p3d	16029_p_uem_214	Pohni se!
2/9/29782378.p3d	22476_bwtra_e06m05_069	Soustřeďte palbu na toho velkýho!
2/9/2986f251.p3d	15971_p_uem_156	Ne, ne, prosím! Ušetři mě. Cokoliv, prosím!
2/9/298a88df.p3d	25054_nypda_241	Hajzl!
2/9/298df4b6.p3d	17916_bwtra_273	Jdi do prdele, blbečku.
2/9/299058dc.p3d	23931_alex_059	Vyprávěj mi příběh....
2/9/29957b2e.p3d	16729_bwabr_249	Jsme zasažení? Zkontrolujte systémy!
2/9/2998d047.p3d	19525_bwhqb_023	Zrušte pronásledování a přeskupte se.
2/9/29996f51.p3d	4440_mar_c_298	Ustup, sakra!
2/9/299e246d.p3d	9968_maf35_236	Zadržte řeči na vysílačce, jsem v boji, přepínám.
2/9/299e3a42.p3d	24580_alex_e06m02_583	Sakra. Ztratil stopu.
2/9/299ecba2.p3d	11777_nydisp_062	Rozumím.
2/9/29a22c1f.p3d	12089_nypda_160	Potřebujeme tu pomoc! *zadýchaně* Ó, bože, všechny složky. Pošlete je všechny.
2/9/29a72182.p3d	12211_nypda_283	Myslím, že ty hořáci jsou uvnitř té věci. Vypadá to, že odtamtud vylézají, dispečinku.
2/9/29a795c9.p3d	13433_p_ctm_190	Nepřestávej!
2/9/29b97825.p3d	20732_p_fdf_pain_a	*argh*
2/9/29bc3a1c.p3d	696_bwbra_281	Razorback Jedna zasažen! Pořád schopni boje, přepínám.
2/9/29bca851.p3d	8843_mar_b_032	Něco tu nesedí. Mrknu se na to.
2/9/29bff074.p3d	14837_p_mtf_191	Bože můj! Pomozte mi!
2/9/29c4c5dd.p3d	13894_p_fdf_177	Běž! Utíkej!
2/9/29c73f0b.p3d	7920_mabhk_019	Žádám povolení zaútočit, přepínám.
2/9/29c7416b.p3d	19791_magsp_079	Cíl nám unikl. Zkoušíme znovu zaměřit, přepínám.
2/9/29cf86a4.p3d	22181_bwabr_e08m02_21	Kontakt na devítce a trojce, devítka a trojka!
2/9/29d2737c.p3d	15055_p_uwm_178	Zachraňte se!
2/9/29d525ac.p3d	18896_susol_284	Vzpomeňte si na výcvik!
2/9/29d9bb70.p3d	9199_mar_b_368	Kde je ta obrněná podpora? Sakra!
2/9/29dbf3a3.p3d	20727_p_fdf_gasp_d	*lapání po dechu*
2/9/29deb0e7.p3d	9321_mar_b_490	Musíme se stáhnout! Zpátky!
2/9/29dfd971.p3d	25318_nypda_446	Vyklidit!
2/9/29eb8d51.p3d	21840_alex_e02m02_056	Do prdele.
2/9/29f10932.p3d	15496_p_suf_152	Snad ne i ten tank!
2/9/29f959e4.p3d	19368_bwhqa_057	Tady Red Crown, situace je modrá. Primární cíl byl splněn, přepínám.
2/9/29fc90fb.p3d	17759_bwtra_116	Spatřen! Dejte mi prostor na výstřel.
2/a/2a058e15.p3d	2000_bwmls_138	Cíl zaměřen.
2/a/2a06f94c.p3d	16982_bwtrb_162	Lehni si s rukama za zády!
2/a/2a0b451f.p3d	20429_maoff_pain_b	*argh*
2/a/2a0e3f94.p3d	24510_alex_e02m01_514	Teď tě mám...
2/a/2a137176.p3d	13599_p_erm_121	Bože, ne!
2/a/2a15bdc2.p3d	12054_nypda_121	Seven Charlie Seven tady, dispečinku. Máte mou pozici? Potřebujeme zdravotníky. Nějaké škrábnutí tady.
2/a/2a161400.p3d	998_bwgsp_238	Red Crown, čekejte na naše hlášení, situace kritická.
2/a/2a163210.p3d	13276_p_ctm_035	Hej! Hej!
2/a/2a1ac907.p3d	22214_bwbhk_e06m04_07	No, sakra. Ty pápěrky přece jen vědí, co dělají.... Pohyb.
2/a/2a1ea809.p3d	7671_mabra_111	Sakra, ta věc tu byla, to vím jistě. Nahlas RC negativní.
2/a/2a272724.p3d	13241_p_ctf_230	Pomoooc! *vzlykání*
2/a/2a2fcbe2.p3d	661_bwbra_256	Zabíjecí zóna je čistá, mise přerušena, přepínám.
2/a/2a316350.p3d	24805_nypda_012	Charlie Nineteen. Moje poloha je čistá. Tady jsme hotovi.
2/a/2a33821b.p3d	14802_p_mtf_156	Ne, ne, prosím! Prosím, ušetři mě! Prosím!
2/a/2a449081.p3d	15315_p_mtm_203	Nejde to. Nejde. J-já nemůžu.
2/a/2a460538.p3d	15020_p_uwm_143	Zavolejte policii, je ozbrojenej!
2/a/2a48b753.p3d	18861_susol_249	Jen škrábnutí!
2/a/2a49635e.p3d	14372_p_fdm_188	Tady neumřu! Neumřu!
2/a/2a4d4d2c.p3d	9164_mar_b_333	Rukojmí!
2/a/2a57e3fb.p3d	8241_mabhk_320	Označte naši pozici, označte naši pozici. Padáme.
2/a/2a5d5f81.p3d	4547_mar_c_405	Zadrž palbu, mariňáku!
2/a/2a649ad9.p3d	15461_p_suf_117	Sakra! Schovej se!
2/a/2a6875e0.p3d	20198_bwmls_scream_c	*výkřik*
2/a/2a6a75ee.p3d	17005_bwtrb_185	Ustup, dej mu prostor!
2/a/2a6b0f27.p3d	12318_nypda_390	Dej mi pokoj, chlape, jen jsem si dělal svou práci!
2/a/2a6ceba0.p3d	19333_bwhqa_022	Jednotko X-Ray, zrušte rozkazy k pátrání a vraťte se na základnu.
2/a/2a70202c.p3d	17724_bwtra_081	Mikrob potvrzen, vyklidit lavici a postříkat tu smrádku, přepínám.
2/a/2a77a6e2.p3d	16537_bwabr_077	Ztratili jsme ho. Opakuji, cíl zmizel ze scanerů.
2/a/2a805021.p3d	9776_maf35_064	Bú, hořák dole. Voodoo Sierra Hotel, přepínám.
2/a/2a870092.p3d	13564_p_erm_086	Ne, chlape, to-to nejsem já!
2/a/2a873c39.p3d	20382_magsp_pain_c	*argh*
2/a/2a89a5bc.p3d	963_bwgsp_203	Ukončuji útočný nálet, vše čisté, přepínám.
2/a/2a8b2f10.p3d	19898_magsp_186	Cíl je na zemi a mimo hru. Rozumíte?
2/a/2a90cfa8.p3d	8651_mar_a_392	Nahraj označení té věci do sítě, označte ji jako nepřátelskou!
2/a/2a93932b.p3d	4973_maabr_281	Připoutejte se!
2/a/2a95c0de.p3d	13084_p_ctf_073	To je ten muž!
2/a/2aa4fa6e.p3d	24563_alex_e05m03_566	Ten vrtulník má senzory, co potřebuju.
2/a/2aab7503.p3d	14575_p_ham_161	Ať to máš rychle za sebou, hajzle! Rychle!
2/a/2aabb041.p3d	17429_bwoff_088	Palebnou sílu na tenhle cíl, hned, hned!
2/a/2ab32a54.p3d	15158_p_mtm_050	Sakra. Tady je!
2/a/2abf7b56.p3d	22987_ragla_e05m02_007	Ach ne. Zadrž je! Potřebuju víc času!
2/a/2ac20926.p3d	25126_nypda_396	Prosím, nezabíjejte mě, PROSÍM!
2/a/2ac67df3.p3d	8084_mabhk_183	Nevypadají přátelsky.
2/a/2ac97bd9.p3d	2107_bwmls_255	Odpaluji, uvolněte zónu.
2/a/2ad0eeb2.p3d	4512_mar_c_370	Stůj, nebo budu střílet!
2/a/2ae43612.p3d	21823_alex_e01m02_040	Musím se převléct za jednoho z těch v oblecích.... Ten chlap v uličce vypadá jako ideální kandidát.
2/a/2ae78ad2.p3d	7900_mabra_320	Aaaaaaargh!
2/a/2aeb389e.p3d	16502_bwabr_042	Zahajte prohledávku, hledejte přeživší.
2/a/2af3e1c8.p3d	9741_maf35_029	Kontrola systému negativní, Voodoo končí.
2/a/2af424d4.p3d	8915_mar_b_084	Cíl zmizel. Pokračujeme dál.
2/a/2af840c4.p3d	11832_nydisp_097	Jednotko, dejte mi aktuální stav.
2/a/2af8b4b3.p3d	20025_magsp_293	Tornado Jedna schytal nějakou protiletadlovou, ale budeme v pohodě!
2/a/2afec0cc.p3d	19863_magsp_151	Jdi na to a udělej, co můžeš.
2/a/2aff6bed.p3d	8494_mar_a_235	Hlas se do sítě, jsme pod útokem!
2/b/2b00c7d0.p3d	18045_bwtra_402	Nejsem ZEUS! Máte špatného chlapa!
2/b/2b0ca4f8.p3d	18968_susol_356	Jsi mrtvej, hajzle, jsi mrtvej!
2/b/2b1f06aa.p3d	14540_p_ham_126	Sakra, on je mrtvej!
2/b/2b26bbfb.p3d	15123_p_mtm_015	Svatá dobroto!
2/b/2b28887e.p3d	15568_p_suf_224	Škrtíte mě!
2/b/2b2d0b6d.p3d	15886_p_uem_072	Řekl bych... tamten. Tam!
2/b/2b35a8a6.p3d	22387_bwoff_e03m01_030	Velení, ztrácíme zadržení. Žádám povolení stáhnout se na kontrolní body!
2/b/2b3f8af7.p3d	4355_mar_c_213	Potvrďte to! Buďte si jistí!
2/b/2b482a8e.p3d	1892_bwmls_030	Signál mrtvý, má někdo vizuál? Přepínám.
2/b/2b4d3a87.p3d	12126_nypda_197	Stůj! Ani hnout!
2/b/2b4db15a.p3d	13348_p_ctm_105	Je to zatracená katastrofa!
2/b/2b54bcfa.p3d	8758_mar_a_479	Skoro je po něm!
2/b/2b5624ca.p3d	7743_mabra_183	Vypadá to, že je tu celej ten zatracenej roj.
2/b/2b5e85ed.p3d	20962_p_suf_gasp_c	*lapání po dechu*
2/b/2b60b667.p3d	10674_mamls_221	Nepřítel ze všech stran, Red Crown, potřebujeme posily.
2/b/2b674b0f.p3d	733_bwbra_318	Neeee!
2/b/2b6815da.p3d	24284_p_haf_042	Nesahejte na mě!
2/b/2b6ab677.p3d	106_bwbhk_075	Pronásledujeme. Přecházíme na volnou palbu. Zbraně nahoru, hoši.
2/b/2b6bd132.p3d	771_bwgsp_011	Tornado Five vstupuje do cílové zóny, přepínám. Nyní zaútočíme.
2/b/2b6fd6e5.p3d	13931_p_fdf_214	To do něčeho narazí!
2/b/2b7456ec.p3d	18010_bwtra_367	To je on! Je v převleku!
2/b/2b75c155.p3d	4781_maabr_109	Strike Bossi, Strike Bossi, vstupte do zóny z jihu, přepínám.
2/b/2b7ca4dc.p3d	22818_maoff_e10m04_082	Neuvěřitelný, kurva.
2/b/2b8036b4.p3d	18933_susol_321	Zůstaňte na tom! Zůstaňte na tom!
2/b/2b84cc78.p3d	9236_mar_b_405	Připište ten zásah PSŮM!
2/b/2b8806eb.p3d	25462_alex_e08m02_702	Myslí si, že jsem mrtvý.  Dobře. Odvezou mě rovnou k McMullenovi.
2/b/2b8a9996.p3d	15242_p_mtm_130_b	Padej.
2/b/2b8f318b.p3d	19292_p_hlf_212	Ono nás dostane!
2/b/2b94dc42.p3d	4619_mar_c_477	No tak, chlape! Ne!
2/b/2b964e6c.p3d	20853_p_hlf_pain_b	*argh*
2/b/2b9c179a.p3d	15533_p_suf_189	Utíkej hned! Běž!
2/b/2ba09d16.p3d	15851_p_uem_039	Koukej kam šlapeš, chlape! Ježiši!
2/b/2ba46823.p3d	19405_bwhqa_074	Red Crown je negativní.
2/b/2ba70002.p3d	11485_maoff_312	Jo, skoro ho máme!
2/b/2babbab0.p3d	24546_alex_e04m04_550	Kdo jsi? Kdo tě poslal?
2/b/2bae24d1.p3d	4198_mar_c_067	Red Crown, nic tu nemáme. Kam dál? Přepínám.
2/b/2baf262e.p3d	16609_bwabr_149	Potvrďte video, velitelství.
2/b/2bb31a12.p3d	4320_mar_c_177	*kašel* Zdravotníka!? Sem! Máme raněného! ZDRAVOTNÍKA!!
2/b/2bb7cf6d.p3d	9848_maf35_136	Rozumím, tenhle pták se vrací na základnu, ukončuji pátrání, přepínám.
2/b/2bb87a42.p3d	11765_nydisp_050	Padly výstřely. Přejděte na taktický režim. Jaký je stav.
2/b/2bbe7fde.p3d	13636_p_erm_158	Nemám moc peněz, ale vezmi si, co chceš!
2/b/2bc11fec.p3d	24390_maoff_events_018	Potvrzuji posily, Red Crown.
2/b/2bc17cb6.p3d	10025_maf35_293	Voodoo Sedm zasaženo! Jsem zasažen! Držím kurz.
2/b/2bc4c10f.p3d	7586_mabra_026	Myslím, že má po ptákách, dobrá práce.
2/b/2bc84eb6.p3d	8723_mar_a_444	Hlaste se, sráči!
2/b/2bcd402a.p3d	13156_p_ctf_145	Zavolejte policii!
2/b/2bd5e4fd.p3d	576_bwbra_171	Potvrzeno, ZEUS je dole. Opakuji, ZEUS je dole!
2/b/2bd7a901.p3d	24376_maoff_events_004	Tady Red 4. Zpozorovali jsme Zeuse mezi nakaženými. Sundejte ho.
2/b/2bd99b38.p3d	14717_p_mtf_073	To je on!
2/b/2beed06e.p3d	18776_susol_164	Jsi zasraně mrtvej.
2/b/2bef7f04.p3d	14287_p_fdm_103	Potřebuju tu pomoct!
2/b/2bf36632.p3d	9079_mar_b_248	Zvládls to, Hennessey. Zasloužíš si zasranou medaili, kámo.
2/b/2bf85ba9.p3d	9201_mar_b_370	Trvalá palba! Nepolevujte! Nandejte mu to, tomu hajzlovi!
2/b/2bfc0290.p3d	24599_alex_e07m01_602	No, vypadá to, že jsem odhalený.
2/b/2bfdfd01.p3d	8156_mabhk_235	Cíl zneškodněn, opakuji, cíl zneškodněn.
2/c/2c0ab3f6.p3d	15376_p_suf_034	Za co to bylo!
2/c/2c0aee82.p3d	20774_p_fdm_pain_c	*argh*
2/c/2c0c181e.p3d	1999_bwmls_137	Cíl zasažen.
2/c/2c163bfb.p3d	17639_bwtra_016	Pane.
2/c/2c16aa78.p3d	22445_bwtra_e04m04_037	Máme hotovo?
2/c/2c1a8f5a.p3d	11450_maoff_295	Sakra, to bylo o fous!
2/c/2c20a44c.p3d	16862_bwtrb_062	Šéfe úderky, mám pro tebe něco k rozlousknutí.
2/c/2c21b68c.p3d	4163_mar_c_031	Podívej na tyhle svině. Zasraný Gestapo.
2/c/2c2b6129.p3d	9813_maf35_101	Nemůžu uvěřit, co se s tímhle městem děje. Sakra škoda...
2/c/2c2fbec2.p3d	878_bwgsp_118	ZEUS se veze s náma, táhni tou zasranou pákou!
2/c/2c32119a.p3d	13601_p_erm_123	Zahoď to, chlape!
2/c/2c32580b.p3d	20706_p_fdf_cheer_c	Jasně!
2/c/2c343103.p3d	11067_mahqa_095	Aktuální stav jednotky. Ozvěte se.
2/c/2c364018.p3d	19935_magsp_223	Senzory zjišťují možné cíle vpředu. Podívám se.
2/c/2c36eb39.p3d	8566_mar_a_307	Teď jsi mrtvej, mrcho!
2/c/2c384491.p3d	18117_bwtra_474	Nevadí ti to? Zabíjím tady!
2/c/2c3e9824.p3d	10290_mahqb_047	ZEUS je mimo hru. NEPŘIBLIŽUJTE SE K MRTVOLE. OPAKUJI, NEPŘIBLIŽUJTE SE K MRTVOLE.
2/c/2c40d1e6.p3d	13121_p_ctf_110	*kašel, vzlyky* Myslím, že jsem oslepla!
2/c/2c42e206.p3d	10482_mamls_049	Pojďme mu pořádně narušit operace.
2/c/2c495314.p3d	21859_alex_e03m01_075	Hm...umím řídit obrněný transportér.
2/c/2c4976a4.p3d	541_bwbra_136	Vraťte to zpátky, hned!
2/c/2c508ee0.p3d	22605_maabr_e03m03_001	Ztratili jsme ZEUSE. Má ho někdo na očích?
2/c/2c56836b.p3d	14612_p_ham_198	Krvácím!
2/c/2c5cdce4.p3d	11869_nydisp_134	Všichni policisté, honička je ukončena. Velitel to zavolal, přepínám.
2/c/2c626215.p3d	18741_susol_129	Cíl. Dole.
2/c/2c630e20.p3d	14252_p_fdm_068	Je mi špatně.
2/c/2c648ab8.p3d	15958_p_uem_143	Zbraň! Zavolejte policii!
2/c/2c66f7ee.p3d	9044_mar_b_213	Otevři oči! To jsem já!
2/c/2c75b613.p3d	22496_bwtra_e07m01_089	Plný poplach! ZEUS je v Paláci! Opakuji, ZEUS je v Paláci!!
2/c/2c7707b8.p3d	4427_mar_c_285	Je dole. Počkejte.
2/c/2c775e8a.p3d	7461_mabcm_129	Všechny jednotky, polní velitelství je v pohotovosti. Zjištěn neznámý cíl.
2/c/2c783acf.p3d	24983_nypda_339	Chyťte toho chlapa -- přesně tamtoho!
2/c/2c7a1cd8.p3d	24529_alex_e03m01_533	Dobře, budu potřebovat nějaké pancéřování, mám-li dostat Karen odsud celou.
2/c/2c7a5bef.p3d	22280_bwhqa_e10m04_055	Aktualizace cílů, všem bodům aktualizace cílů, máme nepřátele na horní palubě Reaganu. Cíle budou označeny, ať se ten první průlet počítá.
2/c/2c7fa9da.p3d	1964_bwmls_102	Perfektní čas k nasazení. Mám potvrzeno vizuálně i termálně.
2/c/2c892bdc.p3d	11293_maoff_157	Vojenské uzavření! Ustupte!
2/c/2c8da3d8.p3d	7815_mabra_235	Ještě chvíli a byli bysme v hajzlu. Spusťte tu síť, přepínám.
2/c/2c983328.p3d	10746_mamls_293	Žádáme palbu na naši pozici. Hned, sakra.
2/c/2c9f9586.p3d	24356_p_haf_147	Co to sakra je!?
2/c/2ca34df3.p3d	843_bwgsp_083	Zahajujeme pátrací vzorec Zulu, opakuji, Zulu.
2/c/2ca4d9d2.p3d	19778_magsp_066	Potvrzený zásah, opakuji, potvrzený zásah.
2/c/2ca7c2de.p3d	11032_mahqa_070	Rozumím, přepínám.
2/c/2ca9cf34.p3d	19900_magsp_188	Nepřítel je dole. Opakuji. Nepřítel je dole.
2/c/2caa7a6a.p3d	8531_mar_a_272	Máme ho, máme ho! Tenhle!
2/c/2cad3e2b.p3d	4853_maabr_181	Palte na cíl!
2/c/2cb14927.p3d	17183_bwtrb_363	Uvolni jeho sevření. Pomoz mi!
2/c/2cb483d4.p3d	24603_alex_e07m04_610	Takže odtud pochází Bloodtox.
2/c/2cbc4939.p3d	9308_mar_b_477	Do prdele!
2/c/2cc020e8.p3d	14984_p_uwm_107	Ach bože. Tohle se nemůže dít.
2/c/2cc51fc5.p3d	14455_p_ham_041	Hej -- vypadni sakra od něj!
2/c/2cce3f95.p3d	22921_mar_b_e08m04_050	Co se to sakra stalo!?
2/c/2cd81c60.p3d	15923_p_uem_109	*kašel* Kudy mám jít!?
2/c/2cdbbacc.p3d	25006_nypda_423	Dispečinku, tady nás zabíjejí!
2/c/2ce4919e.p3d	16969_bwtrb_149	Vstupuješ do vyznačené zakázané Zóny.
2/c/2cee55c5.p3d	20881_p_mtf_disgust_b	Auu!
2/c/2cf5ff3f.p3d	13708_p_erm_230	Ne, pomoc, pomoooc! Pomoc!
2/c/2cfc3dd0.p3d	7658_mabra_098	Termovize ukazuje váš cíl. Útočný týme, máte volno.
2/c/2cfeefbe.p3d	85_bwbhk_054	Útok dokončen, cíl sundán. Zahrabte ty rudý hajzly.
2/d/2d025044.p3d	22094_alex_e08m02_312	Žádám palebnou přehradu, čtverec osm osm pět pět devět devět. Autorizace Alfa Echo Sierra devět čtyři. Priorita.
2/d/2d02858b.p3d	10397_mahqb_134	Protokoly ZEUS už neplatí.
2/d/2d03688c.p3d	11983_nypda_048	Dispečinku, tady Charlie Nineteen. To je negativní.
2/d/2d04bf76.p3d	13228_p_ctf_217	Nemůžu dýchat!
2/d/2d06cfab.p3d	10589_mamls_156	Máme rozkaz k prošetření, nasedat.
2/d/2d0bc4cf.p3d	10711_mamls_258	Aktivujte kompletní systém řízení palby -- všechno.
2/d/2d0d6449.p3d	648_bwbra_243	Úderový balíček úspěšný, vracíme se domů.
2/d/2d11ef64.p3d	11820_nydisp_085	Jednotko, hlaste se. Máte pro mě dobré zprávy?
2/d/2d1327a2.p3d	24321_p_haf_145	Je ozbrojený!
2/d/2d15f3c4.p3d	13846_p_fdf_232	Zahoďte to!
2/d/2d164868.p3d	22146_alex_e09m03_363	A zbyl jen jeden....
2/d/2d186b8e.p3d	19743_magsp_031	Red Crown, Tornado Alfa Dva. Kontakt s cílem potvrzen.
2/d/2d1916ae.p3d	8374_mar_a_114	Stáhnout se! STÁHNOUT SE!
2/d/2d1bda70.p3d	4696_maabr_024	Ranger Dvě Sedm Bravo zaujímá pozici, přepínám.
2/d/2d239d9f.p3d	15007_p_uwm_130	Ach bože, zabije je!
2/d/2d257407.p3d	12461_nypda_533	Jeeeeežíši!
2/d/2d264fba.p3d	18848_susol_236	Cíl je pořád s náma.
2/d/2d26fbc5.p3d	14359_p_fdm_175	Ach ne!
2/d/2d2b6be6.p3d	1065_bwgsp_304	Jsme zasaženi, jsme zasaženi, spouštím diagnostiku, přepínám.
2/d/2d357c4d.p3d	8228_mabhk_307	Tohle už dlouho nevydržíme, Red Crowne!
2/d/2d37176f.p3d	22391_bwoff_e05m01_034	Tady velitel Racecar volá Hotrod Leader, v zóně jsou Brawleři, postupujte krajně opatrně. Nepřátelé potvrzeni.
2/d/2d423340.p3d	15448_p_suf_104	Bože! Zavolejte 911!
2/d/2d4a7dd3.p3d	21705_speci_e04m04_007	Palebný tým, k mé pozici, pohyb!
2/d/2d5935d9.p3d	4235_mar_c_104	Chalk Tři volá Red Crown. Početní nepřátelé na našich souřadnicích, míří teď na nás. Zahajte na ně palbu!
2/d/2d5a6265.p3d	24791_nypda_037	Rozumím.
2/d/2d615246.p3d	22658_mabra_e04m01_008	Ručička právě vyskočila mimo stupnici, Red Crown... sakra, je tady!
2/d/2d661517.p3d	17572_bwoff_221	Nepouštějte ho! Držte to těsně!
2/d/2d66e545.p3d	12006_nypda_073	Všechny jednotky, ztratil jsem kontakt s podezřelým.
2/d/2d6bb04f.p3d	11139_mahqa_167	Úderný balíček zrušen, přepínám.
2/d/2d6e67fa.p3d	8638_mar_a_379	Proboha, co to sakra je?
2/d/2d6e7fad.p3d	22331_bwhqa_513	Máte povolení k palbě.
2/d/2d6fcf8c.p3d	7623_mabra_063	Zaměřuji cíl, u budovy hoří, přepínám.
2/d/2d728165.p3d	50_bwbhk_019	Zaujímáme útočnou formaci, Red Crown, přepínám.
2/d/2d7614a7.p3d	10362_mahqb_099	Jaký je váš stav, odpovězte?
2/d/2d7958be.p3d	25428_alex_e06m02_709	Klid, chlapče...
2/d/2d7a6167.p3d	10554_mamls_121	Uh, tankový týme, přesuňte se a zakuřte celou cílovou oblast.
2/d/2d80f5f0.p3d	613_bwbra_208	Provádíme sken perimetru, Red Crown.
2/d/2d81c8fe.p3d	24164_p_haf_199	Prosím, nes mě. Vezmi mě s sebou.
2/d/2d85b540.p3d	22863_mar_a_e06m04_044	Red Crown, máme tu hlášení o ZEUSovi na místě. Můžete potvrdit, přepínám?
2/d/2d897f1e.p3d	13811_p_fdf_096	Kriste!
2/d/2d99e176.p3d	18813_susol_201	Jsme si jistí cílem?
2/d/2d9a8d81.p3d	14324_p_fdm_140	Prosím, nezabíjej mě!
2/d/2d9e74af.p3d	9116_mar_b_285	Máme co dělat s pořádně nemocnym parchantem, kluci.
2/d/2d9efb02.p3d	1030_bwgsp_269	Vytváříme odstup, přerušit, přerušit.
2/d/2da8d9c4.p3d	19172_p_hlf_094	Pomoc!
2/d/2daedb28.p3d	7533_mabcm_187	Hlášení je, že máme požár v nakládacím prostoru. Ať vám ta stodvacítka nevybuchne!
2/d/2db189b0.p3d	284_bwbhk_253	Všechny cíle sundány, pozemní jednotky potvrďte, přepínám.
2/d/2db5c272.p3d	15413_p_suf_070	Ztratila jsem ho z dohledu!
2/d/2db9df19.p3d	22958_mar_c_e06m04_035	Zasraný hajzlové. Proč sakra musíme všude chodit pěšky?
2/d/2dc0ab20.p3d	11365_maoff_221	Výborně! Máme cíl!
2/d/2dc3ae19.p3d	23034_susol_e07m04_003	Přivolejte vědecký tým. Nehýbe se to.
2/d/2dccc4f5.p3d	4200_mar_c_069	Jednotko Delta, pokud nic nevidíte na západní straně, navrhuju ukončit pátrání, přepínám.
2/d/2dd17a2f.p3d	9728_maf35_016	Blížím se k vektoru cíle, Voodoo Sedm je připraven k zásahu.
2/d/2dd228cd.p3d	11753_nydisp_038	Rozumím. Všichni zpátky na hlídku, Dispečink končí.
2/d/2dd82aa0.p3d	13516_p_erm_038	Hej, máš problém!?
2/d/2dd9d594.p3d	22370_bwoff_e01m02_013	Nikdy kurva nevíš.
2/d/2ddacd3f.p3d	915_bwgsp_155	Tady Tornado Five, zbraně aktivní a cíl označen.
2/d/2ddf420b.p3d	11104_mahqa_132	Stupeň pohotovosti je teď šedý. Odvolejte pohotovost.
2/d/2de1f9b6.p3d	8603_mar_a_344	Velitelství, našli jsme lidi. Teda co ZBYLO z lidí.
2/d/2de4bd39.p3d	4925_maabr_233	Čekejte. Jsme v boji!
2/d/2de6eaee.p3d	13036_p_ctf_027	Tohle je špatné.
2/d/2de8c873.p3d	17255_bwtrb_435	Sakra jo!
2/d/2dee72b1.p3d	17974_bwtra_331	Napíchněte ho jako na kůl!
2/d/2def8fbf.p3d	456_bwbra_051	Zabili jsme toho hajzla!
2/d/2df27a88.p3d	2093_bwmls_241	Ustupujeme. Musíme se stáhnout, Red Crown.
2/d/2df5f929.p3d	16787_bwabr_307	Vydržte!
2/d/2df94b98.p3d	19583_bwhqb_071	Negativní.
2/d/2dfc9f11.p3d	14527_p_ham_113	Tamhle jsou! Nakažení!
2/d/2dff771f.p3d	21571_maabr_253	Red Crowne, operace dokončena. Ranger, konec.
2/e/2e04ef55.p3d	22734_mahqb_e105m03_006	Stalker šest nula, okamžitě se vraťte na základnu, jinak bude zahájena palba.
2/e/2e0fb4f6.p3d	22724_mahqa_e07m01_024	Podle vlastního uvážení podporujte vojenské pozemní síly ve své operační oblasti.
2/e/2e17a801.p3d	8036_mabhk_135	Ustupte, opakuji, USTUPTE!
2/e/2e1d77a5.p3d	7376_mabcm_044	Opakujte, opakuji, opakujte, konec.
2/e/2e1e53ea.p3d	24898_nypda_254	Potřebuju, ať se ozvou svědci! Je tu někdo, kdo něco viděl?
2/e/2e25c2e0.p3d	1879_bwmls_017	Palba bezprostředně hrozí. Vlastní jednotky, uvolněte zónu, přepínám.
2/e/2e287366.p3d	22842_mar_a_e02m05_024	Vyklidit oblast! Vypadněte odsud!!
2/e/2e343a3c.p3d	11330_maoff_186	Nikdo neodchází! Je tu někde.
2/e/2e3efc7b.p3d	22828_mar_a_e02m05_010	Není to Mercer? Co se to tu sakra děje!?
2/e/2e484097.p3d	17380_bwoff_039	Tahle mřížka je čistá. Pokračujte dál.
2/e/2e4b4369.p3d	22781_maoff_e08m04_045	Vynořuje se to. Prioritní cíl, zásah!
2/e/2e4d6f4c.p3d	13918_p_fdf_201	Zachraňte mě!
2/e/2e4feada.p3d	19815_magsp_103	Jednotko, jednotko. Vidí někdo, co se děje dole?
2/e/2e50936f.p3d	8446_mar_a_186	Už tu věc nechci nikdy vidět.
2/e/2e535731.p3d	4768_maabr_096	Pošlete nám evakuaci -- zachraňte, koho můžete.
2/e/2e549f0a.p3d	20296_mabhk_choke_a	*dušení*
2/e/2e57622d.p3d	17098_bwtrb_278	Tady je z něj mleté maso.
2/e/2e5c5a2f.p3d	17220_bwtrb_400	Přešel do obrany. Instrukce!
2/e/2e5c9d3f.p3d	22937_mar_c_e02m05_015	Podívejte se tam nahoru, další z nich!
2/e/2e632147.p3d	421_bwbra_006	Blížíme se k vaší poloze, polní týme, zaujímáme útočné postavení, přepínám.
2/e/2e663a03.p3d	14899_p_uwm_022	Tomu nemůžu uvěřit.
2/e/2e692bdd.p3d	21030_p_uwm_cheer_c	*smích* Jasně!
2/e/2e69885a.p3d	16752_bwabr_272	Obsazeno! Uvolni ten kanál!
2/e/2e723184.p3d	9991_maf35_259	Vizuál, vizuál. Potvrzuji status mise, jsme hotovi, přepínám.
2/e/2e768b84.p3d	11857_nydisp_122	Jsme zase v zeleném, dobrý.
2/e/2e789df6.p3d	23009_ragla_e05m02_029	Jsem v pohodě!
2/e/2e7c0d34.p3d	18621_susol_039	Negativní vizuál na cíl, přepínám.
2/e/2e7e357d.p3d	15838_p_uem_026	Ale ne, chlape. Musím to vyfotit.
2/e/2e8b39bd.p3d	8001_mabhk_100	Red Crowne, cíl potvrzen, pošlete úder.
2/e/2e90b279.p3d	4307_mar_c_164	Nepřítel vpředu!
2/e/2e91094c.p3d	7341_mabcm_009	Pěší čety jsou v terénu, obrněnci v pohotovosti. Jedeme tu naplno, Red Crowne, konec.
2/e/2e91e2a9.p3d	24863_nypda_189	Zakázaná oblast. Vypadni!
2/e/2e940016.p3d	14860_p_mtf_214	To do něčeho narazí!
2/e/2ea2d69c.p3d	11173_maoff_035	Úderný balík na naší pozici, opakuji, úder sem hned!
2/e/2ea45b9a.p3d	22703_mahqa_e03m01_003	Frontline jedna pět čtyři neodpovídá. Možná porucha vysílačky.
2/e/2eb940e4.p3d	24236_p_haf_078	Utíká pryč!
2/e/2ebf2fb3.p3d	8289_mar_a_028	Nepřítel na dvanácté, cíl znovu zaměřen!
2/e/2ec4252b.p3d	8411_mar_a_151	Munice! Potřebuju víc munice!
2/e/2ec6e8ed.p3d	4733_maabr_061	Red Crowne, Ranger Dvě Sedm ztratil cíl.
2/e/2ecaf3e9.p3d	17063_bwtrb_243	S ním je konec.
2/e/2ecb8d0d.p3d	12376_nypda_448	Sundejte ho!
2/e/2ecd66f1.p3d	19391_bwhqa_070	Rozumím poslednímu spojení.
2/e/2ed09e12.p3d	17782_bwtra_139	McPhersone, jdeš se mnou! Jdeme!
2/e/2ed318e5.p3d	24073_bwoff_events_034	Tady Red 4, bitva se obrací v náš prospěch.
2/e/2ed824dd.p3d	16595_bwabr_135	Zpátky, hned!
2/e/2ee0590e.p3d	19244_p_hlf_164	Vidí to někdo? Někdo, zastavte ho! Zabijte ho!
2/e/2ee908fc.p3d	356_bwbhk_325	Ahhh! Snažím se to setřást!
2/e/2ee9a1fa.p3d	24059_bwoff_events_020	Pomoc dorazila, pánové -- pohyb.
2/e/2ef827a5.p3d	11437_maoff_275	NEPŘÍTEL! NEPŘÍTEL!
2/e/2efe3c9e.p3d	16849_bwtrb_049	Všechno je v troskách, Red Crown. Máme se stáhnout?
2/f/2f0c2e3c.p3d	17487_bwoff_146	Jeden z nich je ZEUS.
2/f/2f1c308b.p3d	10277_mahqb_034	Nová situace: cíl je mimo hru. Brzy dostanete aktualizaci.
2/f/2f1e67ad.p3d	13108_p_ctf_097	Co!?
2/f/2f2047bf.p3d	17327_bwtrb_507	Ústuuup!
2/f/2f207a6d.p3d	10469_mamls_036	No podívejme, kdo si to k nám jde.
2/f/2f21dead.p3d	10996_mahqa_044	Hlásí, že ZEUS byl zasažen, pane.
2/f/2f22871e.p3d	25184_nypda_451	Zachráníme tě, kámo, neboj se!
2/f/2f270f0b.p3d	528_bwbra_123	Pátrání studené, opakuji, studené, přepínám.
2/f/2f29f9b5.p3d	2165_bwmls_303	Bereme něco na sebe.
2/f/2f2a249c.p3d	23877_alex_005	Jsou tam a něco pěstují.
2/f/2f2b61ef.p3d	21940_alex_e05m01_156	Musím jít.
2/f/2f2cd241.p3d	24201_p_haf_011	Co je to?
2/f/2f2f9ac6.p3d	13726_p_fdf_013	Byla to nehoda?
2/f/2f30cac5.p3d	19655_bwhqb_133	Všechny jednotky, potvrďte čistý stav kontaktu.
2/f/2f316c98.p3d	4570_mar_c_428	Do prdele!
2/f/2f33acd6.p3d	24412_maoff_events_040	Utrpěli jsme škody... držte pozice.
2/f/2f3f1ec9.p3d	12341_nypda_413	Udržujte palbu!
2/f/2f3ffa7c.p3d	18728_susol_116	To je ono, jdi na to!
2/f/2f40a688.p3d	14239_p_fdm_056	Držte si odstup!
2/f/2f4bb699.p3d	16560_bwabr_100	Teď -- trhavina.
2/f/2f4ef56c.p3d	19087_p_hlf_011	Co je to?
2/f/2f4f274d.p3d	8108_mabhk_207	Potvrzuji.
2/f/2f54a2cf.p3d	8973_mar_b_142	Do prdele. Cortezi!! Kde sakra seš, chlape!?
2/f/2f54f6f1.p3d	7448_mabcm_116	Vzdejte to, dámy. Máme tu hotovo, konec.
2/f/2f57a2b6.p3d	199_bwbhk_168	Pozemní, vidíte to taky?
2/f/2f5c982d.p3d	321_bwbhk_290	Tak jo, čas jít. Pohyb, pohyb, pohyb.
2/f/2f6bb569.p3d	11402_maoff_127	Pusťte ho! Pusťte!
2/f/2f709cb6.p3d	21579_magsp_051	Red Crown, cíl je pořád na nohou.
2/f/2f71ce5a.p3d	16814_bwtrb_014	Zasraná kůže...
2/f/2f71d944.p3d	22231_bwhqa_e07m01_006	Co vás tam zdržuje, Ghost Twelve? Rozkaz zní návrat na základnu, KONEC.
2/f/2f7fbff8.p3d	17452_bwoff_111	Pořád žiju. Víc říct nemůžu.
2/f/2f855b4f.p3d	11019_mahqa_067	Rozumím, potvrzuji.
2/f/2f873769.p3d	15181_p_mtm_071	To je ten chlap!
2/f/2f8812bc.p3d	8518_mar_a_259	To je on! Já vím, že je to on!
2/f/2f8a1092.p3d	22012_alex_e05m03_228	Je to na hadry...úplně na hadry....
2/f/2f915462.p3d	19498_bwhqa_167	Zóna Alfa je vyčištěna. Strike Bossi, přiveďte svůj tým do Citadely na přeskupení.
2/f/2f940c29.p3d	10434_mamls_001	Dělostřelectvo na místě a připraveno na rozkazy, přepínám.
2/f/2f948bb7.p3d	17889_bwtra_246	Přicházejí ti zasraní parchanti.
2/f/2f957054.p3d	10961_mahqa_009	Všem jednotkám, připravte se na boj v přepadu.
2/f/2f9d88f0.p3d	2130_bwmls_278	Cíl B je neutralizován.
2/f/2fa21194.p3d	20957_p_suf_disgust_b	Ach bože...
2/f/2fa459e1.p3d	19620_bwhqb_098	Taktický brífink, hned.
2/f/2fadb883.p3d	12184_nypda_256	Je tu někdo ochotný podat svědectví?
2/f/2fb43844.p3d	14204_p_fdm_021	Všichni, jestli je ta věc nakažená, radši všichni vypadněte.
2/f/2fbedcc5.p3d	20278_maabr_dying_c	*chroptění*
2/f/2fc13532.p3d	22553_bwtrb_e06m05_053	Sežeňte snímek pro Zpravodajce!
2/f/2fc88622.p3d	7413_mabcm_081	Velitelství roty Charlie volá Red Crown. Obrana vydržela. Žádáme evakuaci raněných do Palace, konec.
2/f/2fc961f3.p3d	24935_nypda_259	Přiveďte sem forenzní tým. Máme tu tělo.
2/f/2fcb3472.p3d	164_bwbhk_133	Zase nám zmizel, Red Crown.
2/f/2fcbef3f.p3d	25166_nypda_scream_a	*výkřik*
2/f/2fd000e4.p3d	11912_nydisp_177	Záchranka se zpožďuje kvůli ucpané dopravě, přidáme vám ještě jednu k vaší poloze.
2/f/2fd0d15d.p3d	1916_bwmls_054	Vedlejší škody jsou... vysoké, opakuji, vysoké!
2/f/2fda5321.p3d	11245_maoff_089	S kým si myslíš, že si zahráváš!?!
2/f/2fe0b20f.p3d	18991_susol_379	Vlastní, ty pitomej hajzle!
2/f/2fe547e8.p3d	9294_mar_b_463	*chroptění, sténání*
2/f/2febd76d.p3d	11741_nydisp_026	Pošlu pár hlídkových vozů zkontrolovat perimetr, jestli ho zase nezachytíme.
2/f/2fece8c4.p3d	22302_bwhqa_e10m04_077	Do prdele. Co to sakra bylo?
2/f/2fee50ae.p3d	22117_alex_e09m01_334	Tohle není poslední polní základna.
2/f/2ff0c009.p3d	24308_p_haf_132	Ten chlap má zbraň.
2/f/2ffe6839.p3d	4805_maabr_133	Red Crowne, hlavní cíl zlikvidován, opakuji, zlikvidován, přepínám.
3/0/30027335.p3d	17135_bwtrb_315	Jarní úklid na těchhle souřadnicích?
3/0/30030c6e.p3d	12448_nypda_520	Rozprchněte se!
3/0/3004e61e.p3d	19463_bwhqa_132	Potvrzuji, všechny týmy přejděte do tichého režimu. V tuto chvíli jsme čistí, přepínám.
3/0/30081d73.p3d	17854_bwtra_211	*smích* To byla fakt sranda.
3/0/3011486b.p3d	14936_p_uwm_059	Tamhle je! Tam!
3/0/301efdd9.p3d	13694_p_erm_216	Hej! Hej!
3/0/3021be71.p3d	13371_p_ctm_128	Vydrž! Vydrž!
3/0/3028ccb1.p3d	8781_mar_a_502	Hejbni prdelí!
3/0/302c3eec.p3d	21871_alex_e03m02_087	Skoro dost.
3/0/302fa72a.p3d	11509_maoff_362	Zpátky!
3/0/3032221b.p3d	21923_alex_e04m02_139	Musím jich zničit co nejvíc, než stihnou posílit obranu.
3/0/30361211.p3d	23954_alex_082	Nemůžu odejít.
3/0/30374f94.p3d	25383_alex_e03m01_709	Ať se s tou budovou stalo cokoliv, je to mimo kontrolu.
3/0/3037faeb.p3d	24778_nypda_034	10-4, dispečinku.
3/0/303cf40e.p3d	24900_nypda_256	Je tu někdo ochotný podat svědectví?
3/0/3043ad83.p3d	17559_bwoff_213	Slyším tě.
3/0/30443151.p3d	19014_susol_402	Kuuurva!
3/0/304b24f7.p3d	15288_p_mtm_176	Uhněte! Uhněte!
3/0/304c1814.p3d	22318_bwhqa_500	Pozor, neidentifikovaný letoune, odchylujete se od zadání a musíte se vrátit do bezpečné vzdálenosti. Nepokoušejte se opustit vzdušný prostor Manhattanu.
3/0/305175f1.p3d	23906_alex_034	Důstojník je na zemi.
3/0/3053ad0e.p3d	10349_mahqb_086	Podejte mi hlášení situace, jednotko.
3/0/305492ed.p3d	11935_nypda_020	10-4, jsme na 10-61.
3/0/305a0344.p3d	25256_nypda_473	Ten hajzl není člověk!
3/0/3068ebf9.p3d	4642_mar_c_500	Skoč a překulej se!
3/0/306a3e31.p3d	8326_mar_a_066	Tak pojď, hajzle!
3/0/30760266.p3d	17100_bwtrb_280	Tenhle je důkladně mrtvej.
3/0/30769b8a.p3d	12413_nypda_485	Máme posily na cestě? Protože jich potřebujeme SPOUSTU.
3/0/3076b72d.p3d	17697_bwtra_054	Asi to nic není, ale chci se na to podívat.
3/0/307c9369.p3d	1017_bwgsp_256	Pořád mám kontrolu, stabilizuji, přepínám!!
3/0/3083335a.p3d	16632_bwabr_172	Připravujeme se naočkovat. Hlavu dolů!
3/0/3086722b.p3d	19159_p_hlf_081	Cože? Já nejsem ten pravej!
3/0/308b9f84.p3d	20802_p_ham_disgust_c	Sakra jo!
3/0/308bdc84.p3d	9871_maf35_159	Pozemní jednotky, kód sedm, buďte opatrní.
3/0/30903a24.p3d	11845_nydisp_110	Vypadá to, že máme 10-66.
3/0/3096bb4a.p3d	19993_magsp_261	Red Crown, tady Tornado Jedna, mise splněna.
3/0/30ada84f.p3d	14740_p_mtf_096	Kriste!
3/0/30b73cb9.p3d	17524_bwoff_183	Zabití ZEUSE... negativní.
3/0/30b7bad4.p3d	25488_alex_e07m01_707	Rozumím. Na cestě.
3/0/30beb6b3.p3d	15253_p_mtm_141	To je bouchačka?
3/0/30c73ee9.p3d	10314_mahqb_061	Povoleno, přepínám.
3/0/30c894bc.p3d	25099_nypda_050	Negativní, dispečinku. Opakuji, negativní.
3/0/30cb88ea.p3d	10506_mamls_073	Cíl v zaměřovači, zóna zásahu vymezena. Rozumíte?
3/0/30cd8946.p3d	25221_nypda_103	Charlie Nineteen se stahuje, dispečinku. Nic tu není.
3/0/30d2f289.p3d	24116_p_haf_104	*vzlyk* Bože, jsem slepá. Bože, jsem SLEPÁ!
3/0/30d785b3.p3d	4485_mar_c_343	Vyklidit oblast, hned!
3/0/30e537cf.p3d	12256_nypda_328	Kam zmizel?
3/0/30e5ac16.p3d	13478_p_ctm_235	Ahhhhgggghhh!
3/0/30ea4912.p3d	17662_bwtra_039	Slyším tě.
3/0/30ee1f48.p3d	7873_mabra_293	Sakra, hoříme, hoříme!
3/0/30f1cf9f.p3d	16475_bwabr_015	Hlášení situace, polní týme. Kde je?
3/0/30f3c38a.p3d	24594_alex_e06m04_597	Jsem uvnitř.
3/0/30fa03d4.p3d	19124_p_hlf_048	Poldové po něm sakra jdou!
3/1/3102b3be.p3d	236_bwbhk_205	Ošklivé hajzly spatřeny. Nemáte tušení, jak by se napalm v tomhle městě hodil.
3/1/310552e2.p3d	7965_mabhk_064	Dejte nám novou pozici, ztratili jsme vizuál, přepínám.
3/1/310840a5.p3d	11090_mahqa_118	Všechny jednotky se hlásí. Čekáme.
3/1/3109554a.p3d	22195_bwabr_e08m03_36	Kontakty, východní sektor, východní sektor. Vizuálně potvrzeno!
3/1/310c51a8.p3d	18140_bwtra_497	PŘESTAŇTE střílet, přestaňte střílet!
3/1/3111d2a3.p3d	11317_maoff_173	To je on! Přímo tam!
3/1/311581c8.p3d	22883_mar_b_e02m05_013	Co to sakra jsou?
3/1/3125d8fe.p3d	17367_bwoff_026	U cíle.
3/1/31264f33.p3d	22376_bwoff_e02m02_019	Gunship Tři. Gunship Tři Pět Dva Devět, prioritní letecký úder je schválen. Máte povolení zahájit palbu.
3/1/31288555.p3d	16039_p_uem_224	Ne... ne... nedělej to!
3/1/313897cf.p3d	15981_p_uem_166	Ale do prdele. Nedělej to, chlape!
3/1/3139eff6.p3d	17207_bwtrb_387	Projde to přímo skrz tvůj kevlar.
3/1/313c325c.p3d	25064_nypda_371	Chceš strávit noc v base?
3/1/313c8f16.p3d	22848_mar_a_e03m01_030	Nenechte je projít přes perimetr!
3/1/3143a1ec.p3d	2045_bwmls_183	Nepřátelé... zlikvidováni.
3/1/314720ac.p3d	16739_bwabr_259	Jsme blízko, srovnejte to se zemí!
3/1/314a721b.p3d	25356_alex_e10m04_703	Tak si to nech dorůst.
3/1/314a75c5.p3d	19535_bwhqb_033	Zrušte pátrání a vraťte se na základnu.
3/1/314b175a.p3d	4450_mar_c_308	Palte na můj cíl!!
3/1/314d52be.p3d	23998_mar_a_e08m03_003	Tady velitelství Red Crown, ztratili jsme kontrolní body Times Square. Jakékoliv dostupné jednotky, ozvěte se. Rozumíte? Přepínám.
3/1/314fc9eb.p3d	9978_maf35_246	Mise splněna. Nevím jak vy, ale já si dám panáka.
3/1/31507102.p3d	11778_nydisp_063	Rozumím.
3/1/3153d19d.p3d	12099_nypda_170	Nechoďte daleko. Je tady někde poblíž.
3/1/3158c700.p3d	12221_nypda_293	Vypadni z mýho obličeje!
3/1/31593dd2.p3d	13443_p_ctm_200	Nemůžu zastavit krvácení!
3/1/3159a55d.p3d	18608_susol_006	Ještě pár požárů uhasit. Jinak jsme hotoví, konec.
3/1/315c4474.p3d	25440_alex_e06m03_708	Dana!  Je tam uvnitř.
3/1/3169a6b9.p3d	20262_bwtrb_pain_c	*argh*
3/1/316e4dcf.p3d	8853_mar_b_042	Red Crown, mám prioritní cíl. Vaše rozhodnutí, přepínám.
3/1/3171987d.p3d	14847_p_mtf_201	Zachraňte mě! Necítím nohy!
3/1/317642ef.p3d	201_bwbhk_170	Zaměř to, podívej se, jestli uvidíš, co právě udělal.
3/1/3178e489.p3d	7930_mabhk_029	Zbraně připraveny. Útočíme.
3/1/318418fa.p3d	15065_p_uwm_188	Utíkej! Rychle!
3/1/319058f0.p3d	9331_mar_b_500	Povolení ke střelbě!?
3/1/31917f0e.p3d	25328_nypda_466	Ten hajzl si pro něco jde!
3/1/319c1471.p3d	16004_p_uem_189	Běž! Běž! Běž!
3/1/319e6733.p3d	21755_speci_e04m04_057	Přebíjím! Přebíjím!
3/1/31aa778a.p3d	21691_karen_e03m01_009	Prosím, nikomu neubližuj.
3/1/31aaff62.p3d	19378_bwhqa_067	Rozumím.
3/1/31ac8edd.p3d	22615_maabr_e06m04_010	Spatřeno více COPPERHEADŮ! Držte je dál od Hammer Daddyho!
3/1/31ae8e95.p3d	23029_ragla_e06m02_049	Teď to můžu analyzovat a snad ti řeknu, jak to zabít.
3/1/31aff486.p3d	19500_bwhqa_169	Red Crown Strike Bossovi, stav mise ztemněn, vraťte se na základnu, přepínám.
3/1/31b73393.p3d	2010_bwmls_148	Další zasraný červení. Šlápni na to, Johnny.
3/1/31b89eca.p3d	16992_bwtrb_172	To není... to je Prototyp!
3/1/31bab268.p3d	16704_bwabr_224	Blackjack volá Red Crown, úder Bravo dokončen.
3/1/31c76340.p3d	12064_nypda_131	Nehýbe se to!
3/1/31c7d78e.p3d	13286_p_ctm_045	Někdo zavolejte záchranku!
3/1/31d04d87.p3d	7681_mabra_121	Drž se na značce. Zaměř to.
3/1/31e17160.p3d	671_bwbra_266	Jsme v pohodě, v pohodě.
3/1/31e308cc.p3d	24815_nypda_020	10-4, jsme na 10-61.
3/1/31e52799.p3d	14812_p_mtf_166	Co ode mě chceš!? Proč já?
3/1/31e9af84.p3d	11900_nydisp_165	Záchranné služby jsou na cestě. Čekejte.
3/1/31f0d539.p3d	22709_mahqa_e04m01_009	Prohledávací tým Alpha Juliet, hlaste se. Hlášení hlídky. Ztratili jsme kontakt s hlídkou Alpha Juliet, pane.
3/1/31f635ff.p3d	15325_p_mtm_213	Už to jde!
3/1/31f7aab6.p3d	15030_p_uwm_153	Do prdele, je uvnitř toho vozidla!
3/1/31fa5cd1.p3d	18871_susol_259	Dostaňte se za něj!
3/1/31fb08dc.p3d	14382_p_fdm_198	Taková zima. Už vůbec nic necítím.
3/1/31fef2aa.p3d	9174_mar_b_343	Tohle bude bolet!
3/2/32098979.p3d	8251_mabhk_330	Připravte se na náraz!
3/2/320f04ff.p3d	4557_mar_c_415	Lidi, mohli byste se prosím uklidnit!
3/2/3213186b.p3d	21567_bwabr_259	Jsme blízko, srovnejte to se zemí!
3/2/32164057.p3d	15471_p_suf_127	Někdo ho zachraňte!
3/2/321c1b6c.p3d	17015_bwtrb_195	Oči otevřený, oči otevřený!
3/2/321cb730.p3d	12328_nypda_400	Dorazte to!
3/2/321e911e.p3d	19343_bwhqa_032	Sektor Foxtrot je prázdný. Lima stejně tak, chcete to ukončit, veliteli?
3/2/3221c5aa.p3d	17734_bwtra_091	Kdyby tu byl ZEUS, tak bych ho našel.
3/2/32220a68.p3d	24369_maoff_e08m03_005	Narušení! Stáhněte se na Jackpot!
3/2/32294c60.p3d	16547_bwabr_087	Rozšiřujeme Kill Box, připraveni k palbě.
3/2/3231f59f.p3d	9786_maf35_074	Skenery nic neukazují, má někdo vizuál?
3/2/323575b0.p3d	22522_bwtrb_e04m01_022	Opakuji, máme nepřítele uvnitř plotu, Palác je horký, eskalujte, eskalujte.
3/2/3238a610.p3d	13574_p_erm_096	Páni!
3/2/323a307f.p3d	308_bwbhk_277	Všechny jednotky negativní na přiděleném cíli.
3/2/323b4b3a.p3d	973_bwgsp_213	Red Crown, mise splněna, balíček Bravo se vrací na základnu.
3/2/323d124b.p3d	20906_p_mtm_cheer_c	Wóóó!
3/2/324277b1.p3d	8661_mar_a_402	Zasranej hajzl.
3/2/324538a9.p3d	4983_maabr_291	Byli jsme zasaženi. Ranger Dvě Sedm Bravo zasažen!
3/2/3247665c.p3d	13094_p_ctf_083	Děláte chybu!
3/2/324e5a1b.p3d	24507_alex_e01m02_511	Uhni.
3/2/3253c3f5.p3d	14655_p_mtf_011	Promiňte! Co se stalo?
3/2/325b4f39.p3d	20510_mar_c_scream_c	*výkřik*
3/2/325d1a81.p3d	14585_p_ham_171	Utíkej! UTÍKEJ!
3/2/325d55bf.p3d	17439_bwoff_098	Palte! Palte HNED!
3/2/3264cfd2.p3d	15168_p_mtm_060	Vrátil se!
3/2/3273a686.p3d	25136_nypda_155	Tady Three Victor Twenty-Two, mám podezřelého na dohled, žádám pomoc.
3/2/3274387c.p3d	20626_p_ctm_cheer_c	Hůůů! Jo!
3/2/32782371.p3d	8094_mabhk_193	Letíme se podívat blíž, přepínám.
3/2/327b2157.p3d	2117_bwmls_265	Stav cíle? Řekněte mi, že to vyšlo, přepínám.
3/2/3281f248.p3d	19607_bwhqb_085	Všechny jednotky, hlaste se.
3/2/32829430.p3d	4522_mar_c_380	Připraven!
3/2/329cde1c.p3d	16512_bwabr_052	Blackjacku, žádáme úderný balíček v červené zóně.
3/2/32a58746.p3d	9751_maf35_039	Voodoo Sedm, posílá ho na věčnost. Dělá díry.
3/2/32a5ca52.p3d	8925_mar_b_094	Oči na stopkách. Zabijte cokoli, co se hne.
3/2/32a9e624.p3d	11833_nydisp_098	Jednotko, podejte hlášení. Pořád probíhá?
3/2/32aa5cbc.p3d	20035_magsp_303	Zaháklo se to, setřes to!
3/2/32b0664a.p3d	19873_magsp_161	Mám tu možnou změnu situace, umí mi někdo říct, co to je, přepínám.
3/2/32b26d4e.p3d	18055_bwtra_412	Jdeme na to. Bude sranda!
3/2/32be4a76.p3d	18978_susol_366	Kryjte se!
3/2/32c3f8e5.p3d	22251_bwhqa_e08m03_026	Taktický přehled ukazuje, že na severní straně se blíží síly. Buďte ve střehu.
3/2/32d0ac28.p3d	14550_p_ham_136	Všichni k zemi!
3/2/32d0e77b.p3d	17404_bwoff_063	Pořád stojíme.
3/2/32d86179.p3d	15133_p_mtm_025	Co? To je Larry?
3/2/32deb0eb.p3d	15896_p_uem_082	Ne, to nejsem já, kurva, přísahám!
3/2/32f13075.p3d	4365_mar_c_223	Jsi v zóně se zákazem vstupu. Otoč se hned!
3/2/32fee290.p3d	12136_nypda_207	Dobře, sundejme ho.
3/2/32ff56d8.p3d	13358_p_ctm_115	Vidím jich víc!
3/3/33066278.p3d	8768_mar_a_489	Svoji!
3/3/3307ca48.p3d	7753_mabra_193	Mějte prsty na spouštích. Jedu se podívat zblízka.
3/3/33125be5.p3d	10684_mamls_231	Dusí se to, vydržte, vydržte!
3/3/3319bb58.p3d	24294_p_haf_052	Kámo, ten chlap je problém!
3/3/331c5bf5.p3d	116_bwbhk_085	Auh, těžké poškození! To jsme my.
3/3/331d76b0.p3d	781_bwgsp_021	Nemáme kontakt, ZEUS prostě zmizel, přepínám.
3/3/331debd8.p3d	20000_magsp_268	Zvládli jsme to. Jedna a dva splněny.
3/3/33217c63.p3d	13941_p_fdf_224	Ubližuješ mi!
3/3/3325fc6a.p3d	18020_bwtra_377	Uh, to je sakra ŠPATNĚ!
3/3/332766d3.p3d	4791_maabr_119	Přepínáme na průzkum, Red Crown.
3/3/332f2a02.p3d	15102_p_uwm_225	Co-co to děláš! Agh!
3/3/3331dc32.p3d	18943_susol_331	Jo! Jo! Bojujeme!
3/3/333671f6.p3d	9246_mar_b_415	Zničte to vozidlo!
3/3/334681c0.p3d	4629_mar_c_487	Soustředěná palba!
3/3/334dbd18.p3d	15543_p_suf_199	Ááách! Někdo! Pomoc!
3/3/33524294.p3d	15861_p_uem_049	Sleduj ho! Sleduj ho!
3/3/33560da1.p3d	19415_bwhqa_084	Tady Red Crown, žádám hlášení situace, přepínám.
3/3/3358a580.p3d	11495_maoff_322	Zastavit palbu, ZASTAVIT PALBU!
3/3/335944f6.p3d	17806_bwtra_163	Tady nemůžeš být. Zmiz.
3/3/335badbe.p3d	25406_alex_e04m04_705	Čekal jsi na mě, co?  Takže Karen Parkerová mě zradila.
3/3/3360cbac.p3d	16619_bwabr_159	Nepřítel sražen a mimo hru, rozumíte?
3/3/3364bf90.p3d	4330_mar_c_187	Oči na stopkách! Zůstaňte ve střehu!
3/3/336974eb.p3d	9858_maf35_146	ZEUS se chystá vypálit, ustupte!
3/3/336a1fa2.p3d	11766_nydisp_051	Jede se na pohotovost, nebo do márnice? Potvrďte.
3/3/3370255c.p3d	13646_p_erm_168	Jsem jen kolemjdoucí! Prosím! Nezabíjej mě!
3/3/337271c1.p3d	12101_nypda_172	Podezřelý nemůže být daleko. Najděte ho.
3/3/3372e609.p3d	13323_p_ctm_080	Tamhle! Jsem si jistej.
3/3/337324bf.p3d	10035_maf35_303	Přesměrovávám.
3/3/3376668d.p3d	7596_mabra_036	Palba potvrzena.
3/3/3379f434.p3d	8733_mar_a_454	Kurva, kámo, UTÍKEJ!
3/3/337e9c6e.p3d	21983_alex_e05m02_199	Provedu.
3/3/337ee5a8.p3d	13166_p_ctf_155	Jsme obyčejní lidi!
3/3/33878a7b.p3d	586_bwbra_181	Razorback Jedna, přesun na palebnou pozici!
3/3/338b40b6.p3d	14727_p_mtf_083	Ne! Ne! Prosím! Prosím!
3/3/33901635.p3d	13784_p_fdf_070	Viděl to někdo!?
3/3/33a075ec.p3d	18786_susol_174	Kurva se nehýbej. Nikdo se nehýbat!
3/3/33a12482.p3d	14297_p_fdm_113	Jděte dovnitř a zamkněte dveře. Blíží se!
3/3/33a50bb0.p3d	9089_mar_b_258	Není to tvoje vina, kámo. Není to tvoje vina.
3/3/33aa0127.p3d	9211_mar_b_380	Jo, myslím, že jsem pořád schopnej boje!
3/3/33ab1f22.p3d	25208_nypda_090	One Adam Nineteen. Adam Nineteen. Mám pozitivní na nepřátele.
3/3/33afa27f.p3d	8166_mabhk_245	Všechny jednotky negativní na přiděleném cíli.
3/3/33bc5974.p3d	15386_p_suf_044	Zavolejte poldy!
3/3/33c7e179.p3d	17649_bwtra_026	Až se ZEUS příště objeví, spolehnu se na tebe, jo?
3/3/33cc37c4.p3d	11460_maoff_339	Jen mi nechte žít, jo?
3/3/33d249ca.p3d	16872_bwtrb_072	Získejte vizuál...
3/3/33d35c0a.p3d	4173_mar_c_041	Chalk Tři volá Red Crown. Subjekt nám dočasně unikl. Pokoušíme se ho znovu lokalizovat, přepínám.
3/3/33d638f7.p3d	25459_alex_e07m04_703	Dost, čas nechat se sejmout. 
3/3/33d7fb16.p3d	22996_ragla_e05m02_016	Pomozte mi!
3/3/33dd06a7.p3d	9823_maf35_111	Pozemní tým mi poslal GPS souřadnice, připraven vést úder.
3/3/33dec1b6.p3d	13489_p_erm_011	Hej, co se děje? Vidíš něco?
3/3/33e16440.p3d	888_bwgsp_128	Máte příchozí, křídlo.
3/3/33e3b718.p3d	13611_p_erm_133	Hej, k zemi!
3/3/33e5d90c.p3d	11077_mahqa_105	Všechny jednotky hlásí na místě.
3/3/33e6b3db.p3d	10000_maf35_268	Tady Voodoo Sedm. Žádné známky cíle. Odvolejte balík, Red Crown.
3/3/33e7e596.p3d	19945_magsp_233	Potvrzuji, Red Crown.
3/3/33e890b7.p3d	8576_mar_a_317	Hm. Toho chlapa jsem stejně nikdy neměl rád.
3/3/33e9ea0f.p3d	18127_bwtra_484	Vyklidit zónu, vy idioti!
3/3/33e9f849.p3d	7561_mabra_001	Ještě jeden, uhýbám vlevo, přepínám.
3/3/33f27764.p3d	13131_p_ctf_120	Volně pobíhají po ulicích!
3/3/33f48784.p3d	10492_mamls_059	Sakra, celá ta zasraná budova je pryč.
3/3/33fb1c22.p3d	551_bwbra_146	Zpátky! Zpátky! Zpátky!
3/3/33fd1832.p3d	22166_bwabr_e08m02_06	Co to sakra bylo?
3/4/34082b74.p3d	14622_p_ham_208	Pozor!
3/4/340fde38.p3d	15205_p_mtm_095	Řekněte mi, že to má někdo na fotce.
3/4/34140793.p3d	18751_susol_139	Naházejte to do krabice a spalte to.
3/4/3414b39e.p3d	14262_p_fdm_078	Šel tudy!
3/4/34163036.p3d	15968_p_uem_153	Pozor na tank!
3/4/34189d6c.p3d	9054_mar_b_223	Mám střílet? Mám?
3/4/3428ad36.p3d	4437_mar_c_295	Co to sakra děláš?!
3/4/34290408.p3d	7471_mabcm_139	Zpravodajství hlásí kontakt, kontakt, na bojová stanoviště!
3/4/3429d488.p3d	24993_nypda_003	Teď je něco ve vzduchu. Cítím to.
3/4/34314f58.p3d	1974_bwmls_112	Bojové parametry se změnily.
3/4/34365f67.p3d	12208_nypda_280	Dispečinku. Mám tu nějaké opevněné zařízení. Vážně, tohle svinstvo prostě nehraje.
3/4/343f4956.p3d	7825_mabra_245	Není na co střílet, vracíme se.
3/4/3449db31.p3d	10756_mamls_303	RC, ztratili jsme ovládání vozidla.
3/4/3450e563.p3d	22355_bwhqb_e08m02_009	Autentizační kód přijat. Dělostřelectvo se blíží. Hlavy dole. Tohle bude pořádná dávka.
3/4/3454f371.p3d	853_bwgsp_093	Stopa vychladla, přepínám. Žádný kontakt.
3/4/34567cf0.p3d	7917_mabhk_016	Zahajujeme kroužení nad oblastí cíle, přepínám.
3/4/34567f50.p3d	19788_magsp_076	Vzduch pozemním. Cíl zmizel. Rozsviťte nám to, jestli můžete.
3/4/3459685c.p3d	11042_mahqa_080	Rozumím, negativní.
3/4/345b74b2.p3d	19910_magsp_198	Nastav to na automatický. Kontinuálně.
3/4/345c1fe8.p3d	8541_mar_a_282	Sakra, kámo, jsem jeden z vás! Co to děláte!?
3/4/345ee3a9.p3d	4863_maabr_191	Jsme čistí! Jsme čistí!
3/4/3462eea5.p3d	17193_bwtrb_373	Nech ho jít! Vydrž!
3/4/346c857c.p3d	20484_mar_b_scream_a	*výkřik*
3/4/346deeb7.p3d	9318_mar_b_487	Došla mi munice!
3/4/3471c666.p3d	14994_p_uwm_117	Ach sakra. Je to zasranej děs!
3/4/3476c543.p3d	14465_p_ham_051	Tam je váš člověk, přímo tam!
3/4/3489c1de.p3d	15933_p_uem_119	Mají ten virus!
3/4/348a81cc.p3d	20841_p_hlf_disgust_b	Ach, můj bože!
3/4/348d512b.p3d	25016_nypda_027	Tady Charlie Nineteen -- mám pohyb na svý pozici. Čekejte na aktualizaci.
3/4/3496371c.p3d	16979_bwtrb_159	Stát. Ani krok dál.
3/4/349c3ef2.p3d	4402_mar_c_260	To je ten! Dostaňte ho.
3/4/34a16436.p3d	20674_p_erm_cough_c	*kašel*
3/4/34ade5d9.p3d	7668_mabra_108	Všichni připraveni, je to tady. Má někdo pohyb? Přepínám.
3/4/34b0953c.p3d	95_bwbhk_064	Ztratili jsme vizuál. Vidí odtamtud někdo něco?
3/4/34b17380.p3d	8805_mar_a_526	Bože, N-NE!
3/4/34b50e0b.p3d	11993_nypda_059	Ve službě. Co tu máte?
3/4/34b5ea80.p3d	22060_alex_e07m01_276	*vzteklé zavrčení*
3/4/34b65d10.p3d	24548_alex_e05m01_552	Blackwatch bude vědět, kde jsou ta těla.
3/4/34b664f4.p3d	13238_p_ctf_227	Neeeee!
3/4/34bd6a4d.p3d	10721_mamls_268	Roller tři sedm žádá pozorovatele o úpravu cíle, přepínám.
3/4/34bf09c7.p3d	658_bwbra_253	Red Crown, potvrďte sbalení úderu, přepínám.
3/4/34c394c4.p3d	11821_nydisp_086	10-1, jednotko. 10-3, jestli musíte.
3/4/34c4c998.p3d	24331_p_haf_070	Sakra. Ach, sakra, kámo. Sakra!
3/4/34c79569.p3d	13856_p_fdf_139	Má bouchačku!
3/4/34ca110c.p3d	19753_magsp_041	Pět Jedna, kontinuálně prosím.
3/4/34cabc2c.p3d	8384_mar_a_124	Ne -- POMOC!
3/4/34d0a751.p3d	20369_magsp_choke_b	*dušení*
3/4/34d5431d.p3d	15017_p_uwm_140	Aw, sakra! Kryjte si hlavy!
3/4/34d7f538.p3d	18858_susol_246	D-One. Připraven!
3/4/34d8a143.p3d	14369_p_fdm_185	Pospěš si!
3/4/34dd1163.p3d	1075_bwgsp_313	Žádná kontrola, negativní kontrola!
3/4/34e721cb.p3d	8238_mabhk_317	Připravte se na náraz!
3/4/34ea56ea.p3d	14430_p_ham_016	To se podívejte!
3/4/34f028c1.p3d	24385_maoff_events_013	Oči na Mercerovi, sundejte ho, pokud něco zkusí.
3/4/34f3d8be.p3d	15458_p_suf_114	Zabijou nás!
3/5/3509c8d8.p3d	16944_bwtrb_124	Tady dole je čisto.
3/5/350adb57.p3d	4245_mar_c_114	Celá ta zasraná budova je nakažená. Nasaďte na ni protipancéřovku.
3/5/3511c7a0.p3d	21808_alex_e01m02_025	To je neuvěřitelné....
3/5/3517ba95.p3d	17582_bwoff_231	Hlaveň DOLŮ!
3/5/35188ac3.p3d	12016_nypda_083	Spatřeni nepřátelé, dispečinku.
3/5/35200d78.p3d	8648_mar_a_389	Jsme pod palbou, přestaňte!
3/5/3520252b.p3d	22341_bwhqa_523	Pozor, přilétající letoune, nejste na schváleném seznamu letů. Otočte se a vyhledejte přistávací zónu určenou pro karanténu.
3/5/3521750a.p3d	7633_mabra_073	Stahujeme se, RC. Určete velení.
3/5/352426e3.p3d	60_bwbhk_029	Plně vyzbrojeni, systémy zaměřují, přepínám.
3/5/3527bcb0.p3d	10372_mahqb_109	Naše cíle a priority se nezměnily.
3/5/3529f425.p3d	13203_p_ctf_192	Někdo! Pomoc! Pomoc!
3/5/352c06e5.p3d	10564_mamls_131	Rádi pomůžeme, Red Crown, k službám.
3/5/35337145.p3d	24174_p_haf_229	Neeeee!
3/5/353b2727.p3d	13821_p_fdf_106	Zavolám záchranku. Vydrž!
3/5/3546e7bc.p3d	23930_alex_058	Je v tom zapletený. Je mrtvý.
3/5/354b86f4.p3d	18823_susol_211	Jdu dovnitř. Dejte mi prostor!
3/5/354c32ff.p3d	14334_p_fdm_150	Uvolněte ulice!
3/5/35501a2d.p3d	9126_mar_b_295	To si snad ze mě děláš srandu.
3/5/3550a080.p3d	1040_bwgsp_279	Zasáhni to znovu.
3/5/355a81cd.p3d	19182_p_hlf_104	*vzlyk* Bože, jsem slepá. Bože, jsem SLEPÁ!
3/5/355ab0fc.p3d	8203_mabhk_282	Kryjte si záda, pozemní jednotko, cíl je ozbrojen.
3/5/35602c82.p3d	4509_mar_c_367	Nenuťte mě střílet po vás!
3/5/356080a6.p3d	7543_mabcm_197	Ztrácíme tu opevnění, Red Crowne. Základna je vážně poškozena, kapitán je mrtvý. Budu to tu držet, jak dlouho to půjde, konec.
3/5/35632f2e.p3d	294_bwbhk_263	Red Crown, cíl je na zemi a je po něm, přepínám.
3/5/356767da.p3d	15423_p_suf_079	Někdo ho chyťte!
3/5/356b664f.p3d	22542_bwtrb_e05m01_042	Hotrod Two Six, ohlaste se, přepínám... Red Crown, ztratili jsme dalšího, přepínám.
3/5/3572509e.p3d	11375_maoff_231	Ne, ne! To MUSÍ být on!
3/5/357e6a73.p3d	4210_mar_c_079	Tady Whiskey Team, hlásíme splněnou misi. Oblast čistá.
3/5/35814ebb.p3d	20315_mabhk_stab_d	*ááh*
3/5/35831fad.p3d	9738_maf35_026	Voodoo Sedm, palivo v limitu, opouštím párty, konec.
3/5/3583ce2d.p3d	11754_nydisp_039	10-60-I vychladlo. Odvolejte.
3/5/3589d01e.p3d	13526_p_erm_048	Hej, ty! Tady máš svýho chlapa!
3/5/358c72bd.p3d	925_bwgsp_165	Kontakt s hořáky na téhle dvacítce, rozumíte? Zabít, zabít, zabít!
3/5/3590e789.p3d	11114_mahqa_142	Údery, údery, máme hlášení z terénu, předejte na operační.
3/5/35939f34.p3d	8613_mar_a_354	Do prdele!
3/5/359662b7.p3d	4935_maabr_243	Čisto na všech kontaktech, přepínám.
3/5/3598906c.p3d	13046_p_ctf_037	Dávej pozor!
3/5/359a6df1.p3d	17265_bwtrb_445	Zamysli se nad tím. Nemusíš mě zabíjet.
3/5/35a0182f.p3d	17984_bwtra_341	Dobrý pokus. Teď jsem na řadě já.
3/5/35a1353d.p3d	466_bwbra_061	Cíl zmizel ze scanerů, RC.
3/5/35a79ea7.p3d	16797_bwabr_317	Je s náma konec!
3/5/35aaf0f7.p3d	19593_bwhqb_071	Negativní.
3/5/35ae448f.p3d	14537_p_ham_123	Zahoď to, chlape!
3/5/35c94d7f.p3d	8046_mabhk_145	Tohle nevypadá dobře, Red Crowne.
3/5/35cac22d.p3d	22043_alex_e06m03_259	Mám tě.
3/5/35cd3d98.p3d	24605_alex_e08m02_604	Dobře, lidi, seberte se a vyrazte. Dostaňme to na Times Square, HNED!
3/5/35cf1d23.p3d	7386_mabcm_054	Cože, polní týme?
3/5/35d7685e.p3d	1889_bwmls_027	Zaměření negativní.
3/5/35e5dfba.p3d	11340_maoff_196	To je ten chlap!
3/5/35f9e615.p3d	17390_bwoff_049	Autorizace polní podpory Godlike. Nasaďte palbu na mou Dvanáctku. Palte, dokud nedojde munice.
3/5/35ff14ca.p3d	13928_p_fdf_211	Dávejte pozor!
3/6/36019058.p3d	19825_magsp_113	Nepřítel lokalizován. Potřebujeme podporu na naší pozici, hned.
3/6/360238ed.p3d	8456_mar_a_196	Připraven k službě!
3/6/360394d1.p3d	18007_bwtra_364	Škoda že seš sakra blbej a já chytrej.
3/6/3604ff3a.p3d	4778_maabr_106	Red Crowne, potvrďte vyslání úderu na tuto pozici, přepínám.
3/6/360b8d11.p3d	25361_alex_e01m02_703	Vezmu si s sebou tolik z nich, kolik to půjde.
3/6/360dffad.p3d	17230_bwtrb_410	Myslím, že jsem řezanej! Sakra, jsem řezanej?
3/6/3614c6e4.p3d	431_bwbra_026	Pusťme se do toho, přepínám.
3/6/361b2dd8.p3d	16762_bwabr_282	Blackjack dva, dostáváme zásahy, stále funkční, přepínám.
3/6/361e6f5b.p3d	19289_p_hlf_209	Neeee!
3/6/3621d3ab.p3d	14502_p_ham_088	Sakra se pleteš, kámo!
3/6/3624ad74.p3d	22507_bwtrb_e01m02_007	Tohle je sakra zločin.
3/6/362830e4.p3d	11858_nydisp_123	Zrušte ten příznak, podezřelý je zadržen nebo neutralizován. Sepište hlášení a vraťte se ke svým úkolům.
3/6/362db2b2.p3d	18631_susol_049	Kontakt na zemi. Velký dav červených, přepínám.
3/6/362fdafb.p3d	15848_p_uem_036	Dávej pozor, jo?
3/6/363cdf3b.p3d	8011_mabhk_110	Thunder Čtyři Pět zahajuje prohlídku, přepínám.
3/6/364257f7.p3d	4317_mar_c_174	Všichni v pořádku? Hlaste se!
3/6/3642aeca.p3d	7351_mabcm_019	Velitelství základny Yankee Sierra Dva Osm hlásí všechny systémy online. Jsme teď plně opevnění, Red Crowne.
3/6/36438f69.p3d	24873_nypda_377	Do prdele!
3/6/3645a594.p3d	14870_p_mtf_224	Ubližuješ...mi!
3/6/36547c1a.p3d	11183_maoff_045	Buďte ve střehu, nepřítel je v pohybu, přepínám.
3/6/3658f456.p3d	7705_mabra_145	Dostaň toho na otevřeným, dostaň ho, přepínám.
3/6/3662fd93.p3d	21714_speci_e04m04_016	Pěkný triky. Nepomůžou.
3/6/366ae5c7.p3d	24246_p_haf_038	Ublížíš si.
3/6/3670d531.p3d	8299_mar_a_038	Připraven jít na to!
3/6/3675caa9.p3d	8421_mar_a_161	Pozor na rikošet, udržujte odstup!
3/6/36788e6b.p3d	4743_maabr_071	Ranger Dvě Sedm, cíl potvrzen, přepínám.
3/6/367c9967.p3d	17073_bwtrb_253	Teď jsem už jen naštvanej.
3/6/367d328b.p3d	12386_nypda_458	Pozor!
3/6/36824390.p3d	17792_bwtra_149	Kuře je na křídle.
3/6/3683b24b.p3d	14406_p_fdm_222	Dusím se...
3/6/3691fe8c.p3d	19254_p_hlf_174	Blíží se!
3/6/369aae7a.p3d	366_bwbhk_335	Ztrácím řízení. Red Crown, označte naši polohu, padáme tvrdě!
3/6/36a9cd23.p3d	11447_maoff_285	Dobře, dobře!
3/6/36afe21c.p3d	16859_bwtrb_059	Je to ZEUS. Pošlete podporu. Přepínám
3/6/36b188c4.p3d	20949_p_suf_cough_b	*kašel*
3/6/36b4be00.p3d	22858_mar_a_e06m04_039	Potvrzeno, Red Crown, FIREBALL byl přemožen. Opakuji, FIREBALL byl přemožen. Vypadá to, že nikdo nepřežil.
3/6/36bdd3ba.p3d	17497_bwoff_156	Mám ho na mušce!
3/6/36cdd609.p3d	10287_mahqb_044	Cíl splněn.
3/6/36d00fb6.p3d	13118_p_ctf_107	Zavolejte sanitku!
3/6/36d1ed3d.p3d	17337_bwtrb_517	Pomoc!
3/6/36d21feb.p3d	10479_mamls_046	Shromáždit, shromáždit, shromáždit!
3/6/36d25ed9.p3d	22967_mar_c_e06m04_044	Red Crown, máme tu hlášení o ZEUSovi na místě, můžete potvrdit, přepínám?
3/6/36d42558.p3d	25194_nypda_281	Nevím, co to je, ale vím, že to není dobré. Nějaké opevnění.
3/6/36d8b489.p3d	538_bwbra_133	Zpátky, chystá se to hodit!
3/6/36db9f33.p3d	2175_bwmls_313	Rocketbox sestřelen! Musíme vypadnout!
3/6/36de77c1.p3d	24211_p_haf_023	Nějaký filmový hovadiny....
3/6/36dfc005.p3d	22161_bwabr_e06m03_01	Tady potvrzeno, velení. Budete potřebovat něco těžšího, abyste ten materiál prorazili.
3/6/36e27043.p3d	19665_bwhqb_143	Velitelství schvaluje úder.
3/6/36e31216.p3d	4580_mar_c_438	Zaměřte to vozidlo. ZEUS se do něj napojil.
3/6/36e5c150.p3d	14609_p_ham_195	Potřebuju sanitku!
3/6/36f0c447.p3d	12351_nypda_423	Dispečinku, tady nás zabíjejí!
3/6/36f19ffa.p3d	18738_susol_126	Hlídej vzadu! Zkontroluj si záda!
3/6/36f24c05.p3d	14249_p_fdm_065	Viděls to!?
3/6/36f72f11.p3d	23929_alex_057	No ne.
3/6/36fac6d3.p3d	22365_bwoff_e01m01_008	Nepřítel unikl z perimetru. Mobilní tým, okamžitě pronásledovat a zadržet.
3/6/36fd5c17.p3d	16570_bwabr_110	Polní týme, potvrďte stav cíle.
3/6/36fd8d51.p3d	20886_p_mtf_gasp_c	*lapání po dechu*
3/7/37009aea.p3d	19097_p_hlf_021	Přestaň strkat.
3/7/3700ccac.p3d	8118_mabhk_207	Potvrzuji.
3/7/3706484d.p3d	8983_mar_b_152	Pohyb. Budu střílet!
3/7/37069c6f.p3d	7458_mabcm_126	Nepřítel zlikvidován. Stáhněte ty jednotky zpět. Zavíráme tu krám nadobro, čekejte.
3/7/370e4036.p3d	331_bwbhk_300	Situace na hraně, ustupujeme! Kryjte nás.
3/7/371d5edf.p3d	11412_maoff_250	Bože můj. Nahlaste to.
3/7/37212f7a.p3d	22683_maf35_e10m04_014	Hořáky zapnuty. Světla v pořádku. Jedeme.
3/7/372373d8.p3d	16824_bwtrb_024	Teď ho sledujeme, přepínám.
3/7/37316576.p3d	17462_bwoff_121	Stůj! Pomalu ustup, ruce nahoru!
3/7/373700ae.p3d	11029_mahqa_067	Rozumím, potvrzuji.
3/7/3738b2d3.p3d	20345_maf35_choke_b	*dušení*
3/7/3738dce7.p3d	15191_p_mtm_081	Ach, nezabíjej mě! Nezabíjej mě!
3/7/3739b83a.p3d	8528_mar_a_269	Do prdele, to je ten chlap! PALTE!
3/7/374167b0.p3d	10252_mahqb_009	Jak bylo řečeno, pánové.
3/7/37457c6e.p3d	17302_bwtrb_482	Žádná vlastní palba, blbče.
3/7/3745b1a7.p3d	10444_mamls_011	Odpalujeme salvu. Uvolněte cíl.
3/7/37463135.p3d	17899_bwtra_256	Máme tu sakra hnidí pevnost.
3/7/374715d2.p3d	10971_mahqa_019	Red Crown radí: při pátrání udržujte jednotky pohromadě.
3/7/374c43a5.p3d	503_bwbra_098	Nikdy jsem neviděl tolik trosek, sakra.
3/7/374f2d95.p3d	2140_bwmls_218	Nerozumím, RC, praská to.
3/7/375601ea.p3d	19630_bwhqb_108	Provádíme integrované pátrání v mřížce.
3/7/37577c26.p3d	22837_mar_a_e02m05_019	Tomu, kurva, nevěřím.
3/7/375870f6.p3d	23987_ragla_e05m02_017	Sundej ze mě tu věc!
3/7/375f5e01.p3d	12194_nypda_266	Dispečinku, tohle místo už máte označené pro forenzní tým?
3/7/3763c329.p3d	22790_maoff_e08m04_054	Kéž bych to sakra neviděl.
3/7/37652f2b.p3d	18703_susol_091	Odvolejte to, nemáme nic, přepínám.
3/7/37659bd2.p3d	21885_alex_e03m02_101	Ale ne. Zase tyhle věci.
3/7/3765ddc2.p3d	14214_p_fdm_031	Pozor, kámo!
3/7/3769c4ef.p3d	9006_mar_b_175	To je ono! To je ten cíl!
3/7/377017e4.p3d	20317_mabhk_scream_b	*výkřik*
3/7/37751cff.p3d	22946_mar_c_e02m05_024	Vyklidit oblast! Vypadněte odsud!!
3/7/377a2ba0.p3d	7423_mabcm_091	Slyším vás, posílám k vám další síly, konec.
3/7/377a4c3e.p3d	22776_maoff_e08m04_040	Kolik jich satelit ukazuje na místě? Hrozí tu přečíslení -- pošlete cokoliv máte. Pokud to zabíjí skiny, nabijte to a pošlete na můj cíl, udržujte palbu.
3/7/377b0e77.p3d	24945_nypda_429	Do prdele s tímhle!
3/7/377cd9f0.p3d	174_bwbhk_143	Obleťte to, zkuste na to dostat nějakou palbu.
3/7/3781a644.p3d	11913_nydisp_178	10-56 na tu sanitku? Dám vědět.
3/7/378276db.p3d	1926_bwmls_064	Nutný úder, potvrďte nasazení, přepínám.
3/7/3787ab78.p3d	21937_alex_e04m04_153	Ne. Ty zůstaneš.
3/7/378bf89f.p3d	11255_maoff_099	Přivolejte posily!
3/7/379b02b4.p3d	10708_mamls_255	Nepřítel v budově, nemůžeme se k němu dostat, otočte se.
3/7/379d7ccd.p3d	11742_nydisp_027	Zrušte 10-60.
3/7/37a26587.p3d	24318_p_haf_142	Nedívej se mu do očí.
3/7/37a61d7f.p3d	805_bwgsp_045	Tornado Five připraven vypustit palbu, pohyb potvrzen.
3/7/37b00db7.p3d	4815_maabr_143	Najděte krytou pozici!
3/7/37b418b3.p3d	17145_bwtrb_325	Nedělej to.
3/7/37b4b1ec.p3d	12458_nypda_530	Pomozte mi!
3/7/37b68b9c.p3d	19473_bwhqa_142	Úderný balíček Bravo odstartoval. Opakuji, Bravo odstartoval.
3/7/37b9c2f1.p3d	17864_bwtra_221	Nechte je projít. Něco tohle způsobilo, my to zabijeme.
3/7/37c0d078.p3d	20998_p_uem_cough_c	*kašel*
3/7/37c2ede9.p3d	14946_p_uwm_069	Co jsem to právě viděl?
3/7/37d363ef.p3d	13381_p_ctm_138	Pozabíjí nás všechny!
3/7/37da722f.p3d	8791_mar_a_512	Naser si.
3/7/37dc9fb3.p3d	24465_bwoff_e01m02_006	Sakra, měl bys sebou hodit, synku.
3/7/37e64b96.p3d	24035_bwoff_e06m05_109	Sterilizační tým volá HQ. Dostali jsme se k jádru hnízda, ale dveře jsou zablokované sutinami. Jsme zaseklí, dokud nenajdeme cestu kolem.
3/7/37e9a04a.p3d	24788_nypda_034	10-4, dispečinku.
3/7/37eb98a5.p3d	24082_bwoff_events_043	Ještě kousek -- už jsou skoro hotoví.
3/7/37ebbe9a.p3d	14785_p_mtf_139	Má bouchačku!
3/7/37eea451.p3d	24910_nypda_524	K zemi!
3/7/37f552e7.p3d	17569_bwoff_218	Negativní, přepínám.
3/7/37fcca75.p3d	15298_p_mtm_186	Nechte mě na pokoji!
3/7/37fdbd92.p3d	22328_bwhqa_510	Nic od toho letounu nemám. Musíme ho sestřelit.
3/7/37ff8a76.p3d	11220_maoff_070	Tady bez kontaktu, Red Crown.
3/8/3801bf4a.p3d	47_bwbhk_016	Red Crown, čekáme na kód k zahájení. Potvrďte, přepínám.
3/8/380221a5.p3d	24068_bwoff_events_029	Máme navrch, chlapi. Jen tak dál.
3/8/3805528c.p3d	10359_mahqb_096	Hlášení situace. Hned.
3/8/3806386b.p3d	11945_nypda_030	Dispečinku, něco tu je. Ozvu se přes rádio.
3/8/380ba8c2.p3d	25266_nypda_483	Odkud to přišlo?
3/8/3818bd03.p3d	13808_p_fdf_093	Ale do prdele!
3/8/381a9196.p3d	4652_mar_c_520	Stáhnout se! Stáhnout se!
3/8/381be3af.p3d	8336_mar_a_076	Morgane!? Sombilone! Slyší mě někdo!?
3/8/3827a7e4.p3d	17110_bwtrb_290	Sakra!
3/8/38284108.p3d	12423_nypda_495	Pozor, hajzlové!
3/8/382e38e7.p3d	1027_bwgsp_266	Musíme vypadnout, přepínám.
3/8/3834d8d8.p3d	16642_bwabr_182	Přijedeme se podívat, přepínám.
3/8/38367fa5.p3d	14911_p_uwm_034	Hej, k-koukej, kam jdeš!
3/8/383817a9.p3d	19169_p_hlf_091	Co to sakra je!?
3/8/383d8202.p3d	9881_maf35_169	Máš status toho cíle, přepínám?
3/8/3841df84.p3d	11846_nydisp_111	Máme hlášení neobvyklého incidentu. Ozvěte se s aktualizací hlídky, přepínám.
3/8/38424ab5.p3d	20605_p_ctf_gasp_b	*lapání po dechu*
3/8/384c2c81.p3d	24421_maoff_events_049	Udržujte palbu na svém cíli.
3/8/385b6d98.p3d	20762_p_fdm_disgust_c	Ále!
3/8/385f5058.p3d	14750_p_mtf_106	Zavolejte 911. Musíme pomoct těm lidem!
3/8/3862b596.p3d	24407_maoff_events_035	Přitlačte na ně. Skoro tam.
3/8/3868e237.p3d	17534_bwoff_193	Kontaktovali jsme spalovače.
3/8/38705c31.p3d	15263_p_mtm_151	Řikal jsem, že nás zabijou!
3/8/3878e467.p3d	10324_mahqb_071	Na to negativní.
3/8/387d2e68.p3d	10516_mamls_083	Nasazení Copperhead, hledejte a zaměřujte laserem.
3/8/387f3382.p3d	25231_nypda_298	Na kolena, hajzle!
3/8/3884953e.p3d	24126_p_haf_094	Pomoc!
3/8/38892b31.p3d	4495_mar_c_353	DOST!
3/8/388f756a.p3d	8301_mar_a_040	Pojďme něco rozmlátit!
3/8/3896dd4d.p3d	12266_nypda_338	Tenhle chlap! Chyťte ho!
3/8/389948e7.p3d	24560_alex_e05m02_563	Prostě to ignoruj. Já to vyřídím.
3/8/389bee71.p3d	17672_bwtra_039	Slyším tě.
3/8/389fc751.p3d	7883_mabra_303	Co to sakra je?
3/8/38a3751d.p3d	16485_bwabr_025	Blackjack potvrzuje, máme svůj cíl, přepínám.
3/8/38aba952.p3d	19134_p_hlf_058	Bože, to je ten chlap!
3/8/38b4593c.p3d	246_bwbhk_215	Letíme se podívat, přepínám.
3/8/38b49f87.p3d	22240_bwhqa_e07m04_015	Toxický perimetr je narušen. Máme teď více průlomů, buďte ve střehu, aktualizace na vašem bojovém rozhraní.
3/8/38b6f860.p3d	7975_mabhk_074	V pronásledování, přecházíme na volnou palbu.
3/8/38bdf9b1.p3d	18150_bwtra_507	Čisto!
3/8/38c37821.p3d	11327_maoff_183	Nemůže nás všechny pořád vodit za nos.
3/8/38d3cda2.p3d	22971_mar_c_e08m04_048	Ani náhodou. Ani náhodou, kurva.
3/8/38d77e7c.p3d	17377_bwoff_036	Udržujte tlak a DÍVEJTE SE.
3/8/38d9b4f3.p3d	22562_bwtrb_e06m05_063	Nahlásil bych to, kdybych věděl, jak to nazvat.
3/8/38da2ad3.p3d	16049_p_uem_234	Agggghhhh!
3/8/38dea6e7.p3d	20213_bwoff_pain_b	*argh*
3/8/38e69bf7.p3d	21820_alex_e01m02_037	Setřásl jsem je. Teď k bezpečnému domu.
3/8/38ea3d4d.p3d	15991_p_uem_176	Kurva, couvni!
3/8/38eb9574.p3d	17217_bwtrb_397	Je přišpendlenej, přineste něco ošklivýho!
3/8/38edcc7d.p3d	25074_nypda_076	Charlie Nineteen varuje všechny body, podezřelý je na útěku.
3/8/38ef25a0.p3d	20478_mar_b_pain_c	*argh*
3/8/38f13fb2.p3d	17936_bwtra_293	Chyťte ho hned, dokud je rozptýlený!
3/8/38f25f2c.p3d	418_bwbra_003	Zbraně připraveny, dejte nám cíl, přepínám.
3/8/38f5476a.p3d	2055_bwmls_193	Cíl splněn, RC, vracíme se na základnu.
3/8/38f8c62a.p3d	16749_bwabr_269	Red Crown, musíme se přesunout, přepínám.
3/8/38fc1b43.p3d	19545_bwhqb_043	Všechny týmy Blackwatch. Protokol ZEUS skončil.
3/8/38fcbcd8.p3d	4460_mar_c_318	To nestačí!
3/9/39016f69.p3d	9988_maf35_256	Potvrzený úder. Úderný tým Bravo, návrat, přepínám.
3/9/39021662.p3d	11779_nydisp_064	To je 10-4.
3/9/39056884.p3d	22311_bwhqa_e10m04_086	Zbývá třicet sekund.
3/9/390a6f09.p3d	12231_nypda_303	Ani krok dál!
3/9/390ae350.p3d	13453_p_ctm_210	K zemi!
3/9/390b4b19.p3d	18618_susol_036	Poslouchej mě. Prohledej oblast znovu, najdi ho. Rozumíš?
3/9/39204731.p3d	7338_mabcm_006	Red Crowne, vaše nové operační stanoviště je plně funkční a čeká na rozkazy, přepínám.
3/9/39233dfb.p3d	14857_p_mtf_211	Dávejte pozor!
3/9/3927e86d.p3d	211_bwbhk_180	Kontakt na cíli. Zaměřte ho znovu.
3/9/392a8a07.p3d	7940_mabhk_039	Spouštíme palbu na cíl, Red Crowne.
3/9/3935be78.p3d	15075_p_uwm_198	Nemůžu zastavit krvácení!
3/9/394db9ef.p3d	16014_p_uem_199	Ááách! Někdo! Pomoc!
3/9/395362fb.p3d	8408_mar_a_148	Rozdělte se, zaujměte pozice!
3/9/395ca4c1.p3d	19388_bwhqa_067	Rozumím.
3/9/395fdbf7.p3d	17779_bwtra_136	Je blízko. Sakra to cítím.
3/9/3964d159.p3d	17901_bwtra_258	Připravte se to prolomit.
3/9/3969ff90.p3d	21008_p_uem_gasp_a	*lapání po dechu*
3/9/396c57e6.p3d	16714_bwabr_234	Cíl je zastaralý, žádám instrukce.
3/9/396facea.p3d	19510_bwhqb_008	Průzkum. Okamžitě. Jděte.
3/9/397908bf.p3d	12074_nypda_142	Charlie Nineteen hlásí, dispečinku. 10-84 a jdeme dovnitř.
3/9/39797d0c.p3d	13296_p_ctm_055	Někdo! Zastavte ho!
3/9/3981f305.p3d	7691_mabra_131	Šlápni na to, teď. Dostaň nás odsud.
3/9/399316de.p3d	681_bwbra_276	Uzavřete tenhle kanál, jsme zapojeni!
3/9/3994bd12.p3d	24825_nypda_412	Zasáhni ho do středu těla!
3/9/3996cd17.p3d	14822_p_mtf_176	Zpátky!
3/9/399b54e4.p3d	11901_nydisp_166	Potvrzuji žádost o sanitku, Dispečink končí.
3/9/39a00914.p3d	24543_alex_e04m03_547	McMullen se neukáže v oblasti s tak vysokými hodnotami.
3/9/39a06164.p3d	17606_bwoff_255	K zemi!
3/9/39a7db7d.p3d	15335_p_mtm_223	Dusím se tady. Pomozte mi.
3/9/39a95034.p3d	15040_p_uwm_163	Co uděláš, kámo?
3/9/39ac024f.p3d	18881_susol_269	Zapomeňte na rukojmí!
3/9/39acb0e5.p3d	14392_p_fdm_208	Vyklidit!
3/9/39b09828.p3d	9184_mar_b_353	Trefil jsem ho, kurva. Mám ho!
3/9/39b1f7ed.p3d	20785_p_ham_cheer_b	Wóóó! *smích*
3/9/39b6b98d.p3d	25303_nypda_501	Hej, hlavně ať z toho vyvázneš.
3/9/39b72b6d.p3d	11730_nydisp_015	Podezřelý prchá směrem na sever. Potvrdím.
3/9/39bb2ef7.p3d	8261_mabhk_340	Rychle klesáme, Red Crowne!
3/9/39c0aa7d.p3d	4567_mar_c_425	Aaah!
3/9/39c7e5d5.p3d	15481_p_suf_137	Zasraná bouchačka!
3/9/39cdc375.p3d	17025_bwtrb_205	Ale ne, to teda ne. Mám tě!
3/9/39ce5cae.p3d	12338_nypda_410	Pal!
3/9/39d0369c.p3d	19353_bwhqa_042	ZEUS je zadržen -- natrvalo. Konec spojení.
3/9/39d36db3.p3d	17744_bwtra_101	Připravit palbu!
3/9/39daf1de.p3d	16557_bwabr_097	Útočíme na nepřítele!
3/9/39e3289c.p3d	19206_p_hlf_128	Dejte mu prostor. Ustupte.
3/9/39e39b1d.p3d	9796_maf35_084	Mám to na radaru, všichni ustupte a nechte to na mně.
3/9/39ea4e19.p3d	13584_p_erm_106	Je tam někdo zaklíněný?
3/9/39ebd5fd.p3d	318_bwbhk_287	Boty na zem, nasadit, nasadit!
3/9/39ecf0b8.p3d	983_bwgsp_223	Vracíme se. ZEUS nám čistě utekl.
3/9/39ed0ec8.p3d	13261_p_ctm_020	Zavolal bych policii!
3/9/39f41d2f.p3d	8671_mar_a_412	Red Crown, nepotvrzený kontakt na hranici oblasti. Držte formaci.
3/9/39f6e0b2.p3d	4993_maabr_301	Dostali jsme se pod palbu. Opakuji, pod palbou.
3/9/39fe65ea.p3d	24596_alex_e07m01_599	Musím naložit ty mariňáky.
3/a/3a056973.p3d	14665_p_mtf_021	Proč? Proč se tohle děje?
3/a/3a0ebfff.p3d	14595_p_ham_181	Utíkej!
3/a/3a0efdc8.p3d	17449_bwoff_108	D-kódy jsou poblíž. Doufám, že je nebudeme potřebovat.
3/a/3a16753a.p3d	15178_p_mtm_069	Co to bylo?
3/a/3a1b6a99.p3d	15300_p_mtm_188	Ty blbče!
3/a/3a24ae39.p3d	10958_mahqa_006	Žádná jednotka teď není v kontaktu se ZEUSEM.
3/a/3a2552ce.p3d	25146_nypda_307	Přesně tam!
3/a/3a2cc6d5.p3d	2127_bwmls_275	Dílčí cíl splněn, slyšíte?
3/a/3a2e0188.p3d	22892_mar_b_e02m05_022	Pozor na ty palivový nádrže! Vyklidit tu zatracenou oblast!
3/a/3a3397c6.p3d	19617_bwhqb_095	Chci brífink jednotky. Včera!
3/a/3a3439ae.p3d	4532_mar_c_390	Všechny týmy! Cíl v dohledu!
3/a/3a41ebca.p3d	12303_nypda_375	Zašel jsi příliš daleko!
3/a/3a448a88.p3d	22878_mar_b_e02m05_008	Základna Bravo, tady četa Y-Y. Máme tu na ulici pobíhat nějaký divoký zasraný zvířata. Potřebujeme leteckou podporu.
3/a/3a4bb90e.p3d	21856_alex_e03m01_072	Budu potřebovat transportér, abych dostal Karen ven -- ale nejdřív se budu muset seznámit s někým, kdo tyhle tanky umí řídit.
3/a/3a4e839a.p3d	16522_bwabr_062	Aktivuji palubní skenery, oči na stopkách, přepínám.
3/a/3a519c3d.p3d	21908_alex_e04m01_124	Ty skenery mě nenajdou, ale zachytí mou stopu kolem Danina bezpečného domu. Musím je zastavit.
3/a/3a572cc4.p3d	9761_maf35_049	Vypadá to dobře. Mám to.
3/a/3a57725b.p3d	8935_mar_b_104	Red Crown, jsme po kolena v mrtvejch hajzlech. Přivezte šampaňský.
3/a/3a5b8b84.p3d	11834_nydisp_099	Můžete to zopakovat? Poslední přenos nebyl jasný, přepínám.
3/a/3a5c023a.p3d	20045_magsp_313	Táhni nahoru, táhni nahoru!
3/a/3a620bc8.p3d	19883_magsp_171	Drž se na tom cíli. Je připraven padnout.
3/a/3a6412cc.p3d	18065_bwtra_422	Nepřátelské vozidlo!
3/a/3a6feff4.p3d	18988_susol_376	Zastavit palbu!
3/a/3a714594.p3d	20652_p_ctm_pain_a	*argh*
3/a/3a725d91.p3d	21051_p_uwm_gasp_d	*lapání po dechu*
3/a/3a7c82d2.p3d	24526_alex_e03m01_530	Co je to za věc...?
3/a/3a8251a6.p3d	14560_p_ham_146	Uhni mu sakra z cesty!
3/a/3a828cf9.p3d	17414_bwoff_073	ZABIJU tě.
3/a/3a8a06f7.p3d	15143_p_mtm_035	Skoro jsem upadl.
3/a/3a8ca332.p3d	24600_alex_e07m01_603	Musím odsud zmizet.
3/a/3a93c112.p3d	20647_p_ctm_gasp_d	*lapání po dechu*
3/a/3a98e569.p3d	25111_nypda_348	Hej, co to děláš? Jsem policajt!
3/a/3aa2d5f3.p3d	4375_mar_c_233	Nepřítel! Zasranej nepřítel!
3/a/3ab0880f.p3d	12146_nypda_218	O tomhle mluvím!
3/a/3ab0fc56.p3d	13368_p_ctm_125	Zahoď to! Zahoď to!
3/a/3ab6e6f3.p3d	21764_speci_e04m04_066	Máme zásilku -- řekni McMullenovi, že to zabalím jako dárek.
3/a/3ab807f6.p3d	8778_mar_a_499	Do prdele!
3/a/3abdc4e3.p3d	22213_bwbhk_e03m03_06	AE. Dva Heavy, náklad doručen. Odlétáme.
3/a/3ac40163.p3d	10694_mamls_241	Tanková jednotka je zpátky v provozu, dobré ráno.
3/a/3ac50e88.p3d	22624_maabr_e06m04_019	Jeeee-hou! Hajzlové jsou vyřízení, Red Crowne! Velký 10-4!! Hurá!
3/a/3ac610d5.p3d	21997_alex_e05m03_213	NO TAK!
3/a/3ace0173.p3d	126_bwbhk_095	Skupino Ghost, stáhněte se. To je rozkaz.
3/a/3acf1c2e.p3d	791_bwgsp_031	Cíl zaměřen! Cíl zaměřen!
3/a/3acf9156.p3d	20010_magsp_278	Red Crown, porazili jsme nepřítele a vracíme se domů.
3/a/3ad7a1e8.p3d	18030_bwtra_387	Sežeňte všechny na testy!
3/a/3ad9805e.p3d	21686_karen_e03m01_003	Sem bychom měli jít. Označím ti to.
3/a/3ae0b37c.p3d	23876_alex_004	Nechutné.
3/a/3ae381b0.p3d	18953_susol_341	Postup! Pohyb! Pohyb!
3/a/3ae81774.p3d	9256_mar_b_425	Jo, jo. Máš tam pořádnej pohyb, co?
3/a/3af8273e.p3d	4639_mar_c_497	Dolů! Dolů!
3/a/3aff6521.p3d	15553_p_suf_209	K zemi!
3/b/3b03e812.p3d	15871_p_uem_059	Nehraj si s tím!
3/b/3b04b629.p3d	22091_alex_e08m02_309	Rozpusťte formaci! Rozpusťte formaci a palte volně!
3/b/3b05262b.p3d	24579_alex_e06m02_582	Další z těch věcí
3/b/3b07b31f.p3d	19425_bwhqa_094	Velitelství žádá aktualizaci z terénu. Podejte hlášení situace, přepínám.
3/b/3b0aea74.p3d	17816_bwtra_173	Který z nich...?
3/b/3b12712a.p3d	16629_bwabr_169	Zaměřit cíl, připravit k palbě.
3/b/3b16650e.p3d	4340_mar_c_197	Dávejte na sebe pozor!
3/b/3b18ae62.p3d	22143_alex_e09m03_360	*vzteklé zavrčení* Jsi můj!
3/b/3b1b1a69.p3d	9868_maf35_156	Vidím kolísání přístrojů. Vidíš to taky, Dva Tři?
3/b/3b1bc502.p3d	11767_nydisp_052	Všechny jednotky, stáhněte se.
3/b/3b21cada.p3d	13656_p_erm_178	Zachraňte se!
3/b/3b24173f.p3d	12111_nypda_182	Dispečinku! Právě vyrazil! Charlie Nineteen v honičce!
3/b/3b248b87.p3d	13333_p_ctm_090	Jsem nevinná!
3/b/3b24ca3d.p3d	10045_maf35_313	Zásah! Všude červená. Padám!
3/b/3b24f0dd.p3d	20982_p_suf_cheer_c	Jóóóo!
3/b/3b2b99b2.p3d	8743_mar_a_464	Máme tu plné ruce práce, Red Crown.
3/b/3b308b26.p3d	13176_p_ctf_165	POMOZTE MI! POMOZTE MIII! Ne! *vzlykání* Ne, prosím! POMOOOC MIII!
3/b/3b392ff9.p3d	596_bwbra_191	Rudí spatřeni na mé dvacítce.
3/b/3b3ce634.p3d	14737_p_mtf_093	Uch, sakra!
3/b/3b3e8116.p3d	21787_alex_e01m01_004	Nevím, co se mi stalo...ale líbí se mi to!
3/b/3b41bb9d.p3d	13794_p_fdf_079	To je ono! Tenhle!
3/b/3b521b6a.p3d	18796_susol_184	Mám ho. Je to tenhle!
3/b/3b52793a.p3d	21839_alex_e02m02_055	Á, výsada hodnosti.
3/b/3b56b12e.p3d	9099_mar_b_268	Do prdele. Potřebujeme hasiče a záchranku.
3/b/3b5ba6a5.p3d	9221_mar_b_390	ZEUS je v pohybu, rozumím!
3/b/3b5cc808.p3d	25218_nypda_174	Jsme přímo nad ním -- cítím to.
3/b/3b6147fd.p3d	8176_mabhk_255	Nutně se musíme vrátit na základnu, přepínám.
3/b/3b6bb8fa.p3d	4604_mar_c_462	Opakujte! Nezachytil jsem vaše poslední hlášení, přepínám.
3/b/3b6dfef2.p3d	15396_p_suf_054	Hej! Hej! Viděls to!?
3/b/3b752b7d.p3d	24509_alex_e02m01_513	Musím ho odtamtud dostat...
3/b/3b783bf3.p3d	22531_bwtrb_e04m04_031	Zóna je horká!
3/b/3b7986f7.p3d	17659_bwtra_036	Mám to.
3/b/3b7bbeb8.p3d	25425_alex_e06m02_706	Konečně sami, co?
3/b/3b7ddd5f.p3d	11470_maoff_357	Ať ta věc krvácí! ZABIJTE JI!
3/b/3b83ef48.p3d	16882_bwtrb_082	Ten hajzl dostal Mikeyho. Chci jeho pozici.
3/b/3b850189.p3d	4183_mar_c_052	Red Crown, tady Chalk Tři. Zaměřili jsme cíl. Žádáme úderovou podporu na naši pozici, co nejdřív!
3/b/3b8eac25.p3d	9833_maf35_121	Mám připravené laserové souřadnice, jen potřebuju, aby vystrčil hlavu.
3/b/3b906734.p3d	13499_p_erm_021	Hej, z cesty, ať vidím!
3/b/3b9309be.p3d	898_bwgsp_138	Přibližte se a dokončete to. Do prdele divoký.
3/b/3b955c96.p3d	13621_p_erm_143	Pozor na oheň!
3/b/3b977e8a.p3d	11087_mahqa_115	Situace stále trvá.
3/b/3b985959.p3d	10010_maf35_278	Red Crown, jsem tu hluboko v tom, skoro jsem to schytal, přepínám.
3/b/3b998af5.p3d	19955_magsp_233	Potvrzuji, Red Crown.
3/b/3b9a3635.p3d	8586_mar_a_327	Sanitáři, udělej, co můžeš!
3/b/3b9b8f8d.p3d	18137_bwtra_494	Hlídejte si palbu, hlídejte ji!
3/b/3b9b9dc7.p3d	7571_mabra_011	Bulldog -- útočí s plnou výzbrojí.
3/b/3ba41ce2.p3d	13141_p_ctf_130	Pusť! Pusť!
3/b/3bacc1a0.p3d	561_bwbra_156	Sledujte ten cíl. Kód čtyři!
3/b/3bb077db.p3d	14702_p_mtf_058	Tamhle je vrah!
3/b/3bb9d0f2.p3d	14632_p_ham_218	Pusť mě!
3/b/3bc18641.p3d	15215_p_mtm_105	Pomoc! POMOC! Potřebuju tu pomoc!
3/b/3bc5ad11.p3d	18761_susol_149	Udělej ještě jeden zasranej krok a jsi mrtvej!
3/b/3bc6591c.p3d	14272_p_fdm_088	Děláš si srandu!? Děláš si srandu, viď!?
3/b/3bc7d5b4.p3d	15978_p_uem_163	Prosím, ne. NĚKDO! Nedělej to, chlape!
3/b/3bca42ea.p3d	9064_mar_b_233	Bez odvahy žádná sláva.
3/b/3bd4d9b9.p3d	8141_mabhk_220	Thunder Čtyři Pět, hlásí vše čisté.
3/b/3bd7478e.p3d	22582_bwtrb_e07m01_083	Letecká podpora -- jestli mě NĚKDO slyší na téhle lince, potřebujeme naléhavou palebnou podporu HNED. Tohle je ono!
3/b/3bda553f.p3d	4447_mar_c_305	Jsme blízko! Sejmi ho!
3/b/3bdaa986.p3d	7481_mabcm_149	Zrušte červený stav. Jsme čistí. Přeskupit, polní jednotky.
3/b/3bdc78a5.p3d	22260_bwhqa_e08m03_035	Aktualizace zpravodajství, velká nepřátelská síla na západě. Blíží se k vaší pozici.
3/b/3be19099.p3d	15361_p_suf_019	Držela bych se co nejdál!
3/b/3be2f4d6.p3d	1984_bwmls_122	Nepřibližujte se, nechte to prověřit polní týmy Blackwatch.
3/b/3be4ea39.p3d	22246_bwhqa_e08m02_021	Prioritní palebná mise probíhá. Schovejte se, lidi.
3/b/3be6ddd0.p3d	20299_mabhk_choke_d	*dušení*
3/b/3be804e5.p3d	12218_nypda_290	Maříš výkon spravedlnosti.
3/b/3beca0f1.p3d	23953_alex_081	Jako bych věděl, kde musím být, a najednou tam jsem. A moje...moje instinkty převezmou vládu.
3/b/3bf0eed4.p3d	7835_mabra_255	Nemůžu najít cíl, ISU ukazuje prázdnou obrazovku, přepínám.
3/b/3bfb80af.p3d	10766_mamls_313	V žádným případě -- ne!
3/c/3c046173.p3d	25478_alex_e09m03_705	Uteč si, ty hajzle! 
3/c/3c069b7a.p3d	863_bwgsp_103	Cíl je aktivní, zasáhni ho hned.
3/c/3c0804d1.p3d	23905_alex_033	To je můj lístek dovnitř.
3/c/3c08226e.p3d	7927_mabhk_026	Thunder Čtyři Pět v zabijácké zóně, přepínám.
3/c/3c0824ce.p3d	19798_magsp_086	Skenery něco mají! Jo, jsme na tom! Zahajujeme akci.
3/c/3c0b0dbb.p3d	11052_mahqa_080	Rozumím, negativní.
3/c/3c0d1cbb.p3d	19920_magsp_208	Tady Tornado Delta, hořáci zpozorováni!
3/c/3c0dc566.p3d	8551_mar_a_292	Hajzl.
3/c/3c0f2134.p3d	18102_bwtra_459	Prosím. Nejsem připraven zemřít.
3/c/3c108bb2.p3d	4873_maabr_201	Red Crowne, otevírám poklop na vizuál. Čekejte.
3/c/3c1f9435.p3d	9328_mar_b_497	Jdu dovnitř! Kryj mě!
3/c/3c286ac1.p3d	14475_p_ham_061	Viděls to!?
3/c/3c3b675c.p3d	15943_p_uem_129	Někdo to zastřelte!
3/c/3c3efee1.p3d	25026_nypda_293	Vypadni z mýho obličeje!
3/c/3c467178.p3d	2007_bwmls_145	Virálové jsou na dostřel, opakuji, na dostřel.
3/c/3c47dc9a.p3d	16989_bwtrb_169	Zahajte na něj palbu, hned!
3/c/3c4de470.p3d	4412_mar_c_270	Kurva! A co teď?
3/c/3c5c0ad3.p3d	13405_p_ctm_162	Co ode mě chceš!?
3/c/3c5f8b57.p3d	7678_mabra_118	Buď jsme to vyděsili, nebo to čeká někde jinde.
3/c/3c601a76.p3d	20813_p_ham_pain_b	*argh*
3/c/3c6f0fcb.p3d	10731_mamls_278	Máme tu stálého zákazníka, pozorovateli.
3/c/3c70af45.p3d	668_bwbra_263	Málem jsme to schytali, přepínám.
3/c/3c74657e.p3d	14809_p_mtf_163	Prosím tě! Ach, bože. Proč takhle?
3/c/3c753a24.p3d	11822_nydisp_087	Jednotko, hlaste se dispečinku, rozumíte?
3/c/3c767226.p3d	24341_p_haf_129	Páni, páni, kámo. Sakra svatá.
3/c/3c793ae7.p3d	13866_p_fdf_149	Všichni, uhněte mu z cesty!
3/c/3c7bb68a.p3d	19763_magsp_051	Red Crown, cíl je pořád na nohou.
3/c/3c7c61aa.p3d	8394_mar_a_134	Sundejte toho hajzla!
3/c/3c86e89b.p3d	15027_p_uwm_150	Pryč od tanku!
3/c/3c899ab6.p3d	18868_susol_256	Něco má!
3/c/3c8a46c1.p3d	14379_p_fdm_195	Ty hajzle! Ty zasranej hajzle.
3/c/3c8eb6e1.p3d	1085_bwgsp_323	Uhýbací manévry, hned!
3/c/3c98c749.p3d	8248_mabhk_327	Zasáhne to!
3/c/3c9bfc68.p3d	14440_p_ham_026	Měli bysme prostě jít dál!
3/c/3ca57e3c.p3d	15468_p_suf_124	Musíme sehnat pomoc!
3/c/3cb02f05.p3d	24041_bwoff_events_002	Mají Zeuse na své straně -- sundejte ho!
3/c/3cbb6e56.p3d	16954_bwtrb_134	Strážníku.
3/c/3cbc80d5.p3d	4255_mar_c_124	Utíká. Nahlaste to.
3/c/3cc628e6.p3d	9905_maf35_193	Hořáci na zemi na nula tři pět, přepínám.
3/c/3cc96013.p3d	17592_bwoff_241	Prosím. Ne.
3/c/3cca3041.p3d	12026_nypda_093	Dispečinku, podezřelý nalezen. Žádám podporu úderného týmu.
3/c/3cd1b2f6.p3d	8658_mar_a_399	Ne. To. Nedělej.
3/c/3cd31a88.p3d	7643_mabra_083	Viděl někdo, co se stalo? Přepínám.
3/c/3cd5cc61.p3d	70_bwbhk_039	Pop, pop, pop. To je hezké. Pokračujte v tom.
3/c/3cd9622e.p3d	10382_mahqb_119	Narážíme na neočekávané překážky.
3/c/3cdb9c2e.p3d	13213_p_ctf_202	Neee! Aaah!
3/c/3cddac63.p3d	10574_mamls_141	Označte pozice kouřem a udržujte krytí.
3/c/3ce5137d.p3d	24184_p_haf_178	Ach bože!
3/c/3ceccca5.p3d	13831_p_fdf_116	Bože. Běžte dovnitř!
3/c/3cf2b713.p3d	4681_maabr_009	Senzory aktivní, hledáme kontakt s nepřítelem, přepínám.
3/c/3cfd2c72.p3d	18833_susol_221	Hotovo.
3/c/3cfdd87d.p3d	14344_p_fdm_160	POMOC! NĚKDO, POMOC! POMOZTE MI! POMOC!
3/d/3d01c236.p3d	9136_mar_b_305	Hořáci na naší pozici, RC.
3/d/3d0245fe.p3d	1050_bwgsp_289	Pozemní velitel říká negativní, má zbraň na dohled.
3/d/3d079314.p3d	15241_p_mtm_130_a	Je hotovej.
3/d/3d0c274b.p3d	19192_p_hlf_114	Zabijou nás!
3/d/3d0c567a.p3d	8213_mabhk_292	Red Crowne, cíl je na palubě, potřebuju pomoc!
3/d/3d11d200.p3d	4519_mar_c_377	Přiblížit se! Připravit se ke střelbě!
3/d/3d1228af.p3d	7553_mabcm_207	Ženisty! Potřebuju ženisty! Au, sakra!
3/d/3d190d58.p3d	15433_p_suf_089	To nejsem já! Ale no tak!
3/d/3d23f61c.p3d	11385_maoff_241	Uklidněte se! Všichni! Uklidněte se!
3/d/3d26f2d9.p3d	22722_mahqa_e06m03_022	Týme Bravo, míří k vám těžká výzbroj. Stáhněte se na perimetr Fireball a čekejte na posily.
3/d/3d2c1bec.p3d	16509_bwabr_049	Odepište tenhle blok, RED CROWN.
3/d/3d34c52b.p3d	9748_maf35_036	Dobrý tón. Voodoo náklad vypuštěn. Nasazeno.
3/d/3d3573a2.p3d	11755_nydisp_040	Aktualizace je zrušit honičku. Je na lince velitel, aby to potvrdil?
3/d/3d3b759c.p3d	13536_p_erm_058	A je to zas tady!
3/d/3d3e183b.p3d	935_bwgsp_175	Možné zpozorování, potvrdím, přepínám.
3/d/3d421d23.p3d	22898_mar_b_e03m01_028	Hej, vím, že je to přísně tajný, ale proč nejsme na seznamu těch, co to smí vědět? Vždyť jsme tady venku.
3/d/3d428d07.p3d	11124_mahqa_152	Máme žádost o balíček, předejte výš a potvrďte.
3/d/3d4544b2.p3d	8623_mar_a_364	Crowne, máme skiny v kontaktní zóně.
3/d/3d480835.p3d	4945_maabr_253	Red Crowne, operace dokončena. Ranger, konec.
3/d/3d4a35ea.p3d	13056_p_ctf_047	Někdo toho chlapa zastavte!
3/d/3d4c136f.p3d	17275_bwtrb_455	Pod těžkou palbou! Přepínám.
3/d/3d51bdad.p3d	17994_bwtra_351	Rozmaaažte ho!
3/d/3d52dabb.p3d	476_bwbra_071	Tak jedem, ZEUS je zpátky na senzorech!
3/d/3d5fea0d.p3d	14547_p_ham_133	Skloňte hlavy!
3/d/3d6bc62c.p3d	18676_susol_064	Kolik kilů dneska?
3/d/3d755167.p3d	9101_mar_b_270	Počkejte! Nevíme, kdo je tam uvnitř!
3/d/3d7af2fd.p3d	8056_mabhk_155	Má to za sebou! Přitlačte! PŘITLAČTE!
3/d/3d80c2a1.p3d	7396_mabcm_064	Skvělá práce, týme. Red Crowne, problém vyřešen. Jsme zpátky ve žlutém stavu, přepínám.
3/d/3d890ddc.p3d	1899_bwmls_037	Mám ho, je v mé střelecké linii. Sejměte ho, přepínám.
3/d/3d9787c3.p3d	11350_maoff_206	Zadržte palbu, dokud si nebudete jistí!
3/d/3da228d9.p3d	22412_bwtra_e01m02_004	Do prdele -- to je on.
3/d/3dac2e11.p3d	21968_alex_e05m02_184	*otrávené zabručení*
3/d/3dacb480.p3d	778_bwgsp_018	Letecká podpora na palubě, přepínám, Nula Osm Dej Devět.
3/d/3daf0758.p3d	13501_p_erm_023	Co se stalo? Ví to někdo?
3/d/3db0ba48.p3d	13938_p_fdf_221	Nedělej to! *kašel*
3/d/3db1a9f7.p3d	900_bwgsp_140	Hlídejte si záda, nepřítel je rychlý!
3/d/3db335d6.p3d	19835_magsp_123	Sakra práce. Prohledáváme houští.
3/d/3db3e0f6.p3d	8466_mar_a_206	Ti BLACKWATCH týpci si myslí, že jim nesmrdí ani hovno.
3/d/3db53a4f.p3d	18017_bwtra_374	Zasraný hra na tři karty.
3/d/3db6a4b8.p3d	4788_maabr_116	Skenery nic neukazují, vidíte něco, polní jednotky?
3/d/3dbc614d.p3d	22154_alex_e10m04_371	Zase?!
3/d/3dbdc7a6.p3d	13021_p_ctf_012	Co je to?
3/d/3dbfa52b.p3d	17240_bwtrb_420	Prašť to!
3/d/3dc66c62.p3d	441_bwbra_036	Pal! Připravit další!
3/d/3dccd356.p3d	16772_bwabr_292	Posádko, skákejte! Skákejte!
3/d/3dd014d9.p3d	19299_p_hlf_219	Ubližuješ mi.
3/d/3dd37929.p3d	14512_p_ham_098	Vypadni!
3/d/3dd9d644.p3d	11859_nydisp_124	Máme možného podezřelého: běloch, kolem třicítky, ID Mercer, Alexander. Má ho někdo z agentů v terénu v péči, přepínám?
3/d/3de18079.p3d	15858_p_uem_046	Ten chlap ze zpráv!
3/d/3dee84b9.p3d	8021_mabhk_120	Přerušujeme prohlídku, cíl nespatřen, přepínám.
3/d/3df213c0.p3d	22402_bwoff_e09m01_045	Červený poplach! Rozjeďte ty vrtulníky, rychle!
3/d/3df3fd75.p3d	4327_mar_c_184	Prohledejte celý blok! Jdeme!
3/d/3df45448.p3d	7361_mabcm_029	Red Crowne. Red Crowne. Zebra Dva Pět je pod útokem. Velké vedlejší ztráty, konec.
3/d/3df5302d.p3d	24883_nypda_206	Vezměme si tohohle.
3/d/3dfc9f98.p3d	1864_bwmls_002	Jednotka Highball na předsunuté pozici, čeká na rozkazy, přepínám.
3/e/3e08a881.p3d	24394_maoff_events_022	Je to půl na půl, chlapci... zmlaťte je!
3/e/3e0a99d4.p3d	7715_mabra_155	Vystřílej se a nech trochu i pro mě, přepínám.
3/e/3e1528e6.p3d	10646_mamls_193	Dobře, dobře, zajistěte všechny zbraňové systémy a GPS sledování.
3/e/3e1bbda3.p3d	705_bwbra_290	Razorback Jedna dostal zásah. Odpal to a couvni!
3/e/3e244964.p3d	13903_p_fdf_186	Neohlížej se!
3/e/3e26c4f2.p3d	19800_magsp_088	Je zpátky, je zpátky. Zaměřuji.
3/e/3e277027.p3d	8431_mar_a_171	Medika! Ať mě někdo prohlídne!
3/e/3e2a33e9.p3d	4753_maabr_081	Ustupte a sejdeme se na shromaždišti Alfa, přepínám.
3/e/3e2e3ee5.p3d	17083_bwtrb_263	Sežeňte sem policii. Kolemjdoucí panikaří kvůli sakra bouračce.
3/e/3e2ed809.p3d	12396_nypda_468	Zpátky!
3/e/3e348815.p3d	21920_alex_e04m02_136	Rychle tam a zpátky, Alexi, tam a zpátky. Jediné zaváhání a ty vzdušné hlídky mě semelou.
3/e/3e34a933.p3d	18905_susol_293	Potřebuju podporu zblízka!
3/e/3e393ef7.p3d	9208_mar_b_377	Díky, Bože.
3/e/3e39b58e.p3d	25380_alex_e03m01_706	Je to ten stejný červený nárůst z Genteku.  Od Greeneové.  Musím dostat Karen od tohohle pryč.
3/e/3e43a40a.p3d	19264_p_hlf_184	Nezastavuj se!
3/e/3e4c53f8.p3d	376_bwbhk_345	Potvrzujeme kouř z rotoru. POŽÁR MOTORU! BOŽE, ŘÍZENÍ...ŘÍZENÍ JE PRYČ...JE....
3/e/3e508cb9.p3d	15505_p_suf_161	Nedělej to, kámo! Prosím!
3/e/3e551235.p3d	15823_p_uem_011	Hej, co se to tady děje?
3/e/3e5b75a9.p3d	11457_maoff_336	Mám ženu -- a děti!
3/e/3e5ff495.p3d	22640_mabhk_e09m01_009	Letecké velitelství, odlepujeme se od země.
3/e/3e61879a.p3d	16869_bwtrb_069	Rozptylte se.
3/e/3e72f4fd.p3d	13608_p_erm_130	Volej pomoc!
3/e/3e7f7b87.p3d	10297_mahqb_054	Cíl je vyřízen.
3/e/3e81b534.p3d	13128_p_ctf_117	Rychle -- najdi si úkryt!
3/e/3e83c569.p3d	10489_mamls_056	Panebože, to je masakr.
3/e/3e8a5a07.p3d	548_bwbra_143	Přichází to, pozor!
3/e/3e8ee8c4.p3d	11810_nydisp_075	Na to nemáte povolení.
3/e/3e8f197e.p3d	24133_p_haf_cheer_a	Wóóóó!
3/e/3e902488.p3d	24221_p_haf_218	Nemůžu dýchat.
3/e/3e92e5c2.p3d	13746_p_fdf_033	Ustup, sakra!
3/e/3e9415c1.p3d	19675_bwhqb_153	Aktivujte protokol úderného balíčku.
3/e/3e94b794.p3d	4590_mar_c_448	Kurva jo!
3/e/3e960c6b.p3d	8274_mar_a_013	Cíl unikl. Opakuji, cíl unikl.
3/e/3e976959.p3d	14619_p_ham_205	Ah! Sakra, kámo!
3/e/3e981760.p3d	22609_maabr_e03m03_005	Mám cíl na očích. Sypte to do něj!
3/e/3ea269c5.p3d	12361_nypda_433	Dvojnásobným tempem!
3/e/3ea34578.p3d	18748_susol_136	Seškrábněte to a dejte do pytle.
3/e/3ea3f183.p3d	14259_p_fdm_075	Je tamhle!
3/e/3eaf0195.p3d	16580_bwabr_120	Blackjack má jednoho, přepínám.
3/e/3eb7edcb.p3d	8993_mar_b_162	Musíš bejt sebevrah!
3/e/3eb841ed.p3d	7468_mabcm_136	Velitelství základny potvrzuje spatření nepřítele, přepínám.
3/e/3eba20ce.p3d	25485_alex_e07m01_704	Slyším tě.
3/e/3ebfe5b4.p3d	341_bwbhk_310	Pták je v pořádku, pořád jsme ve vzduchu, plni naděje a bázně boží.
3/e/3ec1e46f.p3d	22284_bwhqa_e10m04_059	Pozemní složko, zapněte stroboskopy, hlavy dole, letecká složka teď zahajuje průlet. Pozor na palbu, lidi.
3/e/3ecf045d.p3d	11422_maoff_260	Sakra práce!
3/e/3ed51956.p3d	16834_bwtrb_034	Vidím ho. Je to Mercer.
3/e/3ee30af4.p3d	17472_bwoff_131	K zemi! Hned! POHYB!
3/e/3ee8a62c.p3d	11039_mahqa_077	Negativní, potvrzujete?
3/e/3eeab297.p3d	19907_magsp_195	Rozmaž mu srdce, mozek i slezinu po celé té ulici. Sejmi ty nepřátele, udělej to.
3/e/3eeb5db8.p3d	8538_mar_a_279	Chlapi, to jsem já! Nedělejte to!
3/e/3ef30d2e.p3d	10262_mahqb_019	Pátrejte a pronásledujte ukrytý cíl.
3/e/3ef62984.p3d	24591_alex_e06m04_594	Ten tank je jediná cesta do Greenova HNÍZDA. Jediný způsob, jak dostat Danu zpátky.
3/e/3ef721ec.p3d	17312_bwtrb_492	K zemi!
3/e/3ef75725.p3d	10454_mamls_021	Palebná mise Alpha tři Dog má zelenou.
3/e/3ef8bb50.p3d	10981_mahqa_029	Zrušte pátrací protokol a přeřaďte, přepínám.
3/e/3efdebae.p3d	513_bwbra_108	Sešlete na toho hajzla úder, Red Crown.
3/f/3f00d3cd.p3d	2150_bwmls_288	Zasáhli nás. Manévrujte a znovu zaměřte.
3/f/3f07a768.p3d	19640_bwhqb_118	Stav Červené světlo neutrální.
3/f/3f0bbb44.p3d	22192_bwabr_e08m03_33	Síly postupují od jihu!
3/f/3f16d734.p3d	18713_susol_101	Rozptylte se. Najděte to a zabijte to.
3/f/3f178340.p3d	14224_p_fdm_041	Držte se od něj dál!
3/f/3f1b6a6d.p3d	9016_mar_b_185	Sakra -- cíl se mění!
3/f/3f2bd3a9.p3d	7433_mabcm_101	Velitelství základny volá Charlie Nula Pět. Jaký je stav, máte vizuál? Konec.
3/f/3f2cb4a6.p3d	24955_nypda_490	Nestřílejte!
3/f/3f2e7f6e.p3d	184_bwbhk_153	Vidím tam dole situaci.
3/f/3f334ba4.p3d	11914_nydisp_179	Potvrzuji 10-54-H. Držte se zadní části budovy.
3/f/3f341c59.p3d	1936_bwmls_074	Cíl negativní, navrhuji prohledat a vyčistit s podporou UAV.
3/f/3f3da102.p3d	11265_maoff_136	Zkontrolujte zbraně. Pořád jste ve válečné zóně!
3/f/3f4ca832.p3d	10718_mamls_265	Nepovolujte. Znovu nasaďte.
3/f/3f4f222d.p3d	11743_nydisp_028	Negativní za budovou. 10-80, honička.
3/f/3f540768.p3d	24328_p_haf_067	Na co se to koukáme?
3/f/3f57c2fd.p3d	815_bwgsp_055	Letecká podpora, zajistěte souřadnice srazu, přepínám.
3/f/3f5c3807.p3d	11004_mahqa_052	Nezachyceno, přepínám.
3/f/3f5eef74.p3d	8503_mar_a_244	Sakra. Co jsi zač!?
3/f/3f61b335.p3d	4825_maabr_153	Ústup! Ústup!
3/f/3f65be31.p3d	17155_bwtrb_335	Musíte na toho hajzla nasadit kola nebo křídla. Je kluzký.
3/f/3f68311a.p3d	19483_bwhqa_152	Nasazujeme balíček, opakuji, nasazujeme primární úderný balíček, přepínám.
3/f/3f6b686f.p3d	17874_bwtra_231	Je to tu jak přikrývka z much.
3/f/3f749367.p3d	14956_p_uwm_079	Vidíš ho?
3/f/3f7994cf.p3d	14427_p_ham_013	Hej, co, co se to sakra děje?
3/f/3f7b7d53.p3d	21723_speci_e04m04_025	Pomalý. Smrtelně pomalý.
3/f/3f85096d.p3d	13391_p_ctm_148	Kurva, střílí po nás!
3/f/3f920668.p3d	21709_speci_e04m04_011	Běžte, běžte, běžte, hned!
3/f/3f9b49ad.p3d	24798_nypda_159	Záchranku! *kašel* Potřebujeme záchranku!
3/f/3f9d6418.p3d	14795_p_mtf_149	Všichni, uhněte mu z cesty!
3/f/3fa03ae6.p3d	24920_nypda_140	Padly výstřely, padly výstřely na místě, přepínám.
3/f/3fa6f865.p3d	17579_bwoff_228	Kontrolujte své cíle!
3/f/3fa7ae00.p3d	1901_bwmls_039	Pozitivní na poloze cíle, dejte nám povolení a rozsekejte to, přepínám.
3/f/3faf6310.p3d	22338_bwhqa_520	Přilétající letoune, v tuto chvíli nemáte povolení. Změňte kurz.
3/f/3fb12fd9.p3d	11230_maoff_074	Udržujte palbu na cíli, nenechte ho přiblížit se.
3/f/3fb364c8.p3d	57_bwbhk_026	Připraveni zabít, opakuji, připraveni zabít. Palba přichází.
3/f/3fb6fa95.p3d	10369_mahqb_106	Naše cíle zatím moc nepokročily, vojáci.
3/f/3fb7dde9.p3d	11955_nypda_040	Dispečinku, tady Charlie Nineteen. Rozumím.
3/f/3fbd4605.p3d	25276_nypda_234	Přiveďte sem mariňáky.
3/f/3fca650c.p3d	13818_p_fdf_103	Pomůže mi někdo!?
3/f/3fcc3714.p3d	4662_mar_c_530	Má mě to!
3/f/3fcce098.p3d	19715_magsp_003	Hlášení FLIR pro Red Crown. Tyto souřadnice negativní.
3/f/3fcd892d.p3d	8346_mar_a_086	Velitelství, nepřítel identifikován. Žádám stíhačky, cíl bude označen laserem.
3/f/3fd94fed.p3d	17120_bwtrb_300	Jsou nakažení. Zahajte palbu.
3/f/3fd9e911.p3d	12433_nypda_505	Hajzl!
3/f/3fdc24ce.p3d	22028_alex_e06m01_244	Dano, Dano...bože, ztratil jsem tě....
3/f/3fdfde65.p3d	1037_bwgsp_276	Ozařte cíl.
3/f/3fe82523.p3d	14921_p_uwm_044	Přiveďte policii, hned teď!
3/f/3fe9bfb2.p3d	19179_p_hlf_101	Může mi někdo pomoct!?
3/f/3feeb512.p3d	19301_p_hlf_221	Prosím, neubližuj mi.
3/f/3fef2780.p3d	9891_maf35_179	Jsme na finále, na finále. Konec natáčení. Letíme domů.
3/f/3ff384e4.p3d	11847_nydisp_112	Sledujte podezřelého.
4/0/400da858.p3d	4207_mar_c_076	Chalk Tři volá Red Crown. Bitva skončila. Zóna je naše a vypadáme u toho dobře, přepínám.
4/0/4010f5d6.p3d	14760_p_mtf_116	Bože. Běžte dovnitř!
4/0/401a8a40.p3d	17544_bwoff_203	Odtud se berou ti nemocní. Tak tyhle věci pálíme.
4/0/402201af.p3d	15273_p_mtm_161	Proč? Jen mi řekni, proč to děláš.
4/0/402a89c6.p3d	10334_mahqb_071	Na to negativní.
4/0/402b6f90.p3d	11920_nypda_005	Myslím, že o svátcích vezmu rodinu pryč z tohohle státu.
4/0/402ed3e6.p3d	10526_mamls_093	Máme oddech, chlapi, važme si ho.
4/0/4030d423.p3d	25241_nypda_113	Dispečinku, pošlete záchranku na mou pozici. Budou tu oběti. Stabilizuju ho, ale odpovězte, přepínám.
4/0/40405a82.p3d	21578_maabr_260	Úder proveden, máme povoleno vrátit se? Přepínám.
4/0/40411ae8.p3d	8311_mar_a_050	Sundejte toho parchanta!
4/0/404882cb.p3d	12276_nypda_348	Hej, co to děláš? Jsem policajt!
4/0/404d93ef.p3d	17682_bwtra_049	Teď zrovna ne.
4/0/4050c000.p3d	24504_alex_e01m02_508	Ne, ne, ne...
4/0/40516ccf.p3d	7893_mabra_313	Bože, néééé!
4/0/40551a9b.p3d	16495_bwabr_035	Přeskupit! Přeskupit! Kryjeme vás!
4/0/405d4ecf.p3d	19144_p_hlf_067	Na co se to koukáme?
4/0/40689dde.p3d	7985_mabhk_084	Skupino Thunder, stáhnout se.
4/0/406f9f2f.p3d	18160_bwtra_517	Akorát mi nastavuješ botu na míčky.
4/0/407355ad.p3d	13313_p_ctm_070_a	Tohle je v prdeli!
4/0/4074ac04.p3d	20641_p_ctm_disgust_b	Fujtajbl!
4/0/40751d9f.p3d	11337_maoff_193	Tamhle. To musí být on.
4/0/407a577d.p3d	24008_bwhqb_e04m02_013	Sigma jedna Red Crown, tohle je propadák -- nic, nic. Ztratili jsme ZEUSe. Konec.
4/0/408923fa.p3d	17387_bwoff_046	Tohle je blízká palba, nebezpečně blízko. Hlídejte si palbu, neodchylujte se. Palebná akce!
4/0/40924dd8.p3d	21939_alex_e05m01_155	První úkol -- doprava.
4/0/4092cbe9.p3d	22785_maoff_e08m04_049	Držte se od toho dál! Bezpečná vzdálenost, udržujte bezpečnou vzdálenost!
4/0/409d3d7d.p3d	17227_bwtrb_407	Dostaň ho! Je rozptýlenej!
4/0/409f717e.p3d	25084_nypda_045	Dispečinku, neslyším vás.
4/0/40a2e7bb.p3d	17946_bwtra_303	Sakra, tohle vypadá vážně.
4/0/40a404c9.p3d	428_bwbra_023	Vstupujeme do dosahu, Red Crown, najděte nám cíl.
4/0/40a6ef73.p3d	2065_bwmls_203	Zóna je prázdná... Chyba v hlášení, Red Crown?
4/0/40aa6ba8.p3d	16759_bwabr_279	Jsme v tom po krk, RC, vydržte!
4/0/40adc0c1.p3d	19555_bwhqb_053	Primární hrozba překonána. Ještě máme co uklízet, lidi.
4/0/40ae6256.p3d	4470_mar_c_328	Pěknej trik, zrůdo!
4/0/40b314e7.p3d	9998_maf35_266	Úder zrušen, opakuji, úder zrušen. Návrat na základnu, přepínám.
4/0/40bc1487.p3d	12241_nypda_313	Mám ho na mušce!
4/0/40bc88ce.p3d	13463_p_ctm_220	Osvoboď mě!
4/0/40bcf097.p3d	18628_susol_046	Míří sem velká skupina. Zaútočíme, jakmile budou v dostřelu!
4/0/40cc1d0b.p3d	8008_mabhk_107	Potřebujeme sem úderový balíček, a rychle!
4/0/40d1ecaf.p3d	7348_mabcm_016	Tady rota Alfa. Manhattan Whiskey Nula Pět je zelená, konec.
4/0/40d4e379.p3d	14867_p_mtf_221	Nedělej to!
4/0/40d98deb.p3d	221_bwbhk_190	Vypadá to, že je dole, přistaneme poblíž a mrkneme se na to, přepínám.
4/0/40dc2f85.p3d	7950_mabhk_049	Útok selhal, prašť do něj znovu!
4/0/40dcfe4e.p3d	20376_magsp_blow_a	*uf*
4/0/40dff614.p3d	25473_alex_e08m04_709	Elizabeth Greeneová.   Generál Peter Randall. Hope, Idaho.  Musím dostat lidi, co znají tajemství toho místa.  Randalle, právě ses dostal na vrchol mého seznamu
4/0/40e08b0c.p3d	22418_bwtra_e02m01_010	Pane?
4/0/40e76681.p3d	15085_p_uwm_208	Pozor!
4/0/40e8af63.p3d	11302_maoff_166	K zemi! Hned!
4/0/40ebe41a.p3d	22707_mahqa_e03m01_007	Nulová viditelnost na jedna pět čtyři. Všechny jednotky, hlaste se.
4/0/40f3a3ec.p3d	9351_mar_b_520	Neeee!
4/0/40fcb5b6.p3d	17352_bwoff_011	HQ, pošlete Úderný oddíl!
4/0/40ff61f8.p3d	16024_p_uem_209	K zemi!
4/1/41041865.p3d	24091_bwoff_events_052	Co se to tu sakra děje? Vzpamatujte se, chlapi. Prohráváme tohle.
4/1/41050879.p3d	8418_mar_a_158	Kurva, kámo, tohle nebude fungovat.
4/1/410e4a3f.p3d	19398_bwhqa_077	Negativní, opakujte?
4/1/41118175.p3d	17789_bwtra_146	Nenechte ho utéct!
4/1/411676d7.p3d	17911_bwtra_268	My stojíme. Oni leží.
4/1/411aa165.p3d	24077_bwoff_events_038	Dobře, chlapi, držte se, tohle ještě můžeme zvrátit.
4/1/411dfd64.p3d	16724_bwabr_244	To bylo o fous, posádko, zůstaňte ve střehu!
4/1/41215268.p3d	19520_bwhqb_018	Zintenzivněte pátrání.
4/1/4126a6a3.p3d	9963_maf35_231	Vlastní jednotky, podržte signál, zapojeni, přepínám.
4/1/412aae40.p3d	12084_nypda_155	Tady Three Victor Twenty-Two, mám podezřelého na dohled, žádám pomoc.
4/1/4144b401.p3d	691_bwbra_016	Otočte to, nemá cenu ztratit další tank.
4/1/41465ba9.p3d	24835_nypda_272	Ty hajzle!
4/1/41487295.p3d	14832_p_mtf_186	Vezmi mě s sebou!
4/1/414cfa44.p3d	11902_nydisp_167	Záchranka byla přivolána. Vydrž, L Osmdesát devět, už jsou skoro tam.
4/1/415206e2.p3d	17616_bwoff_265	Do prdele, Mercere.
4/1/415af5b2.p3d	15050_p_uwm_173	Pohni se!
4/1/415da7cd.p3d	18891_susol_279	Pozor!
4/1/415e13b8.p3d	25403_alex_e04m04_702	*zasténání*  Neovládám vlastní tělo.  Ani nevidím pořádně.
4/1/41620912.p3d	10406_mahqb_143	Zůstaňte na místě a nechte nasadit úderný balíček. Vydržte.
4/1/41623da6.p3d	9194_mar_b_363	Potřebujeme obrněnou techniku!
4/1/4165e621.p3d	13774_p_fdf_060_alt	Couvni! Couvni! Couvni od toho!
4/1/41685ba7.p3d	25313_nypda_441	Něco má!
4/1/4168d0cd.p3d	11731_nydisp_016	Honička podezřelého přešla do pasivní fáze. Opakuji, pasivní, přepínám.
4/1/416db5a6.p3d	24208_p_haf_020	A tak to jde dál...
4/1/41724ffb.p3d	4577_mar_c_435	Svoji v oblasti! Zadržte palbu!
4/1/41798b53.p3d	15491_p_suf_147	Uhni mu z cesty!
4/1/417b3556.p3d	24416_maoff_events_044	Dorazte je!
4/1/417b5df7.p3d	4705_maabr_033	Red Crowne, cíl je v pohybu, opakuji, v pohybu, přepínám.
4/1/417f68f3.p3d	17035_bwtrb_215	Ne! Nedělej to! Tohle je vlastní palba! Vzpomeň si na brífink!
4/1/4180022c.p3d	12348_nypda_420	10-85! 10-85! Slyšíte mě!?
4/1/4181dc1a.p3d	19363_bwhqa_052	Cíl A likvidován. Polní jednotky, uvolněte cestu pro evakuaci, přepínám.
4/1/41851331.p3d	17754_bwtra_111	Nahlaste cíle.
4/1/41866c9c.p3d	23899_alex_027	Velí tomu.
4/1/418c99e7.p3d	16567_bwabr_107	Pěkný zásah, potvrďte stav cíle.
4/1/4194ce18.p3d	19216_p_hlf_136	Pohyb!
4/1/419bf397.p3d	13594_p_erm_116	Ví-ví-víc jich! Tamhle!
4/1/419d7b7b.p3d	328_bwbhk_297	Nejde to, nejde to, stahujeme se, přepínám.
4/1/419e9636.p3d	993_bwgsp_233	Zapojujeme se, přerušte spojení, přerušte spojení!
4/1/419eb446.p3d	13271_p_ctm_030	Co to dělá!
4/1/41ac98cc.p3d	11409_maoff_134	Pozor, má rukojmí!
4/1/41b3f100.p3d	24618_alex_e10m04_621	Čas se krátí. Musím se hýbat rychleji.
4/1/41b70ef1.p3d	14675_p_mtf_031	Hej! Už to nedělej!
4/1/41b961d9.p3d	22235_bwhqa_e07m01_010	Nepodařilo se nám udržet bojovou zónu. Všechny jednotky, tato mise je zrušena.
4/1/41b9e9e6.p3d	24800_nypda_161	*kašel* Je tam někdo? Ozvěte se, pokud potřebujete pomoc.
4/1/41bc6ff1.p3d	25456_alex_e07m02_702	Bloodtox pálí... Zbývá mi jen udeřit a zmizet.
4/1/41c0a346.p3d	17459_bwoff_118	Sem nesmíš. Zpátky.
4/1/41c81ab7.p3d	15188_p_mtm_078	Ty! Hej! Pane!
4/1/41cd1017.p3d	15310_p_mtm_198	Nemůžu dýchat. Může mi někdo pomoct?
4/1/41d0a595.p3d	10249_mahqb_006	Máte své souřadnice.
4/1/41d49027.p3d	22666_mabra_e06m04_016	Copperheads! Copperheads!
4/1/41d653b7.p3d	10968_mahqa_016	Udržujte tlak při pátrání, zkoušíme satelit.
4/1/41d6ed80.p3d	25156_nypda_052	Pane!
4/1/41de6b7a.p3d	2137_bwmls_215	Situace je příliš vážná.
4/1/41e53fcf.p3d	19627_bwhqb_105	Operace Červené světlo je stále v platnosti.
4/1/41f234b3.p3d	22571_bwtrb_e06m05_072	Mám sotva kapku munice, mizím odsud.
4/1/41f2f824.p3d	17000_bwtrb_180	Wóóóááá!!
4/1/41f39148.p3d	12313_nypda_385	Ani náhodou!
4/1/41fd1b36.p3d	22313_                                                                                                                                                               	Deset, devět, osm, sedm, šest, pět, čtyři, tři, dva, jedna.
4/1/41ff7e2c.p3d	22163_bwabr_e08m02_03	Co tu děláš? Neměl bys být na svém stanovišti?
4/2/42002918.p3d	16532_bwabr_072	Pátrání negativní. Vracíme se na základnu, přepínám.
4/2/4208bdb3.p3d	22557_bwtrb_e06m05_058	Zaměřte cokoliv, co není lidský.
4/2/4208d242.p3d	9771_maf35_059	Vzpamatujte se, kluci. Máte po všem.
4/2/420917d9.p3d	8945_mar_b_114	Povolena palba, je přímo tady!
4/2/420d3384.p3d	11835_nydisp_100	Odpovězte! Je to 10-85?
4/2/420da7b8.p3d	20055_magsp_323	Mayday, mayday, mayday. Nezvládneme to!
4/2/4213b146.p3d	19893_magsp_181	Je dole. Cíl zlikvidován!
4/2/4215b84a.p3d	18075_bwtra_432	Zabiju tě, kurva!
4/2/42219572.p3d	18998_susol_386	No tak!
4/2/4233f724.p3d	14570_p_ham_156	Co to sakra je, kámo! Proč zrovna já?
4/2/42343277.p3d	17424_bwoff_083	Kde je? Najděte ho!
4/2/42347159.p3d	22306_bwhqa_e10m04_081	Tady Red Crown celé posádce. Zůstaneme na stanovišti, abychom koordinovali. Všichni ostatní musí okamžitě opustit Reagan. Podpůrná plavidla provedou vyzvednutí a stáhnou se do bezpečí. Toto je všeobecný rozkaz -- okamžitě opusťte Reagan.
4/2/423bac75.p3d	15153_p_mtm_045	Nenechte ho se k vám přiblížit!
4/2/424a8b5c.p3d	25121_nypda_391	No tak, chlape, dej mi pokoj!
4/2/4251fe0f.p3d	2102_bwmls_250	Rocketbox mimo, jsme moc blízko boji, přepínám.
4/2/42547b71.p3d	4385_mar_c_243	Sakra! Identifikuj se!
4/2/42622d8d.p3d	12156_nypda_228	Už je po všem?
4/2/4262a1d4.p3d	13378_p_ctm_135	Sakra! Má zbraň!
4/2/4269afff.p3d	8788_mar_a_509	Co chceš? Peníze? Mám nějaké peníze!
4/2/427ca6f5.p3d	8910_mar_b_079	Kluci hlásí negativní, pane. Žádný zásah, žádnej kontakt.
4/2/427de236.p3d	24907_nypda_521	Uhněte z cesty!
4/2/427fa97c.p3d	136_bwbhk_105	Nemůžu se tam dole s nikým spojit. Jedna velká rakev....
4/2/428136d4.p3d	20020_magsp_288	Cíle opustily zónu. Momentálně žádné známky nepřátel. Co dál?
4/2/42894766.p3d	18040_bwtra_397	Myslel sis, že mě napálíš. Omyl!
4/2/428ec846.p3d	11217_maoff_067	Nepřátelská činnost ustala, přepínám.
4/2/4295272e.p3d	18963_susol_351	TY ZASRANEJ PARCHANTE!
4/2/4299bcf2.p3d	9266_mar_b_435	Myslím, že mi vynechalo srdce.
4/2/42a9cf66.p3d	4649_mar_c_517	Pohyb! Zpátky!
4/2/42adbdf1.p3d	23928_alex_056	Je v tom namočený.
4/2/42b10a9f.p3d	15563_p_suf_219	Proč já?
4/2/42b2887e.p3d	22732_mahqb_e04m02_004	Nasaďte pěchotu a palebnou podporu ke všem zbývajícím senzorům. Povoleno.
4/2/42b58d8f.p3d	15881_p_uem_068	Hej! Whoa! Sakra! Ono, ono se to mění!
4/2/42b6e5b4.p3d	17107_bwtrb_287	Páni!
4/2/42b95b28.p3d	19435_bwhqa_104	Všechny pozice potvrzeny. Polní operace zahajují na povel RC.
4/2/42bc8ff2.p3d	17826_bwtra_183	Sterilizováno.
4/2/42c3305d.p3d	25439_alex_e06m03_707	Vydrž, Dano!  Už jdu.
4/2/42c416a8.p3d	16639_bwabr_179	Red Crown, máme kůže.
4/2/42c5bd8a.p3d	14908_p_uwm_031	Co to sakra je!?
4/2/42c80d17.p3d	4350_mar_c_207	Sevřít řady, sevřít řady!
4/2/42ccbfe7.p3d	9878_maf35_166	Voodoo, zasáhnu to znovu, uvolněte zónu.
4/2/42cd6a62.p3d	11768_nydisp_053	Velitelství žádá potvrzení, že je to váš podezřelý, přepínám.
4/2/42d37058.p3d	13666_p_erm_188	Nechci umřít!
4/2/42d5bcbd.p3d	12121_nypda_192	Stůj! Otoč se a odejdi!
4/2/42d63390.p3d	13343_p_ctm_100	Ale ne!
4/2/42d66fbb.p3d	10055_maf35_323	Jsme zasaženi! Ztrácíme kontrolu!
4/2/42dd3f30.p3d	8753_mar_a_474	Prorazte skrz! Dejte do toho všechno!
4/2/42e230a4.p3d	13186_p_ctf_175	Vezmi mě s sebou!
4/2/42ee8e3d.p3d	14747_p_mtf_103	Někdo, pomozte mi!
4/2/42f338ad.p3d	101_bwbhk_070	Ghost v modré zóně, subjekt nezvěstný. Vaše rozhodnutí, RC.
4/3/430d4eae.p3d	9231_mar_b_400	Jóó! Padá to! Ser na tu věc!
4/3/430e6ca9.p3d	25228_nypda_110	Tady nic není, dispečinku.
4/3/4312ed7b.p3d	8186_mabhk_265	Whoa! Tentokrát jsme měli štěstí!
4/3/43142d9a.p3d	21805_alex_e01m02_022	Ahoj.
4/3/431d5e78.p3d	4614_mar_c_472	Zbraně dolů! Hlídejte si palebnou linii!
4/3/432b2c56.p3d	17669_bwtra_036	Mám to.
4/3/432cea63.p3d	19400_bwhqa_079	Negativní. Potvrďte?
4/3/432f8223.p3d	11480_maoff_307	Slábne! Nepolevujte!
4/3/433594c6.p3d	16892_bwtrb_092	Počkej. Mohla by to být stopa.
4/3/4336a707.p3d	4193_mar_c_062	Chalk Tři volá Red Crown. Na týhle pozici negativní. Ukončujeme akci.
4/3/4337a864.p3d	16604_bwabr_144	Taky to vidíme, dejte si pozor!
4/3/434051a3.p3d	9843_maf35_131	Red Crown, na místě negativní. Je pryč.
4/3/43470214.p3d	13631_p_erm_153	Hej, pozor na ten tank!
4/3/43492408.p3d	11097_mahqa_125	Situace je jasná! Čekejte na nové rozkazy, přepínám.
4/3/4349fed7.p3d	10020_maf35_288	Mám záchyt v zaměřování. Ne, mám to, přepínám.
4/3/434b3073.p3d	19965_magsp_243	Red Crown, negativní.
4/3/434bdbb3.p3d	8596_mar_a_337	Zachovejte klid, všichni -- panika nepomůže!
4/3/434bf444.p3d	22353_bwhqb_e07m02_007	Máme povolení nasadit stíhací křídlo na prioritní podporu toxických týmů. Rozkaz přímo od starýho pána zní, že trvalé nasazení Bloodtoxu je priorita číslo jedna.
4/3/434d3796.p3d	18147_bwtra_504	K zemi!
4/3/434d4345.p3d	7581_mabra_021	Na cíli, na cíli.
4/3/4355c260.p3d	13151_p_ctf_140	To vypadá na problémy.
4/3/435d0a48.p3d	22887_mar_b_e02m05_017	To není možný -- prostě to z něj vysává.
4/3/435e671e.p3d	571_bwbra_166	Nepřítel je skoro dole, srovnejte to!
4/3/43621d59.p3d	14712_p_mtf_068	Tohle není správný!
4/3/436b7670.p3d	14642_p_ham_228	Nááá!
4/3/436d6191.p3d	20236_bwtra_pain_a	*argh*
4/3/43732bbf.p3d	15225_p_mtm_115	Dovnitř!
4/3/4377528f.p3d	18771_susol_159	Tady to je, zpátky v dostřelu!
4/3/4377fe9a.p3d	14282_p_fdm_098	Vidíš to?
4/3/43797b32.p3d	15988_p_uem_173	Zachraňte si životy!
4/3/437be868.p3d	9074_mar_b_243	Myslel sis, že nás porazíš, co?
4/3/43867f37.p3d	8151_mabhk_230	Red Crowne, mise splněna.
4/3/438bfabd.p3d	4457_mar_c_315	Kryjte se!
4/3/438c4f04.p3d	7491_mabcm_159	Roto Fox, snižujeme teď poplach. Rušíme červený stav.
4/3/438f92b2.p3d	22977_mcmul_e04m03_003	Jedno z polí právě vypadlo. Co se to tam sakra děje?
4/3/43933617.p3d	15371_p_suf_029	Ví někdo, co se děje?
4/3/43949a54.p3d	1994_bwmls_132	Odpal bezprostředně hrozí.
4/3/4399acee.p3d	12228_nypda_300	Ani hnout! ANI HNOUT!
4/3/43a29452.p3d	7845_mabra_265	Zvládli jsme to, dej mi status.
4/3/43ad262d.p3d	10776_mamls_323	Padáme, opakuji, padáme.
4/3/43b7263d.p3d	208_bwbhk_177	Má to za sebou! Přitlačte! PŘITLAČTE!
4/3/43b840f8.p3d	873_bwgsp_113	Setřes ho, setřes ho!
4/3/43b9c7ec.p3d	7937_mabhk_036	Zásah. Další zásah. Zásah.
4/3/43bcb339.p3d	11062_mahqa_090	Hlášení o stavu?
4/3/43bec239.p3d	19930_magsp_218	Díky bohu. Jsme v pořádku, jsme v pořádku.
4/3/43bf6d6f.p3d	8561_mar_a_302	Krátké dávky, ovládejte palbu!
4/3/43c0c6b2.p3d	18112_bwtra_469	Dej do toho! No tak, dej do toho!
4/3/43c6bc74.p3d	20693_p_erm_pain_b	*argh*
4/3/43cd2827.p3d	22040_alex_e06m03_256	Cítím to. Jsem blízko tomu, co vzal Danu.
4/3/43cf66b3.p3d	21773_speci_e04m04_075	Kryj mě!
4/3/43d13c3e.p3d	9338_mar_b_507	To je zásah!
4/3/43da103f.p3d	14485_p_ham_071	Tam! To je on!
4/3/43e5efc8.p3d	21759_speci_e04m04_061	Prázdný!
4/3/43ed0cd9.p3d	15953_p_uem_138	Zabije nás všechny!
4/3/43f0a367.p3d	25036_nypda_223	Držte ho na zemi. Připravte taser.
4/3/43f2001f.p3d	21695_karen_e03m01_013	MUSELS to udělat?
4/3/43f4175d.p3d	22619_maabr_e06m04_014	Pět, čtyři, tři, dva, jedna....
4/3/43f98218.p3d	16999_bwtrb_179	Udržujte perimetr! Nenechte se toho dotknout!
4/3/43feeacf.p3d	19507_bwhqb_005	Zahajte pátrání. Najděte ZEUSe!
4/4/440db051.p3d	13415_p_ctm_172	Vypadni sakra odsud!
4/4/441130d5.p3d	7688_mabra_128	Úhybný manévr, hned, hejbni sebou!
4/4/4416260e.p3d	7810_mabra_230	Negativní, teď vám nemůžu pomoct, přepínám.
4/4/4420b549.p3d	10741_mamls_288	Prostě zasraně skvělý.
4/4/442254c3.p3d	678_bwbra_273	Red Crown, nerozumíme vám!
4/4/4422c2d9.p3d	8825_mar_b_014	Připraven k nasazení, pane!
4/4/44260afc.p3d	14819_p_mtf_173	Zachraňte si životy!
4/4/4426df84.p3d	11823_nydisp_088	Důstojníku, slyšíte?
4/4/44281764.p3d	24351_p_haf_117	Ne, kámo! Už jdou!
4/4/442ae065.p3d	13876_p_fdf_159	Dám vám peníze! Spoustu peněz!
4/4/442d5c08.p3d	19773_magsp_061	Cíl zlikvidován.
4/4/44388e19.p3d	15037_p_uwm_160	Ach ne! Ne, ne, nedělej to! Prosím, nedělej to!
4/4/443b4034.p3d	18878_susol_266	Zabijte rukojmí, než ho ZEUS stačí pohltit!
4/4/443beeca.p3d	14389_p_fdm_205	Nechci umřít nakažený!
4/4/44405c5f.p3d	1095_bwgsp_333	Jsme mimo kontrolu!
4/4/4444cb6f.p3d	9303_mar_b_472	Jsem svůj, ty blbej hajzle!
4/4/444a6cc7.p3d	8258_mabhk_337	Ne. Ne! NEEE!
4/4/444da1e6.p3d	14450_p_ham_036	Rozmlátim tě!
4/4/445723ba.p3d	15478_p_suf_134	Odstřelovač! Odstřelovač!
4/4/44643ced.p3d	25001_nypda_418	Teď nemůžu mluvit, dispečinku -- mám plné ruce práce!
4/4/4467222f.p3d	21951_alex_e05m01_167	Nejde to. Ne, dokud je tohle ve mně.
4/4/446d13d4.p3d	16964_bwtrb_144	Máte nějaký černý zprávy? Mám prověrku.
4/4/4477d0ef.p3d	9915_maf35_203	Red Crown, podívám se blíž, něco tu nesedí.
4/4/447bd84a.p3d	12036_nypda_103	Charlie Nineteen se stahuje, dispečinku. Nic tu není.
4/4/447c4c98.p3d	13258_p_ctm_017	Vidí někdo něco?
4/4/447e8160.p3d	13703_p_erm_225	Ále chlape, nedělej to, NEDĚLEJ!
4/4/44813121.p3d	20340_mabra_scream_a	*výkřik*
4/4/44835aff.p3d	8668_mar_a_409	E sedm D. Mám pohyb, Red Crown. Upřesním, konec.
4/4/4484c006.p3d	7653_mabra_093	Cíl na 100 metrech, připraven zaútočit.
4/4/448771df.p3d	80_bwbhk_049	Mám tu lidi netrpělivé zapojit se na zemi, žádám povolení k výsadku.
4/4/448b07ac.p3d	10392_mahqb_129	Pátrání je na neurčito přerušeno.
4/4/448d41ac.p3d	13223_p_ctf_212	K zemi!
4/4/448f51e1.p3d	10584_mamls_151	Nepřítel spatřen, opakuji, hořáci na dvanácté.
4/4/4495e66a.p3d	643_bwbra_238	Tlustá paní odzpívala.
4/4/4496b8fb.p3d	24194_p_haf_188	Co se stalo?
4/4/44992d32.p3d	22526_bwtrb_e04m03_026	Ustupte! Dostaňte odtamtud ten tým!
4/4/449e7223.p3d	13841_p_fdf_126	Nedělejte to!
4/4/44a45c91.p3d	4691_maabr_019	Podmínky jsou dobré. Nabijte granát a připravte se k palbě.
4/4/44ac1fc0.p3d	15002_p_uwm_125	Seženu pomoc!
4/4/44acb20c.p3d	24153_p_haf_disgust_a	Fuj!
4/4/44aed1f0.p3d	18843_susol_231	To znamená, že je pořád tady. Má na něj někdo identifikaci?
4/4/44af7dfb.p3d	14354_p_fdm_170	Ne! Tohle nechceš udělat!
4/4/44b367b4.p3d	9146_mar_b_315	Tato čtvrť je nepřátelská!
4/4/44b3eb7c.p3d	1060_bwgsp_299	Potvrzeno, síly kůží se zmenšily.
4/4/44bdfe83.p3d	8223_mabhk_302	Thunder hlásí poškození, přepínám.
4/4/44c3777e.p3d	4529_mar_c_387	Kriste. Tady je to!
4/4/44cab2d6.p3d	15443_p_suf_099	Zasraný peklo!
4/4/44d30628.p3d	19315_bwhqa_004	Všechny jednotky negativní na ZEUS. Zahajte prohledávání poslední známé polohy.
4/4/44d5977b.p3d	11395_maoff_120	Zabijte to!
4/4/44d63ab4.p3d	17706_bwtra_063	Ale kde sakra teď je?
4/4/44ddc16a.p3d	16519_bwabr_059	Potřebujeme podporu, a to hned. Můžeme dostat úder, přepínám?
4/4/44e1b56f.p3d	4230_mar_c_099	Další je dole. Bůh mu buď milostiv.
4/4/44e66aa9.p3d	9758_maf35_046	Zapojuji se hned!
4/4/44e71902.p3d	11756_nydisp_041	Potvrďte, že je podezřelý zadržen, přepínám.
4/4/44ed1b1a.p3d	13546_p_erm_068	Trochu -- couvni, couvni! Uhni! Pozor!
4/4/44ef6765.p3d	12001_nypda_067	Tihle chlapi nechystaj nic dobrýho.
4/4/44f43285.p3d	11134_mahqa_162	Úderný tým, máme novou misi, přesun na jedna devět sedm.
4/4/44f6ea30.p3d	8633_mar_a_374	Co to sakra je?
4/4/44f9adb3.p3d	4955_maabr_263	ZEUS je nezvěstný, stáhněte úder, přepínám.
4/4/44fbdb68.p3d	13066_p_ctf_057	Sakra, to je on!
4/4/44fdb8ed.p3d	17285_bwtrb_465	Mám cíl.
4/5/45048039.p3d	486_bwbra_081	Seskupte se na Alpha Pět Devět, přepínám.
4/5/4506504e.p3d	22577_bwtrb_e07m01_078	Přední letecký naváděč, cíle označeny, potřebujem blízkou palebnou podporu. Nebezpečná blízkost, přepínám.
4/5/450b817a.p3d	22255_bwhqa_e08m03_030	Jižní strana, na jižním konci vašeho perimetru máte pohyb.
4/5/45118f8b.p3d	14557_p_ham_143	Bouchačka!
4/5/451d6baa.p3d	18686_susol_074	Všichni bojovníci, máte ZEUS zdržet, dokud nedorazí posily.
4/5/451e1a41.p3d	14197_p_fdm_014	Viděl někdo, co se stalo?
4/5/4526f6e5.p3d	9111_mar_b_280	Zachovejte klid! Námořní pěchota je tu, aby pomohla!
4/5/452c987b.p3d	8066_mabhk_165	Nepřítel zlikvidován, vracíme se na základnu, přepínám.
4/5/45492d41.p3d	11360_maoff_216	Postupujte na ten cíl!
4/5/4557aad6.p3d	23000_ragla_e05m02_020	Zastav je!
4/5/4559fc65.p3d	9723_maf35_011	Voodoo Sedm, přilétám na nálet.
4/5/455e59fe.p3d	788_bwgsp_028	Cíl mimo dohled. Zkouším znovu zaměřit.
4/5/455ecf3b.p3d	20007_magsp_275	Míříme domů.
4/5/4560acd6.p3d	13511_p_erm_033	Uhni, ty debile!
4/5/45625fc6.p3d	13948_p_fdf_231	Aaah!
4/5/45634f75.p3d	910_bwgsp_150	To je ono. Je konec. ZEUS je vyřízený!
4/5/4564db54.p3d	19845_magsp_133	Zmizel. Na obrazovkách nikde.
4/5/45658675.p3d	8476_mar_a_217	Stůj a lehni! Stůj a lehni!
4/5/4566dfcd.p3d	18027_bwtra_384	Sakra! Dejte to do pořádku, hned!
4/5/4567ff2c.p3d	21882_alex_e03m02_098	TAK UŽ CHCÍPNI!
4/5/45684a36.p3d	4798_maabr_126	Cíl opustil zónu, končíme.
4/5/45714aa9.p3d	17250_bwtrb_430	Je připravenej pitvat.
4/5/457811e0.p3d	451_bwbra_046	Znovu do toho, pokračujte v palbě!
4/5/457e7b5f.p3d	16782_bwabr_302	Držte se! Držte se!
4/5/45852132.p3d	14522_p_ham_108	Myslim, že mám zlomenou nohu -- sakra!
4/5/459325f7.p3d	15868_p_uem_056	Tam! Tam!
4/5/45a02a37.p3d	8031_mabhk_130	Do bezpečné vzdálenosti!
4/5/45a316bb.p3d	20525_nypda_pain_b	*argh*
4/5/45a5a2f3.p3d	4337_mar_c_194	Vyklidit!
4/5/45a5f9c6.p3d	7371_mabcm_039	Nepřítel je uvnitř perimetru, Red Crowne. Základna je narušena! Nevím, jak dlouho to udržíme, konec.
4/5/45a6d609.p3d	24893_nypda_247	Všichni se uklidněte! Uklidněte se!
4/5/45ae4516.p3d	1874_bwmls_012	Red Crown, potvrďte. Highball Nine je schopný akce.
4/5/45b3550f.p3d	12108_nypda_179	Dispečinku, podezřelý je v pohybu. Opakuji, v pohybu!
4/5/45ba287e.p3d	24018_bwhqb_e07m01_028	Red Crown všem jednotkám. Účinnost Bloodtoxu na ZEUSe potvrzena. Zásoby Bloodtoxu jsou na cestě do nakažených zón. Nasaďte podle potřeby. Konec.
4/5/45bc3f52.p3d	7725_mabra_165	Semper Fi, mariňáci. Oorah!
4/5/45c6d0ef.p3d	10656_mamls_203	Práce hotová, vracíme se na žrádlo a medaile, RC.
4/5/45c8aec5.p3d	24050_bwoff_events_011	To je Zeus! Na naší straně...?
4/5/45cd65ac.p3d	715_bwbra_300	Ven! Ven!
4/5/45ce3121.p3d	24266_p_haf_089	Tohle je šikana! Zasraná šikana!
4/5/45d5eee2.p3d	13913_p_fdf_196	Bože! Potřebuju doktora!
4/5/45d86a70.p3d	19810_magsp_098	Zkontrolujte si poškození při přeskupení, chci čisté křídlo na opětovný vysazení.
4/5/45d915a5.p3d	8441_mar_a_181	Utíká, on utíká! Máme ho v pohybu!
4/5/45dbd967.p3d	4763_maabr_091	Red Crowne, tady Ranger Dvě Sedm, máme tu velké ztráty.
4/5/45dfe463.p3d	17093_bwtrb_273	Dobře, co je to tu za rozruch?
4/5/45e6513c.p3d	18915_susol_303	Má to sílu.
4/5/45eae475.p3d	9218_mar_b_387	Přesně tak, utíkej, hajzle!
4/6/46023237.p3d	15515_p_suf_171	BĚŽ!
4/6/4606b7b3.p3d	15833_p_uem_021	Hej! Řekli poldové něco?
4/6/460d1b44.p3d	11467_maoff_354	Palte, palte, palte! Všichni dovnitř!
4/6/46132d18.p3d	16879_bwtrb_079	Zóna prázdná, přepínám.
4/6/46249a7b.p3d	13618_p_erm_140	Do krytu!
4/6/4627973e.p3d	10007_maf35_275	Stabilizuji! Skoro jsem to koupil, RC.
4/6/462adb97.p3d	7568_mabra_008	Na cíli. Ok, čekejte.
4/6/46335ab2.p3d	13138_p_ctf_127	Někdo, prosím, pomozte mu!
4/6/46356ae7.p3d	10499_mamls_066	Red Crown, spatřili jsme cíl Alfa, potřebujeme prioritní úderný balíček, přepínám.
4/6/463b5eb8.p3d	20664_p_erm_cheer_a	Jasně, jo! *smích*
4/6/463bff85.p3d	558_bwbra_153	Chraňte si boky.
4/6/46408e24.p3d	11811_nydisp_076	Jednotko, negativní.
4/6/4641c31a.p3d	24231_p_haf_073	Viděla jsem toho chlapa běžet tudy!
4/6/46448b40.p3d	13756_p_fdf_043	To je on, to je on! Tamhle!
4/6/4645bb3f.p3d	19685_bwhqb_163	Strike Bossi, návrat na základnu.
4/6/4647b1e9.p3d	8284_mar_a_023	Echo One Alpha. Mám ho přímo tady!
4/6/46490ed7.p3d	14629_p_ham_215	Kryjte seee!
4/6/46540f43.p3d	12371_nypda_443	Vypadni!
4/6/4654eaf6.p3d	18758_susol_146	Vypadni! Nenuť mě, abych ti kurva ublížil!
4/6/46559701.p3d	14269_p_fdm_085	Počkejte -- nestřílejte, nestřílejte!
4/6/4660a713.p3d	16590_bwabr_130	Jeďte rovnoběžně se zásahem!
4/6/4669e76b.p3d	7478_mabcm_146	Neukazuje se nám žádná aktivita. Přecházíme do žlutého stavu.
4/6/4670ce7e.p3d	15358_p_suf_016	Udělal to ten Mercer?
4/6/46718b32.p3d	351_bwbhk_320	Jedem, jedem, jedem!
4/6/4680a9db.p3d	11432_maoff_270	Je ve vozidle!
4/6/4686bed4.p3d	16844_bwtrb_044	Seš sakra mrtvej muž!
4/6/4687d114.p3d	4145_mar_c_013	Mrkni se pořádně támhle. Forreste, jdeš na to!
4/6/4694b072.p3d	17482_bwoff_141	Palte!
4/6/4697425c.p3d	23875_alex_003	Jádro celé věci.
4/6/469a4b8b.p3d	11049_mahqa_077	Negativní, potvrzujete?
4/6/469c5aa0.p3d	19917_magsp_205	Ehm, máme na těchto souřadnicích hodně hořáků, přepínám.
4/6/469d0336.p3d	8548_mar_a_289	Do prdele.
4/6/46a4b2ac.p3d	10272_mahqb_029	Tím je tohle uzavřeno.
4/6/46a6e9e3.p3d	13103_p_ctf_092	Zachraňte mě!
4/6/46a8c9f5.p3d	17322_bwtrb_502	Ustup, HNED!
4/6/46a8fca3.p3d	10464_mamls_031	Střelče, nech zapnuté automatické zbraňové systémy.
4/6/46aa60ce.p3d	10991_mahqa_039	Polní tým hlásí: zrušte aktuální operaci, přepínám.
4/6/46af912c.p3d	523_bwbra_118	Jsme blízko, hledejte dál, přepínám.
4/6/46b2794b.p3d	2160_bwmls_298	Bože, moje noha. Moje zasraná noha, jsem tu uvězněný.
4/6/46b94ce6.p3d	19650_bwhqb_128	Snižujeme úroveň hrozby. Prozatím přejděte na čisto.
4/6/46c87cb2.p3d	18723_susol_111	To je on, jdeme!
4/6/46c928be.p3d	14234_p_fdm_051	Držte se od něj dál!
4/6/46cd0feb.p3d	9026_mar_b_195	Máme je rozstřílet všechny?
4/6/46d7a983.p3d	8103_mabhk_202	Slyším tě.
4/6/46dd2240.p3d	4409_mar_c_267	Do háje!
4/6/46dd7927.p3d	7443_mabcm_111	Zavřete to. Všechny průzkumné týmy, návrat na základnu, konec.
4/6/46de5ccf.p3d	24965_nypda_511	*zasténání* Hajzle!
4/6/46e024ec.p3d	194_bwbhk_163	Cíl se rozjel, zaznamenejte vizuál, to je klíčové zpravodajství.
4/6/46e43652.p3d	20172_bwgsp_scream_a	*výkřik*
4/6/46e4f119.p3d	11915_nydisp_180	Hasiči a záchranáři byli o situaci informováni a míří k vaší pozici.
4/6/46e5c1d7.p3d	1946_bwmls_084	Red Crown, nic jsme nenašli. Mrtvý sektor.
4/6/46ef4680.p3d	11275_maoff_146	Pane.
4/6/46fe4db0.p3d	10728_mamls_275	Buď jsme to minuli, nebo to právě zastavilo naši nejlepší ránu.
4/7/4700c78d.p3d	11744_nydisp_029	10-4, stopa vychladla. Vraťte se na stanici a sepište hlášení.
4/7/4705b00b.p3d	24338_p_haf_126	Nechte je jít!
4/7/4709687b.p3d	825_bwgsp_065	Mnoho civilistů a vojáků mrtvých v zóně. Pošlete pomoc.
4/7/470ddd85.p3d	11014_mahqa_062	Velitelství potvrzuje.
4/7/471094f2.p3d	8513_mar_a_254	Který z nich je to!?
4/7/471358b3.p3d	4835_maabr_163	Je čas přitvrdit.
4/7/471763af.p3d	17165_bwtrb_345	Chystá se to hodit!
4/7/4719d698.p3d	19493_bwhqa_162	Potvrzuji poslední spojení, přiveďte zbytek balíčku domů, přepínám.
4/7/471d0ded.p3d	17884_bwtra_241	No, to přidává novou sakra taktickou komplikaci.
4/7/47249465.p3d	16697_bwabr_217	Všechny cíle likvidovány, vracíme se na základnu.
4/7/472638e5.p3d	14966_p_uwm_089	Co jsi... jsi snad šílenej? Nezabíjej mě!
4/7/472b3a4d.p3d	14437_p_ham_023	Vidíš tohle?
4/7/4737b141.p3d	24389_maoff_events_017	Tenhle chlap je DCODE? Dejte mu prostor.
4/7/473e3472.p3d	15905_p_uem_091	Sakra!
4/7/4747ee35.p3d	24699_bwabr_e08m02_17	Likvidujeme kůže, pozemní síly na cestě.
4/7/47513504.p3d	20752_p_fdm_cough_a	*kašel*
4/7/4751ef2e.p3d	24930_nypda_534	Jeeeeežíši!
4/7/47589de3.p3d	17589_bwoff_238	Vojáci, stáhnout se!
4/7/4759537e.p3d	1911_bwmls_049	Znovu se spojit a hlásit se, přepínám. Palba připravena.
4/7/4762d557.p3d	11240_maoff_084	Pěkná muška, chlapci.
4/7/47650a46.p3d	67_bwbhk_036	Palte, opakuji, palte.
4/7/4768a013.p3d	10379_mahqb_116	Rozptylte se, buďte ve střehu a udržujte disciplínu.
4/7/47698348.p3d	11965_nypda_040	Dispečinku, tady Charlie Nineteen. Rozumím.
4/7/476ee83d.p3d	25286_nypda_183	Podezřelý je mobilní, dispečinku. Podezřelý je mobilní!
4/7/477c0a8a.p3d	13828_p_fdf_113	Nakažení, tamhle!
4/7/477ddc36.p3d	4672_mar_c_511	Neeee!
4/7/477e8616.p3d	19725_magsp_013	Tornado Hotel Devět volá Chalk Tři. Naveďte mě na ně, mariňáci. Označte vlastní jednotky infra značkami, přepínám.
4/7/477f2eab.p3d	8356_mar_a_096	Hlídejte svou zónu. Pohyb se mnou. Oči vpřed.
4/7/4781f4f8.p3d	4678_maabr_006	Ranger Dvě Sedm se blíží, přepínám.
4/7/4786400c.p3d	24540_alex_e04m01_544	Je to důstojník. Ten to bude vědět.
4/7/4786ea5a.p3d	4800_maabr_128	Cíl zmizel, Red Crowne. Stáhněte nás, přepínám.
4/7/4787332a.p3d	20371_magsp_choke_d	*dušení*
4/7/478af56b.p3d	17130_bwtrb_310	Nepřátelské velitelství nalezeno. Zaútočit.
4/7/478b8e8f.p3d	12443_nypda_515	*zasténání* Pomozte mi! Pomoc!
4/7/478efd6a.p3d	22635_mabhk_e09m01_004	Tady Ghost Tři Tři Osm Čtyři, jsme připraveni!
4/7/479183e3.p3d	1047_bwgsp_286	Nepadá to, zkuste další nálet, přepínám.
4/7/4799caa1.p3d	14931_p_uwm_054	Hej! Hej! Hej, vidíš ho!?
4/7/479b6530.p3d	19189_p_hlf_111	Sakra! Schovej se!
4/7/47a05a90.p3d	19311_p_hlf_231	Do prdeleeee!
4/7/47a32fd1.p3d	23952_alex_080	Nevím, jak jsem to udělal. Prostě se to stalo.
4/7/47a4625b.p3d	24438_speci_e10m04_004	Neporazit tě nestačí, Mercere. Chci BÝT tebou.
4/7/47a52a44.p3d	11848_nydisp_113	Všechny jednotky, zdá se, že ho máme. Zatím nepotvrzeno.
4/7/47b2eecf.p3d	22546_bwtrb_e05m01_046	ZEUS spatřen. Zapojuji se.
4/7/47b82907.p3d	11504_maoff_331	Vypadněte, hned!
4/7/47be93b1.p3d	23904_alex_032	Teď potřebuju jeho.
4/7/47bf4dd6.p3d	4217_mar_c_086	Nahlaste to. Potřebujeme sem záchranáře.
4/7/47c08bce.p3d	24773_nypda_405	Rány do hlavy! Rány do hlavy!
4/7/47c29b54.p3d	14770_p_mtf_126	Nedělejte to!
4/7/47cc2fbe.p3d	17554_bwoff_213	Slyším tě.
4/7/47d3a72d.p3d	15283_p_mtm_171	Honí nás to!
4/7/47d5ea14.p3d	7605_mabra_045	Přej si dobrou noc.
4/7/47da642f.p3d	22293_bwhqa_e10m04_068	Piloti na palubě, poplach, poplach! Dostaňte ty Ptáky z paluby do boje!
4/7/47dc2f44.p3d	10344_mahqb_081	Stav, hned teď.
4/7/47dd150e.p3d	11930_nypda_015	Tady Charlie Nineteen. Tady je všechno v pořádku.
4/7/47e07bef.p3d	10536_mamls_103	Žádné výstřely, tank nahoru. Manévrujte, manévrujte!
4/7/47e28565.p3d	25251_nypda_468	Zpátky!
4/7/47e7e66c.p3d	24146_p_haf_209	Neeee!
4/7/47f0ed44.p3d	22279_bwhqa_e10m04_054	Kód půlnoc, kód půlnoc, jsme v hluboké nouzi, cokoli ozbrojeného a létajícího se musí naléhavě vrátit na základnu. HNED.
4/7/47f2c067.p3d	8321_mar_a_061	Máš to, mrcho!
4/7/47fa2849.p3d	12286_nypda_358	Nepřítel!
4/7/47fe2a03.p3d	20726_p_fdf_gasp_c	*lapání po dechu*
4/7/47ff394e.p3d	17692_bwtra_049	Teď zrovna ne.
4/8/4800a809.p3d	14306_p_fdm_122	Někdo, pomoc!
4/8/4805159f.p3d	1012_bwgsp_251	Fůů, skoro nás to dostalo, stabilizujte a seřaďte se na cílové zóně, přepínám.
4/8/480ef44c.p3d	19154_p_hlf_076	To je ten chlap!
4/8/481a435c.p3d	7995_mabhk_094	Nemáme žádnou viditelnost.
4/8/482144ad.p3d	18170_bwtra_527	Ne, ne -- ne, prosíím!
4/8/48254317.p3d	22275_bwhqa_e09m01_050	ZEUS na palubě, kontakt navázán! Uvolněte přistávací zónu! Všichni vzhůru!
4/8/4826c5a8.p3d	11347_maoff_203	Vždyť mě znáš, ty mě sakra znáš!
4/8/482d7b7f.p3d	20428_maoff_pain_a	*argh*
4/8/483ac978.p3d	17397_bwoff_056	Máme tu hromadu kouře a sutin.
4/8/484e1ef3.p3d	21853_alex_e03m01_069	Jsou rozptýlení. Ještě Parkerovou nezajistili.
4/8/484ee2fb.p3d	17237_bwtrb_417	Tohle se mi líbí! Spousta ohně!
4/8/485116dd.p3d	25094_nypda_045	Dispečinku, neslyším vás.
4/8/48540b0b.p3d	10501_mamls_068	Máme to, přímo doprostřed. Udržujte zaměření.
4/8/48548d39.p3d	17956_bwtra_313	Drž se z dostřelu!
4/8/4855aa47.p3d	438_bwbra_033	Spouštíme palbu na nepřítele!
4/8/48589510.p3d	2075_bwmls_223	Řízení palby říká, že tu máme skoro hotovo. Zasáhněte to znovu.
4/8/485c1126.p3d	16769_bwabr_289	Máme zásah, ale jsme celí, přepínám.
4/8/485f663f.p3d	19565_bwhqb_063	Ano, povoleno.
4/8/486007d4.p3d	4480_mar_c_338	Bojuj s ním, Charlie!
4/8/4862b70e.p3d	14509_p_ham_095	Do prdele!
4/8/486dba05.p3d	12251_nypda_323	Co to sakra bylo!?
4/8/486e2e4c.p3d	13473_p_ctm_230	Ó, bože můj!
4/8/48702052.p3d	23044_tagga_e09m03_004	Tady Taggart. Jsme míli daleko.
4/8/487a51d5.p3d	16470_bwabr_010	Blackjacku, jedeme a jsme připraveni, přepínám.
4/8/487dc289.p3d	8018_mabhk_117	Thunder Čtyři Pět přechází na průzkum, přepínám.
4/8/487ee8b7.p3d	24523_alex_e03m01_527	Rakety?
4/8/4883922d.p3d	7358_mabcm_026	Útok nepřítele na polní velitelství. Protiopatření zavedena, konec.
4/8/488688f7.p3d	14877_p_mtf_231	Áááách!
4/8/488b35f4.p3d	231_bwbhk_200	Nepřítel v otevřeném terénu, pálíme.
4/8/488d9b75.p3d	23020_ragla_e06m02_040	Pojď si pro to!
4/8/488dd503.p3d	7960_mabhk_059	Cíl zničen, kam teď, Red Crowne?
4/8/4893fd13.p3d	21732_speci_e04m04_034	Sundejte ZEUS -- hned!
4/8/48990bff.p3d	15095_p_uwm_218	Ty mě r-rozmačkáváš!
4/8/489a54c4.p3d	11312_maoff_168	Mám potvrzeno!
4/8/48a5496a.p3d	9361_mar_b_530	Ne, ne, urgh -- serte naaa!!!
4/8/48a97299.p3d	20381_magsp_pain_b	*argh*
4/8/48aa8628.p3d	21718_speci_e04m04_020	Ne!
4/8/48ae5b34.p3d	17362_bwoff_021	To je jasné potvrzení pro ZEUSE.
4/8/48b10776.p3d	16034_p_uem_219	Ne! *zasténání* Nedělej to!
4/8/48b6adf7.p3d	8428_mar_a_168	Právě jsem si posral kalhoty.
4/8/48bf421f.p3d	22210_bwbhk_e03m01_03	Red Crown, ztratili jsme kontrolu. Zadržovací zóna Jedna byla narušena.
4/8/48c2722c.p3d	17202_bwtrb_382	Obranné pozice!
4/8/48c326f3.p3d	17799_bwtra_156	Je to mrtvé? Tomu nevěřím.
4/8/48c81c55.p3d	17921_bwtra_278	Ale, přesně tohle jsem potřeboval.
4/8/48c876cf.p3d	21994_alex_e05m03_210	Tenhle je živý.
4/8/48cfa2e2.p3d	16734_bwabr_254	Pojďme tu věc sundat, přepínám.
4/8/48d2f7e6.p3d	19530_bwhqb_028	Stáhněte se z pátrání. Čekejte na další rozkazy.
4/8/48d69800.p3d	20197_bwmls_scream_b	*výkřik*
4/8/48d84c21.p3d	9973_maf35_241	Máme volno, máme volno, balíme to, přepínám.
4/8/48dc53be.p3d	12094_nypda_165	*sténání* Vůbec nic nevidím -- je tam někdo?
4/8/48e22793.p3d	18603_susol_001	Jsou všichni mrtví! Jsou všichni zasraně mrtví! Přepínám.
4/8/48f7f9c9.p3d	24845_nypda_097	Pošlete úderný tým, dispečinku. Mám ID podezřelého.
4/8/48fa1813.p3d	14842_p_mtf_196	Bože! Potřebuju doktora!
4/8/48fe9fa4.p3d	11903_nydisp_168	Záchranka je na cestě. Ví někdo, kolik policistů je zraněno? Hlaste.
4/9/49078c10.p3d	24576_alex_e06m02_579	Nezabíjejte to, vy blbí hajzlové!
4/9/4908f122.p3d	11155_maoff_015	Klid, chlapci, klid. RC, máte pro nás něco? Přepínám.
4/9/490c9b30.p3d	15060_p_uwm_183	Jak nejrychleji můžeš!
4/9/4913ae90.p3d	10416_mahqb_153	Připravte se na nasazení úderného týmu.
4/9/491a0144.p3d	25323_nypda_461	Zkontrolujte zásobníky!
4/9/491a762d.p3d	11732_nydisp_017	Všechny jednotky, hlídejte podezřelého, Mercer, Alexander, běloch, sto sedmdesát osm centimetrů, tmavé vlasy, modré oči.
4/9/491b1447.p3d	22140_alex_e09m03_357	Dokud se neuvolní, nedostanu se dovnitř.
4/9/491f5b24.p3d	24218_p_haf_030	Někdo se nechal zabít.
4/9/4923f579.p3d	4587_mar_c_445	To bylo fakt o vlásek!
4/9/492d0375.p3d	4715_maabr_043	Senzory blikají. Vypadá to na zrůdy. Kryjte si záda.
4/9/49310e71.p3d	17045_bwtrb_225	Průkaz, nebo střílím!
4/9/4931a7aa.p3d	12358_nypda_430	Došla mi munice!
4/9/49338198.p3d	19373_bwhqa_062	Rozumím.
4/9/4936b8af.p3d	17764_bwtra_121	Cíl na dohled. Připravuji se.
4/9/493e3f65.p3d	16577_bwabr_117	Hořák sražen, polní jednotky potvrďte.
4/9/4940e710.p3d	21784_alex_e01m01_001	Co se to děje...kdo sakra jsou tihle chlapi?
4/9/49424f68.p3d	22369_bwoff_e01m01_012	Nikdo neopouští oblast. Nulová tolerance. Jakýkoli Runner, platí nekompromisní politika čisté zóny.
4/9/49467396.p3d	19226_p_hlf_146	Sakra!
4/9/494f2384.p3d	338_bwbhk_307	Klid, klid, seskupme se. Vynulovat to.
4/9/495059c4.p3d	13281_p_ctm_040	No tak!
4/9/4954df34.p3d	21836_alex_e02m02_052	Sakra. Musí existovat jiná cesta dovnitř.
4/9/495acafa.p3d	20988_p_uem_cheer_a	Jůůů! Jasně, chlape!
4/9/495e422d.p3d	11419_maoff_257	Páni!
4/9/4968149d.p3d	20951_p_suf_cough_d	*kašel*
4/9/4968b46f.p3d	14685_p_mtf_041	Bože můj! To je on!
4/9/4968b7fa.p3d	22687_maf35_e10m04_018	Jestli mi někdo dokáže dostat ty zasraný věci z cesty, sakra bych to ocenil.
4/9/496b8aef.p3d	24810_nypda_017	Dobrá práce, kluci -- máme to hotové.
4/9/497248c4.p3d	17469_bwoff_128	Tohle je vaše poslední varování.
4/9/4979c035.p3d	15198_p_mtm_088	Já? Ty si děláš srandu, že jo?
4/9/497e24b2.p3d	25422_alex_e06m02_703	Smůla.  Nechce padnout!
4/9/497eb820.p3d	15320_p_mtm_208	Pomoc!
4/9/4980bc4d.p3d	20961_p_suf_gasp_b	*lapání po dechu*
4/9/49824b13.p3d	10259_mahqb_016	Cíl je ztracen, obkličte pátrací zónu.
4/9/49863917.p3d	22462_bwtra_e06m05_054	Pohyb, pohyb, pohyb!
4/9/49865fbc.p3d	17309_bwtrb_489	Vlastní v křížové palbě!
4/9/4987f935.p3d	10978_mahqa_026	Rozumím, Kilo jedna jedna, upevněte pozemní pozice, přepínám.
4/9/499011b2.p3d	2147_bwmls_285	Poškození potvrzeno. Stále schopni zásahu.
4/9/4996e54d.p3d	19637_bwhqb_115	Bezpečnostní úroveň Delta. Udržujte Deltu až do dalších rozkazů.
4/9/49978735.p3d	4552_mar_c_410	Nejsem to já, myslím, nejsem to já!
4/9/499b9aa1.p3d	21562_bwabr_254	Pojďme tu věc sundat, přepínám.
4/9/49a49da2.p3d	17010_bwtrb_190	Najděte ho! Identifikujte se!
4/9/49a536c6.p3d	12323_nypda_395	Prosím, chlape, mysli na mýho kluka!
4/9/49ab4ba9.p3d	22794_maoff_e08m04_058	Myslím, že to máme! Máme to!
4/9/49b1ce96.p3d	16542_bwabr_082	Blackjack nabitý a zajištěný, čeká na zásah.
4/9/49b884cc.p3d	20852_p_hlf_pain_a	*argh*
4/9/49ba77c0.p3d	9781_maf35_069	Voodoo Sedm, máme nasazení, můžete to zkontrolovat? Přepínám.
4/9/49babd57.p3d	8955_mar_b_124	Je s tebou KONEC!
4/9/49bed8e4.p3d	11836_nydisp_101	Všechny jednotky, buďte ve střehu. Podezřelý na útěku.
4/9/49bf4d36.p3d	20065_magsp_333	Ztrácíme ovládání. Ovládání je pryč. Točíme se. Húú! Točíme se -- Jeéé!
4/9/49c2b2b5.p3d	303_bwbhk_272	Je to zamítnuto, vracíme se na základnu.
4/9/49c75dc8.p3d	18085_bwtra_442	Další den, další zázrak, že jsem přežil.
4/9/49db004a.p3d	20847_p_hlf_gasp_d	*lapání po dechu*
4/9/49e59ca2.p3d	14580_p_ham_166	Ah, do prdele. Nedělej to, kámo!
4/9/49e5d7f5.p3d	17434_bwoff_093	Tohle může být naše nejlepší šance na ZEUSE! STŘELTE HO!
4/9/49ed51f3.p3d	15163_p_mtm_055	Zastavte ho! Zastavte ho!
4/9/49fc28a4.p3d	25131_nypda_147	Dispečinku, mám toho hajzla na mušce. Jdu na to!
4/9/49ffc241.p3d	22071_alex_e07m02_287	Tahle věc je jako rakovina v tekuté podobě. Za každou cenu se jí vyhni....
4/a/4a0034d0.p3d	24559_alex_e05m02_562	Sakra! Je jich moc!
4/a/4a03a38d.p3d	2112_bwmls_260	Zahajuji těžkou palbu, opakuji, těžkou palbu. Vypouštím náklad.
4/a/4a0620ef.p3d	4395_mar_c_253	To je ten! Chytněte ho!
4/a/4a06c76d.p3d	25475_alex_e09m03_702	Nic tě přede mnou neochrání.  Ani lidi, ani zbraně, ani pancíř.
4/a/4a0a747e.p3d	19602_bwhqb_080	Negativní, ozvěte se.
4/a/4a13d30b.p3d	12166_nypda_238	Sakra, chlape, ne!
4/a/4a144752.p3d	13388_p_ctm_145	Kryjte se!
4/a/4a1b557d.p3d	8798_mar_a_519	Kurva!
4/a/4a242848.p3d	24469_bwoff_e01m02_010	Mluvíme tu o Blacklightu, vojíne. Tohle je ten velký. Hlaste se!
4/a/4a2d24e2.p3d	20773_p_fdm_pain_b	*argh*
4/a/4a2e4c73.p3d	8920_mar_b_089	Sakra práce. Pátrání negativní, Red Crown. Potřebuju zdravotníky a transport pro naše muže, přepínám.
4/a/4a2f78b5.p3d	24917_nypda_136	Dispečinku, tady Two Juliet Eleven. Jsem 10-84, zůstaňte na příjmu.
4/a/4a3139f7.p3d	5001_maabr_309	Hoříme na palubě! Hoříme!
4/a/4a314efa.p3d	146_bwbhk_115	Red Crown, čekáme na úderovou podporu! Dostaňte toho hajzla.
4/a/4a32dc52.p3d	20030_magsp_298	Whoa! Red Crown, Red Crown, tým Tornado dostal zásah. Systémy funkční. Znovu nasazujeme.
4/a/4a332125.p3d	24086_bwoff_events_047	Bitva je téměř naše -- tlačte dál.
4/a/4a3aef6f.p3d	18050_bwtra_407	Nevidíte, že se nás snaží poštvat proti sobě? Je to ON!!
4/a/4a4070c8.p3d	11227_maoff_114	Jsme bez stopy, opakuji, bez stopy, zrušte to, přepínám.
4/a/4a46ccac.p3d	18973_susol_361	Nepřítel! Nepřítel!
4/a/4a4b6270.p3d	9276_mar_b_445	Ne! Ne! Mámoo!
4/a/4a4d87e0.p3d	21819_alex_e01m02_036	Sakra! Tohle jsem nepotřeboval!
4/a/4a5b74e4.p3d	4659_mar_c_527	Střílejte to!
4/a/4a5f8d51.p3d	22515_bwtrb_e03m01_015	Ten stařík to řídí -- osobně. Taggart tady není ten hlavní.
4/a/4a62b01d.p3d	15573_p_suf_229	Sakra, neeeeeeeee!
4/a/4a67330c.p3d	15891_p_uem_077	Tady to je. Přímo tady!
4/a/4a688b32.p3d	17117_bwtrb_297	Máme rudý rozptyl, přepínám.
4/a/4a6b00a6.p3d	19445_bwhqa_114	Tady Red Crown, klíčové jednotky jsou připraveny. Čekejte na kódy, přepínám.
4/a/4a6e3570.p3d	17836_bwtra_193	Do prdele.
4/a/4a75bc26.p3d	16649_bwabr_189	Blackjack na průzkumu, přepínám.
4/a/4a776308.p3d	14918_p_uwm_041	Vidím ho!
4/a/4a79b296.p3d	4360_mar_c_218	Ten hajzl je dole!
4/a/4a7e6565.p3d	9888_maf35_176	Cíl zasažen, máme potvrzení, přepínám.
4/a/4a7f0fc2.p3d	11769_nydisp_054	Policisté, hlaste se.
4/a/4a8515d6.p3d	13676_p_erm_198	*vzlyk* Krvácím!
4/a/4a8764c6.p3d	12131_nypda_202	Ále, na to seru.
4/a/4a87d90e.p3d	13353_p_ctm_110	Slyší mě někdo!?
4/a/4a892918.p3d	20393_mamls_choke_b	*dušení*
4/a/4a8ee4ae.p3d	8763_mar_a_484	Pozor, zastavte tu palbu!
4/a/4a93b516.p3d	24425_maoff_events_053	Tady Alfa 4 -- ztrácíme linii, stáhněte se.
4/a/4a93d622.p3d	13196_p_ctf_185	Jen běž!
4/a/4aa033bb.p3d	14757_p_mtf_113	Mají tu nemoc!
4/a/4aa4de2b.p3d	111_bwbhk_080	Máme jasný výhled na cíl, přepínám.
4/a/4ab09fd4.p3d	22903_mar_b_e06m01_032	Pane!
4/a/4abaad75.p3d	11917_nypda_002	A žena právě zaplatila dvě stě babek za sestřih. Sakra, já bych to udělal za dvacet.
4/a/4abef42c.p3d	9241_mar_b_410	Konec hry, hajzle. *odplivnutí*
4/a/4ac01970.p3d	25238_nypda_305	Dolů! DOLŮ!
4/a/4ac492f9.p3d	8196_mabhk_275	Držte linii, Red Crowne, přepínám.
4/a/4acf03f6.p3d	4624_mar_c_482	Co máš!? No tak! Udělej to!
4/a/4ad058b8.p3d	8308_mar_a_047	Pohyb a palba, pohyb a palba!
4/a/4ad95e10.p3d	22394_bwoff_e07m04_037	Plyn, plyn, plyn! Ta konstrukce tady dostává zásahy. Ztratili jsme jednu z hlavních nádrží. Vypadá to, že plní vzduch tou toxickou sračkou.
4/a/4adcd1d4.p3d	17679_bwtra_046	Ne, přepínám.
4/a/4ade8fc2.p3d	19410_bwhqa_079	Negativní. Potvrďte?
4/a/4ae127a1.p3d	11490_maoff_317	Zastavte palbu! To je rozkaz!
4/a/4ae1c717.p3d	17801_bwtra_158	Potvrzené zabití, konec spojení.
4/a/4ae94de2.p3d	16614_bwabr_154	Cíl zneškodněn.
4/a/4af1f721.p3d	9853_maf35_141	Nepřítel se chystá vypálit, udělejte si prostor.
4/a/4af8a792.p3d	13641_p_erm_163	Přestaň! Přestaň! Proboha, přestaň!
4/a/4afba455.p3d	10030_maf35_298	Držím se tu stabilně. Dost na to, abych dokončil práci.
4/a/4afcd5d2.p3d	19975_magsp_243	Red Crown, negativní.
4/a/4afdb55e.p3d	22866_mar_a_e08m04_047	Zase to jde, vylézá to z ulice. Pozor!
4/a/4afedd14.p3d	18157_bwtra_514	Pusť mě, ty slizkej mikrobní pytli!
4/a/4afee8c3.p3d	7591_mabra_031	Povolení k útoku, vaše čelo je Mike Dva Alfa.
4/b/4b0767de.p3d	13161_p_ctf_150	Zmiz odsud!
4/b/4b100c9c.p3d	581_bwbra_176	Red Crown, mise splněna, ZEUS je dole.
4/b/4b13c2d7.p3d	14722_p_mtf_078	Tamhle! Přímo tamhle!
4/b/4b1d5741.p3d	17506_bwoff_165	Myslíš, že jsem to já? Nebuď zasranej idiot!
4/b/4b213d73.p3d	22566_bwtrb_e06m05_067	Naskočte na síť -- řekněte Red Crownu, že tu máme vyvíjející se situaci.
4/b/4b24d13d.p3d	15235_p_mtm_125	Pane! Policie je na cestě!
4/b/4b28f80d.p3d	18781_susol_169	Cíl je vychytralej!
4/b/4b29a6a3.p3d	14292_p_fdm_108	Nechci to vidět! Nikdy si to nechci pamatovat!
4/b/4b2b20b0.p3d	15998_p_uem_183	Jak nejrychleji můžeš!
4/b/4b2d8de6.p3d	9084_mar_b_253	Myslím, že v oblasti ještě máme nepřítele.
4/b/4b33a143.p3d	25203_nypda_085	Dispečinku, tady Charlie Nineteen. Je tu všude plno hořáků.
4/b/4b3424cd.p3d	11720_nydisp_005	Honička uniká jednotce, přepínám.
4/b/4b3824b5.p3d	8161_mabhk_240	Nejde to a vracíme se na základnu.
4/b/4b3da03b.p3d	4467_mar_c_325	Pozor na střely!
4/b/4b44db95.p3d	15381_p_suf_039	Vzbuď se!
4/b/4b4b526c.p3d	12238_nypda_310	Tady je!
4/b/4b5063af.p3d	17644_bwtra_021	Uvidíme se.
4/b/4b5439d0.p3d	7855_mabra_275	Čtyři šedesát je moje minimum, ano paní.
4/b/4b601e71.p3d	19106_p_hlf_030	Někdo se nechal zabít.
4/b/4b68cbbb.p3d	218_bwbhk_187	Nepřítel zlikvidován, vracíme se na základnu, přepínám.
4/b/4b69e676.p3d	883_bwgsp_123	Přichází to, přichází to!
4/b/4b6adb58.p3d	24430_mabhk_e03m02_002	Máme rudý cíl na druhé hodině. Blížíme se.
4/b/4b6b6d6a.p3d	7947_mabhk_046	Red Crowne, zásahy, ale žádné zabití, zůstat na cíli?
4/b/4b6e5b42.p3d	11072_mahqa_100	Dej mi aktuální stav.
4/b/4b7067b7.p3d	19940_magsp_228	Možný cíl na senzorech. Provádíme přelet. Hlaste pohyb.
4/b/4b7112ed.p3d	8571_mar_a_312	Vidělas to!?
4/b/4b726c30.p3d	18122_bwtra_479	Vypněte spojení.
4/b/4b82e1bc.p3d	9348_mar_b_517	Ne! Do prdele!
4/b/4b8bb5bd.p3d	14495_p_ham_081	Nejsem ten chlap, sakra!
4/b/4b8bf386.p3d	17349_bwoff_008	Potvrzeno, je to ZEUS, pošlete všechno, co máte!
4/b/4b98606e.p3d	15200_p_mtm_090	Klid! Zhluboka dýchej!
4/b/4b9eb257.p3d	15963_p_uem_148	Proč střílí po nevinnejch!?
4/b/4ba2450a.p3d	25046_nypda_128	Kdy tohle skončí?
4/b/4ba3e416.p3d	22727_mahqa_e09m03_027	Tady velitelství. Máme několik protichůdných hlášení o poloze ZEUSE.
4/b/4ba5b4bc.p3d	17908_bwtra_265	Došel nám ohňostroj.
4/b/4bae940b.p3d	21965_alex_e05m02_181	To nechceš vědět.
4/b/4bb0904d.p3d	19517_bwhqb_015	Zahajte prokládané pronásledování.
4/b/4bb12f6c.p3d	4432_mar_c_290	Zastavit palbu! Cíl dole!
4/b/4bbee188.p3d	12203_nypda_275	Co to sakra je!?
4/b/4bbf55cf.p3d	13425_p_ctm_182	Uhni! Uhni!
4/b/4bc2d653.p3d	7698_mabra_138	Zasáhni ho hned, nebo ustup!
4/b/4bc7cb8c.p3d	7820_mabra_240	Vypadá to, že padouši už dnes skončili, přepínám.
4/b/4bd25ac7.p3d	10751_mamls_298	Otočte vozidlo, než nás to trefí znovu.
4/b/4bd3f1e6.p3d	688_bwbra_013	K čertu s tím, Razorback Jedna se stahuje.
4/b/4bd46857.p3d	8835_mar_b_024	Geisler říkal, že viděl, jak tihle hajzlové upálili celou rodinu. Celou zasranou rodinu!
4/b/4bd7b07a.p3d	14829_p_mtf_183	Jak nejrychleji můžeš!
4/b/4bd884e4.p3d	11824_nydisp_089	Důstojníku, potřebuju 10-1 hned teď.
4/b/4bd9bd3a.p3d	24361_p_haf_152	Zasranej cvok!
4/b/4bdc85e3.p3d	13886_p_fdf_169	Prosím! Nedělejte to! Prosím!
4/b/4bdeff26.p3d	7912_mabhk_011	Kroužíme. Padesát uzlů, oči na stopkách.
4/b/4bdf0186.p3d	19783_magsp_071	Cíl se ukryl.
4/b/4bea3397.p3d	15047_p_uwm_170	Ach bože. Néé! Ježiši. Prosím!
4/b/4bece5b2.p3d	18888_susol_276	Vyklidit oblast!
4/b/4bed9448.p3d	14399_p_fdm_215	Nestůj tam jen tak!
4/b/4bf670ed.p3d	9313_mar_b_482	Pohyb, pohyb!
4/b/4bfa7995.p3d	22431_bwtra_e04m01_023	Plný poplach, jdeme do boje, nepřítel uvnitř perimetru!
4/b/4bff4764.p3d	14460_p_ham_046	Tam! Vidím ho!
4/c/4c08c938.p3d	15488_p_suf_144	K zemi -- hned!
4/c/4c15d361.p3d	25011_nypda_022	Dispečinku, něco tu nehraje. Jdu se rozhlédnout.
4/c/4c1ad525.p3d	24000_bwhqb_e02m01_001	Všechny jednotky Sigma, sbíhejte se v Central Parku k okamžité extrakci.
4/c/4c1eb952.p3d	16974_bwtrb_154	Zůstaň zpátky, nebo tě zastřelím.
4/c/4c2201ba.p3d	22720_mahqa_e05m03_020	Stalker šest nula, potvrďte poslední zprávu.
4/c/4c2d7dc8.p3d	12046_nypda_113	Dispečinku, pošlete záchranku na mou pozici. Budou tu oběti. Stabilizuju ho, ale odpovězte, přepínám.
4/c/4c2da3a8.p3d	22763_maoff_e06m01_027	Vypadá to, že běží na sever přes Central Park! Všechny dostupné jednotky v té oblasti, zachyťte ho!!
4/c/4c2df216.p3d	13268_p_ctm_027	Tohle je pěkně ošklivá sračka.
4/c/4c3026de.p3d	13713_p_erm_235	Argh. Ah, ah, aaaargh!
4/c/4c36680f.p3d	7663_mabra_103	Kontakt ztracen, musí to tu být, jen to nevidíme.
4/c/4c39175d.p3d	90_bwbhk_059	Netušil jsem, že jich je tolik. Kriste.
4/c/4c39f5b6.p3d	8800_mar_a_521	Stáhnout se!
4/c/4c3ee72a.p3d	13233_p_ctf_222	Můj krk!
4/c/4c40f75f.p3d	10594_mamls_161	Honba za Ghostem, připraveni na dvanácté.
4/c/4c478be8.p3d	653_bwbra_248	Zabíjecí zóna čistá, jsme čistí. Balíček se vrací na základnu.
4/c/4c50179f.p3d	13851_p_fdf_134	Střelec! Tamhle!
4/c/4c5c4dfc.p3d	15307_p_mtm_195	Bože...je mi tak zima.
4/c/4c5dc53e.p3d	15012_p_uwm_135	Sakra! K zemi!
4/c/4c60776e.p3d	18853_susol_241	D-Code, v akci!
4/c/4c612379.p3d	14364_p_fdm_180	Zmiz odsud!
4/c/4c650d32.p3d	9156_mar_b_325	Lehni si, kurva!
4/c/4c659385.p3d	1070_bwgsp_309	Pořád jsme připraveni jet.
4/c/4c6fa401.p3d	8233_mabhk_312	Ztratil jsem kontrolu.
4/c/4c751cfc.p3d	4539_mar_c_397	Bože, ne!
4/c/4c7c5adf.p3d	15453_p_suf_109	Zavolejte hasiče!
4/c/4c84aba6.p3d	19325_bwhqa_014	Rozumím, Red Crown vyhodnocuje ztrátu cíle, čekejte.
4/c/4c87e032.p3d	17716_bwtra_073	Cíl je v Zóně, žádám leteckou podporu, autorizace Bravo Whiskey Pět Čtyři Devět.
4/c/4c8f66e8.p3d	16529_bwabr_069	Prohledejte terén. Cíl je tu někde.
4/c/4c935d78.p3d	4240_mar_c_109	Red Crown, tady Chalk Tři. Kůže na těchto souřadnicích. Moji hoši je rozkoušou.
4/c/4c981027.p3d	9768_maf35_056	Nechoďte do černé a hořící oblasti, lidi. Nechceme palbu na vlastní.
4/c/4c98be62.p3d	11757_nydisp_042	Máte pachatele, je to tak, přepínám?
4/c/4c9ec098.p3d	13556_p_erm_078	Jsem si jistý! Přímo tam!
4/c/4ca10ce4.p3d	12011_nypda_078	Dispečinku, možná budu potřebovat 10-85 na tohle.
4/c/4ca88fae.p3d	8643_mar_a_384	Ten hajzl to má obrněný! Protipancéřovku!
4/c/4cab5331.p3d	4965_maabr_273	Ranger Dvě Sedm se stahuje, přepínám.
4/c/4cad80e5.p3d	13076_p_ctf_066	Co? To je on!?
4/c/4caf5e6b.p3d	17295_bwtrb_475	Roztrhejte to na kusy!
4/c/4caf7393.p3d	21896_alex_e03m03_112	SKORO to mám!
4/c/4cb625b7.p3d	496_bwbra_091	Tak TOHLE je pořádná zkáza.
4/c/4cbc86c8.p3d	25482_alex_e07m01_701	Přijato, konec.
4/c/4cc33509.p3d	14567_p_ham_153	Pozor na tank!
4/c/4ccf1128.p3d	18696_susol_084	Nakažená struktura připravená k demolici. Zavolejte ženisty.
4/c/4cd37d13.p3d	20373_magsp_dying_b	*chroptění*
4/c/4cd89c63.p3d	9121_mar_b_290	Bože... ať mu to někdo řekne kaplanovi.
4/c/4cd9c92c.p3d	25118_nypda_388	Prosím, můj kluk má zítra narozeniny!
4/c/4cde3df9.p3d	8076_mabhk_175	Jsme v zabijácké zóně a připraveni k útoku, přepínám.
4/c/4ce7e673.p3d	21782_speci_e04m04_084	Jo.
4/c/4ce8aeb8.p3d	4504_mar_c_362	Sám sis o to řekl!
4/c/4cfaa850.p3d	22742_maoff_e02m05_006	Základno Bravo, tady oddíl Bravo jedna na čele, náš perimetr je narušen!
4/c/4cfad2bf.p3d	11370_maoff_226	Dobrá práce, vojáci. Máme ho.
4/c/4cfe6f88.p3d	21768_speci_e04m04_070	Red Crown, žádám prioritní letecký odsun pro Almighty. Přístupový kód Charlie Oscar Charlie. Potvrďte, přepínám.
4/d/4d0ba1e3.p3d	9733_maf35_021	Odpoutávám se, opakuji, odpoutávám se.
4/d/4d0be4da.p3d	8907_mar_b_076	Mám na tohle negativní, Red Crown. Negativní.
4/d/4d0fff7c.p3d	798_bwgsp_038	Na stopě! Udržuji vizuál, přepínám.
4/d/4d1074b9.p3d	20017_magsp_285	Letecká podpora nemůže znovu najít nepřítele. Red Crown, pošlete nový vektor cíle, přepínám.
4/d/4d125254.p3d	13521_p_erm_043	Uh, to je on, to je on!
4/d/4d14f4f3.p3d	920_bwgsp_160	Střílím. Rozumím, Věži.
4/d/4d1680d2.p3d	19855_magsp_143	Možná protiletadlová palba.
4/d/4d172bf3.p3d	8486_mar_a_227	Stůj, nebo střelím!
4/d/4d18854b.p3d	18037_bwtra_394	Počkej, mám to!
4/d/4d1ee4d8.p3d	4930_maabr_238	Jsme teď hluboko v hovnech, velitelství!
4/d/4d2112a2.p3d	13041_p_ctf_032	Pozor!
4/d/4d22f027.p3d	17260_bwtrb_440	Hijá!
4/d/4d29b75e.p3d	461_bwbra_056	Ten rudej se domů nedostane.
4/d/4d3020dd.p3d	16792_bwabr_312	Skákejte! Neeeee!
4/d/4d36c6b0.p3d	14532_p_ham_118	Další! Jdou sem!
4/d/4d3cfb7c.p3d	23898_alex_026	Tak tohle je velitel.
4/d/4d3dae3b.p3d	21900_alex_e03m03_116	Ale ne.
4/d/4d44cb74.p3d	15878_p_uem_065	Whoa! Whoa!
4/d/4d51cfb5.p3d	8041_mabhk_140	Dávejte pozor, nepřítel je ozbrojen.
4/d/4d574afc.p3d	4347_mar_c_204	Zkontrolujte bezpečnou vzdálenost!
4/d/4d579f44.p3d	7381_mabcm_049	Opakujte, polní týme?
4/d/4d5fea94.p3d	1884_bwmls_022	Nahrávám polohu ZEUSE, posílejte přes GPS kanál.
4/d/4d64fa8d.p3d	12118_nypda_189	Zakázaná oblast. Vypadni!
4/d/4d6de4d0.p3d	7735_mabra_175	Ověřte si cíle, ať to nejsou naši, přepínám.
4/d/4d78766d.p3d	10666_mamls_213	Uh, tanková palba může krýt při přerušení, hlaste cíle a pomůžeme s únikem.
4/d/4d7f0b2a.p3d	725_bwbra_310	Přichází to.
4/d/4d7fd9fe.p3d	24276_p_haf_164	Vidí to někdo? Někdo, zastavte ho! Zabijte ho!
4/d/4d8796eb.p3d	13923_p_fdf_206	Schovej se!
4/d/4d8a1279.p3d	19820_magsp_108	Red Crown, více zásahů na pozici Chalk Tři. Nemůžeme je zastihnout.
4/d/4d8abb23.p3d	8451_mar_a_191	Sbohem, hajzle.
4/d/4d8c16f2.p3d	18002_bwtra_359	Budu střílet, než ti dovolím ohrozit bezpečnost.
4/d/4d8d8170.p3d	4773_maabr_101	Red Crowne, tady Ranger Dvě Sedm, máme označený cíl na Sedm Šest Sedm Devět.
4/d/4d97f6ba.p3d	18925_susol_313	Cíl se pohybuje! Jděte po něm!
4/d/4d9c89f3.p3d	9228_mar_b_397	Zabijte to! Zabijte to!
4/d/4db3d7b5.p3d	15525_p_suf_181	Pohyb!
4/d/4db6d3d1.p3d	24497_alex_e01m01_501	Ubohé
4/d/4db85d31.p3d	15843_p_uem_031	Co to kurva je!? Přestaň s tím!
4/d/4dbec008.p3d	11477_maoff_304	Jsme tu v úzkých, držte spojení, velitelství.
4/d/4dbfc473.p3d	22535_bwtrb_e04m04_035	Máme hotovo? Jaký je rozkaz, pane?
4/d/4dc4d296.p3d	16889_bwtrb_089	Pojďme se podívat.
4/d/4dcada18.p3d	4312_mar_c_169	Máš to za zády, týme Delta!
4/d/4dd63ff9.p3d	13628_p_erm_150	To vozidlo je nepřátelské!
4/d/4dd90092.p3d	13305_p_ctm_063	Co se mu stalo!?
4/d/4dd93cbc.p3d	10017_maf35_285	Oči na stopkách! ZEUS aktivní!
4/d/4ddc8115.p3d	7578_mabra_018	Vyrážíme s tímhle do pole, máš nějakou?
4/d/4dde8ac8.p3d	22025_alex_e06m01_241	NESTŘÍLEJTE!
4/d/4de00ebc.p3d	8715_mar_a_436	Vypadá to dobře, velitelství. Fakt dobře.
4/d/4de1768c.p3d	7700_mabra_140	Uvidíte něco divnýho, zabijte to, přepínám.
4/d/4de50030.p3d	13148_p_ctf_137	Je ozbrojený! Ozbrojený!
4/d/4deda503.p3d	568_bwbra_163	Vyprázdni pětadvacítku, naplno!
4/d/4df15b3e.p3d	14709_p_mtf_065	J-já tomu nevěřím!
4/d/4df23384.p3d	11812_nydisp_077	Čekejte na to.
4/d/4df367fd.p3d	24241_p_haf_033	S kým si myslíš, že si zahráváš?
4/d/4df630be.p3d	13766_p_fdf_053	Zabije zas!
4/d/4df95767.p3d	8294_mar_a_033	Jsme napadeni!
4/d/4dfab455.p3d	14639_p_ham_225	Grááá!
4/e/4e05b4c1.p3d	12381_nypda_453	V pohodě, chlape, máme ho pod kontrolou!
4/e/4e069074.p3d	18768_susol_156	Mám stopu! Tady!
4/e/4e073c7f.p3d	14279_p_fdm_095	Do prdele!
4/e/4e0c346c.p3d	14401_p_fdm_217	Nemůžu ti pomoct. Polož mě!
4/e/4e15bd07.p3d	8148_mabhk_227	Thunder volá Red Crown, jsme čistí.
4/e/4e1b8ce9.p3d	7488_mabcm_156	Stáhněte ty extra jednotky zpět. Přeskupit a snížit poplach, přepínám.
4/e/4e1ed00e.p3d	22586_bwtrb_e07m01_087	O zbytek se postaráme.
4/e/4e2273fc.p3d	15368_p_suf_026	Kam to všichni jdou?
4/e/4e2330b0.p3d	361_bwbhk_330	Ale sakra. Je na nás, je na nás! Zatoč!
4/e/4e240125.p3d	22264_bwhqa_e08m03_039	Další podpůrné jednotky míří na vaši pozici. Ověřte si IFF, konec.
4/e/4e250b40.p3d	24303_p_haf_060_a	To je on! Ten, po kterym jdou poldové!
4/e/4e324f59.p3d	11442_maoff_280	Nech toho, kámo.
4/e/4e386452.p3d	16854_bwtrb_054	Sutiny a vedlejší škody. Sakra.
4/e/4e397692.p3d	4155_mar_c_023	Pane.
4/e/4e406c5c.p3d	22923_mar_c_e02m02_001	Ty zasraný špióni rozjíždí novou detekční síť. Vsadím se, že nám z toho bude rakovina.
4/e/4e431ea4.p3d	9805_maf35_093	Ústup. Přeskupíme se a zaútočíme znovu. Jedna a Dva.
4/e/4e450e79.p3d	24501_alex_e01m01_505	Jsem na řadě.
4/e/4e4655f0.p3d	17492_bwoff_151	Kde máš průkaz? KDE JE?!?
4/e/4e4bf109.p3d	11059_mahqa_087	Hlášení situace, jednotko, potvrďte.
4/e/4e4e001e.p3d	19927_magsp_215	Páni, to bylo o fous.
4/e/4e4ea8b4.p3d	8558_mar_a_299	Rozptylte se, kontrolujte palbu!
4/e/4e500497.p3d	18109_bwtra_466	Musím tu zabíjet všechno sám?
4/e/4e56582a.p3d	10282_mahqb_039	Slyšeli jste.
4/e/4e5891ec.p3d	13113_p_ctf_102	Potřebuju pomoc. *vzlykání* Haló?
4/e/4e5a6f73.p3d	17332_bwtrb_512	Ach.
4/e/4e5aa221.p3d	10474_mamls_041	Munice připravena, zelená k zásahu.
4/e/4e6136aa.p3d	533_bwbra_128	Tady Razorback Jedna, žádný vizuál na cíl.
4/e/4e642154.p3d	2170_bwmls_308	Přichází to! Přichází to!
4/e/4e644cd1.p3d	23927_alex_055	Ahoj.
4/e/4e69c265.p3d	13731_p_fdf_018	Co to bylo? Co tohle udělalo?
4/e/4e6af264.p3d	19660_bwhqb_138	Označte a aktualizujte mřížku. ZEUS je pryč.
4/e/4e6e4386.p3d	14604_p_ham_190	Nepřestávej!
4/e/4e7a2230.p3d	18733_susol_121	Držte je z ulic. Vyčistěte cestu.
4/e/4e7eb7f4.p3d	9036_mar_b_205	Ty! Ruce na hlavu!
4/e/4e891d0b.p3d	19092_p_hlf_016	Co udělali?
4/e/4e894ee2.p3d	8113_mabhk_202	Slyším tě.
4/e/4e8ec7be.p3d	4419_mar_c_277	Ke mně! KE MNĚ!!
4/e/4e8f1ea5.p3d	7453_mabcm_121	Red Crowne, přepošlete to WATCHI, náš cíl je zlikvidován, konec.
4/e/4e8ff6cb.p3d	24975_nypda_200	Kriste, máme na tohle povolení?
4/e/4e976755.p3d	1956_bwmls_094	Máme ho potvrzeného. Zkus tomuhle utéct, ty mastnej hajzlíku.
4/e/4ea0f01e.p3d	11285_maoff_288	Průzkum, průzkum, prověřte to!
4/e/4ea563de.p3d	7807_mabra_227	Nemůžu potvrdit, vozidlo v boji, přepínám.
4/e/4eaac455.p3d	21584_magsp_056	Ověřte, byli to civilisté v palebné zóně?
4/e/4eaff32e.p3d	10738_mamls_285	Tahle stará bedna to pořád umí.
4/e/4eb26d02.p3d	11745_nydisp_030	Slyším vás, přepínám.
4/e/4eb75549.p3d	24348_p_haf_114	Zabijou nás!
4/e/4ebb0df9.p3d	835_bwgsp_075	Cíl spatřen, přiveďte úder.
4/e/4ebf82e4.p3d	11024_mahqa_062	Velitelství potvrzuje.
4/e/4ec23a70.p3d	8523_mar_a_264	Tady to je -- sundejte to!
4/e/4ec42792.p3d	25396_alex_e04m03_704	McMullen není voják. Nepřistane, dokud si nebude jistý, že je bezpečno.
4/e/4ec4fe31.p3d	4845_maabr_173	Cíl se hroutí! Dorazte ho!
4/e/4ec9092d.p3d	17175_bwtrb_355	Zabiju tě, sakra tě zabiju!
4/e/4eceb36b.p3d	17894_bwtra_251	Nenechte se zmást tím, jak vypadají.
4/e/4ed7de63.p3d	14976_p_uwm_099	Co!?
4/e/4edcdfcb.p3d	14447_p_ham_033	Ustup, sakra!
4/e/4ee25c0e.p3d	25470_alex_e08m04_706	Elizabeth Greeneová je jen část skládačky.  Musím se dostat k Randallovi, abych tohle vyřešil.
4/e/4eefdc7b.p3d	15915_p_uem_101	*kašel* Co se stalo!?
4/e/4ef24725.p3d	9001_mar_b_170	Zastřelím tě! Smrtící síla, hajzle!
4/e/4ef7b785.p3d	24045_bwoff_events_006	Nakažení nejsou náš jediný problém -- je tu i Zeus. Nasaďte maximální palebnou sílu.
4/f/4f0389a7.p3d	24940_nypda_264	Mám tu místo činu pro forenzní tým.
4/f/4f0a4361.p3d	17599_bwoff_248	Kryjte se!
4/f/4f0af8fc.p3d	1921_bwmls_059	Masivní nestabilita v zóně, pozor na to, pozemní jednotky.
4/f/4f147ad5.p3d	11250_maoff_094	Mariňáci!? Hlaste se!
4/f/4f16afc4.p3d	77_bwbhk_046	Jak jsme na tom s municí? Můžeme to zopakovat, přepínám?
4/f/4f1a4591.p3d	10389_mahqb_126	Strategické cíle se mění.
4/f/4f1b28c6.p3d	11975_nypda_050	Negativní, dispečinku. Opakuji, negativní.
4/f/4f2094e1.p3d	25296_nypda_364	Pohyb, pohyb! Uhněte stranou!
4/f/4f2384ea.p3d	10703_mamls_250	Couvni a dostaň nás odsud.
4/f/4f2ae7a8.p3d	24313_p_haf_137	Zmiz odsud, kurva. Hned.
4/f/4f2db008.p3d	13838_p_fdf_123	Prosím, nezabíjejte je!
4/f/4f2e9fb5.p3d	800_bwgsp_040	To je Judy. Mám ho v hledáčku.
4/f/4f302b94.p3d	19735_magsp_023	Dostáváme se ven. McMillane, můžeš krýt?
4/f/4f306a34.p3d	22451_bwtra_e05m01_043	Tady Hotrod Two Four. Máme cílů na rozdávání ve všech směrech, Red Crown, útočíme jak nejlíp umíme.
4/f/4f30d6b4.p3d	8366_mar_a_106	Cíl není na místě. Opakuji. Není na místě.
4/f/4f339a76.p3d	4688_maabr_016	Obrněná jednotka připravena k boji. Ranger Two Seven, konec.
4/f/4f388fd8.p3d	4810_maabr_138	ZEUS zlikvidován, opakuji, ZEUS zlikvidován, přepínám.
4/f/4f3c9ae9.p3d	17140_bwtrb_320	Sežeňte na to protipancéřovku!
4/f/4f3d340d.p3d	12453_nypda_525	Pozor!
4/f/4f432961.p3d	1057_bwgsp_296	Hořák dole. Přidejte jednoho na můj seznam.
4/f/4f4b701f.p3d	14941_p_uwm_064	Co to bylo!?
4/f/4f4d0aae.p3d	19199_p_hlf_121	Ale sakra.
4/f/4f56cfa4.p3d	11849_nydisp_114	Sledujte cokoliv neobvyklého. Všechna hlášení jsou toho rázu, přepínám.
4/f/4f69cec9.p3d	11514_maoff_367	Sakra! Přilétá to!
4/f/4f70f354.p3d	4227_mar_c_096	Nic dobrýho, chlapi. A Stegu, nechci vidět, jak fotíš tohle zasraný svinstvo. Je to jasný?
4/f/4f72228a.p3d	24783_nypda_039	Charlie Nineteen, rozumím.
4/f/4f7440d0.p3d	14780_p_mtf_134	Střelec! Tamhle!
4/f/4f7dd522.p3d	17564_bwoff_218	Negativní, přepínám.
4/f/4f837ddf.p3d	24006_bwhqb_e03m03_011	Red Crown všem velitelským jednotkám. Berte na vědomí, nezadržené ohniska nákazy po celém Manhattanu. Počítačové projekce odhadují úplnou nákazu na plus minus sedm dní. Nyní platí protokoly úplného zadržení. Konec.
4/f/4f854cab.p3d	15293_p_mtm_181	Něco se blíží!
4/f/4f863fb3.p3d	22323_bwhqa_505	Neidentifikovaný letoune, okamžitě se otočte a vraťte se do karanténní zóny! Nemáte povolení k úniku!
4/f/4f878f92.p3d	7615_mabra_055	Zkontrolujte optiku, dejte mi náskok za deset vteřin.
4/f/4f8a4180.p3d	42_bwbhk_011	Pozor, BW Ghost Čtyři Pět právě v modré zóně.
4/f/4f8bdd19.p3d	20261_bwtrb_pain_b	*argh*
4/f/4f8db46f.p3d	22672_maf35_e08m02_003	Phoenix Šest Dva. Přilétám.
4/f/4f8dd4c2.p3d	10354_mahqb_091	Vyhodnoťte a hlaste.
4/f/4f8eba8c.p3d	11940_nypda_025	Dispečinku, mám možné 10-34. Charlie Nineteen jde se podívat.
4/f/4f92216d.p3d	10546_mamls_113	Baterie dole, zavřít!
4/f/4f942ae3.p3d	25261_nypda_478	Sakra, chlape, potřebujeme zasranou armádu!
4/f/4f9590cf.p3d	21867_alex_e03m02_083	Co to je?
4/f/4f98b60b.p3d	605_bwbra_200	Čelíme virálům, přepínám.
4/f/4f998919.p3d	24156_p_haf_191	Ach bože!
4/f/4fa0a177.p3d	25379_alex_e03m01_705	Co se děje s těmihle budovami? Jako by byly živé.  Čas dostat Karen odsud.
4/f/4fa13f24.p3d	13803_p_fdf_088	Ne! Mýlíte se!
4/f/4fa465e5.p3d	8331_mar_a_071	Tohle jsi chtěl?
4/f/4fa853ac.p3d	24200_p_haf_gasp_d	*lapání po dechu*
4/f/4fabcdc7.p3d	12296_nypda_368	Do PRDELE
4/f/4fb0be72.p3d	25453_alex_e07m01_707	Potvrzuji, Red Crown. Jdu na to 
4/f/4fb19ef1.p3d	18805_susol_193	To nejsem já! Nebuď zasranej idiot!
4/f/4fb24d87.p3d	14316_p_fdm_132	Má u sebe bouchačku!
4/f/4fb634b5.p3d	9108_mar_b_277	Jestli utíkaj, tak je tam asi něco k zabití.
4/f/4fb6bb1d.p3d	1022_bwgsp_261	Red Crown, Tornado Five opouští zabíjecí zónu.
4/f/4fc099ca.p3d	19164_p_hlf_086	Počkej -- vydrž, vydrž, kámo. Počkej, dobře! Nejsem to, co si myslíš!
4/f/4fc69b2e.p3d	7525_mabcm_179	Sypte to do nich. Vytáhněte z téhle základny všechno, co máme, a do boje. Hned!
4/f/4fc949b6.p3d	276_bwbhk_245	Přestaňte vysílat, jsme uprostřed toho, Red Crowne.
4/f/4fcd8278.p3d	15405_p_suf_062	Do prdele!
4/f/4fd47214.p3d	24537_alex_e03m03_541	Sakra - nemůžu je nechat srovnat HNÍZDO se zemí, dokud nemám dost genetického materiálu.
4/f/4fd86b26.p3d	11357_maoff_213	Počkat! Jsme si jistí?
4/f/4fe91fd6.p3d	23042_tagga_e03m01_002	Containment One, HLASTE SE! Tady plukovník Taggart! Hlášení situace!
4/f/4fe9b159.p3d	22416_bwtra_e01m02_008	Co chceš?
4/f/4fefeabb.p3d	13508_p_erm_030	Tohle město jde k čertu!
4/f/4ff28d45.p3d	907_bwgsp_147	ZEUS je zlikvidován, opakuji, ZEUS je zlikvidován!
4/f/4ffeaaf4.p3d	13028_p_ctf_019	Uh, možná bychom měli couvnout!
5/0/50008879.p3d	17247_bwtrb_427	Hotovo!
5/0/5005b089.p3d	10511_mamls_078	Prohledejte cíl. Všechny senzory.
5/0/500632b7.p3d	17966_bwtra_323	Prošpikujte ho!
5/0/50074fc5.p3d	448_bwbra_043	Připravit další ránu!
5/0/500a3a8e.p3d	2085_bwmls_233	Dostaňte nás z tohohle zasranýho svinstva!
5/0/500be243.p3d	11800_nydisp_075	Na to nemáte povolení.
5/0/500d1a28.p3d	24121_p_haf_109	Slyší mě tam venku někdo?
5/0/500db6a4.p3d	16779_bwabr_299	Blackjack sražen!
5/0/50110b9e.p3d	19575_bwhqb_063	Ano, povoleno.
5/0/5011ad52.p3d	4490_mar_c_348	Ústup! Ústup!
5/0/50145f17.p3d	14519_p_ham_105	Tihle lidi potřebujou pomoc, tady!
5/0/501f5f83.p3d	12261_nypda_333	Co to sakra je?
5/0/502bf753.p3d	16480_bwabr_020	Žádné spatření. Nemáme tam pozorovatele?
5/0/502f6807.p3d	8028_mabhk_127	Cíl nás úspěšně ztratil, sbalme to.
5/0/503537ab.p3d	7368_mabcm_036	Zabezpečit, hned! Red Crowne, přecházíme tu do uzávěry. Nepřátelský útok proniká dovnitř! Žádáme podporu, konec.
5/0/503cdb72.p3d	241_bwbhk_210	Možné hnízdo v oblasti, vidím velký dav, jak se šíří z možného zdroje hnízda.
5/0/503f7a81.p3d	7970_mabhk_069	Thunder v Modré zóně, subjekt nezvěstný.
5/0/504bfa42.p3d	11322_maoff_178	Sleduj ho! Sleduj ho!
5/0/50503101.p3d	24398_maoff_events_026	Červení tvrdě tlačí zpátky -- zvyšte palebnou sílu.
5/0/5055cb42.p3d	22406_bwoff_e09m03_049	CHCI, ABY TO VOZIDLO ZASTAVILO!
5/0/506000b2.p3d	17372_bwoff_031	Prohledávejte DŮKLADNĚ!
5/0/5062acf4.p3d	16044_p_uem_229	Ach, ach, ach, bóóóže!
5/0/5067a855.p3d	19807_magsp_095	To je Donaldsonův pták, dostaňte ho zpátky do akce, přepínám.
5/0/50685375.p3d	8438_mar_a_178	Nepřítel je v pohybu. A pěkně rychle.
5/0/50732757.p3d	22648_mabhk_e10m04_017	Čekejte, motory se zahřívají, chystáme se odlétnout.
5/0/507417aa.p3d	17212_bwtrb_392	Držte pozici!
5/0/5079c1d3.p3d	17931_bwtra_288	Když utečete, holky, bude to pořád házet.
5/0/507dc98b.p3d	2050_bwmls_188	Všechny taktické cíle splněny.
5/0/50814860.p3d	16744_bwabr_264	Blackjack dva, stahujeme se.
5/0/50849d64.p3d	19540_bwhqb_038	Stáhněte se z pronásledování, přepínám.
5/0/508858d7.p3d	21798_alex_e01m02_015	Krev není voda. Uvidíme.
5/0/5089f19f.p3d	9983_maf35_251	Velitel úderu volá Red Crown, úderný balík byl úspěšný, přepínám.
5/0/5093cd4f.p3d	18613_susol_031	Tady tým D-Code Pursuit, cíl ztracen, opakuji, cíl ztracen.
5/0/50a77d2a.p3d	22644_mabhk_e09m01_013	Venku čistě a s úsměvem, na pozemní stanici je pořádná akce. Budeme kroužit a hlásit.
5/0/50a8c967.p3d	7333_mabcm_001	Všechny body zabezpečeny. Základna plně funkční. Red Crowne, slyšíte?
5/0/50a9a9ac.p3d	24855_nypda_332	Sakra. Všichni ani hnout!
5/0/50abc01c.p3d	14852_p_mtf_206	Ach bože!
5/0/50b04504.p3d	11904_nydisp_169	Za chvíli byste měli slyšet sirény. Čekejte.
5/0/50ba96a1.p3d	11165_maoff_026	Velitel oddílu potvrzuje spatření, přepínám.
5/0/50be40ae.p3d	15070_p_uwm_193	J-já krvácím! Moje ruka!
5/0/50bf1f1f.p3d	22604_dana_e06m01_012	Pusť mě!
5/0/50c5540e.p3d	10426_mahqb_163	Po přistání odešlete informace.
5/0/50c59657.p3d	25436_alex_e06m03_704	Blackwatch má techniku, co dokáže rozlousknout ta HNÍZDA. Mohl bych ji použít, abych osvobodil Danu.
5/0/50cc1b8d.p3d	11733_nydisp_018	Ztratili jsme podezřelého, můžeme dostat 10-13?
5/0/50d107eb.p3d	24228_p_haf_225	Rozmačkáváš mě!
5/0/50d59af7.p3d	4597_mar_c_455	Jsme v tom po krk. Držte linii, přepínám.
5/0/50dbe531.p3d	8403_mar_a_143	Ať to někdo vyfotí!
5/0/50dea8f3.p3d	4725_maabr_053	Potvrzené zabití. Zrůda rozmázlá v Rudé zóně, přepínám.
5/0/50e2b3ef.p3d	17055_bwtrb_235	Všechno já. Tohle je celé moje dílo.
5/0/50e34d28.p3d	12368_nypda_440	Utíkej!
5/0/50e526f7.p3d	19383_bwhqa_062	Rozumím.
5/0/50e85e2d.p3d	17774_bwtra_131	Je tu někdo z BLACKWATCH? Hlaste se!
5/0/50efe4e3.p3d	16587_bwabr_127	Pozor na střelu!
5/0/50f81914.p3d	19236_p_hlf_156	Kámo, počkej, počkej. Vydrž, vydrž, kámo. Podívej, podívej, OK? Nemusíš to dělat.
5/1/5100c902.p3d	348_bwbhk_317	Úhybný manévr! Uhýbáme!
5/1/5101ff42.p3d	13291_p_ctm_050	Nenechte ho se k vám přiblížit!
5/1/51096d04.p3d	22288_bwhqa_e10m04_063	Vlastní jsou smíchaní se záporáky, ale to zasraný riziko podstoupím. Dostaňte je sem.
5/1/510fe7ab.p3d	11429_maoff_267	Pozor! Pozor! Dávejte pozor na převlečené!
5/1/5116937f.p3d	21802_alex_e01m02_019	Jsou jen dva...jednoho odstraním a druhého si "vyslechnu".
5/1/511a59ed.p3d	14695_p_mtf_051	Policie! Pomoc. Je tam!
5/1/511d3409.p3d	24820_nypda_111	Stav místa je negativní, dispečinku. Čekáme na nové přidělení.
5/1/5123ee42.p3d	17479_bwoff_138	Je to ZEUS! Chyťte ho!
5/1/5128e39a.p3d	17601_bwoff_250	Už to jde...!
5/1/51305d9e.p3d	15330_p_mtm_218	Prosím, pusť mě.
5/1/5133f091.p3d	10269_mahqb_026	Pěkný pokus, týme.
5/1/5138053a.p3d	17319_bwtrb_499	Jsme napadeni!
5/1/51399eb3.p3d	10988_mahqa_036	Pozemní pátrání negativní, žádám pokyny?
5/1/513a4325.p3d	25176_nypda_323	Co to sakra bylo!?
5/1/5141b730.p3d	2157_bwmls_295	Kapitáne! Kapitáne! Bože, myslím, že je mrtvý!
5/1/51488acb.p3d	19647_bwhqb_125	Situace se ZEUSem je pod kontrolou. Stáhněte naše týmy.
5/1/51492cb3.p3d	4562_mar_c_420	Lidi, mohli bychom mít trochu pořádku, prosím!
5/1/515645ab.p3d	17020_bwtrb_200	Cíl zaměřen!
5/1/5156decf.p3d	12333_nypda_405	Rány do hlavy! Rány do hlavy!
5/1/51637414.p3d	16552_bwabr_092	Palte z kanónu!
5/1/516baad2.p3d	19201_p_hlf_123	Někdo, pomozte tomu chlapovi.
5/1/516c1d3e.p3d	9791_maf35_079	Je to tam dole, hledejte dál. KHÚJA.
5/1/516c62d5.p3d	8965_mar_b_134	Munici! Potřebuju munici!
5/1/51707e44.p3d	11837_nydisp_102	10-11, možná biologický teror! Čekáme na potvrzení.
5/1/51745833.p3d	313_bwbhk_282	Jedem, jedem, jedem!
5/1/51790346.p3d	18095_bwtra_452	Myslím, že na to nemáš koule.
5/1/5188a012.p3d	23053_tagga_e09m03_013	Nemusíme ho zabít, jen se ho zbavit. Zmrzačte ho a dostaňte nás pryč.
5/1/51974220.p3d	14590_p_ham_176	Zpátky!
5/1/51977ffe.p3d	17444_bwoff_103	Hlásím se.
5/1/519ef770.p3d	15173_p_mtm_064	Co jsi to právě udělal?
5/1/51ac7cd3.p3d	21741_speci_e04m04_043	Tak pojď!
5/1/51ad306f.p3d	10953_mahqa_001	Terén hlásí žádný kontakt, přepínám.
5/1/51adca7f.p3d	25141_nypda_066	Nezacházej se mnou, jako bych byl tvůj poskok, hajzle.
5/1/51b5490b.p3d	2122_bwmls_270	Těžký náklad nemá požadovaný účinek, Red Crown.
5/1/51bc19fc.p3d	19612_bwhqb_090	Sežeňte mi relevantní informace, pokud je máte.
5/1/51bca435.p3d	23015_ragla_e06m02_035	To sérum! Přijď si pro něj!
5/1/51be3f40.p3d	25419_alex_e05m03_707	Zpátky na trati.
5/1/51c305d3.p3d	21727_speci_e04m04_029	Zpátky!
5/1/51c5ecd0.p3d	13398_p_ctm_155	Ten tank! Ten tank!
5/1/51dff1f1.p3d	8930_mar_b_099	Rozptylte se, najděte to!
5/1/51e04628.p3d	7405_mabcm_073	Odvolat, odvolat. Palebná stanoviště, hlaste se, jsme čistí?
5/1/51e12d13.p3d	24927_nypda_531	Neeee-heeee!
5/1/51e2f478.p3d	156_bwbhk_125	Red Crown, potvrďte poslední známý vektor, začneme odtamtud.
5/1/51e4845b.p3d	20040_magsp_308	Nepřítel se přichytil!
5/1/51e89163.p3d	1908_bwmls_046	Seskupte se tady. Odpovězte!
5/1/51ec94ed.p3d	18060_bwtra_417	Nech mě dělat svou práci, ty dělej svoji!
5/1/51f2133c.p3d	11237_maoff_081	Potřebuju palebnou podporu, přiveďte je sem!
5/1/51f8722a.p3d	18983_susol_371	Zastav palbu!
5/1/51fd07ee.p3d	9286_mar_b_455	Narážíme na silný odpor. Přepínám!
5/2/520d1a06.p3d	4669_mar_c_508	Aaaagh!
5/2/521a333b.p3d	17127_bwtrb_307	Situace přešla do stádia Théta.
5/2/521ca624.p3d	19455_bwhqa_124	Všechny body zajištěny. Přepínám na čistý stav, přepínám.
5/2/521fdd79.p3d	17846_bwtra_203	Není to naše práce. To sakra není náš úkol.
5/2/52290886.p3d	14928_p_uwm_051	Je tamhle!
5/2/522b5814.p3d	4370_mar_c_228	Stůj! Sem nemáte povolený vstup.
5/2/522f9860.p3d	19308_p_hlf_228	Ááách!
5/2/52300ae3.p3d	9898_maf35_186	Hlídejte si GPS, letím tvrdě a rychle.
5/2/5236bddf.p3d	13686_p_erm_208	A SAKRA!
5/2/52390a45.p3d	12141_nypda_213	Tenhle hajzl musí jít k zemi.
5/2/52397e8c.p3d	13363_p_ctm_120	Jsou to přenašeči!
5/2/52408a2c.p3d	8773_mar_a_494	Vycouvat!
5/2/524dd13c.p3d	23874_alex_002	Odtamtud pocházejí.
5/2/5251d939.p3d	14767_p_mtf_123	Nezabíjejte je!
5/2/525683a9.p3d	121_bwbhk_090	Zásah, ale... ale udržíme se.
5/2/525beecc.p3d	19006_susol_394	Sundejte nás oba!
5/2/526c52f3.p3d	11927_nypda_012	Charlie Nineteen. Moje poloha je čistá. Tady jsme hotovi.
5/2/527099aa.p3d	9251_mar_b_420	Stáhnout se! Pryč od toho tanku! Ježíši!
5/2/5271b786.p3d	25248_nypda_120	10-54, dispečinku -- pošlete sanitku, přepínám.
5/2/5280a974.p3d	4634_mar_c_492	Zabít, zabít, zabít!
5/2/5281fe37.p3d	8318_mar_a_058	Jupí!
5/2/528e5b90.p3d	12405_nypda_477	Jak to sakra udělal!?
5/2/528e7733.p3d	17689_bwtra_046	Ne, přepínám.
5/2/52903540.p3d	19420_bwhqa_089	Tady Red Crown. Všechny Černé jednotky se ohlaste, přepínám.
5/2/52936c95.p3d	17811_bwtra_168	Mluvíš anglicky? Zasraně dokonalý. Musíš odsud vypadnout.
5/2/52945370.p3d	1009_bwgsp_249	Skoro hotovo. Zasáhni to znovu.
5/2/529af360.p3d	16624_bwabr_164	Blackjack se přibližuje, připravit kanón.
5/2/529eb8d8.p3d	22471_bwtra_e06m05_064	Velitelství, máme tu neidentifikovaného bojovníka. Něco velkýho. Nahrávám snímky.
5/2/52a39c9f.p3d	9863_maf35_151	Míra ohrožení stoupá, přepínám.
5/2/52aa4d10.p3d	13651_p_erm_173	Zachraňte si životy!
5/2/52ad4c5e.p3d	10040_maf35_308	Přidat plyn. Přidat plyn!
5/2/52ae7b50.p3d	19985_magsp_253	Vydrž, Red Crown, jsme v tom až po krk.
5/2/52b08292.p3d	18167_bwtra_524	Ty zkurvysyneeeee!
5/2/52b90d5c.p3d	13171_p_ctf_160	Ne takhle. Nechci umřít!
5/2/52c1b21a.p3d	591_bwbra_186	Postupujeme, jdeme na to.
5/2/52c56855.p3d	14732_p_mtf_088	Ne! Mýlíte se!
5/2/52cefcbf.p3d	17516_bwoff_175	Potvrzuji zabití.
5/2/52d676b9.p3d	15245_p_mtm_133	Vezmi si, co chceš.
5/2/52da547e.p3d	22789_maoff_e08m04_053	Máme nepřátele. Ono je vytváří.
5/2/52da9d8b.p3d	18791_susol_179	Počkejte chvíli!
5/2/52deff0e.p3d	10306_mahqb_063	Potvrzuji.
5/2/52df3364.p3d	9094_mar_b_263	Můžeme dostat MEDEVAC!?
5/2/52e54a29.p3d	25213_nypda_169	Toho hajzla cítím na dálku.
5/2/52e5ca2d.p3d	11721_nydisp_006	Máme potíže s tou probíhající honičkou. Dejte mi stav.
5/2/52e7ee51.p3d	21979_alex_e05m02_195	Raglande!
5/2/52e9ca33.p3d	8171_mabhk_250	Čtyři Pět vylétá ven.
5/2/52ea6dda.p3d	20321_mabra_choke_b	*dušení*
5/2/52ef45b9.p3d	4477_mar_c_335	Miřte na nohy!
5/2/52f68113.p3d	15391_p_suf_049	Tady je!
5/2/52fcf7ea.p3d	12248_nypda_320	Whoa, podezřelý, teda, podezřelý je na místě!
5/3/5302092d.p3d	17654_bwtra_031	Doufám, že tě informovali o SKUTEČNÉ misi.
5/3/5305df4e.p3d	7865_mabra_285	Náklaďák je poškozený. Jsme sraženi, ale ne vyřazeni.
5/3/53098fa5.p3d	16467_bwabr_007	Blackjack na místě srazu, přepínám.
5/3/5311c3ef.p3d	19116_p_hlf_040	Vy jste to všichni viděli?
5/3/5318e955.p3d	13494_p_erm_016	Hej, zavolal už někdo záchranku?
5/3/531a7139.p3d	228_bwbhk_197	Jsme v zabijácké zóně a připraveni k útoku, přepínám.
5/3/531b8bf4.p3d	893_bwgsp_133	Buďte opatrní, nepřítel je nebezpečný, přepínám.
5/3/531d12e8.p3d	7957_mabhk_056	Další zrůda dole, přepínám.
5/3/532000c0.p3d	11082_mahqa_110	Rozmístění jednotek povoleno.
5/3/53220d35.p3d	19950_magsp_238	Přijato.
5/3/5322b86b.p3d	8581_mar_a_322	Ále, do prdele. Skončím v base, kámo.
5/3/532411ae.p3d	18132_bwtra_489	Kryjte mě! Došla mi munice!
5/3/532999f1.p3d	11309_maoff_349	Cíl je označen. Povoleno zaútočit. Prošpikujte ho!
5/3/5334873a.p3d	9358_mar_b_527	Aaaaaách!!!
5/3/533d9904.p3d	17359_bwoff_018	RED CROWN, máme ZEUSE pod kontrolou.
5/3/534a0877.p3d	15210_p_mtm_100	Bože můj. Bože...můj!
5/3/534ba0e5.p3d	24095_bwoff_events_056	Neúspěch je nepřípustný. Zvraťte to tam venku. HNED.
5/3/535057d5.p3d	15973_p_uem_158	No tak, prosím, mám rodinu!
5/3/5353ee63.p3d	25056_nypda_243	Sladký Ježíši, ne!
5/3/53575a3a.p3d	17918_bwtra_275	Vypadni, ty blbečku.
5/3/5359be9c.p3d	23951_alex_079	Dobře, tohle skončí, až budu mrtvý...nebo až budu znát všechna fakta.
5/3/536235cb.p3d	19527_bwhqb_025	Zastavte pátrání a koordinujte se.
5/3/5362d775.p3d	4442_mar_c_300	Jsi na hraně, kreténe!
5/3/53708706.p3d	12213_nypda_285	Něco vám řeknu, jsme v pěkný prdeli.
5/3/5370fb4d.p3d	13435_p_ctm_192	Někdo! Pomoc!
5/3/53752291.p3d	23903_alex_031	Vysoce postavený důstojník.
5/3/5379710a.p3d	7830_mabra_250	Jednotka Bulldog opouští pole, přepínám.
5/3/538402d0.p3d	10761_mamls_308	Uvidíme se v pekle, ty parchante.
5/3/53859fa0.p3d	698_bwbra_283	Levý pás poškozen, zbraně v pořádku.
5/3/53860dd5.p3d	8845_mar_b_034	Něco se tu děje. Jdeme se tam podívat.
5/3/538955f8.p3d	14839_p_mtf_193	Já tu bolest nevydržím!
5/3/538a2a59.p3d	11825_nydisp_090	Jaká je vaše situace, přepínám?
5/3/538e2b61.p3d	13896_p_fdf_179	Prostě utíkej!
5/3/5390a4a4.p3d	7922_mabhk_021	Cíl zaměřen, přepínám.
5/3/5390a704.p3d	19793_magsp_081	Znovu zaměřeno, cíl znovu zaměřen! Blížíme se.
5/3/539bd915.p3d	15057_p_uwm_180	Utíkejte!
5/3/539e8b30.p3d	18898_susol_286	To je to nejlepší, co dokážeš, kurva?
5/3/53a3851b.p3d	20314_mabhk_stab_c	*ááh*
5/3/53a8166b.p3d	9323_mar_b_492	Na špici!
5/3/53b0ece2.p3d	14470_p_ham_056	Zavolejte sakra poldy!
5/3/53ba6eb6.p3d	15498_p_suf_154	Zmizte z ulic!
5/3/53c78102.p3d	25021_nypda_288	Kámo, ty bys byl fakt roztomilej v žebrácký kazajce.
5/3/53cd9d7e.p3d	20667_p_erm_cheer_d	Hůůů! Jo, dostal jsi ho!
5/3/53cef3ae.p3d	2002_bwmls_140	Rakety vypuštěny.
5/3/53d05ed0.p3d	16984_bwtrb_164	Tohle je tvé POSLEDNÍ VAROVÁNÍ.
5/3/53df2346.p3d	12056_nypda_123	Bridgett, Ježíši Kriste. Co to sakra děláme!?
5/3/53df9794.p3d	13278_p_ctm_037	Dávej pozor, chlape!
5/3/53e48cf4.p3d	13400_p_ctm_157	Proboha, ne! Co jsem udělala?
5/3/53e610b6.p3d	22982_ragla_e05m02_002	Tolik zmařených životů.
5/3/53e80d8d.p3d	7673_mabra_113	Myslím, že hru zrušili.
5/3/53eb9b34.p3d	8810_mar_a_531	BOŽE!
5/3/53f36617.p3d	22912_mar_b_e06m04_041	KURVA! JSOU POŘÁD TADY!! POHYB, POHYB!!
5/3/53f93166.p3d	663_bwbra_258	Tady Razorback Jedna, doporučuji přerušit misi.
5/3/53fac8d4.p3d	24807_nypda_014	Dispečinku, tady jsme hotovi.
5/3/53fce79f.p3d	14804_p_mtf_158	Prosím! Jen mě pusť!
5/4/5401bd1d.p3d	13861_p_fdf_144	Je šílený!
5/4/540df605.p3d	15317_p_mtm_205	Pomóóc! Pomóóóc!! Někdo, pomozte mi! Někdo!
5/4/540f01da.p3d	22239_bwhqa_e07m02_014	Ehm. Pane, máme další červené světlo. Tým tři taky neodpovídá. Pane, prosím poraďte.
5/4/540f6abc.p3d	15022_p_uwm_145	Uhněte mu z cesty!
5/4/54121cec.p3d	18863_susol_251	Zpátky! Odstupte od něj!
5/4/5412c8f7.p3d	14374_p_fdm_190	Jdeme!
5/4/5416b2b0.p3d	9166_mar_b_335	JEN JISTÝ ZÁSAHY, KLUCI!
5/4/54173902.p3d	1080_bwgsp_318	Mayday! Mayday! Nouzová situace!
5/4/5421497f.p3d	8243_mabhk_322	Přilétá to!
5/4/5426c505.p3d	4549_mar_c_407	Zkontroluj moje známky! To nejsem já!
5/4/542ad886.p3d	21559_bwabr_251	Cíl se hroutí, nepovolujte!
5/4/542e005d.p3d	15463_p_suf_119	Nenechte je přiblížit se!
5/4/5433db72.p3d	17007_bwtrb_187	Identifikační protokol! Hned!
5/4/54365124.p3d	19335_bwhqa_024	Vydržte, pátrací týme, čekáme na potvrzení širší mřížky nebo pozastavení operace, přepínám.
5/4/543985b0.p3d	17726_bwtra_083	Test na kontakt negativní. Sakra!
5/4/54410c66.p3d	16539_bwabr_079	Infračervený nic neukazuje. Ukončujeme pátrání.
5/4/544502f6.p3d	4250_mar_c_119	Ty hajzle! Zůstaňte vzadu, tohle je palác hořáků! Nahlásím to nahoru.
5/4/5449b5a5.p3d	9778_maf35_066	Sekundární cíl zlikvidován. Dobrá práce, dobrá práce, přepínám.
5/4/544a63c2.p3d	11758_nydisp_043	Potvrzeno, dáme mariňákům aktuální informace.
5/4/544eab07.p3d	9900_maf35_188	Red Crown, blížím se k zásahu, přepínám.
5/4/54506616.p3d	13566_p_erm_088	Ne, to-to je celý omyl!
5/4/5452b262.p3d	12021_nypda_088	Echo Twelve, hlásím nepřátele na své pozici.
5/4/54530b40.p3d	965_bwgsp_205	Vše čisté, opakuji, vše čisté na displeji.
5/4/545a352c.p3d	8653_mar_a_394	Fakt mě začínáš srát.
5/4/545c3df1.p3d	22382_bwoff_e03m01_025	CHODCI! Zakuřte je!
5/4/545cf8af.p3d	4975_maabr_283	Rychle mysli!
5/4/545f2662.p3d	13086_p_ctf_075	Tamhle! Vidíš ho!?
5/4/5474da87.p3d	14577_p_ham_163	Nezabíjej mě, hajzle!
5/4/547c3613.p3d	25374_alex_e02m02_704	Další z nich!  A já teprve začínám!
5/4/548a446c.p3d	9131_mar_b_300	Ne!
5/4/548b6689.p3d	25128_nypda_144	Dispečinku, tady Charlie Nineteen. Našel jsem ho!
5/4/548fe377.p3d	8086_mabhk_185	Potvrzený vizuál nepřátelských zrůd.
5/4/5492e15d.p3d	2109_bwmls_257	Mám volnou palebnou dráhu, odpaluji teď!
5/4/549a5436.p3d	4514_mar_c_372	Tak je to ono! Připravit? Mířit!
5/4/54a33a27.p3d	22813_maoff_e10m04_077	Tady spodní paluba. Výtahy jsou připraveny s dalšími stroji do boje. Dejte pokyn.
5/4/54ac783d.p3d	11380_maoff_236	Havárie auta. Tohle může být odvedení pozornosti!
5/4/54b49e22.p3d	16504_bwabr_044	Vysoké vedlejší ztráty. Doporučuji evakuaci raněných, RC.
5/4/54bd4761.p3d	9743_maf35_031	Voodoo Sedm, máme vizuál na nepřítele, připraveni k zásahu. Vizuál na dva přímo přede mnou.
5/4/54bd8a58.p3d	8917_mar_b_086	Velitelství, ztrácíme čas. Kdyby tu byl, moji kluci by ho už sejmuli.
5/4/54c21a37.p3d	20027_magsp_295	Zasáhli nás. Jsme zasažení. To je dobrý. Jsme v pohodě. Quebec Romeo hlásí Six.
5/4/54c3f7d2.p3d	13531_p_erm_053	Hej, vidím ho.
5/4/54c69a71.p3d	930_bwgsp_170	Řekni Willymu ať rozehřeje naftu, budeme mít pár budoucích mrtvol.
5/4/54c82650.p3d	19865_magsp_153	Railrod je vepředu. Klidně do toho napal.
5/4/54c8d171.p3d	8496_mar_a_237	Nenech ho, aby se tě dotkl!
5/4/54ca2d54.p3d	18047_bwtra_404	Stát! To je rozkaz, ty debile!
5/4/54d08a56.p3d	4940_maabr_248	Sektor Sedm Tři Alfa je čistý. Všechny cíle zlikvidovány, přepínám.
5/4/54d2b820.p3d	13051_p_ctf_042	Všichni, to je on!
5/4/54d495a5.p3d	17270_bwtrb_450	Snažil jsem se chránit zemi!
5/4/54db5cdc.p3d	471_bwbra_066	Rozumím, nevidím ho. Je v krytu!
5/4/54df7da3.p3d	24016_bwhqb_e06m04_005	Red Crown velitelství Sigma. Zajistěte všechna místa v kontrolní zóně stadionu. Připravte útočné týmy na severním a jihozápadním vstupním bodě. Vpádový tým 19 je v pohybu. 12 postupuje zdola pod stadionem. Konec.
5/4/54e373ca.p3d	20755_p_fdm_cough_d	*kašel*
5/4/54e86c2e.p3d	14542_p_ham_128	Vydrž!
5/4/54f670f1.p3d	15888_p_uem_074	To vypadá jako on!
5/5/55037533.p3d	8051_mabhk_150	Sypte to do něj! Je na kolenou!
5/5/5508f07b.p3d	4357_mar_c_215	Zkontrolujte munici, přebijte, než to ověříte!
5/5/550944c2.p3d	7391_mabcm_059	Přenos znovu, konec.
5/5/55119012.p3d	1894_bwmls_032	Je na směru Mike dvacet.
5/5/5516a00b.p3d	12128_nypda_199	Tohle je fakt zlý svinstvo.
5/5/551f8a4e.p3d	7745_mabra_185	Vypadá to, že se nám štěstí konečně vyplatí, přepínám.
5/5/551fc3b1.p3d	20885_p_mtf_gasp_b	*lapání po dechu*
5/5/55298255.p3d	22426_bwtra_e04m01_018	Transportéry se sračkonosy by měly být na cestě. Najdou jednu částici z milionu.
5/5/552a1beb.p3d	10676_mamls_223	Nemůžeme postupovat, nepřítel prolomil obranu.
5/5/5530b0a8.p3d	735_bwbra_320	Musíme to opustit! Hned!
5/5/55317b5e.p3d	24286_p_haf_044	To je ten chlap! Ten, po kterym jdou!
5/5/55341410.p3d	22039_alex_e06m03_255	Dano! Slyšíš mě?! Já nemůžu...slyší mě někdo? Kdokoliv?
5/5/55341bfb.p3d	108_bwbhk_077	Jo, to je on. Dobře, sundejte ho.
5/5/553536b6.p3d	773_bwgsp_013	Jsem tu, sleduji pozemní cíle, dosah je dobrý.
5/5/55393c69.p3d	13933_p_fdf_216	H-hej! Aaah!
5/5/553bb7f7.p3d	19830_magsp_118	Letecký prvek má prioritní cíl, značím pro Sierra Papa. Pořádně to napalte, přepínám.
5/5/553c632c.p3d	8461_mar_a_201	Pane, Echo One Alpha, pane!
5/5/553d3fd8.p3d	22440_bwtra_e04m04_032	Tým B na palubě. Zapojuji se
5/5/553dbc70.p3d	18012_bwtra_369	Nastoupit! Tamhle je ten mikrob!
5/5/553f26ee.p3d	4783_maabr_111	Sledujte obrazovky. Cíl je blízko, přepínám.
5/5/55499c38.p3d	18935_susol_323	Zahrabejte to!
5/5/554a542f.p3d	24696_bwabr_e08m02_14	Uhýbací manévry! Záď je pod útokem.
5/5/554e31fc.p3d	9238_mar_b_407	Zvládli jsme to. *smích* Sakra, zvládli jsme to.
5/5/5558970f.p3d	19294_p_hlf_214	Pozor!
5/5/555cac7d.p3d	22758_maoff_e06m01_022	Povolení uděleno. Udělejte z něj skvrnu na silnici.
5/5/55657d33.p3d	15535_p_suf_191	Trpím! Prosím!
5/5/556a02af.p3d	15853_p_uem_041	Do prdele -- to je ten chlap!
5/5/556dcda7.p3d	19407_bwhqa_076	Negativní, přepínám.
5/5/55706586.p3d	11487_maoff_314	Nestřílejte!
5/5/557069eb.p3d	22772_maoff_e06m04_036	Rozumím. Všechny jednotky, ten tank nesmí vybuchnout, dokud to neřekneme.
5/5/557c7f96.p3d	4322_mar_c_179	Zdravotníka dopředu! Máme raněné.
5/5/5587e577.p3d	13638_p_erm_160	Co jsem udělal!? Prosím!? Nezabíjej mě!
5/5/558aa60f.p3d	13315_p_ctm_072	Myslím, že tamhle je on!
5/5/558ae23a.p3d	10027_maf35_295	Dostal mě! Kouřím, ale stabilní. Ehm, tohle půjde zpátky daňovým poplatníkům.
5/5/558e2693.p3d	7588_mabra_028	Tady Bulldog Sedm, zacouvejte a držte pozici, přepínám.
5/5/5591b43a.p3d	8725_mar_a_446	Vy máte kliku, hajzlové.
5/5/55931c0a.p3d	7710_mabra_150	Jak sakra máme s tou věcí bojovat??
5/5/5596a5ae.p3d	13158_p_ctf_147	*vzlyky* Střílí to po mně!
5/5/559c4b73.p3d	22491_bwtra_e07m01_084	Tahle oblast je čistá! Odsud to zvládneme.
5/5/559dab07.p3d	10641_mamls_188	Chlapi, hra skončila, domácí tým vyhrává.
5/5/559f4a81.p3d	578_bwbra_173	Máme rozkaz přivézt tělo, pošlete sběrný tým.
5/5/55a300bc.p3d	14719_p_mtf_075	Jsem si jistá, že je to on!
5/5/55a3d8e4.p3d	11813_nydisp_078	Neschváleno.
5/5/55a43fc4.p3d	700_bwbra_285	Máme zásah! Máme zásah! Menší škody, přepínám.
5/5/55a7d63b.p3d	13776_p_fdf_062	Do prdele!
5/5/55b75a3f.p3d	12391_nypda_463	Ustupte! Ustupte!
5/5/55b835f2.p3d	18778_susol_166	Cíl se změnil!
5/5/55b8e488.p3d	14289_p_fdm_105	Potřebuju záchranáře!
5/5/55bd2b54.p3d	18900_susol_288	ZEUS zesílil!
5/5/55bdd9ea.p3d	14411_p_fdm_227	Bože můj!
5/5/55c1c12d.p3d	9203_mar_b_372	Skoro jsem to schytal!
5/5/55c76285.p3d	8158_mabhk_237	Cíl zlikvidován, skupiny připraveny k vyzvednutí, přepínám.
5/5/55d4197a.p3d	15378_p_suf_036	Dávej pozor, jo?
5/5/55d4d62e.p3d	371_bwbhk_340	Do prdele. Nemůžu udržet výšku! Padáme!
5/5/55d88ed7.p3d	24700_bwabr_e08m02_18	Postupují. Zkracují vzdálenost.
5/5/55d90eda.p3d	15500_p_suf_156	Ne, ne, prosím! Ušetři mě, prosím!
5/5/55de3a04.p3d	20316_mabhk_scream_a	*výkřik*
5/5/55e3f4de.p3d	11452_maoff_297	Jo, tak pojď!
5/5/55ea09d0.p3d	16864_bwtrb_064	Tady je palebná síla... jestli chcete toho hajzla mrtvýho.
5/5/55eb1c10.p3d	4165_mar_c_033	Za koho se sakra ti hajzlové mají?
5/5/55f15321.p3d	22737_maoff_e02m01_001	Sakra, ta věc se pořád hýbe. Cíl v otevřeném prostoru!
5/5/55f4c6ad.p3d	9815_maf35_103	Je to tam dole katastrofa, RC. Pošlete pomoc pěšákům.
5/5/55fb771e.p3d	13603_p_erm_125	Hej, pusť, chlape!
5/5/55fd9687.p3d	11069_mahqa_097	Ozvěte se s hlášením situace.
5/5/55ffa59c.p3d	19937_magsp_225	Automatické zaměření poskakuje na něčem. Prověřuji to.
5/6/560050bd.p3d	8568_mar_a_309	Ten zásah je můj -- zapište to!
5/6/5601aa15.p3d	18119_bwtra_476	Nerozumím, přepínám.
5/6/5607fda8.p3d	10292_mahqb_049	Tady Red Crown, žádám vizuální potvrzení a odeslání stavu cíle, prioritní.
5/6/560a376a.p3d	13123_p_ctf_112	Pryč od nich!
5/6/560c479f.p3d	10484_mamls_051	Hůra! Ukažme těm věcem, co dokážou mariňáci!
5/6/5612dc28.p3d	543_bwbra_138	Pozor na střely!
5/6/56132810.p3d	22751_maoff_e02m05_015	Potřebuju hlášení situace hned, kurva! Kdo je ještě venku? Je jich tam víc, těch parchantů? Kde jsou? Mluvte se mnou, mluvte!
5/6/5615c6d2.p3d	2180_bwmls_318	Za chvíli to bouchne, pohyb!
5/6/5616ef33.p3d	21777_speci_e04m04_079	Vždycky ten neklidný svazek energie -- jako bys měl strach, že každou chvíli vyhoříš.
5/6/561b67e3.p3d	13741_p_fdf_028	Kdo to udělal?
5/6/561c97e2.p3d	19670_bwhqb_148	Potvrzeno. Čekejte na úderný tým.
5/6/561feb8f.p3d	14614_p_ham_200	Sakra, necítím nohy!
5/6/562bc7ae.p3d	18743_susol_131	Mělo to být těžké.
5/6/562c73b9.p3d	14254_p_fdm_070	Co to bylo!?
5/6/56305d72.p3d	9046_mar_b_215	Děláte chybu!
5/6/56406d3c.p3d	4429_mar_c_287	Je konec. Je dole.
5/6/5640c423.p3d	7463_mabcm_131	Uzavřete všechny přístupové body. Neznámý cíl v perimetru.
5/6/5641a068.p3d	24985_nypda_341	Tady je -- CHYŤTE HO!
5/6/56490f5e.p3d	1966_bwmls_104	Odsuňte své raněné, my se probojujeme.
5/6/56529160.p3d	11295_maoff_159	Uzavřeno pro veřejnost! Ven, hned!
5/6/5656681c.p3d	21902_alex_e04m01_118	McMullen s těmihle lidmi jede až po uši. Někdo na přistávací ploše musí vědět, kde je.
5/6/5657095c.p3d	7817_mabra_237	Nespouštějte mířidla z palebného pole, přepínám.
5/6/566198ac.p3d	10748_mamls_295	Hlášení o škodách, hlášení o škodách!
5/6/5661d0fe.p3d	21036_p_uwm_cough_a	*kašel*
5/6/56641262.p3d	11746_nydisp_031	Policista nemá jasný výhled na podezřelého. Rozumím.
5/6/56648115.p3d	20604_p_ctf_gasp_a	*lapání po dechu*
5/6/5668fb0a.p3d	24358_p_haf_149	Ježíši!
5/6/566cb377.p3d	845_bwgsp_085	Zařízení zapnuta a hledají zaměření na nepřítele, přepínám.
5/6/56711333.p3d	21700_speci_e04m04_002	Mercere... jsi těžké tě najít.
5/6/56712862.p3d	11034_mahqa_072	Negativní, potvrďte.
5/6/567334cd.p3d	19902_magsp_190	Mise splněna. Oorah!
5/6/5673dfee.p3d	8533_mar_a_274	Nestřílejte! To jsem já!
5/6/5676a3af.p3d	4855_maabr_183	Zaútočit!
5/6/567aaeab.p3d	17185_bwtrb_365	Zabij je oba.
5/6/56814eb1.p3d	24520_alex_e03m01_524	Plyn? Řadicí páka? Brzdy?
5/6/5689866c.p3d	14986_p_uwm_109	Je tu někdo uvězněný? Ozvěte se, jestli mě slyšíte.
5/6/568e8549.p3d	14457_p_ham_043	To je on, to je on!
5/6/56a181f9.p3d	15925_p_uem_111	Ach sakra! Odstup od nich!
5/6/56a3eca3.p3d	9011_mar_b_180	Je to tady, mám ZEUSE!
5/6/56a52050.p3d	25008_nypda_425	Tady je to plnohodnotná válka, dispečinku!
5/6/56b5362b.p3d	24950_nypda_434	Sakra, chlape, BĚŽ!
5/6/56bc9e7a.p3d	1931_bwmls_069	Strike Bosse, ozvěte se, přepínám.
5/6/56c622df.p3d	11260_maoff_105	Prohledat a vyčistit. Klid, máme to.
5/6/56c85542.p3d	87_bwbhk_056	Velení, vidíme ztráty v úderné zóně, ale pořád jedeme.
5/6/56cbeb0f.p3d	10399_mahqb_136	Přerušte pronásledování a čekejte na nové rozkazy.
5/6/56ccce25.p3d	11985_nypda_050	Negativní, dispečinku. Opakuji, negativní.
5/6/56d52a68.p3d	10713_mamls_260	Postupná palba, palte naplno.
5/6/56dc899e.p3d	24323_p_haf_062	Padáme, kámo. Hned!
5/6/56df5584.p3d	13848_p_fdf_131	Sakra, má zbraň!
5/6/56e04533.p3d	810_bwgsp_050	Cílová zóna dosažena. Odprásknout ho.
5/6/56e1d112.p3d	19745_magsp_033	Chalk Tři od Tornado Golf Mark, připraven zaútočit na nepřítele. Rozumím, Šestko. Připravte se na příchod, přepínám.
5/6/56e27c32.p3d	8376_mar_a_116	Kryj!
5/6/56e53ff4.p3d	4698_maabr_026	Rozumím, nahoďte pásy, jedeme dovnitř.
5/6/56ea3556.p3d	4820_maabr_148	Zaujměte pozice!
5/6/56ed0323.p3d	15009_p_uwm_132	Co ten chlap dělá?
5/6/56ee4067.p3d	17150_bwtrb_330	Vypadni.
5/6/56eed98b.p3d	12463_nypda_535	Jeeeeežíši!
5/6/56f4d16a.p3d	1067_bwgsp_306	Dostáváme zásahy... Máme poškození...
5/6/56fd159d.p3d	14951_p_uwm_074	Jo! Tamhle! Vidíš ho?
5/7/5700dd47.p3d	20212_bwoff_pain_a	*argh*
5/7/5709f20a.p3d	24573_alex_e06m02_576	Mám tě!
5/7/57115c00.p3d	20477_mar_b_pain_b	*argh*
5/7/57229b5d.p3d	4237_mar_c_106	Jednotka Echo hlásí kůže. Hlídej si záda, Cudahy!
5/7/5723c7e9.p3d	24793_nypda_039	Charlie Nineteen, rozumím.
5/7/5725e64e.p3d	14790_p_mtf_144	Ach ne! Bouchačka! Pozor!
5/7/572f7a9b.p3d	17574_bwoff_223	Tak se mi to líbí, vojáci!
5/7/57304ac9.p3d	12008_nypda_075	Buďte ve střehu. Může být kdekoliv.
5/7/5737e531.p3d	22333_bwhqa_515	Sestřelte ho z nebe.
5/7/57393510.p3d	7625_mabra_065	Čekali jsme na tebe, drsňáku. Bulldog zahajuje palbu.
5/7/573b4b43.p3d	22823_mar_a_e02m02_005	Nechceš vědět, co tam mají. Fakt to nechceš vědět.
5/7/573be6fe.p3d	52_bwbhk_021	Ghost zapojuje a pronásleduje, přepínám.
5/7/573f7ccb.p3d	10364_mahqb_101	Naše taktické cíle stále nejsou splněny.
5/7/5740600a.p3d	11950_nypda_035	Tady Charlie Nineteen, slyším vás, dispečinku.
5/7/5743c6eb.p3d	10556_mamls_123	Nic to nemění. Pořád to musíme zasáhnout.
5/7/5745c825.p3d	25271_nypda_228	Už je po všem?
5/7/57492dae.p3d	21833_alex_e02m01_050	Musím se vrátit k Daně a srovnat si, co vím. 
5/7/574a5b89.p3d	615_bwbra_210	Skenujeme poslední známou polohu, přepínám.
5/7/574b3122.p3d	24166_p_haf_201	Nenechávejte mě tady.
5/7/5752e4a2.p3d	13813_p_fdf_098	Ach!
5/7/575309fa.p3d	22259_bwhqa_e08m03_034	Východ. Na východ. RC, konec.
5/7/57560b63.p3d	8341_mar_a_081	Slyší mě někdo?
5/7/576346fa.p3d	18815_susol_203	Počkat, kterej to byl zas?
5/7/5763f305.p3d	14326_p_fdm_142	Co se to děje!?
5/7/5767da33.p3d	9118_mar_b_287	Myslím, že to je noha.
5/7/5768609b.p3d	1032_bwgsp_271	Povoleno zapojit. Palba. Palba.
5/7/57723f48.p3d	19174_p_hlf_096	Ne!
5/7/577840ac.p3d	7535_mabcm_189	Situace je kritická. Máme tu víc raněných než bojeschopných! Potřebujeme evakuaci a pozemní podporu, jestli to máme udržet.
5/7/577aef34.p3d	286_bwbhk_255	Žádné známky pohybu, myslím, že jsme to vyčistili, kontrolo.
5/7/577f27f5.p3d	15415_p_suf_071	To je on!
5/7/5783329f.p3d	22932_mar_c_e02m05_010	Není to Mercer? Co se to tu sakra děje!?
5/7/578a10a4.p3d	11367_maoff_223	Dobrá práce. Dostali jsme toho parchanta.
5/7/57962a8e.p3d	4202_mar_c_071	Red Crown, tady Chalk Tři. Tenhle kvadrant čistý. Můžeme to zabalit na dnešek, přepínám.
5/7/57a19039.p3d	13518_p_erm_040	No tak! Z cesty!
5/7/57a432c3.p3d	917_bwgsp_157	Míříme na pětky. Střílíme.
5/7/57a8a78f.p3d	11106_mahqa_134	Čekejte na přeřazení. Zóna je čistá.
5/7/57ab5f3a.p3d	8605_mar_a_346	Bože, co se to v tomhle městě děje?
5/7/57ae22bd.p3d	4927_maabr_235	Uzavřít kanál, opakuji, uzavřít kanál.
5/7/57b05072.p3d	13038_p_ctf_029	Chytili toho chlapa?
5/7/57b22df7.p3d	17257_bwtrb_437	Hm. Páni.
5/7/57b75607.p3d	10521_mamls_088	Palebná mise zrušena, uh, kam nás chcete?
5/7/57b7d835.p3d	17976_bwtra_333	Takovou šanci už nedostaneš.
5/7/57b8f543.p3d	458_bwbra_053	Zabití potvrzeno, přepínám.
5/7/57bbe00c.p3d	2095_bwmls_243	Opouštíme Horkou zónu, přepínám.
5/7/57bd87a3.p3d	11801_nydisp_076	Jednotko, negativní.
5/7/57bebcdd.p3d	24131_p_haf_099	Hajzl!
5/7/57bf5ead.p3d	16789_bwabr_309	Už to jde!
5/7/57c2b11c.p3d	19585_bwhqb_073	Ne, rozumíte?
5/7/57c60495.p3d	14529_p_ham_115	Dovnitř!
5/7/57c8dca3.p3d	21573_maabr_255	Mise splněna, velitelství. Stáhněte nás, přepínám.
5/7/57ce8f77.p3d	20874_p_mtf_cough_c	*kašel*
5/7/57d10501.p3d	12271_nypda_343	Tam! Tenhle chlap! Sundejte ho!
5/7/57dd9cd1.p3d	16490_bwabr_030	Zpátky v akci, Red Crown, nahrávám obraz.
5/7/57e10d85.p3d	8038_mabhk_137	Blíží se velká rána, hlavy dolů!
5/7/57e6dd29.p3d	7378_mabcm_046	Nerozuměl jsem, opakuji, nerozuměl jsem.
5/7/57ee80f0.p3d	251_bwbhk_220	Jo, Red Crown, máme pohyb.
5/7/57f11fff.p3d	7980_mabhk_079	Máme jasný výhled na cíl, přepínám.
5/7/57fd9fc0.p3d	11332_maoff_188	Je mezi námi, nikdo se nehýbat!
5/8/58029ab5.p3d	24556_alex_e05m02_559	Hni sebou, Raglande!
5/8/5805b5a8.p3d	20594_p_ctf_cough_c	*kašel*
5/8/58103745.p3d	24054_bwoff_events_015	Zdá se, že dostáváme posily -- už bylo na čase!
5/8/5811a630.p3d	17382_bwoff_041	Označte tuhle oblast jako prázdnou.
5/8/5819505e.p3d	19817_magsp_105	Red Crown, doporučuji nasměrovat Thunder na více zdravotních evakuací.
5/8/5819f8f3.p3d	8448_mar_a_188	Máme ho?
5/8/5825bfb3.p3d	17222_bwtrb_402	Zatlačte!
5/8/582b6751.p3d	17941_bwtra_298	Jo, je to fakt ZEUS, přepínám.
5/8/582c86cb.p3d	423_bwbra_008	Nabito a připraveno, uvolněte nám cestu, přepínám.
5/8/582f6f09.p3d	2060_bwmls_198	*zachechtání* To si necháme.
5/8/5832edde.p3d	16754_bwabr_274	Znovu?!? Tady je tvrdý odpor.
5/8/583642e2.p3d	19550_bwhqb_048	Likvidace ZEUSe byla úspěšná. Seberte tělo a přineste ho.
5/8/583b971d.p3d	9993_maf35_261	Voodoo Sedm hlásí studenou stopu. Cíl unikl úderu, přepínám.
5/8/583d0ebb.p3d	22627_maabr_e08m04_022	Nic takovýho jsem ještě neviděl. Ale pořád si myslím, že to zabít můžeme. Zbraně nahoru, mariňáci -- dejte mu zabrat!
5/8/584572cd.p3d	18623_susol_041	Mám vizuál na červená těla! Potvrzeno.
5/8/584fedda.p3d	21816_alex_e01m02_033	Vědí, že jdu. Musím to promyslet.
5/8/5851570d.p3d	19148_p_hlf_070_a	Zdá se mi to?
5/8/58549f41.p3d	8003_mabhk_102	Pošlete úderový balíček. Budeme cíl sledovat.
5/8/585a17fd.p3d	4309_mar_c_166	Udržujte odstup, udržujte vizuál!
5/8/585a6ee5.p3d	7343_mabcm_011	Jsme tu připraveni, Red Crowne. Všechny jednotky na místě a připraveny k nasazení, pane.
5/8/585b4842.p3d	24865_nypda_191	Z perimetru! HNED!
5/8/585d659a.p3d	14862_p_mtf_216	Hej! *zasténání*
5/8/585e0bc0.p3d	20824_p_hlf_cheer_a	Wóóóó!
5/8/585f72f4.p3d	22446_bwtra_e05m01_038	Jednotky AT a Bulldog připraveny. Hotrod čeká mimo Rudou zónu
5/8/5861ea79.p3d	11905_nydisp_170	Nouzové posily vyslány. Potvrďte jejich příjezd, přepínám.
5/8/586c3c20.p3d	11175_maoff_037	Žádám těžký úder. Spusťte peklo, velitelství.
5/8/586fe8b7.p3d	15080_p_uwm_203	Aaách! To bolí!
5/8/587dc0ed.p3d	11734_nydisp_019	Policisté dali honičku, ale ztratili vizuální kontakt. Naposledy viděn na západ od místa kontaktu.
5/8/58802d58.p3d	22693_magsp_e04m02_003	Máme kontakt. Jasný. Přesměrujte hlídky a co nejdřív vyžádejte balíček.
5/8/5882a67d.p3d	24238_p_haf_080	Udělejte něco! To je tamten!
5/8/588d8aaf.p3d	8413_mar_a_153	Kurva, kámo, potřebujeme leteckou podporu HNED.
5/8/58904e71.p3d	4735_maabr_063	Hlavní cíl mimo dohled, přepínám.
5/8/5894596d.p3d	17065_bwtrb_245	Nepřítel padl.
5/8/589493f1.p3d	21050_p_uwm_gasp_c	*lapání po dechu*
5/8/5894f2a6.p3d	12378_nypda_450	Sundej ho, kreténe!
5/8/5896cc75.p3d	19393_bwhqa_072	Ne. Negativní, přepínám.
5/8/589a03ab.p3d	17784_bwtra_141	Rozptylte se. Sakra, najděte ho!
5/8/58a18a61.p3d	16597_bwabr_137	Dávejte na sebe pozor!
5/8/58a9be92.p3d	19246_p_hlf_166	Nemůžu tu umřít. Ne! Ne, ne takhle. Ne jako zasranej pes.
5/8/58b26e80.p3d	358_bwbhk_327	Sakra. Cíl je na naší ptáku, snaží se nastoupit, ten hajzl se snaží dostat na palubu.
5/8/58b5f772.p3d	20646_p_ctm_gasp_c	*lapání po dechu*
5/8/58b7b4e8.p3d	21059_p_uwm_pain_d	*argh*
5/8/58c18d29.p3d	11439_maoff_277	Řekněte obrněncům, ať ověří cíle!
5/8/58ceddca.p3d	24830_nypda_267	Vážně?
5/8/58d593c0.p3d	17489_bwoff_148	Všechny sežeňte!
5/8/58da8918.p3d	17611_bwoff_260	Kriste!
5/8/58e2031c.p3d	15340_p_mtm_228	Jíááááááách!
5/8/58e5960f.p3d	10279_mahqb_036	ZEUS je mimo zónu zásahu.
5/8/58e5ceea.p3d	20269_bwtrb_scream_b	*výkřik*
5/8/58e9ad43.p3d	17329_bwtrb_509	Jdem! Jdem!
5/8/58ea8b33.p3d	10401_mahqb_138	Rozkaz k pronásledování je tímto zrušen.
5/8/58eb4431.p3d	10998_mahqa_046	Budete to muset zopakovat, přepínám.
5/8/58ebeca2.p3d	25186_nypda_453	V pohodě, chlape, máme ho pod kontrolou!
5/8/58ed2bf5.p3d	24539_alex_e04m01_543	Tady odsud to musí řídit.
5/8/58f35f39.p3d	2167_bwmls_305	Připravte se na náraz!
5/8/58f38a5c.p3d	23897_alex_025	Můžu se dostat dovnitř, nebo to tu srovnat se zemí.
5/8/58f637c5.p3d	24203_p_haf_013	Viděls, co se stalo?
5/8/58f9004a.p3d	13728_p_fdf_015	Ví někdo, co se stalo?
5/8/58fa3049.p3d	19657_bwhqb_135	Podmínky čisté. Všechny jednotky se soustřeďte.
5/8/58fad231.p3d	4572_mar_c_430	Sakra!
5/9/5903e018.p3d	4700_maabr_028	Zbraně aktivní, jsme připraveni k boji, přepínám.
5/9/5907eb29.p3d	17030_bwtrb_210	Blázni! Nevidíte, že vás využívá?
5/9/5908844d.p3d	12343_nypda_415	Padly výstřely!
5/9/59151c1d.p3d	16562_bwabr_102	Cíl je stále funkční.
5/9/59185af0.p3d	19089_p_hlf_013	Viděls, co se stalo?
5/9/591d504e.p3d	19211_p_hlf_131	Podívej se na to.
5/9/591e0853.p3d	8975_mar_b_144	ZDRAVOTNÍKA! ZDRAVOTNÍKA!! Do prdele. ZDRAVOTNÍKA!!
5/9/592223a4.p3d	11838_nydisp_103	Všechny jednotky, 10-6, čekejte, potvrďte!
5/9/5925fdb1.p3d	323_bwbhk_292	Pozor, pěchota v terénu, máme volno k akci.
5/9/59333713.p3d	22922_mar_b_e09m03_051	Rozkazy jsou zastřelit VŠECHNO nevojenský. I civilisty, četo. Cokoli tu je, bude asi nakažený. Žádný váhání, hajzlové. Rozumíte mi?
5/9/59351aed.p3d	11404_maoff_129	Vydrž! Vydrž!
5/9/593b33de.p3d	16816_bwtrb_016	Jeden škrtnutej, červená.
5/9/593f9112.p3d	14670_p_mtf_026	Volal už někdo 911?
5/9/5949257c.p3d	17454_bwoff_113	Co je s tebou?
5/9/59509ced.p3d	15183_p_mtm_073	Viděl jsem toho chlapa, to je on!
5/9/595927cb.p3d	10244_mahqb_001	Rozumím. Všechny jednotky, zahajte pátrací protokol.
5/9/595d71ad.p3d	10436_mamls_003	Čekáme na cíle, pošlete souřadnice -- zasáhneme je.
5/9/595ed5ed.p3d	10963_mahqa_011	Žádný vizuál, zkuste FLIR -- F-L-I-R.
5/9/595f7a82.p3d	25151_nypda_312	Našel jsem ho!
5/9/5966ee89.p3d	2132_bwmls_280	Zásah úspěšný, máme pozitivní potvrzení.
5/9/596dc205.p3d	19622_bwhqb_100	Informujte mě o všech událostech.
5/9/59771e07.p3d	12186_nypda_258	Vypadá to na mrtvolu. Radši sem přivezte forenzní tým.
5/9/597d9dc8.p3d	14206_p_fdm_023	Držte si odstup!
5/9/599199fa.p3d	8940_mar_b_109	Čisto. Seberte munici a vytvořte nový perimetr, tohle možná ještě neskončilo.
5/9/5991eba6.p3d	7415_mabcm_083	Posílili jsme pozemní síly, Red Crowne.
5/9/5992c78c.p3d	24937_nypda_261	Označuju to jako tělo, dispečinku. Zařaďte to do forenzního procesu.
5/9/599499f6.p3d	166_bwbhk_135	Red Crown, ztratili jsme ho, povolení k návratu na základnu?
5/9/599629d9.p3d	20050_magsp_318	Uhni vpravo!
5/9/599a36e1.p3d	1918_bwmls_056	Všude jsou trosky, suť...
5/9/599e3a6b.p3d	18070_bwtra_427	Nepřítel v otevřeném prostoru!
5/9/59a3b8ba.p3d	11247_maoff_091	Zašel jsi příliš daleko, hajzle!
5/9/59aa17a8.p3d	18993_susol_381	Pozor!
5/9/59aead6c.p3d	9296_mar_b_465	*dušení* Naser si! *sténání*
5/9/59b0f9f0.p3d	21962_alex_e05m02_178	Nastup!
5/9/59c7cdbd.p3d	4807_maabr_135	Red Crowne, cíl zlikvidován, přepínám.
5/9/59cbd8b9.p3d	17137_bwtrb_317	Nepřítel, nepřítel! Ve vozidle!
5/9/59ce4ba2.p3d	19465_bwhqa_134	Přejít na bílou, přejít na bílou, jsme čistí při kontaktu s nepřítelem, přepínám.
5/9/59d182f7.p3d	17856_bwtra_213	Ztište se, zachovejte klid a evakuujte se KROKEM.
5/9/59d685ea.p3d	22639_mabhk_e09m01_008	Velitelství, opouštíme dočasnou základnu H Třicet Dva.
5/9/59daae04.p3d	14938_p_uwm_061	To bylo neskutečný!
5/9/59dcfd92.p3d	4380_mar_c_238	Ježíši Kriste!?!
5/9/59e8635d.p3d	13696_p_erm_218	*dušení* Polož mě!
5/9/59eaafc3.p3d	12151_nypda_223	Držte ho na zemi. Připravte taser.
5/9/59eb240a.p3d	13373_p_ctm_130	Pusť ho! Pusť ho!
5/9/59f23235.p3d	8783_mar_a_504	Pusť mě, nemusíš to dělat!
5/9/59ff7a5c.p3d	23974_alex_102	Dobře, kdo je další?
5/a/5a037eb5.p3d	14777_p_mtf_131	Má zbraň!
5/a/5a082bb2.p3d	131_bwbhk_100	Seskupit se. Seskupit se. Udělejte, co jde.
5/a/5a0d96d5.p3d	19016_susol_404	Páni!
5/a/5a0dbffd.p3d	22228_bwhqa_e06m04_003	Čete Delta, podpořte Hammer za každou cenu. V okamžiku, kdy budete mít byť jen sebemenší podezření, že to není spřátelená jednotka, zaútočte a zničte ji, přepínám.
5/a/5a1adbb1.p3d	23926_alex_054	Jeho.
5/a/5a1d9544.p3d	24112_bwhqa_e09m03_006	Tady velitelství CITADELA. Přímo od generála Randalla: tři hodiny dvacet dva minut do FIREBREAKU. Konec.
5/a/5a1df871.p3d	11937_nypda_022	Dispečinku, něco tu nehraje. Jdu se rozhlédnout.
5/a/5a21ecc4.p3d	22297_bwhqa_e10m04_072	Charlie tři se blíží k Citadele. Podpůrné jednotky na cestě.
5/a/5a223f28.p3d	9261_mar_b_430	To tě naučila maminka, co?
5/a/5a2368c8.p3d	25258_nypda_475	BĚŽ!
5/a/5a32517d.p3d	4644_mar_c_502	K zemi!
5/a/5a33a3b5.p3d	8328_mar_a_068	Dobře, mrcho, ukaž, co umíš.
5/a/5a3f67ea.p3d	17102_bwtrb_282	Tady je kousků, možná budeš chtít lopatku.
5/a/5a40010e.p3d	12415_nypda_487	Přestaňte střílet! Přestaňte střílet!
5/a/5a401cb1.p3d	17699_bwtra_056	Viděls to? Jdu se podívat.
5/a/5a41dabe.p3d	19430_bwhqa_099	Žádám běžné hlášení situace od všech zapojených jednotek, přepínám.
5/a/5a44e8cb.p3d	20154_bwgsp_choke_c	*dušení*
5/a/5a451213.p3d	17821_bwtra_178	Do prdele!
5/a/5a45f8ed.p3d	1019_bwgsp_258	Klid! Klid! Jsme v pohodě.
5/a/5a4c98de.p3d	16634_bwabr_174	Vidím rudé! Zabijte a izolujte!
5/a/5a4e3fab.p3d	14903_p_uwm_026	Mluvil jsi s policií?
5/a/5a55421d.p3d	9873_maf35_161	Tady Voodoo Sedm, ještě jeden to snad dorazí, jedu znovu.
5/a/5a5bf28e.p3d	13661_p_erm_183	Běž! Běž! Běž!
5/a/5a5ef1dc.p3d	10050_maf35_318	Voodoo končí! Sedm končí!
5/a/5a6020ce.p3d	19995_magsp_263	Útočný pták Sedm, jsme čistí. Ukazuji jen modré.
5/a/5a6ab2da.p3d	13181_p_ctf_170	Nechte mě vám pomoct! Můžu vám pomoct!
5/a/5a6e080c.p3d	22087_alex_e08m02_305	Dobře, poslouchejte -- plán se mění. Máte novou trasu ve svých systémech, držte ji a jeďte za náma. Držte se u sebe!
5/a/5a770dd3.p3d	14742_p_mtf_098	Ach!
5/a/5a80a23d.p3d	17526_bwoff_185	Tak lidi, pořád to platí.
5/a/5a80c53a.p3d	22952_mar_c_e03m01_030	Nenechte je za perimetr!
5/a/5a8250d6.p3d	20812_p_ham_pain_a	*argh*
5/a/5a881c37.p3d	15255_p_mtm_143	Nestřílejte na nikoho.
5/a/5a90a46d.p3d	10316_mahqb_063	Potvrzuji.
5/a/5a94ee6e.p3d	10508_mamls_075	Red Dog, Red Dog na náš laserový cíl. Úderný balíček hned!
5/a/5a96eeca.p3d	25223_nypda_105	Charlie Nineteen, dispečinku. Subjekt zmizel.
5/a/5a976f8d.p3d	11722_nydisp_007	Jednotko v honičce, potřebujete 10-13? Hlaste se.
5/a/5a9b6fb1.p3d	8181_mabhk_260	Whoa, to bylo trochu moc blízko.
5/a/5a9c580d.p3d	24118_p_haf_106	Uvolněte prostor, všichni! No tak, vypadněte! Všichni umřeme!
5/a/5aa0eb37.p3d	4487_mar_c_345	Už to jde! Najděte si kryt!
5/a/5aa4cc54.p3d	20807_p_ham_gasp_d	*lapání po dechu*
5/a/5aae9d68.p3d	12258_nypda_330	Co mám teď dělat?
5/a/5ab3aeab.p3d	17664_bwtra_041	Jo.
5/a/5ab784cc.p3d	7875_mabra_295	Vybuchne to! Ven, ven!
5/a/5ab7a8d2.p3d	23048_tagga_e09m03_008	Je to ta věc. Zasáhněte to a dostaňte nás odsud!
5/a/5abb3523.p3d	16477_bwabr_017	Ztratili jsme ZEUSe z dohledu, přepínám.
5/a/5ac3696d.p3d	19126_p_hlf_050	Koukej -- to je ten samej chlap!
5/a/5ac4fc93.p3d	21750_speci_e04m04_052	Padá to!
5/a/5acc1942.p3d	238_bwbhk_207	Zase ty zasraný rudý. Vyčistěte ulici, jsme na zeleno. Palte naplno.
5/a/5aceb866.p3d	7967_mabhk_066	Red Crowne, cíl je mimo náš dohled.
5/a/5ad1a63e.p3d	11092_mahqa_120	Jsme ve své určené zóně.
5/a/5ad3b294.p3d	19960_magsp_238	Přijato.
5/a/5ad45de9.p3d	8591_mar_a_332	Ať někdo zavolá velitelství. Připravte evakuaci raněných!
5/a/5ad523f5.p3d	23024_ragla_e06m02_044	Ááách!
5/a/5ad5b72c.p3d	18142_bwtra_499	Červená, červená, parchante!
5/a/5adb3827.p3d	11319_maoff_175	Zachovejte klid, chlapi!
5/a/5adb8593.p3d	21736_speci_e04m04_038	Dávej pozor. Maso na pochodu.
5/a/5aef3e82.p3d	17369_bwoff_028	Jsem v Zabíjecí zóně.
5/a/5afbadf5.p3d	15220_p_mtm_110	Keve, křič moje jméno, jestli mě slyšíš!
5/b/5b01fd53.p3d	15983_p_uem_168	Proč já, chlape!? Proč já...!? Nechci ti ublížit!
5/b/5b03557a.p3d	17209_bwtrb_389	Soustřeďte palbu, nebo je po nás!
5/b/5b0597e0.p3d	25066_nypda_373	Dneska si to NENECHÁM líbit!
5/b/5b08ffb8.p3d	17928_bwtra_285	Dobrá zpráva je, že hůř už asi nebude.
5/b/5b0d0770.p3d	2047_bwmls_185	Salva úspěšná. Čekáme na nové souřadnice.
5/b/5b13db49.p3d	19537_bwhqb_035	Přerušte pronásledování, vraťte se na základnu.
5/b/5b147cf3.p3d	4452_mar_c_310	Dejte do toho všechno, chlapi!
5/b/5b222c84.p3d	12223_nypda_295	Řekl jsem, ať to znovu neděláš. Nezkoušej si to se mnou, pane.
5/b/5b22a356.p3d	13445_p_ctm_202	Neee! *sténání*
5/b/5b2b1688.p3d	7840_mabra_260	Žádný termosnímek, ani stopa, je pryč.
5/b/5b35a84e.p3d	10771_mamls_318	Šlápni na to, sklop lafetu!
5/b/5b37b353.p3d	8855_mar_b_044	Na mé pozici prioritní cíl. Pošlete sem pár pořádnejch parchantů, pane!
5/b/5b3afe01.p3d	14849_p_mtf_203	Áách! Ta bolest! Je nesnesitelná!
5/b/5b3bcfb9.p3d	11826_nydisp_091	Popište mi to, jednotko. Potřebujete 10-13?
5/b/5b3fa873.p3d	203_bwbhk_172	Označili jsme slabá místa, zkuste s tím něco udělat.
5/b/5b424a22.p3d	7932_mabhk_031	Máme přímé zásahy na cíl.
5/b/5b4d7e93.p3d	15067_p_uwm_190	Nepřestávej!
5/b/5b51a3dd.p3d	24443_mcmul_e04m03_105	Zajímavé... vypadá to, že hladina nákazy v oblasti klesá.
5/b/5b59be74.p3d	9333_mar_b_502	Palte! Mám Tanga!
5/b/5b629260.p3d	14480_p_ham_066	Co jsem to právě viděl?
5/b/5b657a0a.p3d	16006_p_uem_191	Aaah! Sakra!
5/b/5b792588.p3d	25031_nypda_218	O tomhle mluvím!
5/b/5b795a1f.p3d	19502_bwhqa_171	Úderný balíčku Bravo, přerušte akci a vraťte se na základnu, přepínám.
5/b/5b80992c.p3d	2012_bwmls_150	Palba na cíl červená, přepínám.
5/b/5b82044e.p3d	16994_bwtrb_174	Palte, to je náš člověk!
5/b/5b8316ac.p3d	4295_mar_c_152	Přebíjím!
5/b/5b8417ec.p3d	16706_bwabr_226	Akce u konce, RC.
5/b/5b90c8c4.p3d	12066_nypda_133	Dispečinku. Ozvěte se, dispečinku. Tady Charlie Nineteen, 10-84.
5/b/5b913d12.p3d	13288_p_ctm_047	Někdo toho chlapa zastavte!
5/b/5b963272.p3d	13410_p_ctm_167	Prosím, nezabíjej mě, prosím tě! Prosím!
5/b/5b99b30b.p3d	7683_mabra_123	Pohyb, ta zatracená věc nás trefí.
5/b/5baad6e4.p3d	673_bwbra_268	To bylo o fous, posádko Razoru.
5/b/5bac71d3.p3d	24817_nypda_102	Dispečinku, tady Charlie Nineteen. Tohle místo je negativní.
5/b/5bae8d1d.p3d	14814_p_mtf_168	Proč já! Proč já! Jsem přece neškodná!
5/b/5bb3629b.p3d	13871_p_fdf_154	Přichází to z toho vozidla!
5/b/5bb73898.p3d	22480_bwtra_e06m05_073	Připravte se na prohledávku. Zatlačte všechno zpátky! Hned!
5/b/5bbf9b83.p3d	15327_p_mtm_215	Ach bože!
5/b/5bc1103a.p3d	15032_p_uwm_155	Pryč od tanku!
5/b/5bc3c26a.p3d	18873_susol_261	Nemůžete je zachránit. Zabijte je oba.
5/b/5bc47100.p3d	14384_p_fdm_200	Nemůžu dýchat, potřebuju pomoc hned!
5/b/5bc8582e.p3d	9176_mar_b_345	Vyklidit oblast!
5/b/5bc8de80.p3d	1090_bwgsp_328	Zatlačte!
5/b/5bcdc198.p3d	22466_bwtra_e06m05_059	Připravte se na prohledávku. Zatlačte všechno zpátky! Hned!
5/b/5bd2eefd.p3d	8253_mabhk_332	Byli jsme zasaženi, držte se!
5/b/5bd86a83.p3d	4559_mar_c_417	Hledejte cíle v davu!
5/b/5bdfa5db.p3d	15473_p_suf_129	Sežeňte pomoc!
5/b/5be0f0ad.p3d	22022_alex_e06m01_238	NE!! Zabijou Danu spolu s tou Věcí...pokud je nevyřídím první....
5/b/5be580f0.p3d	17017_bwtrb_197	To je ten pravej! Jsem si jistej!
5/b/5be7d2c5.p3d	20935_p_mtm_pain_d	*argh*
5/b/5be7f6a2.p3d	19345_bwhqa_034	Podle nejlepších informací se ZEUS přesunul, veliteli. Týmy čekají na rozkazy.
5/b/5beb2b2e.p3d	17736_bwtra_093	Postupte, semkněte se!
5/b/5bf2b1e4.p3d	16549_bwabr_089	Blackjack zahajuje palbu. Vyklidit oblast!
5/b/5bf2d43e.p3d	22798_maoff_e08m04_062	Copperheadi na čele!
5/b/5bf33283.p3d	20134_bwbra_dying_c	*chroptění*
5/b/5bf6a874.p3d	4260_mar_c_129	Jdeme na to, pohyb!
5/b/5bfb5b23.p3d	9788_maf35_076	Voodoo ve tmě, ztracen kontakt, přepínám.
5/b/5bfc0922.p3d	11759_nydisp_044	Zajistěte místo činu. Držte civilisty i vojsko zpátky, dokud si podezřelého nepřevezmou důstojníci BLACKWATCH.
5/c/5c005085.p3d	9910_maf35_198	Mám plnou obrazovku cílů. Všechno červené, přepínám.
5/c/5c020b94.p3d	13576_p_erm_098	Vypadni!
5/c/5c0457e0.p3d	12031_nypda_098	Dispečinku, mám pozitivní na podezřelého. Žádám podporu úderného týmu.
5/c/5c04b0be.p3d	975_bwgsp_215	Mise dokončena. Vracíme se dovnitř.
5/c/5c04cece.p3d	13253_p_ctm_012	Jsou nakažení?
5/c/5c0bdd35.p3d	8663_mar_a_404	RC, označte ho jako bojovníka, jdu na to. Čekejte.
5/c/5c0e9e2d.p3d	4985_maabr_293	Ranger zasažen. Systémy funkční, přepínám.
5/c/5c10cbe0.p3d	13096_p_ctf_085	Nezabíjej mě!
5/c/5c1156d3.p3d	20990_p_uem_cheer_c	Jůůů! *smích*
5/c/5c1d2979.p3d	14657_p_mtf_013	Byla to nehoda?
5/c/5c268005.p3d	14587_p_ham_173	Sakra, utíkej!
5/c/5c3be9ea.p3d	9141_mar_b_310	Dav mrzáků, míří k nám, přepínám.
5/c/5c3d0864.p3d	25138_nypda_063	Co je vlastně s těmahle chlapama? Můj bratranec z dvanáctýho okrsku má o nich nějaký historky.
5/c/5c4188f5.p3d	8096_mabhk_195	Něco tam dole není v pořádku, Red Crowne, přepínám.
5/c/5c4486db.p3d	2119_bwmls_267	Dělostřelecká salva pozitivní, jsme na pozitivní. Předsunutí, udržujte cíl volný.
5/c/5c4b57cc.p3d	19609_bwhqb_087	Potřebuju informace, lidi. Jaký je stav?
5/c/5c4bf9b4.p3d	4524_mar_c_382	Jdeme na to! Soustřeďte se na cíl!
5/c/5c5e1dbb.p3d	11390_maoff_246	Všichni, klidně opusťte oblast!
5/c/5c5ebcd5.p3d	17701_bwtra_058	Nech mě jenom rychle prohledat oblast.
5/c/5c6643a0.p3d	16514_bwabr_054	Veliteli úderu, přiveďte to. Pošlete balíček, přepínám.
5/c/5c6eecdf.p3d	9753_maf35_041	Voodoo aktivní, zapojuji se. Světla zapnuta.
5/c/5c6f2fd6.p3d	8927_mar_b_096	Jdu podle instinktu, kouknu se.
5/c/5c73c240.p3d	20037_magsp_305	Nepřítel je na palubě! Přidej plyn!
5/c/5c759d50.p3d	13541_p_erm_063	On-on-on se jako rozpustil, nebo co!
5/c/5c783fef.p3d	940_bwgsp_180	Vizuální kontakt, vizuální kontakt, možná něco máme!
5/c/5c79cbce.p3d	19875_magsp_163	Tohle jde rychle z kopce, mám vlastní jednotky padající na digimostě. Je to tak?
5/c/5c7bd2d2.p3d	18057_bwtra_414	Použijte zbraň! Palte!
5/c/5c822fd4.p3d	4950_maabr_258	Tohle máme v kapse. Ranger Dvě Sedm se vrací na základnu, přepínám.
5/c/5c845d9e.p3d	13061_p_ctf_052	Viděl to ještě někdo?
5/c/5c863b23.p3d	17280_bwtrb_460	Jsme naprosto zapojení.
5/c/5c8d025a.p3d	481_bwbra_076	Tady Razor Jedna. Máme vizuál.
5/c/5c9a11ac.p3d	14552_p_ham_138	Budou sakra střílet!
5/c/5c9a4cff.p3d	17406_bwoff_065	Pozice udržena.
5/c/5ca1c6fd.p3d	15135_p_mtm_027	Tohle nikdy nezapomenu. Ta zasraná hanba.
5/c/5ca5edcb.p3d	18681_susol_069	Jaký je stav na moři?
5/c/5ca8166f.p3d	15898_p_uem_084	Já nejsem ten zrůda!
5/c/5cb51ab1.p3d	8061_mabhk_160	Cíl zlikvidován, opakuji, cíl zlikvidován!
5/c/5cba95f9.p3d	4367_mar_c_225	Zakázaná oblast. Vraťte se, hned!
5/c/5cc68d8c.p3d	25393_alex_e04m03_701	McMullen je pryč!  Sráč jeden!
5/c/5cc84814.p3d	12138_nypda_209	Jsi zatčen!
5/c/5cd12fcc.p3d	7755_mabra_195	Zapni automatické dvojité zaměřování, myslím, že jich je víc, přepínám.
5/c/5cdbc169.p3d	10686_mamls_233	Pozorovatel hlásí maximální účinek. Ještě jedna salva.
5/c/5ce320dc.p3d	24296_p_haf_054	Ustupte od něj, chlape. Sakra, ustupte!
5/c/5ce5c179.p3d	118_bwbhk_087	Tohle už dlouho nevydržíme, Red Crowne!
5/c/5ce6dc34.p3d	783_bwgsp_023	Jsme bez cíle, přepínám. Doba odkladu.
5/c/5ce75171.p3d	20002_magsp_270	Vše čisté na palubě. To je čisto z nebe.
5/c/5ceae1e7.p3d	13943_p_fdf_226	Neeeeee!
5/c/5ced5d75.p3d	19840_magsp_128	Tornado Jedna volá Red Crown, zahajujeme průzkumný přelet zóny. Kouř zakrývá výhled, ale dostaneme ho. Pogo, přepínám.
5/c/5cee08aa.p3d	8471_mar_a_211	Je to jejich přístup, kámo. Prostě se mi nelíbí.
5/c/5cef61ee.p3d	18022_bwtra_379	ZEUS je chameleon.
5/c/5cf0cc6c.p3d	4793_maabr_121	Lokace je čistá. Opakuji. Lokace je čistá.
5/c/5cf5c86f.p3d	22005_alex_e05m03_221	Hmf.
5/c/5cf88f86.p3d	15104_p_uwm_227	Ah. Ahhhhh!
5/c/5cfb41b6.p3d	18945_susol_333	Bojujeme! Sakra bojujeme!
5/c/5cfe9076.p3d	22991_ragla_e05m02_011	Co je? Co se stalo?
5/c/5cffd77a.p3d	9248_mar_b_417	Do krytu, kluci! Pohyb! Pohyb! Pohyb!
5/d/5d17253c.p3d	15545_p_suf_201	Hej! Zachraň mě!
5/d/5d1ba82d.p3d	15863_p_uem_051	Policie! Policie!
5/d/5d1f7325.p3d	19417_bwhqa_086	Jednotky Hotel a Whiskey, ozvěte se s aktualizací, přepínám.
5/d/5d20e6a5.p3d	22398_bwoff_e07m04_041	Přivolejte Sběrný tým -- a řekněte McMullenovi, že máme jeho vzorek.
5/d/5d220b04.p3d	11497_maoff_324	Všichni ven! Stáhnout se!
5/d/5d226ed7.p3d	22907_mar_b_e06m04_036	Zůstaň se mnou, Hatchi. Nemám rád, když je chlap s pořádně velkym raketometem moc daleko ode mě, jestli víš, co tím myslím.
5/d/5d22aa7a.p3d	17808_bwtra_165	Tohle je sakra uzavřená Zóna.
5/d/5d2e2514.p3d	4332_mar_c_189	Projděte to, prohledejte každý kout.
5/d/5d398af5.p3d	13648_p_erm_170	Nezabíjej mě! Nedělej to! Ne!
5/d/5d3bd745.p3d	12103_nypda_174	Jsme přímo nad ním -- cítím to.
5/d/5d3c4b8d.p3d	13325_p_ctm_082	Nejsem to já, přísahám!
5/d/5d3c8a43.p3d	10037_maf35_305	Přilétá to!
5/d/5d3fcc11.p3d	7598_mabra_038	Najíždíme. Najíždíme, přepínám.
5/d/5d4359b8.p3d	8735_mar_a_456	Tohle bude nějaký svinstvo!
5/d/5d44c188.p3d	7720_mabra_160	Neriskuj, pokračuj v palbě.
5/d/5d46deb9.p3d	20176_bwmls_choke_a	*dušení*
5/d/5d484b2c.p3d	13168_p_ctf_157	Co jsem ti kdy udělala?
5/d/5d4f5085.p3d	10651_mamls_198	Žádáme nové cíle, Red Crown.
5/d/5d50efff.p3d	588_bwbra_183	Red Crown, právě se zapojujeme!
5/d/5d54a63a.p3d	14729_p_mtf_085	Nestřílej po mně, mám děti!
5/d/5d557e44.p3d	11814_nydisp_079	Dispečink hlásí negativní.
5/d/5d55e542.p3d	710_bwbra_295	Mayday! Mayday! Padáme!
5/d/5d56b357.p3d	24261_p_haf_084	Páni, páni, páni. Počkej, počkej, počkej, OK. Jsem ochotná spolupracovat.
5/d/5d597bb8.p3d	13786_p_fdf_071	Tamhle! Tamhle! Jsem si celkem jistá!
5/d/5d67b1c7.p3d	20398_mamls_dying_c	*chroptění*
5/d/5d6a8a06.p3d	14299_p_fdm_115	Ti lidé jdou po nás! Ti nakažení!
5/d/5d6ed0d2.p3d	18910_susol_298	Kurva, zabijte to!
5/d/5d7366ab.p3d	9213_mar_b_382	Cíl je v pohybu!
5/d/5d790803.p3d	8168_mabhk_247	Mise selhala, Red Crowne, ZEUS nás setřásl.
5/d/5d85bef8.p3d	15388_p_suf_046	Sakra! Pozor!
5/d/5d867bac.p3d	381_bwbhk_350	Rozpadáme se na kusy! Sakra, mám pohyb po celém řízení, tenhle pták padá. Padáme!
5/d/5d89df48.p3d	21864_alex_e03m01_080	Nemůžeš odejít, dokud nejsme v bezpečí. Vydrž.
5/d/5d8ab458.p3d	15510_p_suf_166	Co ode mě chceš?
5/d/5d8fc277.p3d	21916_alex_e04m01_132	Další.
5/d/5d959d5d.p3d	11462_maoff_341	Nechci umřít!
5/d/5d9baf4e.p3d	16874_bwtrb_074	Oči otevřené.
5/d/5d9cc18e.p3d	4175_mar_c_043	Tady Chalk Three. Ztratili jsme kontakt. Máte cíl na očích, přepínám.
5/d/5da30771.p3d	25376_alex_e03m01_702	Sakra, mají nás! Musíme zmizet z dohledu a schovat se.
5/d/5da66c2b.p3d	9825_maf35_113	Velitel úderu, velitel úderu, posílám vektory pro dodání balíku.
5/d/5dad1c9c.p3d	13613_p_erm_135	On bude střílet!
5/d/5daf3e90.p3d	11079_mahqa_107	Hledáme potvrzený kontakt.
5/d/5db01974.p3d	10002_maf35_270	Náš cíl zmizel. Doporučuji odvolat úder, přepínám.
5/d/5db14b1a.p3d	19947_magsp_235	Rozumím.
5/d/5db1f63b.p3d	8578_mar_a_319	Nevěděl jsem to. Přísahám, že jsem to nevěděl.
5/d/5db3246c.p3d	25450_alex_e07m01_704	Potvrzeno, konec.
5/d/5db34f93.p3d	18129_bwtra_486	Tohle se právě taktický posralo!
5/d/5db35dcd.p3d	7563_mabra_003	Pozemní podporo, v terénu, severní pozice, přepínám.
5/d/5dbbdce8.p3d	13133_p_ctf_122	Někdo, udělejte něco!
5/d/5dbded1d.p3d	10494_mamls_061	Tohle nikdo nemohl přežít.
5/d/5dc481a6.p3d	553_bwbra_148	Vydrž, tohle bude bolet!
5/d/5dc8c078.p3d	24534_alex_e03m02_538	PŘENAŠEČI jsou ptáci. Najdi ptáky, najdeš nákazu.
5/d/5dcd0d61.p3d	13751_p_fdf_038	Ježíši Kriste!
5/d/5dce3d60.p3d	19680_bwhqb_158	Povolení uděleno, vyšlete úderný balíček do zabíjecího boxu.
5/d/5dd1910d.p3d	14624_p_ham_210	K zemi!
5/d/5dd242fc.p3d	22808_maoff_e10m04_072	Naposledy jsem se díval, tohle byla pořád zasraná letadlová loď. Sežeňte nám sakra leteckou podporu, HNED, DO PRDELE!
5/d/5dd943bc.p3d	15207_p_mtm_097	Nikdo mi neuvěří, že jsem tohle viděl.
5/d/5ddd6d2c.p3d	18753_susol_141	Zmiz odsud, hni prdelí!
5/d/5dde1937.p3d	14264_p_fdm_080	On! Přímo tam!
5/d/5de202f0.p3d	9056_mar_b_225	Rotmistře, jaký jsou tu rozkazy?
5/d/5de8e93e.p3d	20169_bwgsp_stab_b	*ááh*
5/d/5df212ba.p3d	4439_mar_c_297	Přestaň s tím! Hned!
5/d/5df269a1.p3d	7473_mabcm_141	Počkejte. Kontakt navázán. Čekejte na informace o nepříteli.
5/d/5df33a0c.p3d	24995_nypda_005	Myslím, že o svátcích vezmu rodinu pryč z tohohle státu.
5/d/5df950b4.p3d	15353_p_suf_011	Co se to tu děje?
5/d/5dfab4dc.p3d	1976_bwmls_114	Aktivujte obranné protokoly. Celá ulice je nyní klasifikována jako bezpečná pro palbu.
5/d/5dfdac05.p3d	20295_maabr_scream_d	*výkřik*
5/e/5e04601c.p3d	23873_alex_001	HNÍZDO.
5/e/5e08aeda.p3d	7827_mabra_247	Hrozba odstraněna, otáčíme se, přepínám.
5/e/5e1340b5.p3d	10758_mamls_305	SAKRA PRÁCE!
5/e/5e15b7c2.p3d	11747_nydisp_032	Čekejte, vojáci vědí, že už nemáte kontakt.
5/e/5e16be0c.p3d	24380_maoff_events_008	Posily... to je Mercer?
5/e/5e1e58f5.p3d	855_bwgsp_095	Cíl unikl pátrání.
5/e/5e1fe274.p3d	7919_mabhk_018	Zaujímáme útočnou formaci, Red Crowne, přepínám.
5/e/5e22c7bc.p3d	22804_maoff_e09m03_068	Vizuál? To je on. Mám Mercera, rozešlete to po síti, priorita Zulu.
5/e/5e22cdc1.p3d	11044_mahqa_072	Negativní, potvrďte.
5/e/5e24dcd6.p3d	19912_magsp_200	Označte to na FLIR, sletíme dolů a dáme mu ránu. Chci, abyste stříleli, dokud nezůstanou ležet.
5/e/5e25856c.p3d	8543_mar_a_284	Tohle je po všech stránkách v hajzlu.
5/e/5e28492d.p3d	4865_maabr_193	Jsme v pohodě, soustřeďte se!
5/e/5e2c5429.p3d	17195_bwtrb_375	Postup HNED, tlačte-tlačte-tlačte!
5/e/5e334a5c.p3d	22597_dana_e06m01_005	POMOZ MI! POMOC! *vzlyká*
5/e/5e3b2bea.p3d	14996_p_uwm_119	Tohle se nemůže dít!
5/e/5e402ac7.p3d	14467_p_ham_053	Ten hajzl je zpátky!
5/e/5e5163e6.p3d	24587_alex_e06m03_590	Funguje to. Ještě pár.
5/e/5e532777.p3d	15935_p_uem_121	Zmiz odsud, kurva, dostane i tebe!
5/e/5e559221.p3d	9021_mar_b_190	Ale sakra.
5/e/5e56b6af.p3d	25018_nypda_029	Čekejte na Charlie Nineteen -- vyšetřujeme možné 10-30.
5/e/5e5e3117.p3d	22435_bwtra_e04m03_027	Hlídejte si boky! Pohyb a palba!
5/e/5e65a476.p3d	4404_mar_c_262	Tam! To je on. Střílej!
5/e/5e66dc46.p3d	24960_nypda_496	Zbraně dolů! Hlídejte si palebnou linii!
5/e/5e6e43f8.p3d	1941_bwmls_079	Potvrzuji, zahajuji pátrací vzorec Zulu, přepínám.
5/e/5e750d11.p3d	22188_bwabr_e08m03_28	Nepřátelé, nepřátelé na severu! Zapojujeme se!
5/e/5e77c8b6.p3d	11270_maoff_141	PO-ZOR!
5/e/5e792cbc.p3d	20108_bwbhk_dying_a	*chroptění*
5/e/5e79fac0.p3d	97_bwbhk_066	Sakra. Kam to zmizelo? Vidíte to?
5/e/5e7ad904.p3d	8807_mar_a_528	Ne, ó, néé!
5/e/5e7ca750.p3d	21795_alex_e01m01_012	Musím jít někam, kde mě nenajdou. Někam do davu.
5/e/5e7e73a4.p3d	11995_nypda_061	Ve střehu, pane!
5/e/5e86cfe6.p3d	10723_mamls_270	Řekni mi, že nevidím to, co vidím.
5/e/5e8e3241.p3d	24333_p_haf_121	Ale sakra.
5/e/5e90fb02.p3d	13858_p_fdf_141	Pozor! Zbraň!
5/e/5e91eab1.p3d	820_bwgsp_060	Tady Thunder Five, připravuji se na druhý nálet, pro Rangera.
5/e/5e937690.p3d	19755_magsp_043	Máš povolení ukončit mu ten zasranej život. Udělej to.
5/e/5e9421b0.p3d	8386_mar_a_126	*zabručení* Do prdele práce!
5/e/5e9bdad4.p3d	4830_maabr_158	Uhni z cesty!
5/e/5e9ea8a1.p3d	15019_p_uwm_142	Bude střílet!
5/e/5e9f72c0.p3d	22767_maoff_e06m04_031	Tohle je chvíle, kdy vás Amerika potřebuje nejvíc... nezklamte ji.
5/e/5e9fe5e5.p3d	17160_bwtrb_340	Cíl vyšel z krytu.
5/e/5ea676e7.p3d	1077_bwgsp_315	Pták padá, opakuji, pták padá!
5/e/5ead169b.p3d	16692_bwabr_212	Zóna zneškodněna, jsme v modrém stavu, přepínám.
5/e/5eaebb1b.p3d	14961_p_uwm_084	Budeš toho litovat! Přestaň!
5/e/5eb3bc6e.p3d	14432_p_ham_018	Co je to?
5/e/5ebae5f7.p3d	21847_alex_e02m05_063	Je tu příliš mnoho těch zasraných věcí. Potřebuju s tím pomoct.
5/e/5ec18504.p3d	22601_dana_e06m01_009	ALEXI!!!!
5/e/5ec6b693.p3d	15900_p_uem_086	Počkejte! J-já jsem občan!
5/e/5ec7fc51.p3d	25433_alex_e06m03_701	Tyhle věci vypadají divoce, pudově - ale organizovaně. Kolektivní mysl?  Kdybych se napojil na jejich proud myšlenek, možná bych mohl najít Danu.  A možná i Elizabeth Greeneovou.
5/e/5ecb5433.p3d	22486_bwtra_e07m01_079	Potřebujeme blízkou podporu na mé Dvacítce, Ghoste Dvanáct, slyšíte mě, přepínám?
5/e/5ed32e5c.p3d	16946_bwtrb_126	Tahle Zóna je teď naše.
5/e/5ed440db.p3d	4247_mar_c_116	Velitelství, potvrzuji pozitivní kontakt na stavu budovy. Vypadá to na nemocniční centrum.
5/e/5ee12019.p3d	17584_bwoff_233	Nestřílejte!
5/e/5ee1f047.p3d	12018_nypda_085	Dispečinku, tady Charlie Nineteen. Je tu všude plno hořáků.
5/e/5ee98aaf.p3d	22343_bwhqa_525	Neidentifikovaný letoune, otočte na nula devět nula, jinak s vámi bude naloženo jako s nepřátelským bojovníkem.
5/e/5eeada8e.p3d	7635_mabra_075	Negativní na zapojení, nejdřív se připravte, slyšíte?
5/e/5eebafbb.p3d	24517_alex_e02m05_521	Tak pojďte, hoňte mě, hajzlové!
5/e/5eed8c7c.p3d	62_bwbhk_031	Doručujeme na cíl.
5/e/5ef12249.p3d	10374_mahqb_111	Mise stále zní pronásledovat a zaměřit.
5/e/5ef20569.p3d	11960_nypda_035	Tady Charlie Nineteen, slyším vás, dispečinku.
5/e/5ef359a9.p3d	13205_p_ctf_194	Někdo, prosím, pomozte mi!
5/e/5ef56c69.p3d	10566_mamls_133	Přestaňte. Pozorovateli, potvrďte cíl.
5/e/5ef76a5e.p3d	25281_nypda_178	Tady Charlie Nineteen, honím podezřelého!
5/e/5efcd6de.p3d	24176_p_haf_231	Do prdeleeee!
5/f/5f048cab.p3d	13823_p_fdf_108	Pomozte zraněným!
5/f/5f070837.p3d	19720_magsp_008	Tornado Jedna připraven, žádné známky pohybu, přepínám.
5/f/5f07b0e1.p3d	8351_mar_a_091	Velitelství, cíl označen na osmdesáti metrech. Přiveďte úderný tým!
5/f/5f0a772e.p3d	4673_maabr_001	Kavalerie je tady, hoši. Uvolněte cestu, přepínám.
5/f/5f104d7c.p3d	23950_alex_078	To bolelo.
5/f/5f14ec78.p3d	18825_susol_213	D-Codes na místě, jdeme dovnitř.
5/f/5f159883.p3d	14336_p_fdm_152	Z cesty! Tank!
5/f/5f197fb1.p3d	9128_mar_b_297	Do prdele!
5/f/5f1a0619.p3d	1042_bwgsp_281	Útok selhal, cíl je stále na nohou!
5/f/5f23e751.p3d	19184_p_hlf_106	Uvolněte prostor, všichni! No tak, vypadněte! Všichni umřeme!
5/f/5f241680.p3d	8205_mabhk_284	Do bezpečné vzdálenosti, přepínám!
5/f/5f29e62a.p3d	7545_mabcm_199	Nepřítel nás tu trhá na kusy, Red Crowne. Zatím se držíme, ale nevypadá to dobře.
5/f/5f2bb171.p3d	23902_alex_030	Šéf.
5/f/5f2c94b2.p3d	296_bwbhk_265	Velitel úderu hlásí cíl zlikvidován, přepínám.
5/f/5f30cd73.p3d	15425_p_suf_081	Ale no tak! J-j-já to nejsem!
5/f/5f3bb622.p3d	11377_maoff_233	Kdo vystřelil první? Kdo to sakra udělal!?
5/f/5f4230e5.p3d	22746_maoff_e02m05_010	Ochrana budovy narušena. Uzavřete ji -- a nenechte je odejít živé!
5/f/5f47d00c.p3d	4212_mar_c_081	Red Crown, tady Chalk Tři. Nepřítel poražen. Oblast čistá.
5/f/5f4b42d4.p3d	22502_bwtrb_e01m02_002	Jasně. No, jestli se ukáže, dostane dvě do hrudi a jednu do hlavy.
5/f/5f5335b7.p3d	13528_p_erm_050	To je tvůj chlap, jasný.
5/f/5f54ef71.p3d	24694_tagga_e08m04_001	Tady velitelství Red Crown. Probíhá Code Black. Všechny jednotky, stáhnout se. Odpočet k Fire Break byl zahájen. Opakuji, všechny jednotky se stáhněte k okamžité evakuaci.
5/f/5f55d841.p3d	927_bwgsp_167	Máme skiny, přepínám, přepni na laser a získej data.
5/f/5f5a4d0d.p3d	11116_mahqa_144	Pozor všem jednotkám. Probíhá žádost o úder, čekejte.
5/f/5f5e6c4a.p3d	7600_mabra_040	Právě manévrujeme, přepínám.
5/f/5f5fc83b.p3d	4937_maabr_245	Tato zóna je teď bez nepřátel, přepínám.
5/f/5f61f5f0.p3d	13048_p_ctf_039	Koukej kam jdeš!
5/f/5f63d375.p3d	17267_bwtrb_447	Nech mě jít. Nikomu nic neřeknu.
5/f/5f68fb85.p3d	10531_mamls_098	Myslím, že jsme se dostali na jeho seznam priorit.
5/f/5f697db3.p3d	17986_bwtra_343	Mějte ho na mušce!
5/f/5f6a9ac1.p3d	468_bwbra_063	Zaměřovací kontrola vypadla, přepínám.
5/f/5f6f2d03.p3d	11802_nydisp_077	Čekejte na to.
5/f/5f71042b.p3d	16799_bwabr_319	Neeeee!
5/f/5f74567b.p3d	19595_bwhqb_073	Ne, rozumíte?
5/f/5f77aa13.p3d	14539_p_ham_125	Hej! Odpoutej se, kámo!
5/f/5f82aa7f.p3d	12281_nypda_353	Hej -- co-co to děláš? Jsem na tvý straně!
5/f/5f892a2a.p3d	14301_p_fdm_117	Zabili tu ubohou ženu! Bože, pořád jdou!
5/f/5f9132b4.p3d	20156_bwgsp_dying_a	*chroptění*
5/f/5f92b303.p3d	8048_mabhk_147	Hrozba narůstá, přibližujte se opatrně!
5/f/5f9882a7.p3d	7388_mabcm_056	Teď nemůžu dokončit přenos, musíte to potvrdit, přepínám.
5/f/5fa06766.p3d	22662_mabra_e04m01_012	Silný signál na trojce. Triangulujte s ostatními a přesměrujte.
5/f/5fa2c57d.p3d	7990_mabhk_089	Přeskupit. Přeskupit. Zkontrolujte systémy a připravte se znovu zaútočit!
5/f/5fa3a05f.p3d	22697_magsp_e10m04_007	Roztáčíme. Dejte nám pár vteřin, teď máme otevřené podvozky.
5/f/5faf453e.p3d	11342_maoff_198	Stáhněte se! Řekl jsem stáhnout se OKAMŽITĚ!
5/f/5fb10cdd.p3d	22853_mar_a_e06m01_034	Míříme do červené zóny. Žádám povolení zaútočit.
5/f/5fc0a53a.p3d	25416_alex_e05m03_704	Umí létat s vrtulníkem. Přesně toho pilota potřebuju.
5/f/5fc34bae.p3d	17392_bwoff_051	Všichni zpátky! Přichází palba! Přichází palba!
5/f/5fcaf5dc.p3d	19827_magsp_115	Cíl identifikován. Označte naše souřadnice. Pošlete úderný balík.
5/f/5fcb9e71.p3d	8458_mar_a_198	Echo One Alpha, pane!
5/f/5fccfa55.p3d	18009_bwtra_366	Co to...? Ježíši, to je ON!
5/f/5fd76531.p3d	17232_bwtrb_412	Mějte ho na mušce!
5/f/5fdd0f5a.p3d	17951_bwtra_308	Pamatujte, pořád krvácí a umírá.
5/f/5fde2c68.p3d	433_bwbra_028	Jsme připraveni k zapojení, přepínám.
5/f/5fe11712.p3d	2070_bwmls_208	Rušíme misi, přepínám.
5/f/5fe4935c.p3d	16764_bwabr_284	Jednotka Blackjack, udržujeme celistvost.
5/f/5fe7e860.p3d	19560_bwhqb_058	Potvrzuji. Mercer je mrtvý. Přejděte do stavu bílá.
5/f/5feb3944.p3d	14504_p_ham_090	Hej, nedělej to, kámo. Sakra toho budeš litovat! Říkám ti to.
5/f/5ff8f424.p3d	22962_mar_c_e06m04_039	Potvrzeno, Red Crown, FIREBALL byl přemožen. Opakuji, FIREBALL byl přemožen. Vypadá to, že nikdo nepřežil.
6/0/600644bf.p3d	8013_mabhk_112	Prověřujeme poslední známou polohu, přepínám.
6/0/600bbd7b.p3d	4319_mar_c_176	Rychlé zhodnocení! Všechny jednotky, hlaste se!
6/0/600c1463.p3d	7353_mabcm_021	Všechny body, máme tu palbu na zemi. Nasaďte se a zaútočte.
6/0/600cf4ed.p3d	24875_nypda_379	Odkud to přišlo?
6/0/600f0b18.p3d	14872_p_mtf_226	Neeeeeeee!
6/0/60138fd9.p3d	11906_nydisp_171	Potvrzuji žádost o zdravotní a podpůrnou pomoc. Čekejte. Čekejte.
6/0/601de19e.p3d	11185_maoff_047	Více cílů, Red Crown. Skiny v oblasti!
6/0/60215c33.p3d	22360_bwoff_e01m01_003	Ehm, možná tu máme Runnera. Něco neobvyklého. Přepojte to na Crosse a starýho pána, máme tu REDLINE událost. Redline.
6/0/60218e35.p3d	15090_p_uwm_213	T-to se blíží!
6/0/602259da.p3d	7707_mabra_147	Zrovna když jsem si myslel, že jsem viděl už kurva všechno...
6/0/602f6662.p3d	11735_nydisp_020	Policisté, vojáci jsou na cestě, prosím předávejte jakékoliv informace o výskytu, přepošlu je vojenské rozvědce.
6/0/60344b60.p3d	24248_p_haf_040	Vy jste to všichni viděli?
6/0/603f302d.p3d	8423_mar_a_163	Co to sakra bylo?
6/0/6041f3ef.p3d	4745_maabr_073	Sem, chlapi. Máme ho na monitoru.
6/0/6045feeb.p3d	17075_bwtrb_255	A jéje, člověče!
6/0/60469824.p3d	12388_nypda_460	Co to dělá?
6/0/604947f7.p3d	25469_alex_e08m04_705	Ty. Čas si promluvit.
6/0/604ba929.p3d	17794_bwtra_151	Do stran, lidi, obkličte ho!
6/0/604d17cf.p3d	14408_p_fdm_224	To bolí. Pusť mě!
6/0/605b6410.p3d	19256_p_hlf_176	Jsou nám v patách!
6/0/606413fe.p3d	368_bwbhk_337	Mayday! Mayday! Ghost Hog Dva Dva Sedm, máme napadený let, máme napadený let!
6/0/606b89ba.p3d	22268_bwhqa_e08m03_043	Vzdálené sledování čerpadla říká, že jste asi z 25 % hotovi. Držte linii. Máme další jednotky na cestě k vaší podpoře.
6/0/607332c3.p3d	11449_maoff_294	Důstojník na nohou!
6/0/607e1186.p3d	22832_mar_a_e02m05_014	Do prdele! Zvládli jsme to. Zvládli jsme to.
6/0/60807bff.p3d	24840_nypda_092	Dispečinku, tady Charlie Nineteen. Mám ID podezřelého. Sešlete to na něj.
6/0/6087393e.p3d	17499_bwoff_158	Já vím! Tohle je ZEUS!
6/0/6087f4dc.p3d	22927_mar_c_e02m02_005	Nechceš vědět, co mají tam vevnitř. Fakt nechceš vědět, kámo.
6/0/608c2e96.p3d	17621_bwoff_270	Áách!
6/0/60973b8d.p3d	10289_mahqb_046	Mercer je zadržen. Odsud to přebírá WATCH.
6/0/609bb24a.p3d	22941_mar_c_e02m05_019	Tomu, kurva, nevěřím.
6/0/609c30b1.p3d	10411_mahqb_148	Romeo Charlie povoluje protokol nasazení balíčku. Nasaďte, hned teď.
6/0/609d8adc.p3d	25196_nypda_283	Myslím, že ty hořáci jsou uvnitř té věci. Vypadá to, že odtamtud vylézají, dispečinku.
6/0/60a504b7.p3d	2177_bwmls_315	Áá! Dostaňte nás ven!
6/0/60a7dd45.p3d	24213_p_haf_025	Nikdy jsem nic takovýho neviděla.
6/0/60abd5c7.p3d	19667_bwhqb_145	Teď schvaluji úderný balíček.
6/0/60ac77af.p3d	4582_mar_c_440	Pozor! Ovládlo to tu těžkou zbraň.
6/0/60b58596.p3d	4710_maabr_038	Tady Ranger Dvě Sedm. Nepřítel není zlikvidován, slyšíte?
6/0/60b990a7.p3d	17040_bwtrb_220	Dokaž, že nejsi Mercer!
6/0/60ba29cb.p3d	12353_nypda_425	Tady je to plnohodnotná válka, dispečinku!
6/0/60c094d1.p3d	23949_alex_077	Dobře, musím se zamyslet, co to všechno znamená.
6/0/60c6c19b.p3d	16572_bwabr_112	Cíl potvrzen, RC.
6/0/60ca006e.p3d	19099_p_hlf_023	Nějaký filmový hovadiny....
6/0/60cef5cc.p3d	19221_p_hlf_141	Poldové tu budou co nevidět.
6/0/60cfadd1.p3d	8985_mar_b_154	Vypadněte odsud! HNED!
6/0/60d3c904.p3d	11839_nydisp_104	10-11, podezřelý pořád hrozba? Hlaste se.
6/0/60d7a5ba.p3d	333_bwbhk_302	Ghost Stallion Devět, stahujeme se do bezpečné vzdálenosti, přepínám.
6/0/60e6c463.p3d	11414_maoff_252	Všude je krev!
6/0/60ea544b.p3d	21976_alex_e05m02_192	Raglande -- ne!
6/0/60ecd95c.p3d	16826_bwtrb_026	ZEUS unikl ze sítě, buďte opatrní.
6/0/60f13690.p3d	14680_p_mtf_036	Promiňte, že vám stojím v cestě!
6/0/60facafa.p3d	17464_bwoff_123	Vypadni odsud. To nechceš, abych to opakoval.
6/1/6102426b.p3d	15193_p_mtm_083	Nestřílejte! Nestřílejte! Jsem neozbrojenej!
6/1/61033513.p3d	24460_bwoff_e01m02_001	Rozprostřít se, je zraněný.
6/1/610acd49.p3d	10254_mahqb_011	Znovuzaměření ZEUSE je teď hlavní prioritou.
6/1/610ee1f2.p3d	17304_bwtrb_484	Nestřílej po mně, blbče!
6/1/610f172b.p3d	10446_mamls_013	To je palebná mise, pojďme sakra něco odpálit.
6/1/61107b6b.p3d	10973_mahqa_021	Potvrzuji. Pátrání negativní. Stáhněte se k reorganizaci, přepínám.
6/1/6111151f.p3d	25161_nypda_057	Jsme tu, abychom pomohli.
6/1/6115abc9.p3d	505_bwbra_100	Naprostá zasraná katastrofa.
6/1/6118932e.p3d	2142_bwmls_220	Přestaňte s tím zasraným tlacháním.
6/1/611f6783.p3d	19632_bwhqb_110	Platí scénář Tango.
6/1/6128b705.p3d	24063_bwoff_events_024	Tady Red 4... momentálně se to může zvrtnout na obě strany.
6/1/6128c385.p3d	12196_nypda_268	Co to sakra bylo?
6/1/612e94af.p3d	18705_susol_093	Zóna je prázdná. Hlaste to. Konec.
6/1/612f4346.p3d	14216_p_fdm_033	Hej! Přestaň s tím!
6/1/61332a73.p3d	9008_mar_b_177	Vidím to. Nepřítel!
6/1/613f401a.p3d	24049_bwoff_events_010	Zeus spatřen... počkat... pomáhá nám?
6/1/61433f78.p3d	8950_mar_b_119	Vidím cíl -- vidím to!
6/1/61439124.p3d	7425_mabcm_093	Posíláme pomoc. Další mariňáckou sílu do vašeho sektoru boje, konec.
6/1/61447410.p3d	24947_nypda_431	Vypadni sakra pryč!
6/1/61463f74.p3d	176_bwbhk_145	Dostaňte naše lidi pryč, přepínám.
6/1/6147cf57.p3d	20060_magsp_328	Jdu tam. To je ono, jdeme tvrdě dovnitř.
6/1/614bdc5f.p3d	1928_bwmls_066	Zdržuji palbu a žádám o úder.
6/1/614fdfe9.p3d	18080_bwtra_437	Chceš snad přidat, sakra?!
6/1/615560c3.p3d	11257_maoff_101	Rozviňte se, chlapi. Určitě je tady.
6/1/616f8303.p3d	807_bwgsp_047	V zóně. Leť, nebo shoř. Přepni na auto.
6/1/6177f2b4.p3d	22455_bwtra_e05m01_047	Zapojuji ZEUSE! Žádám podporu!
6/1/6179733b.p3d	4817_maabr_145	Couvni s tou herkou!
6/1/617d7e37.p3d	17147_bwtrb_327	DOST.
6/1/617ff120.p3d	19475_bwhqa_144	Primární úderný balíček odeslán. Uvolněte zónu, přepínám.
6/1/61832875.p3d	17866_bwtra_223	Ou, myslím, že to někdo potřeboval, aby přežil.
6/1/61894af6.p3d	24402_maoff_events_030	Tohle jde naším směrem. Dobrá práce. Pokračujte.
6/1/618c5382.p3d	14948_p_uwm_071	T-tamhle! Jsem si jistej!
6/1/618ea310.p3d	4390_mar_c_248	Zadržte palbu, dokud neidentifikujeme nepřítele.
6/1/619c5541.p3d	12161_nypda_233	Ujistěte se, že je ta věc mrtvá.
6/1/619cc988.p3d	13383_p_ctm_140	Sakra! K zemi!
6/1/61a3d7b3.p3d	8793_mar_a_514	Do prdele!
6/1/61b52433.p3d	14787_p_mtf_141	Ta osoba má zbraň!
6/1/61b809d5.p3d	24912_nypda_526	Kryjte se!
6/1/61b9d130.p3d	141_bwbhk_110	Budeme potřebovat úklidové čety na zemi, přepínám.
6/1/61c8effa.p3d	11222_maoff_072	Držíme se, veliteli. Jsme čistí.
6/1/61cb24ce.p3d	49_bwbhk_018	Pozor dole, hajzlové. Pták se blíží.
6/1/61cf9def.p3d	11947_nypda_032	Rozumím, dispečinku.
6/1/61d3e4a6.p3d	9271_mar_b_440	Svatá dobroto!
6/1/61d50e46.p3d	25268_nypda_485	Máme posily na cestě? Protože jich potřebujeme SPOUSTU.
6/1/61e3f71a.p3d	4654_mar_c_522	Přerušit! Jdeme!
6/1/61e54933.p3d	8338_mar_a_078	Budeme tu potřebovat pomoc!
6/1/61e8f2d4.p3d	20692_p_erm_pain_a	*argh*
6/1/61f10d68.p3d	17112_bwtrb_292	Do prdele se mnou!
6/1/61f16bf1.p3d	22676_maf35_e08m04_007	Můj bože... nedokážu vám říct, co to je. Nahrávám vizuál.
6/1/61f1a68c.p3d	12425_nypda_497	Jsi čistý?
6/1/61f382c7.p3d	19440_bwhqa_109	Polní týmy připraveny k zadržení, jsme v akci, veliteli.
6/1/61f6b791.p3d	17831_bwtra_188	Právě jsem sejmul ZEUSE.
6/1/61f79e6b.p3d	1029_bwgsp_268	Red Crown, přerušuji aktuální nálet.
6/1/61fe3e5c.p3d	16644_bwabr_184	Pokusíme se potvrdit spatření, přepínám.
6/1/61ffe529.p3d	14913_p_uwm_036	Dávej bacha, blbče!
6/2/6206e79b.p3d	9883_maf35_171	Voodoo Sedm hlásí nepřítele na zemi, opakuji, nepřítel na zemi.
6/2/620b6e52.p3d	20687_p_erm_gasp_d	*lapání po dechu*
6/2/620d980c.p3d	13671_p_erm_193	Jsem zraněný!
6/2/6210975a.p3d	10060_maf35_328	Je to špatný, moc špatný. Padám na padáku.
6/2/621c5858.p3d	13191_p_ctf_180	Blíží se!
6/2/6228b5dc.p3d	14752_p_mtf_108	Pomoc! Nenechte mě tady umřít!
6/2/623247bb.p3d	17536_bwoff_195	To jsou NEPŘÁTELÉ. PALTE!
6/2/6239c1b5.p3d	15265_p_mtm_153	Říkal jsem ti, že to udělaj.
6/2/624249eb.p3d	10326_mahqb_073	Ne, opakuji, negativní.
6/2/6243b48f.p3d	22105_alex_e08m03_322	To je dobré. Spusť čerpadlo.
6/2/624693ec.p3d	10518_mamls_085	Schovává se to tu někde, já to vím.
6/2/62489ba6.p3d	25233_nypda_300	Ani hnout! ANI HNOUT!
6/2/624914ed.p3d	11723_nydisp_008	Podpora na cestě. Aktualizace na podezřelého.
6/2/624d152f.p3d	8191_mabhk_270	Jsme tu v hovnech, Red Crowne.
6/2/624dfac2.p3d	24128_p_haf_096	Ne!
6/2/624e643a.p3d	24615_alex_e09m03_618	Přesně tak, Taggarte. Utíkej!
6/2/625290b5.p3d	4497_mar_c_355	Tak jo! Pojď sem!
6/2/6258daee.p3d	8303_mar_a_042	Sejmi tu svini!
6/2/626042e6.p3d	12268_nypda_340	Tady je -- SUNDEJTE HO!
6/2/6265540a.p3d	17674_bwtra_041	Jo.
6/2/62692cd5.p3d	7885_mabra_305	Za kryt s korbou! Pohyb! Rozjeď se!
6/2/626cdaa1.p3d	16487_bwabr_027	Nepřítel právě vyběhl z krytu. Posílám souřadnice.
6/2/62750eeb.p3d	19136_p_hlf_060	Hej -- poznáváš ho!?
6/2/627dbec0.p3d	248_bwbhk_217	Něco tam dole není v pořádku, Red Crowne, přepínám.
6/2/627e9c0d.p3d	25371_alex_e02m02_701	Tihle tajní se tu nejen zakopávají - přebírají velení.
6/2/62805de4.p3d	7977_mabhk_076	Máme vizuál. Opakuji, máme vizuál, přepínám.
6/2/62855812.p3d	19970_magsp_248	Red, negativní.
6/2/62875f35.p3d	18152_bwtra_509	Řekl jsem HNI SE!
6/2/628cdda5.p3d	11329_maoff_185	Všichni stát! Ukažte doklady!
6/2/62a0e400.p3d	17379_bwoff_038	ZEUS opustil zónu.
6/2/62a5d977.p3d	17501_bwoff_160	Máte špatného chlapa!
6/2/62ad5373.p3d	15230_p_mtm_120	Není kam jít.
6/2/62b3a2d1.p3d	15993_p_uem_178	Zachraňte se, kurva!
6/2/62b4faf8.p3d	17219_bwtrb_399	Zasraná želví ksicht!
6/2/62b73201.p3d	25076_nypda_078	Dispečinku, možná budu potřebovat 10-85 na tohle.
6/2/62baa536.p3d	17938_bwtra_295	Střílej! Rukojmí je stejně už mrtvé!
6/2/62beacee.p3d	2057_bwmls_195	Vracíme se na obrannou pozici, přepínám.
6/2/62c580c7.p3d	19547_bwhqb_045	Dobrá práce, polní týmy. Ohraničte tělo.
6/2/62c62271.p3d	4462_mar_c_320	Zaměřte znovu ten cíl!
6/2/62d3d48d.p3d	12233_nypda_305	Dolů! DOLŮ!
6/2/62d448d4.p3d	13455_p_ctm_212	Dolů! Dolů!
6/2/62dcbc06.p3d	7850_mabra_270	Někdo nahoře nám dává další šanci.
6/2/62e74dcc.p3d	10781_mamls_328	Připravte se na náraz! Držte se!
6/2/62e8a092.p3d	19101_p_hlf_025	Nikdy jsem nic takovýho neviděla.
6/2/62eca37f.p3d	14859_p_mtf_213	Už to jde!
6/2/62ed7519.p3d	11827_nydisp_092	Nahlaste prosím svou polohu a stav.
6/2/62f14df1.p3d	213_bwbhk_182	Cíl zlikvidován, opakuji, cíl zlikvidován!
6/2/62f3efa0.p3d	7942_mabhk_041	Cíl pořád na nohou, Red Crowne, přepínám.
6/2/62ff269c.p3d	15077_p_uwm_200	Pomozte mi! Prosím!
6/3/630b63f2.p3d	9343_mar_b_512	Pohni se!
6/3/631437de.p3d	14490_p_ham_076	Zabij toho hajzla!
6/3/63172213.p3d	16016_p_uem_201	Zachraňte mě!
6/3/632ac740.p3d	25041_nypda_123	Bridgett, Ježíši Kriste. Co to sakra děláme!?
6/3/632e36f2.p3d	17903_bwtra_260	Fakt si myslím, že Bůh se na New York vysral.
6/3/633244d2.p3d	22217_bwbra_e05m01_01	Rváči na třetí hodině. Palebný tým dva, zapojte se.
6/3/6335bd6a.p3d	16716_bwabr_236	Teď to nezvládneme splnit, RC.
6/3/63367a0a.p3d	22036_alex_e06m03_252	Mám pocit, že se s něčím propojuju. Naladuju se.
6/3/63391283.p3d	19512_bwhqb_010	Chci intenzivní pátrací vzorec.
6/3/6340d965.p3d	22873_mar_b_e02m02_003	Když si mám vybrat mezi rakovinou za deset let a nějakou vyrážkou co žere maso dneska, vezmu si tu zasranou rakovinu. Sakra, dostaneš i fialovou tyčku s hovadskýma klastrama.
6/3/63426e43.p3d	12076_nypda_144	Dispečinku, tady Charlie Nineteen. Našel jsem ho!
6/3/6342e290.p3d	13298_p_ctm_057	Sakra, to je on!
6/3/6347d7f0.p3d	13420_p_ctm_177	Běž! Utíkej!
6/3/634b5889.p3d	7693_mabra_133	Ok, víme, co máme a co to umí, přepínám.
6/3/635c7c62.p3d	683_bwbra_278	Žádám rádiové ticho, přepínám.
6/3/635cea78.p3d	8830_mar_b_019	Čekám na rozkaz, pane!
6/3/635e2296.p3d	24827_nypda_414	Ochutnej tohle!
6/3/6360329b.p3d	14824_p_mtf_178	Pohyb!
6/3/63650819.p3d	13881_p_fdf_164	Poslouchejte, tohle nechcete udělat, prosím!
6/3/6369c6e8.p3d	17608_bwoff_257	K zemi!
6/3/63714101.p3d	15337_p_mtm_225	Chystá se mě zabít. Udělejte něco!
6/3/6372b5b8.p3d	15042_p_uwm_165	POMOZTE MI! Ne, ne, ne, prosím! Ne!
6/3/637567e8.p3d	18883_susol_271	Vyklidit oblast -- hned!
6/3/6376167e.p3d	14394_p_fdm_210	Utíkej!
6/3/6379fdac.p3d	9186_mar_b_355	Pomozte nám, sakra!
6/3/63801f11.p3d	25305_nypda_503	Jsem v pořádku! *zasténání*
6/3/638a1001.p3d	4569_mar_c_427	Hej! Hej!
6/3/63914b59.p3d	15483_p_suf_139	Rychle! Do krytu!
6/3/639728f9.p3d	17027_bwtrb_207	Ne! Poslouchej identifikátor!
6/3/63999c20.p3d	19355_bwhqa_044	ZEUS je na zemi. Strategický cíl splněn. Sběrné týmy Blackwatch čekejte.
6/3/639cd337.p3d	17746_bwtra_103	Takhle se to dělá.
6/3/63a45762.p3d	16559_bwabr_099	Plný útok!
6/3/63ac8e35.p3d	19208_p_hlf_130	Padám odsud.
6/3/63ad00a1.p3d	9798_maf35_086	Potvrzuji vizuál. ZEUS je zpátky a hledá problémy.
6/3/63b1f88e.p3d	9920_maf35_208	Dej mi trochu prostoru, musím prověřit záblesk.
6/3/63b3b39d.p3d	13586_p_erm_108	Co se sakra stalo?
6/3/63b5ffe9.p3d	12041_nypda_108	Stahuju se z oblasti, dispečinku. Podezřelý je pryč.
6/3/63b6563c.p3d	985_bwgsp_225	Cíle nesplněny. Vracíme se na základnu, přepínám.
6/3/63c04636.p3d	4995_maabr_303	Dvě Sedm sestřelen! Padáme!
6/3/63c54d1b.p3d	20524_nypda_pain_a	*argh*
6/3/63d02892.p3d	23057_tagga_e09m03_017	Je na mém trupu! Sundejte ho!
6/3/63d07412.p3d	21947_alex_e05m01_163	*kašel, dušení*
6/3/63d82583.p3d	14597_p_ham_183	Jak nejrychleji můžeš!
6/3/63e4d032.p3d	15302_p_mtm_190	Nečum, pohyb!
6/3/63ed8f68.p3d	9151_mar_b_320	Co to sakra JE?
6/3/63eeb852.p3d	25148_nypda_309	To je ten pravý!
6/3/63f40553.p3d	21745_speci_e04m04_047	Palba!
6/3/63f40fc4.p3d	21039_p_uwm_cough_d	*kašel*
6/3/63f62c59.p3d	2129_bwmls_277	Palebná zóna vyčištěna, přecházíme na vedlejší cíle.
6/3/63fcfd4a.p3d	19619_bwhqb_097	Podejte mi přehled operace.
6/3/63fd9f32.p3d	4534_mar_c_392	Mám to! Sem!
6/4/64042cb5.p3d	23019_ragla_e06m02_039	Je tu víc, přímo tady!
6/4/640b514e.p3d	12305_nypda_377	Do prdele!
6/4/640d2dc7.p3d	19320_bwhqa_009	Zalehl. Rozšiřte pátrání. Pošleme Cyclopse nebo Ptáky na poslední známou polohu.
6/4/64106253.p3d	17711_bwtra_068	Najděte ho dřív, než on najde vás, hlídky.
6/4/6417e91e.p3d	16524_bwabr_064	Polní týme, přepošlete záznam, pokud ho máte.
6/4/6420925d.p3d	9763_maf35_051	Vidíš to?
6/4/6420d7df.p3d	8937_mar_b_106	Vypadáme líp než oni, to je jistý! Podám hlášení o situaci, čekejte.
6/4/64249136.p3d	22424_bwtra_e03m01_016	Ježíši. Cítím to i přes masku. Shnilé maso!
6/4/642567be.p3d	20047_magsp_315	Ale do prdele!
6/4/642742ce.p3d	13551_p_erm_073	Jsem si jistý, že to je ten!
6/4/642b714c.p3d	19885_magsp_173	Pal! Nepřestávej!
6/4/642d7850.p3d	18067_bwtra_424	Odstupte od toho vozidla!
6/4/642fea59.p3d	22713_mahqa_e04m01_013	Prohledávací tým, máme pozitivní hlášení ze tří dalších kvadrantů. Rozkaz zní vrátit se na základnu, přeskupit se a znovu nasadit, abychom je prověřili.
6/4/6433d552.p3d	4960_maabr_268	Přerušte útok. Opakuji, přerušte útok. Ukončete to, přepínám.
6/4/6436031b.p3d	13071_p_ctf_061	Viděl to někdo!?
6/4/6437e0a1.p3d	17290_bwtrb_470	Připraven!
6/4/643ea7d8.p3d	491_bwbra_086	Setkání tady! Hned!
6/4/644bb72a.p3d	14562_p_ham_148	Střílí to do davu!
6/4/644bf27d.p3d	17416_bwoff_075	Měl jsi svou šanci.
6/4/64536c7b.p3d	15145_p_mtm_037	K čemu to bylo?
6/4/64579349.p3d	18691_susol_079	Prioritní úderná zásilka na mé pozici. Nasadit hned.
6/4/64624b05.p3d	25113_nypda_353	Hej -- co-co to děláš? Jsem na tvý straně!
6/4/6466c02f.p3d	8071_mabhk_170	Spoušť je horká, jsme připraveni spustit palbu, Red Crowne.
6/4/646c3b77.p3d	4377_mar_c_235	Do prdele! Trefte toho hajzla!
6/4/6479eda8.p3d	12148_nypda_220	Podepsáno, zapečetěno, doručeno, zlato!
6/4/647cdfd7.p3d	20723_p_fdf_disgust_d	Kurva! Fuj!
6/4/648d66e7.p3d	10696_mamls_243	Nahlaste poškození, uh, zkontrolujte odpalovač střel.
6/4/64946710.p3d	8902_mar_b_071	Ah, cíl zmizel ze zaměření, velitelství, přepínám.
6/4/649766f7.p3d	128_bwbhk_097	Bylo to tam napjaté, seskupme se, přepínám.
6/4/649881b2.p3d	793_bwgsp_033	Mám to. ZEUS je přímo tady!
6/4/6498f6ef.p3d	20012_magsp_280	Dva naši ptáci jsou bez munice. Mise splněna, ohřejte kávu.
6/4/649f02f3.p3d	19850_magsp_138	Tornado volá Red Crown, výsledky hledání negativní.
6/4/649fae29.p3d	8481_mar_a_222	Tak dost, dál ne!
6/4/64a1076c.p3d	18032_bwtra_389	Ztratil jsem ho z dohledu.
6/4/64aa193c.p3d	23896_alex_024	Zalezli si tam.
6/4/64ace734.p3d	18955_susol_343	D-Codes, zásah, jdeme dovnitř!
6/4/64b17cf8.p3d	9258_mar_b_427	Zapomněl sis vzít prášky, ty opičáku zkurvenej?
6/4/64c8caba.p3d	15555_p_suf_211	Dávejte pozor!
6/4/64d118a3.p3d	19427_bwhqa_096	Jednotky, hlaste se! Red Crown žádá polohu a stav, přepínám.
6/4/64d44ff8.p3d	17818_bwtra_175	Já nevím, nevím -- kdo to je!?
6/4/64dfca92.p3d	4342_mar_c_199	Udržujte bezpečnou vzdálenost! Nenechte ho, ať se vás dotkne!
6/4/64e64158.p3d	22475_bwtra_e06m05_068	To je fakt sakra hnus.
6/4/64eb3073.p3d	13658_p_erm_180	Z cesty!
6/4/64ed7cc3.p3d	12113_nypda_184	Do prdele, hejbe se!
6/4/64edf10b.p3d	13335_p_ctm_092	Kurva!
6/4/64ee2fc1.p3d	10047_maf35_315	No tak, ty svině, otoč se, otoč!
6/4/64f4ff36.p3d	8745_mar_a_466	Teď nemůžu mluvit, Red Crown. Máme problém.
6/4/64f66706.p3d	7730_mabra_170	Pohyb, pohyb u náklaďáku. Jdi to zkontrolovat.
6/4/64f9f0aa.p3d	13178_p_ctf_167	Prosím, nedělejte to! Prosím!
6/5/6500f88e.p3d	10661_mamls_208	Velitelství potvrzuje přerušení mise, opakuji, přerušit, evakuovat se a přeskupit dle pokynů.
6/5/6502957d.p3d	598_bwbra_193	Máme tu nějaké kůže, přepínám.
6/5/65064bb8.p3d	14739_p_mtf_095	Ach, můj bože!
6/5/650723b9.p3d	11815_nydisp_080	Čekejte.
6/5/65078d4b.p3d	720_bwbra_305	Připravte se na náraz!
6/5/65085c1f.p3d	24271_p_haf_159	Co jsem ti kdy udělal!?
6/5/650b2136.p3d	13796_p_fdf_081	Nejsem teroristka!
6/5/650c5804.p3d	24570_alex_e06m02_573	Musím tu věc dolákat někam, kde se na ni Ragland bude moct podívat
6/5/651b80ee.p3d	18798_susol_186	Vezmeme si tamtoho!
6/5/652078db.p3d	18920_susol_308	Do prdele s tímhle chlapem!
6/5/65250c29.p3d	9223_mar_b_392	Devil Dogs! OORAHH!!!
6/5/652aad81.p3d	8178_mabhk_257	Situace na hraně, ustupujeme!
6/5/65351e7e.p3d	4606_mar_c_464	Zastavte palbu, jsme svoji!
6/5/65376476.p3d	15398_p_suf_056	Je tam! Přímo tam! To je on!
6/5/653c59d6.p3d	15520_p_suf_176	Ustup! Hned!
6/5/653da466.p3d	22171_bwabr_e08m02_11	Kůže! Přední jednotky!
6/5/654742e3.p3d	11472_maoff_359	Sežeňte mi palbu na toho nepřítele! Jdeme! Jdeme!
6/5/654b9393.p3d	21830_alex_e02m01_047	Když sundám toho důstojníka, možná ohlásím vysílačkou "čisto". Kdo tohle nařídil, ten se musí prozradit.
6/5/654d54cc.p3d	16884_bwtrb_084	Jenom duchové a zatuchlý prdy, přepínám.
6/5/654e670d.p3d	4185_mar_c_054	Red Crown, prioritní cíl označen. Pošlete sem těžký hochy, ať mu spálí zadek, přepínám.
6/5/655811a9.p3d	9835_maf35_123	Voodoo zahajuje přelet za nepřítelem. Kontrola viditelnosti potvrzena, přepínám.
6/5/655ec21a.p3d	13623_p_erm_145	Nestřílej, chlape!
6/5/6560e40e.p3d	11089_mahqa_117	Držíme přidělené zóny.
6/5/656182b4.p3d	13300_p_ctm_059	Nepřibližuj se!
6/5/6561bef2.p3d	10012_maf35_280	Těsně vedle, těsně vedle, přepínám.
6/5/6562f079.p3d	19957_magsp_235	Rozumím.
6/5/65639bb9.p3d	8588_mar_a_329	Red Crown, Echo One Alpha žádá CAO.
6/5/6564f511.p3d	18139_bwtra_496	Zastavte palbu!
6/5/6565034b.p3d	7573_mabra_013	Bulldogu Jedna, Bulldogu Tři, zaměřujeme cíl laserem, zbraně aktivní.
6/5/656d8266.p3d	13143_p_ctf_132	Zmiz odsud.
6/5/65762724.p3d	563_bwbra_158	ZEUS to právě posunul o level výš.
6/5/6579dd74.p3d	14704_p_mtf_060	Někdo! Zastavte toho muže!
6/5/657eb2df.p3d	13761_p_fdf_048	Nepleťte se mu do cesty!
6/5/657fe2de.p3d	19690_bwhqb_168	Úderný balíčku, ukončete pohotovost.
6/5/6583368b.p3d	14634_p_ham_220	Polož mě, kámo!
6/5/658aebc5.p3d	15217_p_mtm_107	Uvolněte prostor! Myslím, že se to zhroutí!
6/5/658f12aa.p3d	18763_susol_151	ZEUS. Potvrzené spatření!
6/5/658fbeb5.p3d	14274_p_fdm_090	Jsem rodič, proboha! Mám děti! Dvojčata!
6/5/6593a86e.p3d	9066_mar_b_235	Druhá četa, jdeme!
6/5/659e3f3d.p3d	8143_mabhk_222	Hrozba zneškodněna, Thunder Čtyři Pět se vrací na základnu.
6/5/65a3bac3.p3d	4449_mar_c_307	Dodělejme toho hajzla!
6/5/65a40f1f.p3d	7483_mabcm_151	Snižte poplach, základna je čistá, konec.
6/5/65aaf632.p3d	15363_p_suf_021	Jsou mrtví? Co se to děje?
6/5/65ac5a5a.p3d	1986_bwmls_124	ZEUS je drzý, sledujte ho a zapojte Vědecké týmy.
6/5/65b6093c.p3d	23973_alex_101	Prohráváš!
6/5/65ba5458.p3d	7837_mabra_257	Žádné známky ohrožení v cílové oblasti.
6/5/65c1f8b3.p3d	4150_mar_c_018	Mariňáci! To platí i pro tebe, Teale! Možná akce, jdeme to prověřit.
6/5/65c4e633.p3d	10768_mamls_315	Palebná zóna prozrazena, přesuňte se a znovu zaútočte!
6/5/65c75d22.p3d	11748_nydisp_033	Podezřelý je mobilní. Máme více popisů subjektu -- máme co do činění s víc událostmi, přepínám?
6/5/65c8f689.p3d	20326_mabra_dying_c	*chroptění*
6/5/65cba0c5.p3d	9800_maf35_088	Mám na očích toho hajzla, leť za mnou.
6/5/65d000fe.p3d	865_bwgsp_105	Dobře, udělejte si odstup! TID. November Bravo Devět Osm.
6/5/65d16a91.p3d	23925_alex_053	Kolik jich ještě je?
6/5/65d187f2.p3d	7929_mabhk_028	Plně vyzbrojeni, systémy zaměřují, přepínám.
6/5/65d4733f.p3d	11054_mahqa_082	Vyhodnoťte situaci.
6/5/65d68254.p3d	19922_magsp_210	Tady prvek Tornado, červené cíle vpředu.
6/5/65d72aea.p3d	8553_mar_a_294	Je čas!
6/5/65d886cd.p3d	18104_bwtra_461	Vzdávám se. Nechte mě jít. Nic nenahlásím. Podívej se do svého srdce, chlape. Ty zasraný zmrde.
6/5/65d9f136.p3d	4875_maabr_203	Pozemní týmy vidí nějaký pohyb. Provedeme průjezd kolem, přepínám.
6/5/65f04a86.p3d	20827_p_hlf_cheer_d	Jóóó!
6/5/65f1d045.p3d	14477_p_ham_063	To je v prdeli!
6/6/660500af.p3d	24553_alex_e05m02_556	Těla z Penn Station jsou na základně v Harlemu. Jdeme.
6/6/66073a2a.p3d	9031_mar_b_200	Ukaž se!
6/6/66086465.p3d	25028_nypda_295	Řekl jsem, ať to znovu neděláš. Nezkoušej si to se mnou, pane.
6/6/660fd6fc.p3d	2009_bwmls_147	Nasazuji na červené. Čas na očkování.
6/6/661749f4.p3d	4414_mar_c_272	NEZASTŘELÍM jednoho z našich!
6/6/6618846e.p3d	24970_nypda_516	Zastřel toho hajzla!
6/6/661fe976.p3d	1951_bwmls_089	Cíl zmizel. Potřebujeme širší síť, přepínám.
6/6/66206063.p3d	20725_p_fdf_gasp_b	*lapání po dechu*
6/6/66257057.p3d	13407_p_ctm_164	Rozmysli si to! Rozmysli si to!
6/6/662d9936.p3d	22986_ragla_e05m02_006	Nebude to trvat dlouho. Jen mi dej trochu času.
6/6/662de614.p3d	7802_mabra_222	Mám nepřátelskou palbu v zádech a slepou uličku, přepínám.
6/6/6634e67b.p3d	21011_p_uem_gasp_d	*lapání po dechu*
6/6/66387564.p3d	10733_mamls_280	Víš to -- to je jeden bod na tabuli.
6/6/663aee97.p3d	22916_mar_b_e06m04_045	Tohle je INTENZIVNÍ!! Jeď dál! Jeď! DÁL! JEĎ!! JÓÓ!
6/6/663ca215.p3d	22206_bwabr_e08m03_47	ZEUS spatřen. Kde sakra je kapitán?
6/6/6642a080.p3d	13868_p_fdf_151	Uhni mu z cesty!
6/6/6643902f.p3d	830_bwgsp_070	Velké škody na zemi, Red Crown.
6/6/66451c0e.p3d	19765_magsp_053	Red Crown, zásah neměl žádný účinek, rozumíte?
6/6/6645c72e.p3d	8396_mar_a_136	Netrefte našeho!
6/6/664d8052.p3d	4840_maabr_168	Cíl aktivní!
6/6/66504e1f.p3d	15029_p_uwm_152	Pozor na tank! Zbláznil se.
6/6/66518b63.p3d	17170_bwtrb_350	Obejděte to, kruhem a palte!
6/6/665253d4.p3d	21813_alex_e01m02_030	Takže tam ji odvezli....
6/6/66581c65.p3d	1087_bwgsp_325	Jsme pod palbou!
6/6/66606099.p3d	14971_p_uwm_094	Do prdele!
6/6/666561ec.p3d	14442_p_ham_028	Nevidím, vidíš ty?
6/6/66785c11.p3d	15910_p_uem_096	Páni!
6/6/667d6e4c.p3d	20745_p_fdm_cheer_b	Jeee-hůů-hůůů!
6/6/6684d3da.p3d	16956_bwtrb_136	Pozor!
6/6/6685e659.p3d	4257_mar_c_126	ZEUS v pohybu!
6/6/668f8e6a.p3d	9907_maf35_195	Tady moc velká šance na palbu na vlastní není. Připravte munici.
6/6/6692c597.p3d	17594_bwoff_243	Prosím, prosím tě, nedělej to.
6/6/669395c5.p3d	12028_nypda_095	Dispečinku, ID podezřelého. Informujte podporu o mé pozici.
6/6/669c800c.p3d	7645_mabra_085	Přesuňte tu bedýnku, máme nestabilní konstrukce.
6/6/669f31fa.p3d	72_bwbhk_041	Cíl není sundán, opakuji, NENÍ SUNDÁN.
6/6/66a2c7c7.p3d	10384_mahqb_121	Čekejte na taktické přehodnocení.
6/6/66a3aae7.p3d	11970_nypda_045	Dispečinku, neslyším vás.
6/6/66a3c671.p3d	22386_bwoff_e03m01_029	NIC NEPŘEJDE ČERVENOU LINII!
6/6/66a501b2.p3d	13215_p_ctf_204	Zavolejte policii! Prosím! Prosím!
6/6/66a711e7.p3d	10576_mamls_143	Cíle Alfa a Bravo potvrzeny, zahajujeme.
6/6/66a91702.p3d	25291_nypda_359	Ta věc střílí!
6/6/66ae7916.p3d	24186_p_haf_180	Zmizte!
6/6/66b63229.p3d	13833_p_fdf_118	Je jich víc! Jdou tímhle směrem!
6/6/66b8adb5.p3d	19730_magsp_018	Red Crown, Tornado Dog vstupuje do červené zóny. Potřebujeme souřadnice cíle.
6/6/66b958ea.p3d	8361_mar_a_101	Hlídejte své zóny, ať někdo zavolá na zabezpečený kanál a žádá přelet dronu.
6/6/66bc1cac.p3d	4683_maabr_011	Red Crowne, tady Ranger Dvě Sedm. Cíl spatřen. Žádám povolení pálit.
6/6/66c691f6.p3d	18835_susol_223	Vytvořte perimetr a nahlaste to.
6/6/66c73e01.p3d	14346_p_fdm_162	Nesahej na mě. Prosím. Chci žít!
6/6/66cb27ba.p3d	9138_mar_b_307	Četa čtyři čtyři dva se střetla s davem kůží!
6/6/66cba8f9.p3d	20380_magsp_pain_a	*argh*
6/6/66cbab97.p3d	1052_bwgsp_291	Adam Mike Foxtrot.
6/6/66d58ccf.p3d	19194_p_hlf_116	Nakaženej! Kámo, uhni mi z cesty!
6/6/66d5bbfe.p3d	8215_mabhk_294	Sundejte to ze mě!
6/6/66db8e33.p3d	7555_mabcm_209	Velká nestabilita na základně, Red Crowne, žádám povolení k evakuaci. Kapitáne? Kapitáne!? Sakra, je mrtvý!
6/6/66e16cad.p3d	24429_mabhk_e03m02_001	Máme sloup kouře. Letíme na průzkum.
6/6/66e18905.p3d	20714_p_fdf_cough_c	*kašel*
6/6/66e272f1.p3d	15435_p_suf_091	Do prdele!
6/6/66eac2bc.p3d	22817_maoff_e10m04_081	Ále, sakra. Ten ošklivec je pořád v tom.
6/6/66ed5ba0.p3d	11387_maoff_243	Všichni! Zůstaňte klidní! Řekněte mi, co se stalo!
6/6/66f9758a.p3d	4222_mar_c_091	Zavolejte po rádiu. Žádejte místní záchranku.
6/7/6704db35.p3d	13538_p_erm_060	Hej, vidí to ještě někdo?
6/7/67077dbf.p3d	937_bwgsp_177	Red Crown, radar něco ukazuje, ověříme okem, přepínám.
6/7/670bf28b.p3d	11126_mahqa_154	Úderný tým sečten, jste na čele.
6/7/670eaa36.p3d	8625_mar_a_366	Red Crown, vidím nepřátele v okolí. Žádám povolení k palbě.
6/7/671011c8.p3d	7610_mabra_050	Vypadá to, žes našel zkratku do pekla.
6/7/67116db9.p3d	4947_maabr_255	Mise splněna, velitelství. Stáhněte nás, přepínám.
6/7/67139b6e.p3d	13058_p_ctf_049	Volně pobíhá po ulicích!
6/7/671578f3.p3d	17277_bwtrb_457	Nemůžeme se hnout bez těžkých ztrát.
6/7/671aa38e.p3d	10541_mamls_108	Kontakt v zóně, přesuňte se.
6/7/671b2331.p3d	17996_bwtra_353	Ukaž průkaz a dokumenty k misi, nebo sakra zahájím palbu.
6/7/671c403f.p3d	478_bwbra_073	Potvrzeno, cíl se objevil.
6/7/6720d263.p3d	11803_nydisp_078	Neschváleno.
6/7/672135a1.p3d	600_bwbra_195	Přiveďte deratizaci, máme tu kůže.
6/7/67220e20.p3d	24151_p_haf_214	Pozor!
6/7/67294f91.p3d	14549_p_ham_135	K zemi!
6/7/67344ffd.p3d	12291_nypda_363	To je mimo kontrolu!
6/7/67352bb0.p3d	18678_susol_066	Nejnovější zprávy?
6/7/673a2112.p3d	18800_susol_188	Cíl označen!
6/7/673acfa8.p3d	14311_p_fdm_127	Pomůže mu někdo!?
6/7/673eb6eb.p3d	9103_mar_b_272	V čem je tady problém?
6/7/67445881.p3d	8058_mabhk_157	Rozstřílej to na kusy!
6/7/6744ba20.p3d	20196_bwmls_scream_a	*výkřik*
6/7/6745c6e1.p3d	24375_maoff_events_003	Někdo jim pomáhá...?
6/7/674a2825.p3d	7398_mabcm_066	Nepřátelé zneškodněni. Perimetr zabezpečen. Slyšíte?
6/7/6756049a.p3d	15400_p_suf_058	Je to hrozba! Pozor!
6/7/6760ed47.p3d	11352_maoff_208	Ujistěte se, že máte jistou identifikaci!
6/7/67786cdc.p3d	13503_p_erm_025	Hej, je někdo mrtvej?
6/7/677b0f7b.p3d	902_bwgsp_142	Je to hotové, ZEUS je dole, opakuji, ZEUS je dole!
6/7/677c9b5a.p3d	19837_magsp_125	Zahajuji přelet. Longknife... zahajte.
6/7/677d467a.p3d	8468_mar_a_208	Mohl jsem bejt u BLACKWATCH, ale nemám rád chuť prdele.
6/7/677e9fd3.p3d	18019_bwtra_376	Na tohle si nikdy nezvyknu.
6/7/6784c858.p3d	22444_bwtra_e04m04_036	Místo čisté.
6/7/67872d2a.p3d	13023_p_ctf_014	Nevidím. Můžeš mi říct, co se děje?
6/7/67890aaf.p3d	17242_bwtrb_422	ZEUS se zakódoval.
6/7/678eb4d8.p3d	17961_bwtra_318	Buď a nebo, vojáci!
6/7/678fd1e6.p3d	443_bwbra_038	Roztrhni to!
6/7/6792bcaf.p3d	2080_bwmls_228	No tak, hoši, máme pověst, kterou musíme udržet!
6/7/679638da.p3d	16774_bwabr_294	Blackjack dva, odpojujeme se.
6/7/679892fa.p3d	22719_mahqa_e05m03_019	Stalker šest nula, kontrola spojení, ozvěte se?
6/7/67998dde.p3d	19570_bwhqb_068	Potvrzeno. Jděte.
6/7/679ce14d.p3d	14514_p_ham_100	Hej!
6/7/67a2f2ad.p3d	20960_p_suf_gasp_a	*lapání po dechu*
6/7/67b7ea3d.p3d	8023_mabhk_122	Zase nám zmizel, Red Crown.
6/7/67bd62f9.p3d	4329_mar_c_186	Je to tu někde. Vypalte to ven.
6/7/67bdb9e1.p3d	7363_mabcm_031	Red Crowne, tady základna Delta. Máme potvrzený boj s nepřáteli uvnitř perimetru základny, přesměrujte hlídky k nám, ať ho obklíčíme.
6/7/67be95b1.p3d	24885_nypda_208	Padly výstřely.
6/7/67c53539.p3d	11907_nydisp_172	Záchranka a hasiči jsou na cestě, vydržte.
6/7/67c6051c.p3d	1866_bwmls_004	Red Crown, jsme v Útočné zóně, přepínám.
6/7/67c613a4.p3d	20969_p_suf_pain_b	*argh*
6/7/67d3ff58.p3d	7717_mabra_157	Nepolevuj, pal, dokud to nepadne, přepínám.
6/7/67de8e6a.p3d	10648_mamls_195	Dobíjejte systémy postupně, nenechte nás bez munice. Opakuji, nenechte nás bez munice.
6/7/67e10bc2.p3d	11736_nydisp_021	Potvrzeno. Máte nový úkol, konec.
6/7/67e3d3f3.p3d	22495_bwtra_e07m01_088	Jeho kůže hoří... To je Mercer!
6/7/67e52327.p3d	707_bwbra_292	Ztracena pohyblivost, jsme tu na mrtvém bodě!
6/7/67e5f13c.p3d	24258_p_haf_081	Cože? Já nejsem ten pravej!
6/7/67e83a9a.p3d	24519_alex_e03m01_523	Karen. Musíme jít - HNED!
6/7/67edaee8.p3d	13905_p_fdf_188	Utíkej! Rychle!
6/7/67f02a8b.p3d	19802_magsp_090	Máme dva -- ne, máme tam jednoho. Připravujeme se na další zásah.
6/7/67f0d5ab.p3d	8433_mar_a_173	RC, nový přehled -- cíl utíká a je rychlej jak čert!
6/7/67f3996d.p3d	4755_maabr_083	Družstvo, přeskupit. Je to tu naprostej bordel.
6/7/67f7a469.p3d	17085_bwtrb_265	Jo, máme tady civilní bouračku, přepojte to na tísňovou linku, přepínám.
6/7/67f83da2.p3d	12398_nypda_470	To není v pořádku!
6/7/67fd36aa.p3d	20846_p_hlf_gasp_c	*lapání po dechu*
6/7/67fe0eb7.p3d	18907_susol_295	Proniknout skrz, hned!
6/8/680d098e.p3d	19266_p_hlf_186	Pomozte mi!
6/8/6815b97c.p3d	378_bwbhk_347	Padáme, mayday, mayday, tady Ghost Devět, padáme.
6/8/6819f23d.p3d	15507_p_suf_163	Slitujte se, kámo! J-j-jsem nevinná!
6/8/681e77b9.p3d	15825_p_uem_013	Jaký jsou zprávy!
6/8/6824db2d.p3d	11459_maoff_338	Chci žít, PROSÍM.
6/8/68322bcd.p3d	24850_nypda_327	Je jeden z těch hajzlů.
6/8/683c5d60.p3d	22920_mar_b_e08m04_049	Jo, takhle je to správně!
6/8/684318d6.p3d	11160_maoff_020	Velitelství, pozemní týmy ztratily nepřítele, přepínám.
6/8/6848e10b.p3d	10299_mahqb_056	Obsaďte a udržte oblast. Mluvíme o okruhu minimálně čtyř bloků, lidi. Tohle je ono.
6/8/684dd62f.p3d	10421_mahqb_158	Jak jsem řekl. Jsi ve hře.
6/8/684f5b42.p3d	20772_p_fdm_pain_a	*argh*
6/8/68598a21.p3d	24223_p_haf_220	Jen mě nechte jít!
6/8/685c4b46.p3d	13748_p_fdf_035	Za co to bylo!?
6/8/685d7b45.p3d	19677_bwhqb_155	Strike Bossi, máte povolení k nasazení.
6/8/685e1d2d.p3d	4592_mar_c_450	Kriste, to bylo o fous!
6/8/685f71ef.p3d	8276_mar_a_015	Cíl unikl. Varujte všechna stanoviště.
6/8/68672b14.p3d	4720_maabr_048	Máme návštěvu, velitelství. Slyšíte?
6/8/686b3625.p3d	17050_bwtrb_230	Jo, *smích* tohle je ono.
6/8/686bcf49.p3d	12363_nypda_435	Z cesty!
6/8/68706e06.p3d	22084_alex_e08m02_302	Přesunou jakékoliv zásoby Bloodtoxu, co mají, v konvoji -- obrněném konvoji.
6/8/6871d6c0.p3d	20767_p_fdm_gasp_d	*lapání po dechu*
6/8/68786719.p3d	16582_bwabr_122	Polní týme, do krytu!
6/8/68809b4a.p3d	19231_p_hlf_151	Co to sakra dělá!?
6/8/6881534f.p3d	8995_mar_b_164	Slyšels mě? Budu STŘÍLET.
6/8/68894b38.p3d	343_bwbhk_312	Ježíši, byl to zásah, nějaké škody?
6/8/689869e1.p3d	11424_maoff_262	V budově jsou nepřátelé! Dávejte pozor!
6/8/689e7eda.p3d	16836_bwtrb_036	Nepřítel spatřen.
6/8/68a2dc0e.p3d	14690_p_mtf_046	Pomoc! Je tady!
6/8/68ac7078.p3d	17474_bwoff_133	To je on!
6/8/68b4181b.p3d	19909_magsp_197	Mám ho. Vezmi laserové zaměření a já to tam udržím.
6/8/68b43f72.p3d	21890_alex_e03m03_106	To je ono. Dobře, musím to rozlousknout.
6/8/68b89bb3.p3d	21704_speci_e04m04_006	Trochu pomoct?
6/8/68bc72c7.p3d	10264_mahqb_021	Okno pro pátrání se uzavřelo, přepínám.
6/8/68c08770.p3d	17314_bwtrb_494	Kryj!
6/8/68c0bca9.p3d	10456_mamls_023	Náboje připraveny, cíl je horký, uvolněte zónu.
6/8/68c220e9.p3d	10983_mahqa_031	Mám negativní na SD. Je to na vás, pane.
6/8/68c2c546.p3d	25171_nypda_318	Co to sakra je!?
6/8/68c75147.p3d	515_bwbra_110	Dostaňte sem úderný tým, přepínám.
6/8/68ca3966.p3d	2152_bwmls_290	Palba a pohyb, palba a pohyb!
6/8/68cf7026.p3d	22657_mabra_e04m01_007	Vzorec se posunul. Čekejte, čekejte.
6/8/68d10d01.p3d	19642_bwhqb_120	Všechny týmy mají povolení. Situace eskalovala.
6/8/68e03cb8.p3d	18715_susol_103	Merrrrrcere.
6/8/68e0e8c4.p3d	14226_p_fdm_043	Volám záchranku!
6/8/68e4cff1.p3d	9018_mar_b_187	Tady je něco divnýho!
6/8/68f3d320.p3d	22862_mar_a_e06m04_043	Doprovázejte ten zasranej tank, řekli... A KDO BUDE DOPROVÁZET NÁS, CO!? Do prdele...
6/8/68f4e4f6.p3d	8960_mar_b_129	Nacpu ti koule přímo do tý tvý zasraný hlavy, HAJZLE!
6/8/68f5392d.p3d	7435_mabcm_103	Poslední hlášení říká, že cíl míří na východ. Můžeme dostat Bird do vzduchu na průzkum, konec.
6/8/68f61a2b.p3d	24957_nypda_493	Přestaňte střílet!
6/8/68f7e4f2.p3d	186_bwbhk_155	Cíl, přezaměřit, přepínám.
6/8/68f974d5.p3d	20070_magsp_338	Vzpamatuj se. Táhni nahoru!
6/8/68fd81dd.p3d	1938_bwmls_076	Prohledáváme zónu, Red Crown.
6/8/68fdb676.p3d	22957_mar_c_e06m01_034	Míří do Rudé zóny. Žádám povolení zasáhnout.
6/9/69018567.p3d	18090_bwtra_447	Všechny prsty, ruce, nohy, chodidla. Všechno je v pohodě.
6/9/69070686.p3d	11267_maoff_138	Tady sanitáře nepotřebujeme.
6/9/69159cf7.p3d	23033_susol_e07m02_002	Zajistěte foukač. Tyhle věci se s tímhle ve vzduchu nemůžou přiblížit.
6/9/69212881.p3d	817_bwgsp_057	Tornado Five na shromažďovacím bodě, čeká na vlastní jednotky, přepínám.
6/9/69259d8b.p3d	11006_mahqa_054	Nedráždit vzorek. Předáváme to WATCHi, přepínám.
6/9/692854f8.p3d	8505_mar_a_246	Jak jsi to udělal!?
6/9/692b18b9.p3d	4827_maabr_155	V pohotovosti!
6/9/692f23b5.p3d	17157_bwtrb_337	Můžete ho odříznout tři bloky jižně odsud, sežeňte tam hlídky.
6/9/6931969e.p3d	19485_bwhqa_154	Rozumím, žádost o úder vyřízena, balíček je nyní na cestě, přepínám.
6/9/6934cdf3.p3d	17876_bwtra_233	Do prdele, co bude DÁL?
6/9/693df900.p3d	14958_p_uwm_081	Ty si děláš srandu!
6/9/6942fa53.p3d	14429_p_ham_015	Hej, stalo se něco?
6/9/69460f85.p3d	24434_mabra_e08m02_004	Semknout řady! Dovezeme ten balík domů!
6/9/694dfabf.p3d	12171_nypda_243	Sladký Ježíši, ne!
6/9/694e6f06.p3d	13393_p_ctm_150	To vozidlo je mimo kontrolu!
6/9/6966c9b1.p3d	14797_p_mtf_151	Držte se od toho dál!
6/9/696889f9.p3d	20864_p_mtf_cheer_a	Wúú-húú!
6/9/6968c849.p3d	7400_mabcm_068	Perimetr hlášen čistý. Základna čistá. Vraťte se k úkolům a hlaste se.
6/9/6969a06a.p3d	24922_nypda_142	Charlie Nineteen hlásí, dispečinku. 10-84 a jdeme dovnitř.
6/9/696b76ae.p3d	151_bwbhk_120	Cíl zaměřen, žádám úderový balíček na můj povel, přepínám.
6/9/69711399.p3d	1903_bwmls_041	Srazte se, Bravo Tango.
6/9/697a955d.p3d	11232_maoff_076	Krýt vlevo, krýt vlevo. Pohyb, pohyb!
6/9/697cca4c.p3d	59_bwbhk_028	Rozumím. Vidíme vaše označení. Blížíme se.
6/9/697dd2d6.p3d	22723_mahqa_e07m01_023	Ghoste dvanáct, přibliž se k přidělené cílové oblasti a pomoz pozemním silám.
6/9/6981434e.p3d	11957_nypda_032	Rozumím, dispečinku.
6/9/69858a24.p3d	9281_mar_b_450	Dostaňte mě odsud! Někdo, pomozte mi! Odtáhněte ho ode mě! POMOC!
6/9/6986ab89.p3d	25278_nypda_236	Příště rovnou zavolejte armádu.
6/9/69959c98.p3d	4664_mar_c_532	Polož mě!
6/9/6996461c.p3d	19717_magsp_005	Volá blízká letecká podpora. Tenhle sektor negativní, přepínám.
6/9/69969146.p3d	22841_mar_a_e02m05_023	Kontrolujte palbu, v těch věcech je ostrá zasraná munice!
6/9/6996eeb1.p3d	8348_mar_a_088	Red Crown. Echo One Alpha žádá podporu úderného týmu, naléhavě.
6/9/699fb02a.p3d	20584_p_ctf_cheer_a	Bože, to je skvělý!
6/9/69a2b571.p3d	17122_bwtrb_302	Vidíš? Dlužíš mi dolar.
6/9/69a34e95.p3d	12435_nypda_507	Vypadni!
6/9/69a52845.p3d	19450_bwhqa_119	Buďte připraveni jednat, polní jednotky, zelená pro misi se blíží.
6/9/69a85d0f.p3d	17841_bwtra_198	Tenhle chlap?
6/9/69a943e9.p3d	1039_bwgsp_278	Střílíme na nepřítele!
6/9/69ad1a46.p3d	22827_mar_a_e02m05_009	Tady je! To je Mercer a ty zasraný věci ho pronásledují!
6/9/69b18aa7.p3d	14923_p_uwm_046	Sakra, je tady!
6/9/69b81a96.p3d	19303_p_hlf_223	Nedělejte to!
6/9/69b88d19.p3d	9893_maf35_181	Vydrž, Voodoo Sedm se přidává do hry.
6/9/69b96149.p3d	22780_maoff_e08m04_044	Chci na to protipancéřové a trhavé střelivo. Cokoliv, co probíjí pancíř nebo trhá bunkry, na tu masu!
6/9/69bf4015.p3d	13681_p_erm_203	Aaah! Umírám tady!
6/9/69cabb1f.p3d	22936_mar_c_e02m05_014	Do prdele! Zvládli jsme to. Zvládli jsme to.
6/9/69d70ddc.p3d	4209_mar_c_078	Tady je klid, Red Crown. Stav mise zlatý, přepínám.
6/9/69d84949.p3d	24765_nypda_397	Teď máme toho hajzla!
6/9/69da5b5a.p3d	14762_p_mtf_118	Další! Jdou sem!
6/9/69e3efc4.p3d	17546_bwoff_205	HQ, sežeňte na tohle hovado leteckou podporu.
6/9/69e470ed.p3d	19001_susol_389	Pohyb!
6/9/69e6bbd6.p3d	23008_ragla_e05m02_028	Drž ty věci ode mě dál!
6/9/69eb6733.p3d	15275_p_mtm_163	Někdo, udělejte něco! Kde sakra jsou poldové!?
6/9/69f3ef4a.p3d	10336_mahqb_073	Ne, opakuji, negativní.
6/9/69f4d514.p3d	11922_nypda_007	Právě teď by se mi fakt hodil hrdina. Chlapskej. Žádný zasraný jemný hovadiny.
6/9/69f8396a.p3d	10528_mamls_095	Naše mise skončila, ale nechte obranné senzory zapnuté.
6/9/69fa39a7.p3d	25243_nypda_115	Four Hotel Nineteen -- žádám pomoc. Záchranku.
6/9/69faba4d.p3d	11724_nydisp_009	Zatím negativní na tu honičku.
6/a/6a0a806d.p3d	8313_mar_a_053	Tohohle jsme pořádně zpackali!
6/a/6a12797a.p3d	22702_mahqa_e03m01_002	Frontline jedna pět čtyři, hlaste se.
6/a/6a16f988.p3d	17684_bwtra_051	Ne, přepínám.
6/a/6a1ad253.p3d	7895_mabra_315	Ah! Bože-e-e-e!
6/a/6a1cd5a6.p3d	1004_bwgsp_244	Přitlač, přitlač. Zaútoč, udržuj útok.
6/a/6a1e801f.p3d	16497_bwabr_037	Seřaďte se, polní týme, přeskupíme se.
6/a/6a26b453.p3d	19146_p_hlf_069	Co jsem to právě viděl?
6/a/6a301717.p3d	20535_nypda_scream_d	*výkřik*
6/a/6a320362.p3d	7987_mabhk_086	Bylo to tam nahnuté, držme spolu, přepínám.
6/a/6a36fd71.p3d	19980_magsp_248	Red, negativní.
6/a/6a3904b3.p3d	18162_bwtra_519	Dobře, že jsem nešetřil na penzi.
6/a/6a3e8323.p3d	11339_maoff_195	Cíl! Tamhle!
6/a/6a4136c5.p3d	24072_bwoff_events_033	Jen tak dál, chlapi, tohle se obrací v náš prospěch.
6/a/6a52897e.p3d	17389_bwoff_048	Palebná akce, palebná akce, volací znak Almighty, souřadnice zadány. Udělejte to hned!
6/a/6a577ef5.p3d	17511_bwoff_170	Zahajuji palbu za tři, dva, jedna...
6/a/6a57bfc5.p3d	24058_bwoff_events_019	Pomocná ruka je vždycky vítaná... jdeme jim nakopat prdel.
6/a/6a5ef8f1.p3d	15240_p_mtm_130	Zabije je.
6/a/6a66a301.p3d	17229_bwtrb_409	Co to sakra bylo!
6/a/6a67812f.p3d	10301_mahqb_058	Učebnicové, chlapi. Za tohle vám patří bedna piva.
6/a/6a68d702.p3d	25086_nypda_047	Nic tu není, dispečinku.
6/a/6a6c4d3f.p3d	17948_bwtra_305	Vojáci, tohle nechcete vidět.
6/a/6a7054f7.p3d	2067_bwmls_205	Mise přerušena, přepínám.
6/a/6a772645.p3d	19557_bwhqb_055	Primární taktický prvek zlikvidován.
6/a/6a77c7ef.p3d	4472_mar_c_330	Kurva! Hlavy dolů!
6/a/6a857a0b.p3d	12243_nypda_315	Tady je!
6/a/6a85ee52.p3d	13465_p_ctm_222	Prosím! Přestaň!
6/a/6a8e6184.p3d	7860_mabra_280	Máme vystříleno, vracíme se na základnu.
6/a/6a9211db.p3d	16462_bwabr_002	Red Crown, jsme v zóně a připraveni, přepínám.
6/a/6a9a4610.p3d	19111_p_hlf_035	Rozbiju ti tu tvoji zasranou hubu!
6/a/6a9e48fd.p3d	14869_p_mtf_223	Pusť!
6/a/6a9f1a79.p3d	11828_nydisp_093	Je to směrem na západ? Potvrďte, prosím.
6/a/6aa1caa1.p3d	24411_maoff_events_039	Udeřte na ně tvrději!
6/a/6aa2f36f.p3d	223_bwbhk_192	Spouště horké, jsme připraveni spustit palbu, Red Crown.
6/a/6aa5951e.p3d	7952_mabhk_051	Potvrzené zabití, další zrůda dole!
6/a/6aacc487.p3d	25390_alex_e04m01_701	Ty bezpilotní stroje dokážou zjistit, kde jsem - a kde jsem byl.  Vystopují Danin bezpečný dům - to nesmím dopustit.
6/a/6ab0cc1a.p3d	15087_p_uwm_210	Pohni se!
6/a/6ab21c27.p3d	11304_maoff_344	Cíl označen pro podpůrnou palbu, pošli ho do doby kamenné, synku.
6/a/6abd0970.p3d	9353_mar_b_522	Kuuurva!
6/a/6ac61b3a.p3d	17354_bwoff_013	Leteckou podporu. Vidíte ho?
6/a/6ac8c791.p3d	16026_p_uem_211	Dávejte pozor!
6/a/6ad91d7f.p3d	20179_bwmls_choke_d	*dušení*
6/a/6adc7084.p3d	25051_nypda_238	Sakra, chlape, ne!
6/a/6adfdc70.p3d	17913_bwtra_270	Tahle zóna je vyčištěná.
6/a/6ae2403c.p3d	23901_alex_029	Tady velí on.
6/a/6ae762e8.p3d	16726_bwabr_246	Omezte odkrytí.
6/a/6aeab801.p3d	19522_bwhqb_020	Koordinované pátrání, jděte na to.
6/a/6af00c27.p3d	9965_maf35_233	Zapojuji nepřítele. Ozvěte se, velitelství.
6/a/6af413c4.p3d	12086_nypda_157	Tady Charlie Nineteen, *kašel* Charlie Nineteen -- máme oběti!
6/a/6af97d6e.p3d	13430_p_ctm_187	Zmizte odsud!
6/b/6b0e1985.p3d	693_bwbra_018	Vytáhněte nás, vytáhněte nás, přepínám.
6/b/6b0e8ff6.p3d	8840_mar_b_029	Černý vybavení, žádný odznaky, žádný hodnosti, žádný ksichty. Tihle jsou v kreténským ráji.
6/b/6b0fc12d.p3d	24837_nypda_274	Jak to sakra udělal?
6/b/6b11d819.p3d	14834_p_mtf_188	Utíkej! Rychle!
6/b/6b16ad97.p3d	13891_p_fdf_174	Zmizte!
6/b/6b1b6c66.p3d	17618_bwoff_267	Neopovažuj se!
6/b/6b245b36.p3d	15052_p_uwm_175	Zmiz odsud!
6/b/6b270d66.p3d	18893_susol_281	Pozor na útok!
6/b/6b281915.p3d	22147_alex_e10m04_364	Ty.... Zabil jsem tě.
6/b/6b2b6e96.p3d	10408_mahqb_145	Povoluji tým Delta Indigo Charlie.
6/b/6b2ba32a.p3d	9196_mar_b_365	Páni! Myslím, že bysme se měli stáhnout.
6/b/6b2f5312.p3d	22552_bwtrb_e06m05_052	To si ze mě sakra děláš srandu.
6/b/6b31c12b.p3d	25315_nypda_443	Vypadni!
6/b/6b3bb57f.p3d	4579_mar_c_437	Vozidlo ovládnuto! Kryjte se.
6/b/6b42f0d7.p3d	15493_p_suf_149	Zabije tě to!
6/b/6b44c37b.p3d	4707_maabr_035	Útok selhal. Udeřte znovu, přepínám.
6/b/6b48ce77.p3d	17037_bwtrb_217	Jaký je protokol?
6/b/6b4b419e.p3d	19365_bwhqa_054	Hrozba neutralizována. Přepínám týmy Delta a India na misi virového zadržení.
6/b/6b4e78b5.p3d	17756_bwtra_113	Vidím to. Přecházím do radiového ticha.
6/b/6b55ff6b.p3d	16569_bwabr_109	Úder selhal! ZEUS pořád stojí, přepínám.
6/b/6b5b06a4.p3d	22301_bwhqa_e10m04_076	Ghost Nine, bojové týmy připraveny -- vyrazte a nakopejte jim prdel!
6/b/6b5e339c.p3d	19218_p_hlf_138	Je čas jít.
6/b/6b65591b.p3d	13596_p_erm_118	Ou, jdou další!
6/b/6b67a567.p3d	12051_nypda_118	Dispečinku, tady Four Hotel Thirty, žádám okamžitou pomoc kvůli 10-53.
6/b/6b67fbba.p3d	995_bwgsp_235	Uzavřete tenhle kanál, zapojujeme nepřítele.
6/b/6b6819ca.p3d	13273_p_ctm_032	Pozor, chlape!
6/b/6b807475.p3d	14677_p_mtf_033	Ustupte!
6/b/6b834f6a.p3d	24802_nypda_163	*výdech* Myslel jsem, že tohle už máme za sebou.
6/b/6b8c452d.p3d	21861_alex_e03m01_077	Hej, ono to fungovalo! Teď vím, jak to řídit!
6/b/6b92285c.p3d	21913_alex_e04m01_129	Celá tahle hlídka...musí zemřít.
6/b/6b96783b.p3d	15312_p_mtm_200	Nemůžu hýbat nohama. Nemůžu se hnout.
6/b/6b9f34e6.p3d	9161_mar_b_330	Zpátky! Kryjte se!
6/b/6ba05304.p3d	25158_nypda_054	Jsem rád, že jsi tady.
6/b/6ba7d0fe.p3d	2139_bwmls_217	Mřížka je příliš sporná.
6/b/6baea553.p3d	19629_bwhqb_107	Všechny jednotky, dodržujte protokoly pronásledování.
6/b/6baf473b.p3d	4544_mar_c_402	Ach, Bože na nebesích...
6/b/6bbc5da8.p3d	17002_bwtrb_182	Stín, máme tu stín!
6/b/6bbcf6cc.p3d	12315_nypda_387	Ne, chlape, mám rodinu!
6/b/6bbd0ef1.p3d	24531_alex_e03m01_535	Musím tu věc sundat
6/b/6bbed345.p3d	19330_bwhqa_019	Pátrací scénář, opakuji, pátrací scénář. Týme Alfa, zřiďte kontrolní stanoviště, přepínám.
6/b/6bc207d1.p3d	17721_bwtra_078	Kontakt potvrzen, žádám podporu. Pošlete obraz starýmu.
6/b/6bc98e9c.p3d	16534_bwabr_074	Tenhle sektor je prázdný. Kam nás chcete, RC?
6/b/6bd237db.p3d	9773_maf35_061	Potvrzený zásah v cílové zóně. Hořák dole.
6/b/6bd27d5d.p3d	8947_mar_b_116	Sak-ra -- je to celý na mně!
6/b/6bd70d3c.p3d	20057_magsp_325	Mayday, mayday, mám negativní na ovládání, negativní.
6/b/6bd8e84c.p3d	13561_p_erm_083	Prosím! Prosím!
6/b/6bdd16ca.p3d	19895_magsp_183	Red Crown, zásah potvrzen, přepínám.
6/b/6bdf1dce.p3d	18077_bwtra_434	To je ono!
6/b/6be57ad0.p3d	4970_maabr_278	Stáhněte nás ze zóny. Jedem.
6/b/6be7afa0.p3d	13081_p_ctf_232	Ach, můj bože!
6/b/6bfd5ca8.p3d	14572_p_ham_158	No tak, kámo. Pusť mě!
6/b/6bfd97fb.p3d	17426_bwoff_085	Zasáhněte cíl. Zasáhněte ten zasraný cíl!
6/c/6c0511f9.p3d	15155_p_mtm_047	Zabije tě, sakra! Pozor!
6/c/6c13f0e0.p3d	25123_nypda_393	Nemusíš mě zabíjet. Sloužit a chránit!
6/c/6c1865ad.p3d	8081_mabhk_180	Red Crowne, máme zrůdy na dohled.
6/c/6c1b6393.p3d	2104_bwmls_252	To je odpal. Všechen kouř, co máme.
6/c/6c1de0f5.p3d	4387_mar_c_245	Je to mezi náma! Buďte si jistí! Buďte si jistí!
6/c/6c2b9326.p3d	12158_nypda_230	Věříš tomu svinstvu?
6/c/6c35b056.p3d	22594_dana_e06m01_002	Pomoc!
6/c/6c460c8e.p3d	8912_mar_b_081	Red Crown, jsme o minutu pozdě. Vyrážíme.
6/c/6c4747ba.p3d	24909_nypda_523	Ale do prdele!
6/c/6c490f00.p3d	138_bwbhk_107	Jakýkoli svědci, sundejte je. Nemůžeme dopustit únik fotek.
6/c/6c4a9c6d.p3d	20022_magsp_290	Cíl nám unikl ze sítě. Vracíme se pro zásoby.
6/c/6c50a871.p3d	19860_magsp_148	Cíl je možná krytý.
6/c/6c5153a7.p3d	8491_mar_a_232	Tohle je tvoje poslední varování!
6/c/6c52acea.p3d	18042_bwtra_399	Tady je cíl. Střílej! Střílej!
6/c/6c53c9cb.p3d	24584_alex_e06m03_587	Jsou to špehové. Greeneová nakažuje vojáky a používá je ke špehování armády. Když je pohltím, měl bych se napojit na jejich kolektivní mysl.
6/c/6c582dca.p3d	11219_maoff_069	Terén volá Red Crown, jsme čistí, přepínám.
6/c/6c5e8cb2.p3d	18965_susol_353	Dodělejte to!
6/c/6c632276.p3d	9268_mar_b_437	To je všechno, co máš? *smích*
6/c/6c76feac.p3d	22185_bwabr_e08m02_25	Pancíř Jackpotu proražen
6/c/6c7723b1.p3d	23948_alex_076	Začíná to být jasnější. Kousek po kousku.
6/c/6c78a3b5.p3d	15120_p_mtm_012	Jo, zkusím se na to podívat. Chci vidět, jestli je to fakt pravda.
6/c/6c7a7038.p3d	15565_p_suf_221	Ubližuješ mi!
6/c/6c7ef328.p3d	15883_p_uem_070	Tohle není v pořádku, kurva!
6/c/6c7f0d35.p3d	21792_alex_e01m01_009	Nemůžu uvěřit, co jsem právě udělal.
6/c/6c804b38.p3d	17109_bwtrb_289	Ježíši!
6/c/6c82c0ac.p3d	19437_bwhqa_106	Výchozí pozice zajištěny. Velitelství, dejte rozkaz k zásahu, přepínám.
6/c/6c839fa8.p3d	22882_mar_b_e02m05_012	Adios, hajzle!
6/c/6c85f576.p3d	17828_bwtra_185	Cíl na zemi, opakuji, na zemi.
6/c/6c865592.p3d	22375_bwoff_e02m01_018	S Mercerem to nevyšlo. Pošlete sem Balíček -- opakuji, pošlete Balíček na mou pozici. Konec.
6/c/6c91729b.p3d	4352_mar_c_209	Co to sakra dělá? Ať to někdo vyfotí!
6/c/6c961e43.p3d	20602_p_ctf_disgust_c	Fuj, to je nechutné!
6/c/6c9cd5f1.p3d	13668_p_erm_190	Uhni
6/c/6c9f2241.p3d	12123_nypda_194	Stůj přesně tam! Tohle je zakázaná oblast!
6/c/6c9f9914.p3d	13345_p_ctm_102	Hledejte přeživší!
6/c/6c9fd53f.p3d	10057_maf35_325	Sakra, ztrácím to. Musím se katapultovat.
6/c/6ca6a4b4.p3d	8755_mar_a_476	Nakopejte téhle svini prdel!
6/c/6ca80c84.p3d	7740_mabra_180	Cíle označeny, začněte podle priority, přepínám.
6/c/6caaace1.p3d	22847_mar_a_e03m01_029	Ále, co to sakra je. Co je to s nima. KURVA!
6/c/6cab9628.p3d	13188_p_ctf_177	Běž! Utíkej!
6/c/6cb29e0c.p3d	10671_mamls_218	Jsme právě zapojeni do boje, přepínám.
6/c/6cb7f3c1.p3d	14749_p_mtf_105	Někdo! Kdokoliv! Pomoc!
6/c/6cb8c919.p3d	11816_nydisp_081	10-1, jednotko, 10-1, co se děje?
6/c/6cb932c9.p3d	730_bwbra_315	Razor dole!
6/c/6cba019d.p3d	24281_p_haf_169	Co chceš? Vezmi si cokoliv, OK? Vezmi si všechno, co mám! Jen si to vezmi a jdi!
6/c/6cbb709e.p3d	23997_mar_a_e08m03_002	Letecká podpora, kde je sakra ta letecká podpora? Tady dole nás vraždí.
6/c/6cbc4aec.p3d	25430_alex_e06m02_711	Už bylo na čase!
6/c/6cbc9e31.p3d	103_bwbhk_072	Red Crown, znovu jsme zaměřili cíl, blížíme se.
6/c/6cbd4bf1.p3d	21844_alex_e02m05_060	Mohu je uzavřít na vojenské základně.
6/c/6cc3cf1d.p3d	24514_alex_e02m02_518	Tohle nebude snadné...
6/c/6cd21e59.p3d	18930_susol_318	Jsem přímo za ním.
6/c/6cd6b432.p3d	9233_mar_b_402	Kurva JÓÓÓ!!!
6/c/6cdc52ff.p3d	8188_mabhk_267	Red Crowne, nepřítel nás skoro dostal.
6/c/6ce6c3fc.p3d	4616_mar_c_474	Tak pojď, hajzle! Ukaž mi, co umíš!
6/c/6cec4345.p3d	20914_p_mtm_cough_c	*kašel*
6/c/6cedff54.p3d	15530_p_suf_186	Neohlížej se!
6/c/6cf64fdd.p3d	19402_bwhqa_071	Na to negativní.
6/c/6cf8e7a7.p3d	11482_maoff_309	Podlamuje se. Salvu do něj!
6/c/6cfefa4a.p3d	16894_bwtrb_094	No, co tu máme?
6/d/6d000c8b.p3d	4195_mar_c_064	Tady Fire Team Echo. Tenhle sektor je prázdný. Ukončujeme pátrání. Konec.
6/d/6d010de8.p3d	16606_bwabr_146	Pozor, cíl je aktivní!
6/d/6d09b727.p3d	9845_maf35_133	Žádné známky cíle, vracíme se do Citadely, přepínám.
6/d/6d0c8513.p3d	21754_speci_e04m04_056	Přebíjím!
6/d/6d106798.p3d	13633_p_erm_155	Pryč od tanku!
6/d/6d12898c.p3d	11099_mahqa_127	Stáhněte se na srazový bod, přehodnocujeme situaci, čekejte.
6/d/6d132831.p3d	13310_p_ctm_068	Změnil tvar!
6/d/6d136470.p3d	10022_maf35_290	Prostě zasáhněte oba. Nic jiného se dělat nedá.
6/d/6d1495f7.p3d	19967_magsp_245	Negativní, opakuji, negativní.
6/d/6d154137.p3d	8598_mar_a_339	Potřebuju klid! Kdo byl svědkem té události!?
6/d/6d169d1a.p3d	18149_bwtra_506	Zmiz odsud!
6/d/6d16a8c9.p3d	7583_mabra_023	Dejte mi vědět, až budou pryč, zasáhneme to znovu, přepínám.
6/d/6d189569.p3d	21690_karen_e03m01_007	Alexi! Dostaň nás ODSUD!
6/d/6d1a3670.p3d	8720_mar_a_441	Na naší pozici je dobře, Red Crown. Vše čisté, vše v pohodě.
6/d/6d1aaca8.p3d	22614_maabr_e06m04_009	SAKRA! Máme tu COPPERHEADY!
6/d/6d1cac75.p3d	23028_ragla_e06m02_048	Dobrá práce.
6/d/6d1f27e4.p3d	13153_p_ctf_142	Lehni na zem.
6/d/6d236976.p3d	20634_p_ctm_cough_c	*kašel*
6/d/6d23717a.p3d	20159_bwgsp_dying_d	*chroptění*
6/d/6d27cca2.p3d	573_bwbra_168	Dejte do toho všechno.
6/d/6d2b82f2.p3d	14714_p_mtf_070	Viděl to někdo, ten hnus!?
6/d/6d2bee1e.p3d	22802_maoff_e08m04_066	Vyklidit oblast!
6/d/6d30585d.p3d	13771_p_fdf_058	To je to zvíře!
6/d/6d34dc09.p3d	14644_p_ham_230	Áách, po...moc!
6/d/6d3c9143.p3d	15227_p_mtm_117	Uhni mi z cesty!
6/d/6d40b828.p3d	18773_susol_161	Přesunul se!
6/d/6d4166be.p3d	14284_p_fdm_100	Tomu nevěřím!
6/d/6d454dec.p3d	9076_mar_b_245	Pěknej zásah, Barkere. Ušlo to na burana, co?
6/d/6d4fe4bb.p3d	8153_mabhk_232	Cíl zničen, Thunder se vrací do Palace.
6/d/6d556041.p3d	4459_mar_c_317	Ježíši Kriste!
6/d/6d5c9bb0.p3d	15373_p_suf_031	Zpátky!
6/d/6d5dffd8.p3d	1996_bwmls_134	Tahle svíčka hoří, přepínám.
6/d/6d5ef319.p3d	22708_mahqa_e04m01_008	Kapitáne Rochi, dostavte se do brífinkové místnosti tři A. Kapitáne Rochi, do brífinkové místnosti tři A.
6/d/6d6823b5.p3d	17636_bwtra_013	Jak myslíš.
6/d/6d6bf9d6.p3d	7847_mabra_267	To bylo nejtěsnější, sakra, co jsem kdy zažil.
6/d/6d739e31.p3d	4160_mar_c_028	Připraven ke službě, pane!
6/d/6d768bb1.p3d	10778_mamls_325	Tohle nedopustím, rozumíš?
6/d/6d790282.p3d	11749_nydisp_034	Honička už není prioritou, policisté se mají vrátit k bezpečnostní službě podle stálých vojenských rozkazů.
6/d/6d7d4643.p3d	9810_maf35_098	Zahajuji ostrou zatáčku a mířím nad vodu, sledujte mě zpátky. Semkněte se tam vzadu.
6/d/6d81a67c.p3d	875_bwgsp_115	Nepřítel na palubě, nepřítel na palubě.
6/d/6d832d70.p3d	7939_mabhk_038	Vrtejte do něj, nepolevujte!
6/d/6d8618bd.p3d	11064_mahqa_092	Jednotko, ozvěte se s informacemi.
6/d/6d8827d2.p3d	19932_magsp_220	Vidíte, kam šel? Ztratil jsem kontakt, přepínám.
6/d/6d88d2f3.p3d	8563_mar_a_304	Mám ho!
6/d/6d8a2c4b.p3d	18114_bwtra_471	Netlačte se, mám kulek dost pro všechny!
6/d/6d8bae1a.p3d	21827_alex_e01m02_044	Už jdu, Dano, už jdu.
6/d/6da375c3.p3d	14487_p_ham_073	Ten hajzl, přímo tam!
6/d/6da39390.p3d	22521_bwtrb_e04m01_021	Palác odhalen, pošlete na toho chlapa zásahový tým! Vysoký poplach!
6/d/6dae1379.p3d	20260_bwtrb_pain_a	*argh*
6/d/6db67272.p3d	15955_p_uem_140	Ale sakra! K zemi! Lehnout!
6/d/6db8dfa8.p3d	9041_mar_b_210	Tady je jeden -- přímo tady!
6/d/6dba08eb.p3d	25038_nypda_225	Ten hajzl je teď mrtvej.
6/d/6dc30b34.p3d	25413_alex_e05m03_701	Tenhle stroj má pole DNA senzorů. Můžu ho přenastavit, abych našel LOVCE, kterého potřebuju.
6/d/6dc85053.p3d	19509_bwhqb_007	Zahajte průzkumnou síť.
6/d/6dc8ef72.p3d	4424_mar_c_282	Připraven k boji! Postupujte!
6/d/6dca1e6a.p3d	24980_nypda_205	Nevím. Já nevím!
6/d/6dd18ef4.p3d	1961_bwmls_099	Mám tam dole vozidlo, rozstřílejte tu celou oblast na kaši.
6/d/6dd715d5.p3d	13417_p_ctm_174	Zmizte!
6/d/6ddb1396.p3d	11290_maoff_154	Zakázaná zóna! Ustupte.
6/d/6ddf8b92.p3d	7812_mabra_232	Je konec, opakuji, je konec.
6/d/6dea1ae2.p3d	10743_mamls_290	Uh, máme, uh, raněnou posádku, ale, uh, pořád jsme funkční, přepínám.
6/d/6dec285d.p3d	8827_mar_b_016	Hlásím se, pane!
6/d/6df17ce8.p3d	24353_p_haf_119	Už jdou! UŽ JDOU!
6/d/6df445fe.p3d	13878_p_fdf_161	Nedělej to, vezmi si všechno, co mám, prosím.
6/d/6df535ad.p3d	840_bwgsp_080	Žádám nasazení úderného balíčku Alfa, slyšíte?
6/d/6df6c18c.p3d	19775_magsp_063	Vedoucí Tornado hlásí hořáka na zemi!
6/d/6dff25d0.p3d	4850_maabr_178	Nepolevuj!
6/e/6e01f39d.p3d	15039_p_uwm_162	M-mysli na moje děti! Prosím!
6/e/6e0330e1.p3d	17180_bwtrb_360	Pal, střílej, než mě sakra sežere!
6/e/6e09c1e3.p3d	1097_bwgsp_335	Red Crown, Tornado Five ztrácí výšku!
6/e/6e0e30f3.p3d	9305_mar_b_474	Přestaňte! Zadržte palbu!
6/e/6e1208a2.p3d	14981_p_uwm_104	Kde jsou všichni? Haló?
6/e/6e17076a.p3d	14452_p_ham_038	Máš sakra problém!?
6/e/6e2a041a.p3d	15920_p_uem_106	Jestli máš telefon, zavolej 911!
6/e/6e2da286.p3d	25003_nypda_420	10-85! 10-85! Slyšíte mě!?
6/e/6e3216c5.p3d	22250_bwhqa_e08m03_025	Taktický přehled říká, že tu nejsou žádná hnízda, nic poblíž. Musí přicházet z podzemí.
6/e/6e367958.p3d	16966_bwtrb_146	Bylo na čase, že už jsi tu.
6/e/6e413673.p3d	9917_maf35_205	Klesám, abych se podíval, přepínám.
6/e/6e453dce.p3d	12038_nypda_105	Charlie Nineteen, dispečinku. Subjekt zmizel.
6/e/6e47e6e4.p3d	13705_p_erm_227	Neeeee!
6/e/6e4badf1.p3d	25466_alex_e08m04_702	Co to sakra je? Greeneová? Elizabeth Greeneová?
6/e/6e4e258a.p3d	7655_mabra_095	Ok, útočný týme, tady máte šanci smazat toho parchanta z mapy.
6/e/6e50d778.p3d	82_bwbhk_051	Ghost Čtyři Pět hlásí zásah, přepínám.
6/e/6e546d45.p3d	10394_mahqb_131	Všem jednotkám, připravte se na přesun.
6/e/6e555046.p3d	11980_nypda_045	Dispečinku, neslyším vás.
6/e/6e56a730.p3d	13225_p_ctf_214	Pohni se!
6/e/6e58b765.p3d	10586_mamls_153	Red Crown, máte to na skenu, přepínám?
6/e/6e5f4c03.p3d	645_bwbra_240	Rozhodné vítězství.
6/e/6e601e94.p3d	24196_p_haf_190	Zpátky!
6/e/6e67d7a7.p3d	13843_p_fdf_128	Někdo, pomozte jim!
6/e/6e6a5333.p3d	19740_magsp_028	Odpoutávám se, jste na to sami.
6/e/6e6afe68.p3d	8371_mar_a_111	Na cíl jsme negativní. Pojedeme domů.
6/e/6e6dc22a.p3d	4693_maabr_021	Ranger Dvě Sedm připraven k akci, přepínám.
6/e/6e758544.p3d	15004_p_uwm_127	Sežeňte pomoc! Hej! Sežeňte pomoc!
6/e/6e783774.p3d	18845_susol_233	Špatnej zasranej cíl!
6/e/6e78e37f.p3d	14356_p_fdm_172	Blíží se!
6/e/6e7ccd38.p3d	9148_mar_b_317	Uf, ohnisko hořáků!
6/e/6e7d53a0.p3d	1062_bwgsp_301	Zvládneme to.
6/e/6e876407.p3d	8225_mabhk_304	Zasaženi, ale ne mimo kurz, udržujeme směr.
6/e/6e941afa.p3d	15445_p_suf_101	Nevidím! Vidí někdo!?
6/e/6e9c6bac.p3d	19317_bwhqa_006	Cíl spatřen v mřížce Yankee, pošlete tam tým a zahajte prohledávání mřížky.
6/e/6e9efcff.p3d	11397_maoff_122	Hej! Stůj!
6/e/6e9fa038.p3d	17708_bwtra_065	Cíl zmizel ze sítě, přepínám.
6/e/6eab1d93.p3d	4232_mar_c_101	Čerstvý úlovek. Zavolejte úklidovou četu.
6/e/6eb680b3.p3d	13548_p_erm_070	By-byl to nějakej trik?
6/e/6eb8cce9.p3d	12003_nypda_069	Ty hajzlové si myslí, že jejich sračky voněj jako růže.
6/e/6ebd9809.p3d	11136_mahqa_164	Zrušte to celé. Konec. Slyšíte?
6/e/6ec04fb4.p3d	8635_mar_a_376	Tohle je fakt zvrácený. Přivolejte na to dělostřelectvo.
6/e/6ec1b746.p3d	7620_mabra_060	Vylez, vylez, ať jsi kdekoli.
6/e/6ec31337.p3d	4957_maabr_265	Red Crowne, tady Strike Boss. Stopa vychladla -- vracíme se na základnu, přepínám.
6/e/6ec540ec.p3d	13068_p_ctf_059	Nepřibližuj se!
6/e/6ecc490c.p3d	10551_mamls_118	Naveďte to, držte to na dvanáctce.
6/e/6ecde5bd.p3d	488_bwbra_083	Polní jednotky, setkání na srazu, přepínám.
6/e/6ed277c3.p3d	11804_nydisp_079	Dispečink hlásí negativní.
6/e/6ed2ddaa.p3d	610_bwbra_205	Mohla by to být... porucha radaru, potvrdíme.
6/e/6ed3b0b8.p3d	24161_p_haf_196	Sakra!
6/e/6edaf50f.p3d	14559_p_ham_145	Do krytu!
6/e/6ee6d12e.p3d	18688_susol_076	Shoďte zásilku na mou pozici, udržíme kontakt s cílem, přepínám.
6/e/6ee77fc5.p3d	14199_p_fdm_016	Co tohle sakra udělalo?
6/e/6eebc690.p3d	18810_susol_198	Já to nejsem, kreténi!
6/e/6eec7526.p3d	14321_p_fdm_137	Ať někdo sežene policii!
6/e/6eecba30.p3d	21973_alex_e05m02_189	Zůstaň se mnou!
6/e/6ef05c69.p3d	9113_mar_b_282	Bože, budu blít.
6/e/6ef5fdff.p3d	8068_mabhk_167	Red Crowne, mise úspěšná, cíl zlikvidován!
6/f/6f00c2e2.p3d	7530_mabcm_184	Velitelství Red Crown, sdělte odhadovaný čas příjezdu posil.
6/f/6f03716a.p3d	281_bwbhk_250	V bouři sraček, přerušte spojení.
6/f/6f07aa17.p3d	15410_p_suf_067	Viděl to někdo!?
6/f/6f1292c5.p3d	11362_maoff_218	Delta čtyřicet pět, máte povoleno. Zaútočte!
6/f/6f177ffc.p3d	22733_mahqb_e05m01_005	Všechny jednotky Racecar a Hotrod. Opouštíme spornou zónu. Shromaždiště Zero Delta Hotel. Přesun na India Papa na můj povel. Tři, dva, jedna -- teď.
6/f/6f1a1055.p3d	25449_alex_e07m01_703	To je potvrzeno, Romeo Charlie.
6/f/6f2361e9.p3d	9725_maf35_013	Pošlete mi souřadnice, Voodoo Sedm vyráží. Vektor přilétá.
6/f/6f2834bf.p3d	20009_magsp_277	Podpůrná mise splněna. Vracíme se zpátky.
6/f/6f2a125a.p3d	13513_p_erm_035	O co tady jde?
6/f/6f2cb4f9.p3d	912_bwgsp_152	Tornado Five se blíží na útočném vektoru devět nula, cíl volný.
6/f/6f2e40d8.p3d	19847_magsp_135	Tyto souřadnice negativní. Není to tady.
6/f/6f2eebf9.p3d	8478_mar_a_219	Stůj! Jsi v zakázané zóně!
6/f/6f304551.p3d	18029_bwtra_386	Zalehl. Jaké jsou pokyny?
6/f/6f3129b0.p3d	11101_mahqa_129	Zrušte předchozí rozkazy a čekejte.
6/f/6f33e170.p3d	8600_mar_a_341	Potřebuju informace, lidi! Zůstaňte v klidu!
6/f/6f38d2a8.p3d	13033_p_ctf_024	Co chce?
6/f/6f3ab02d.p3d	17252_bwtrb_432	Do prdele.
6/f/6f405a56.p3d	17971_bwtra_328	Zalezl do sebe. Rozdrťte ho!
6/f/6f417764.p3d	453_bwbra_048	Zamítnuto, přebít!
6/f/6f44622d.p3d	2090_bwmls_238	Ještě nejsem venku.
6/f/6f4618f6.p3d	22995_ragla_e05m02_015	Dostaň nás odsud!
6/f/6f47e0e3.p3d	16784_bwabr_304	Manévr! Hned!
6/f/6f4b333d.p3d	19580_bwhqb_068	Potvrzeno. Jděte.
6/f/6f4e86cb.p3d	14524_p_ham_110	Potřebuju pomoc! Kdokoliv!?
6/f/6f698fbb.p3d	8033_mabhk_132	Thunder Čtyři Pět, mizíme odsud!
6/f/6f6f0877.p3d	4339_mar_c_196	Přivolejte obrněnou techniku!
6/f/6f6f5f5f.p3d	7373_mabcm_041	Polní týme, můžete opakovat. Prosím odpovězte, přepínám.
6/f/6f703ba4.p3d	24895_nypda_251	Prosím, nepanikařte! Situace je pod kontrolou!
6/f/6f76da99.p3d	11908_nydisp_173	Nouzová pomoc přijede brzy. Čekejte.
6/f/6f77aa9a.p3d	1876_bwmls_014	Zaměřuji. Připraven pálit na cíle, pozorovateli.
6/f/6f85a4d6.p3d	7727_mabra_167	Tak to je vše. Panáky platím já.
6/f/6f903673.p3d	10658_mamls_205	Roller tři, žádám Red Crown o odklon, konec spojení.
6/f/6f92b122.p3d	11737_nydisp_022	Potvrzeno. Předejte stav vojenským složkám. Odsud to převezmou, přepínám.
6/f/6f96cb30.p3d	717_bwbra_302	Kryj!
6/f/6f979a04.p3d	24268_p_haf_156	Kámo, počkej, počkej. Vydrž, vydrž, kámo. Podívej, podívej, OK? Nemusíš to dělat.
6/f/6f9f5466.p3d	13915_p_fdf_198	Krvácím!
6/f/6fa1d294.p3d	19812_magsp_100	Ústup a přeskupit.
6/f/6fa27b29.p3d	8443_mar_a_183	Páni, to bylo něco. Nepřibližuj se k tomu!
6/f/6fa53eeb.p3d	4765_maabr_093	Je to tu sakra binec, RC. Co můžeme udělat, abychom pomohli? Přepínám.
6/f/6fa949e7.p3d	17095_bwtrb_275	Sledujte cíle. Jestli něco uvidíte, zahajte palbu.
6/f/6fa9c84c.p3d	22098_alex_e08m02_316	Zaútočte na můj cíl!
6/f/6fafb6c0.p3d	18917_susol_305	Nedovolte mu to zkusit znovu.
6/f/6fb821a8.p3d	14896_p_uwm_019	Bože můj, jsou mrtví?
6/f/6fcb97bb.p3d	15517_p_suf_173	Utíkej!
6/f/6fd01d37.p3d	15835_p_uem_023	Vidíš to?
6/f/6fd680c8.p3d	11469_maoff_356	Palte na můj cíl! Udělejte to!
6/f/6fe29a33.p3d	4304_mar_c_161	Vyberte si cíle!
6/f/6fe3ca63.p3d	24860_nypda_186	Hej! Co tu sakra děláš!?
6/f/6ff0fcc2.p3d	10009_maf35_277	To bylo blízko, moc blízko. Ukazatel zábavy mi vystřelil na maximum.
6/f/6ff4be56.p3d	11170_maoff_032	Sežeňte nám sem úder, honem, Red Crown.
6/f/6fff7bad.p3d	10431_mahqb_168	Palebná mise dokončena, v tuto chvíli hotovo.
7/0/70024a49.p3d	21026_p_uem_fallscream_c	*výkřik*
7/0/700b289e.p3d	24233_p_haf_075	Kámo, myslím, že to byl on.
7/0/700df0c4.p3d	13758_p_fdf_045	Zavolejte policii!
7/0/700f20c3.p3d	19687_bwhqb_165	Všechny úderné jednotky, stáhněte se.
7/0/7011176d.p3d	8286_mar_a_025	Nepřítel! Nepřítel!
7/0/7012112e.p3d	13302_p_ctm_060_a	Odstupte od něj!
7/0/7018d092.p3d	4730_maabr_058	Potvrzený zásah druhotného cíle.
7/0/701cdba3.p3d	17060_bwtrb_240	Klid. Je mrtvej.
7/0/701d74c7.p3d	12373_nypda_445	K ZEMI!
7/0/702a0c97.p3d	16592_bwabr_132	Připravte se na útok!
7/0/703240c8.p3d	19241_p_hlf_161	Někdo, pomozte! On mě zabije!
7/0/70349b32.p3d	24612_alex_e09m01_615	Nesmím nechat nikoho uniknout.
7/0/703af0b6.p3d	353_bwbhk_322	Připravte se na náraz!
7/0/704a0f5f.p3d	11434_maoff_272	Nepřátelské vozidlo v zóně!
7/0/70502458.p3d	16846_bwtrb_046	Mrcho!!
7/0/70513698.p3d	4147_mar_c_015	Něco divnýho támhle. Za mnou dovnitř.
7/0/705e15f6.p3d	17484_bwoff_143	To je Mercer, potvrzeno, POTVRZENO!
7/0/705e46a1.p3d	24384_maoff_events_012	Zdá se, že nám Mercer pomáhá! Co to sakra je?
7/0/7060a81c.p3d	23895_alex_023	To je pěkná pevnost.
7/0/7065c024.p3d	19919_magsp_207	Pozemní, pozor. Nepřátelé za vámi.
7/0/706e1845.p3d	10274_mahqb_031	Slyšeli jste rozkaz. Red Crown, konec.
7/0/70704f67.p3d	13105_p_ctf_094	Pomoc!
7/0/70722f79.p3d	17324_bwtrb_504	Stáhnout se!
7/0/70726227.p3d	10466_mamls_033	Nikdo si zatím neodpočine, ještě to neskončilo.
7/0/7073c667.p3d	10993_mahqa_041	Nepoznám tam dole, kdo je kdo, pošlete obraz.
7/0/70746ec3.p3d	25181_nypda_448	Sundejte ho!
7/0/7078f6c5.p3d	525_bwbra_120	Zalezl si. Pátráme.
7/0/707be16f.p3d	2162_bwmls_300	Vezmi zbraň a vyrazte do ulic, tady se Highball tři odhlašuje.
7/0/7082b27f.p3d	19652_bwhqb_130	Snižte stav ohrožení, přepínám.
7/0/7091e236.p3d	18725_susol_113	Jděte po něm!
7/0/70928e42.p3d	14236_p_fdm_053	Vzdej se!
7/0/7096756f.p3d	9028_mar_b_197	Mohl by to být kdokoli!
7/0/70a10f07.p3d	8105_mabhk_204	Rozumím.
7/0/70a68a74.p3d	8970_mar_b_139	Je to mrtvý?
7/0/70a6deab.p3d	7445_mabcm_113	Polní jednotky potvrzují ztrátu cíle. Ukončete aktivní pátrání. Hlídky perimetru zůstávají v akci, konec.
7/0/70a7c253.p3d	24967_nypda_513	*lapání po dechu* Nemůžu dýchat!
7/0/70a98a70.p3d	196_bwbhk_165	Ghost Čtyři Pět, vidím tepelný záznam, co vypadá divně, máte potvrzení?
7/0/70af275b.p3d	1948_bwmls_086	FC nic nenašlo, končíme a vracíme se na základnu.
7/0/70b3d12d.p3d	22439_bwtra_e04m04_031	Zóna je horká!
7/0/70b8ac04.p3d	11277_maoff_148	Nemůžu uvěřit, že velitelství na tohle přistoupilo.
7/0/70c3b614.p3d	16811_bwtrb_011	Spal to.
7/0/70d2cdff.p3d	827_bwgsp_067	Red Crown, máme se zapojit do záchranné akce, přepínám.
7/0/70d74309.p3d	11016_mahqa_064	Velmi dobře, pokračujte.
7/0/70d9842f.p3d	22541_bwtrb_e05m01_041	Hotrod Two Eight, jaký je tvůj stav...? Nerozumím ti...
7/0/70d9fa76.p3d	8515_mar_a_256	Je přímo tam -- ne, tam. Ale do prdele.
7/0/70dcbe37.p3d	4837_maabr_165	Všichni, do pozic!
7/0/70e0c933.p3d	17167_bwtrb_347	Všichni hlavy dolů!
7/0/70e33c1c.p3d	19495_bwhqa_164	Tady Red Crown, zrušte úder a vraťte se, přepínám.
7/0/70e67371.p3d	17886_bwtra_243	Mějte se na pozoru, máme tu sliznaté.
7/0/70edf9e9.p3d	16699_bwabr_219	Jsme čistí, jsme čistí.
7/0/70ef9e7e.p3d	14968_p_uwm_091	Neeee!
7/0/70f49fd1.p3d	14439_p_ham_025	Přežili to?
7/0/70ffa03d.p3d	12181_nypda_253	Lidi, pohybujte se v klidu a nikomu se nic nestane!
7/1/71061fe9.p3d	14201_p_fdm_018	Přijeli už záchranáři?
7/1/710799f6.p3d	15907_p_uem_093	Whoa, chlape!
7/1/7108d4c6.p3d	20682_p_erm_disgust_c	Bože můj... *dávení*
7/1/711a6dc7.p3d	7410_mabcm_078	Stanoviště Echo čisté. Postup nepřátel zastaven. Nahlaste se poddůstojníkům a vraťte se ke svým úkolům, konec.
7/1/711b54b2.p3d	24932_nypda_536	Ó, do prdele!
7/1/711d1c2c.p3d	161_bwbhk_130	Tak dělej, ukaž se! Ten hajzlík se plíží ve stínech.
7/1/7122b917.p3d	1913_bwmls_051	Tohle místo je v hajzlu... Sakra.
7/1/712ac86e.p3d	22033_alex_e06m02_249	Někde jsi asi upustil desetinnou čárku! Potřebuje to víc!
7/1/712c3adb.p3d	11242_maoff_086	Druhý cíl -- sundán!
7/1/712e6fca.p3d	69_bwbhk_038	Ka-pau, potvrzeno.
7/1/712fb895.p3d	20110_bwbhk_dying_c	*chroptění*
7/1/7132e8cc.p3d	11967_nypda_042	Tady Charlie Nineteen. To je negativní.
7/1/71372fa2.p3d	9291_mar_b_460	Je tu totální bordel!
7/1/71384dc1.p3d	25288_nypda_185	Dispečinku, honím podezřelého!
7/1/713e908a.p3d	24367_maoff_e05m01_004	Mřížka ukazuje nějaký zmatek. Na místě za třicet. Lim končí.
7/1/7147eb9a.p3d	19727_magsp_015	Palebná podpora nad vámi. Mariňáci, vidíme různé cíle, můžete nám osvítit nepřítele laserem, přepínám.
7/1/7148942f.p3d	8358_mar_a_098	Prohledejte, prohledejte. Hledejte krev, cokoliv.
7/1/71504ff3.p3d	4802_maabr_130	Red Crowne, žádní nepřátelé na místě. Ukončujeme prohlídku, přepínám.
7/1/71545aef.p3d	17132_bwtrb_312	Infekce překonala lidskou formu.
7/1/7154f413.p3d	12445_nypda_517	Pohni se!
7/1/7156cdc3.p3d	19460_bwhqa_129	Všechny zóny bez výsledku, opakuji bez výsledku. Ukončete primární akci, přepínám.
7/1/715a0518.p3d	17851_bwtra_208	Tohle nedávejte do sítě. Není to zpráva pro veřejnost.
7/1/715ae967.p3d	1049_bwgsp_288	Zásahy bez poškození cíle, přepínám.
7/1/71633025.p3d	14933_p_uwm_056	Tam! Tam!
7/1/716e4e13.p3d	20921_p_mtm_disgust_b	Íúúch!
7/1/7170e593.p3d	13691_p_erm_213	Už to jde!
7/1/717f054f.p3d	22592_bwtrb_e08m03_093	Vše připraveno, pane.
7/1/71818e8b.p3d	11506_maoff_333	Kurva, ZPĚT!
7/1/7187f971.p3d	23924_alex_052	To mě nezastaví.
7/1/7188b35a.p3d	4219_mar_c_088	Zdravotníku! Zkontroluj jejich zranění.
7/1/7189e2a5.p3d	24775_nypda_031	10-4.
7/1/718c00d8.p3d	14772_p_mtf_128	Někdo, pomozte jim!
7/1/7192cb54.p3d	22506_bwtrb_e01m02_006	Kdy se to lidi naučí...?
7/1/71959542.p3d	17556_bwoff_215	Potvrzuji.
7/1/7196166b.p3d	19011_susol_399	Ne dobrý, ne dobrý!
7/1/719d0cb1.p3d	15285_p_mtm_173	Vidí to někdo?
7/1/719f4f98.p3d	7607_mabra_047	Cíl neutralizován. Rozumíš, RC?
7/1/71a594c8.p3d	10346_mahqb_083	Rozumím. Hlášení situace, přepínám.
7/1/71a67a92.p3d	11932_nypda_017	Dobrá práce, kluci -- máme to hotové.
7/1/71a9e173.p3d	10538_mamls_105	Zmáčkni na to tlačítko. Udělej to.
7/1/71abeafe.p3d	25253_nypda_470	To není v pořádku!
7/1/71ac5fc2.p3d	11725_nydisp_010	Místní jednotky, pusťte se za prchajícím podezřelým.
7/1/71b14c05.p3d	24148_p_haf_211	To do něčeho narazí!
7/1/71bc25eb.p3d	8323_mar_a_063	Pojď, kámo, hned teď. Ty a já.
7/1/71c38de2.p3d	12288_nypda_360	Co to sakra ta věc dělá!?
7/1/71c5bb7b.p3d	20313_mabhk_stab_b	*ááh*
7/1/71c88344.p3d	12410_nypda_482	Zlato, myslím, že máme problém.
7/1/71c89ee7.p3d	17694_bwtra_051	Ne, přepínám.
7/1/71ca0d8d.p3d	14308_p_fdm_124	Prosím, pusťte ho!
7/1/71ce7b23.p3d	1014_bwgsp_253	Jsme v pohodě, jsme v pohodě, zůstaň na cíli!
7/1/71d11b73.p3d	21713_speci_e04m04_015	McMullen tě chce na pitevním stole. Tak to taky dostane.
7/1/71d859d0.p3d	19156_p_hlf_078	Utíká pryč!
7/1/71e3a8e0.p3d	7997_mabhk_096	Město je v hajzlu. Pošlete evakuaci raněných, přepínám.
7/1/71e8a2ef.p3d	19990_magsp_258	Teď mám plné ruce práce.
7/1/71eaaa31.p3d	18172_bwtra_529	Áách...
7/1/71f02b2c.p3d	11349_maoff_205	Stáhněte se! To je sakra rozkaz!
7/2/72042efc.p3d	17399_bwoff_058	Poptávka po lékařích je vysoká, rozumíte?
7/2/72092473.p3d	17521_bwoff_180	Dobrá práce, vojáci. Máme ho.
7/2/72109e58.p3d	15250_p_mtm_138	K zemi.
7/2/7218487f.p3d	17239_bwtrb_419	Dejte toho hajzla na nosítka!
7/2/721926ad.p3d	10311_mahqb_068	Rozumím, potvrzuji.
7/2/721a7c61.p3d	25096_nypda_047	Nic tu není, dispečinku.
7/2/721d70a4.p3d	10503_mamls_070	Palebnou podporu hned, máme nepřátele nablízko!
7/2/721df2bd.p3d	17958_bwtra_315	Obklíčit ho! Za mnou!
7/2/7221fa94.p3d	2077_bwmls_225	Opečte tu hromadu sraček.
7/2/7222dbe0.p3d	22857_mar_a_e06m04_038	Jedna, dva, tři. Přesně takhle. Jedna, dva, tři. BUM! Jedna, dva, tři!
7/2/7224da43.p3d	24113_p_haf_101	Může mi někdo pomoct!?
7/2/7228cbc3.p3d	19567_bwhqb_065	Povolení uděleno!
7/2/72296d6d.p3d	4482_mar_c_340	Whoa, whoa, whoa!
7/2/723188af.p3d	22016_alex_e05m03_232	Ne!
7/2/7232443b.p3d	20084_bwabr_dying_a	*chroptění*
7/2/72371f89.p3d	12253_nypda_325	Do prdele!
7/2/723793d0.p3d	13475_p_ctm_232	Aaah!
7/2/72400702.p3d	7870_mabra_290	Vydrž, pořád máme dost na to, abychom to dostali.
7/2/72407cb9.p3d	22966_mar_c_e06m04_043	Doprovoďte ten zasranej tank, řekli... A KDO BUDE KRÝT NÁS!? Do prdele...
7/2/7243b759.p3d	16472_bwabr_012	Skenery tmavé, po cíli ani stopy.
7/2/724beb8e.p3d	19121_p_hlf_045	Sakra. To je on!
7/2/7250bfd9.p3d	11829_nydisp_094	Dispečink žádá aktualizaci.
7/2/72549b78.p3d	233_bwbhk_202	Red Crowne, máme zrůdy na dohled.
7/2/72573a9c.p3d	7962_mabhk_061	Cíl možná opustil sektor, přepínám.
7/2/72627198.p3d	15097_p_uwm_220	*zaskřehotání* Pomozte mi!
7/2/7263ba5d.p3d	11314_maoff_170	Pohyb na cíl!
7/2/7268e4b3.p3d	22364_bwoff_e01m01_007	Je mi jedno, jestli je to prezident firmy nebo posranej uklízeč, jestli vyjde ven a není to jeden z nás, tak ho zabij. Rozumíš?
7/2/7277c0b8.p3d	17364_bwoff_023	Jsem na místě srazu.
7/2/727a6d0f.p3d	16036_p_uem_221	*zabrblání* Ne... nedělej... to!
7/2/727f45d1.p3d	20720_p_fdf_disgust_a	Ouu!
7/2/728bd7b0.p3d	17204_bwtrb_384	Kryj se tam, kde to nemůže využít!
7/2/728e1a01.p3d	25061_nypda_368	Do PRDELE
7/2/728f4d5a.p3d	22682_maf35_e10m04_013	Palec nahoru. Jsme v pohodě.
7/2/729181ee.p3d	17923_bwtra_280	Už toho nech.
7/2/72990866.p3d	16736_bwabr_256	Přesuňte se na optimální dostřel.
7/2/729c5d7f.p3d	19532_bwhqb_030	Ruším to. Přerušte pátrání.
7/2/72a1b1a5.p3d	9975_maf35_243	Voodoo Sierra Hotel, jsem volný a mířím domů.
7/2/72a5b942.p3d	12096_nypda_167	Není šance, že by byl daleko odsud.
7/2/72ab22ec.p3d	13440_p_ctm_197	Ááách, moje noha!
7/2/72ab8d17.p3d	18605_susol_003	Na naší dvacítce čisto, Control.
7/2/72c03574.p3d	8850_mar_b_039	Šéfe, chcete, ať to prověříme?
7/2/72c15f4d.p3d	24847_nypda_099	Máme svýho chlapa, dispečinku. Pošlete úderný tým na Three Charlie Seventy-Seven.
7/2/72c37d97.p3d	14844_p_mtf_198	Krvácím! Ach, ta bolest!
7/2/72c59a06.p3d	22836_mar_a_e02m05_018	Ani náhodou.
7/2/72c68f12.p3d	23986_ragla_e05m02_034	Co to je?
7/2/72d256a6.p3d	11157_maoff_017	Red Crown, máme negativní, přepínám.
7/2/72d3b709.p3d	21875_alex_e03m02_091	Přidej...pojďme to dodělat.
7/2/72d600b4.p3d	15062_p_uwm_185	Jen běž!
7/2/72dd1414.p3d	10418_mahqb_155	Dejte týmu Zulu první úder, chci okamžitou podporu, pokud se to potvrdí.
7/2/72dec7b1.p3d	25387_alex_e03m01_713	Ta červená hmota se rychle šíří. Musí to souviset s Elizabeth Greeneovou.
7/2/72e33adf.p3d	22945_mar_c_e02m05_023	Kontrolujte palbu, v těch věcech je ostrá zasraná munice!
7/2/72e366c8.p3d	25325_nypda_463	Ustupte! Ustupte!
7/2/72e86a09.p3d	22775_maoff_e08m04_039	Žádám další síly na čelo. Přiletí na mou pozici, mám připravený výsadek.
7/2/72ed5afd.p3d	4589_mar_c_447	Adrenalin teď pumpuje naplno!
7/2/72edfc2b.p3d	16001_p_uem_186	Neohlížej se!
7/2/72f668f9.p3d	4717_maabr_045	Vidím tu moře rudé, velitelství, přepínám.
7/2/72fa73f5.p3d	17047_bwtrb_227	Postup! Vyberte si místa!
7/2/72fce71c.p3d	19375_bwhqa_064	Rozumím.
7/3/73001e33.p3d	17766_bwtra_123	Jsme tu ve velkých sračkách, přepínám.
7/3/7307a4e9.p3d	16579_bwabr_119	Připočtěte jednoho k počtu mrtvých.
7/3/730c9a22.p3d	16701_bwabr_221	Strategický cíl dosažen. Úder dokončen.
7/3/730fd91a.p3d	19228_p_hlf_148	Vyklidit!
7/3/73194ae5.p3d	12061_nypda_128	Kdy tohle skončí?
7/3/7319bf48.p3d	13283_p_ctm_042	Všichni, to je on!
7/3/733219f3.p3d	14687_p_mtf_043	To je on, to je on!
7/3/7334f073.p3d	24812_nypda_019	10-80 posily, dispečinku. Naše poloha je čistá.
7/3/7341fa11.p3d	20884_p_mtf_gasp_a	*lapání po dechu*
7/3/734651f5.p3d	24034_bwoff_e06m04_108	Negativní, HQ, oblast je pořád moc horká. Přesouváme se stabilizovat situaci.
7/3/73481db9.p3d	15322_p_mtm_210	K zemi!
7/3/734abd93.p3d	24464_bwoff_e01m02_005	Trefil jsi aspoň ten cíl?!
7/3/7350da64.p3d	9171_mar_b_340	Rukojmí! Zadržte palbu! Zadržte palbu!
7/3/7352ca2a.p3d	22754_maoff_e04m01_018	Jak vidíte, interpolací mezi několika detekčními body v reálném čase dokážeme triangulovat jeho pohyb. Zkrátka umíme zjistit, kudy Mercer prošel, jako bychom šli po stopě. Pak už jde jen o to, poslat na místo, kde svítí nejjasněji, správný letecký úder. Vyženeme ho ven.
7/3/73597736.p3d	2149_bwmls_287	Stále v pohybu, zapojujeme se.
7/3/7359b685.p3d	24081_bwoff_events_042	No tak, chlapi, nesmíme jim to dovolit.
7/3/73604ad1.p3d	19639_bwhqb_117	Přímo od generála Randalla. Potřebujeme více pokroku. Pohyb, lidi.
7/3/7360ecb9.p3d	4554_mar_c_412	Nestřílejte! Zkontrolujte mý doklady!
7/3/73650025.p3d	21564_bwabr_256	Přesuňte se na optimální dostřel.
7/3/736e0326.p3d	17012_bwtrb_192	Identity jsou odhalené!
7/3/736e9c4a.p3d	12325_nypda_397	Teď máme toho hajzla!
7/3/73703f85.p3d	24067_bwoff_events_028	S tímhle davem červených si poradíme -- do nich!
7/3/737078c3.p3d	19340_bwhqa_029	Všechny sektory hlásí prázdno. Jak chcete postupovat, veliteli?
7/3/7373ad4f.p3d	17731_bwtra_088	Zrušte pátrání, není tady.
7/3/737b341a.p3d	16544_bwabr_084	Cíl nalezen, jdeme na to, přepínám.
7/3/7383dd59.p3d	9783_maf35_071	Ztratil jsem cíl, jsem slepý, opakuji, slepý, přepínám.
7/3/738422db.p3d	8957_mar_b_126	Kretén! Zkurvenej KRETÉN!
7/3/7388b2ba.p3d	20067_magsp_335	Red Crown! Jdeme dolů. Žádám pátrání a záchranu -- okamžitě.
7/3/738a8dca.p3d	13571_p_erm_093	Cože, chlape, co?!?
7/3/738c1839.p3d	305_bwbhk_274	Mise přerušena. Žádám nový vektor.
7/3/738d32f4.p3d	970_bwgsp_210	Kontakt zmizel, jsme čistí, přepínám.
7/3/7390c34c.p3d	18087_bwtra_444	Sakra. Možná mě Bůh fakt má rád.
7/3/7397204e.p3d	4980_maabr_288	Přilétá to!
7/3/73994e16.p3d	13091_p_ctf_080	To je ten, koho hledáte.
7/3/73af0226.p3d	14582_p_ham_168	Kurva! Kurva, hajzle!
7/3/73af3d79.p3d	17436_bwoff_095	Palte! Prostě palte!
7/3/73b0cd67.p3d	22199_bwabr_e08m03_40	Taktický ukazuje pohyb v západním sektoru, udělejte tam dole, co můžete.
7/3/73b6b777.p3d	15165_p_mtm_057	Zase je vidět!
7/3/73ba4a61.p3d	24420_maoff_events_048	Skoro tam jsme -- nepouštějte je.
7/3/73c58e40.p3d	25133_nypda_152	Hej, dispečinku, mám ho! Přímo před sebou!
7/3/73ca0b2b.p3d	8091_mabhk_190	Thunder Čtyři Pět, vidíme aktivitu, přepínám.
7/3/73cd0911.p3d	2114_bwmls_262	Tomu nevěřím... Připravte podvěs dva, zasáhněte to znovu!
7/3/73cf8673.p3d	4397_mar_c_255	To je ten. Zahajte palbu!
7/3/73d0d376.p3d	24406_maoff_events_034	Alfa 4 -- bitva je naše.
7/3/73d3da02.p3d	19604_bwhqb_082	Hlášení situace. Hned.
7/3/73dd38a4.p3d	12168_nypda_240	Tohle je čím dál horší.
7/3/73f7b20c.p3d	8922_mar_b_091	Prohledáváme. Rozptylte se.
7/3/73f8de39.p3d	24919_nypda_138	Dispečinku, Charlie Nineteen je 10-84. Jen mi dejte pokyn.
7/3/73f9528b.p3d	24550_alex_e05m01_622	Musím najít Lima.
7/3/73fab47e.p3d	148_bwbhk_117	Pošlete tým na mé souřadnice. Mám vizuál.
7/3/73fc4476.p3d	20032_magsp_300	Silná protiletadlová palba. Trochu jsme to schytali. Ovládání trochu vrže. Poraďte.
7/4/74024def.p3d	19870_magsp_158	Pozemní veliteli, opakujte prosím, přepínám.
7/4/740454f3.p3d	18052_bwtra_409	ŠPATNĚ! Já NEJSEM cíl. Zamysli se!
7/4/7409d64c.p3d	11229_maoff_116	Zrušte pátrání a přeskupte se. Konec.
7/4/74103230.p3d	18975_susol_363	Vyklidit oblast!
7/4/7414c7f4.p3d	9278_mar_b_447	Udělej to rychle, chlape. Do toho!
7/4/7422cf35.p3d	17401_bwoff_060	Tohle nezameteme pod koberec.
7/4/742a4933.p3d	15130_p_mtm_022	Volal jsem 911! Ty hajzlové mě nechali čekat!
7/4/74309890.p3d	15893_p_uem_079	Je to tohle? To je ono!
7/4/7431f0b6.p3d	17119_bwtrb_299	Nemoc se šíří.
7/4/7434662a.p3d	19447_bwhqa_116	Stav všech jednotek pod kontrolou.
7/4/74347023.p3d	23995_mar_a_e02m01_001	Do prdele -- on stojí na nohou!
7/4/74379af4.p3d	17838_bwtra_195	Gah. Uh.
7/4/74391efc.p3d	20149_bwbra_scream_b	*výkřik*
7/4/7441eb82.p3d	22970_mar_c_e08m04_047	Zase to jde, vylézá to z ulice. Pozor!
7/4/7443182f.p3d	4362_mar_c_220	Pěknej zásah, střelče! Oorah!
7/4/7447d2d3.p3d	22561_bwtrb_e06m05_062	Co to sakra je?
7/4/744e7dfa.p3d	13678_p_erm_200	Sakra, krvácím!
7/4/7450ca4a.p3d	12133_nypda_204	Poručíku, co budeme dělat!?
7/4/74513e92.p3d	13355_p_ctm_112	Pryč od nich!
7/4/7454b9b9.p3d	21810_alex_e01m02_027	Snadné jako napnout sval.
7/4/74584a32.p3d	8765_mar_a_486	Nestřílejte!
7/4/7459b202.p3d	7750_mabra_190	Vydrž, něco se blíží. Potvrď.
7/4/745d3ba6.p3d	13198_p_ctf_187	Pokračuj!
7/4/746128e7.p3d	20793_p_ham_cough_b	*kašel*
7/4/7464438a.p3d	10681_mamls_228	Palte ze všech zbraní, jdeme na grand slam.
7/4/7469993f.p3d	14759_p_mtf_115	Schovejte se!
7/4/746a6e79.p3d	11817_nydisp_082	Potřebuju 10-1 na tu honičku?
7/4/746ba2fd.p3d	24291_p_haf_049	Počkat!! To je on!
7/4/746e43af.p3d	113_bwbhk_082	Ghost hlásí poškození, přerušte palbu, přerušte palbu, přepínám.
7/4/74738664.p3d	22310_bwhqa_e10m04_085	Zbývá jedna minuta.
7/4/7483c3d7.p3d	18940_susol_328	Zabijte to!
7/4/748412f9.p3d	11919_nypda_004	Jak to jde, šéfe?
7/4/748859b0.p3d	9243_mar_b_412	Nepřítel ovládl obrněný transportér!
7/4/748df87d.p3d	8198_mabhk_277	Vydržte, Red Crowne, útočíme na nepřítele, přepínám.
7/4/7498697a.p3d	4626_mar_c_484	Do trupu! Trefte do trupu!
7/4/749fa4d2.p3d	15540_p_suf_196	Ach bože!
7/4/74a7f55b.p3d	19412_bwhqa_081	Red Crown žádá aktualizaci situace, slyšíte?
7/4/74aa8d25.p3d	11492_maoff_319	Špatný cíl!
7/4/74ab2cb0.p3d	17803_bwtra_160	Pošlete lopatu a pytel.
7/4/74b2b366.p3d	16616_bwabr_156	Likvidace úspěšná.
7/4/74bb5ca5.p3d	9855_maf35_143	Pozor! Pozor! ZEUS je aktivní!
7/4/74c20d16.p3d	13643_p_erm_165	Proč mě zabíjíš?! Já-já-já jsem ti nic neudělal!
7/4/74c4cdae.p3d	13320_p_ctm_077	Přímo před tebou!
7/4/74c50c79.p3d	10032_maf35_300	Red Crown, byl jsem zasažen, myslím, že to udržím ve vzduchu.
7/4/74c63b56.p3d	19977_magsp_245	Negativní, opakuji, negativní.
7/4/74c84e47.p3d	7593_mabra_033	Střílejte dál, musí jít k zemi, přepínám.
7/4/74cbdbee.p3d	8730_mar_a_451	Páni, kámo, PÁNI!
7/4/74d0cd62.p3d	13163_p_ctf_152	Co si sakra myslí, že dělají!?
7/4/74d97220.p3d	583_bwbra_178	Konečně ten hajzl padl. Dobrá práce, týme.
7/4/74dd2870.p3d	14724_p_mtf_080	Tam! Jsem si jistá!
7/4/74e1fdda.p3d	13781_p_fdf_067	Něco jsem viděla!
7/4/74e6bcc5.p3d	17508_bwoff_167	Mám živé cíle v pohybu.
7/4/74ee36c1.p3d	15237_p_mtm_127	Nedívej se na něj. Odejdi.
7/4/74f30c3c.p3d	14294_p_fdm_110	Slyší mě někdo!? Alison!!
7/4/74f34b6d.p3d	24029_bwoff_e01m02_103	Vy tři, zpátky na kontrolní stanoviště a sežeňte přepravu.
7/4/74f6f36a.p3d	9086_mar_b_255	Do prdele. Jdeme do pekla, chlape.
7/4/74f8626a.p3d	20431_maoff_pain_d	*argh*
7/4/74fd06c7.p3d	25205_nypda_087	Dispečinku, tahle čtvrť se hemží hořáky.
7/5/75018a39.p3d	8163_mabhk_242	Mise přerušena. Žádám nový vektor.
7/5/750705bf.p3d	4469_mar_c_327	Do prdele.
7/5/750b1510.p3d	21045_p_uwm_disgust_b	Ach!
7/5/750e412e.p3d	15383_p_suf_041	Sakra! To je on! To je přímo on!
7/5/751d9f54.p3d	7857_mabra_277	Kryjte mě palbou, musím ustoupit.
7/5/752543af.p3d	4170_mar_c_038	Kdo sakra jsou tihle chlapi? Vypadají spíš jako žoldáci než mariňáci.
7/5/752983f5.p3d	19108_p_hlf_032	Co to sakra je!?
7/5/752eee4c.p3d	9820_maf35_108	Je to brutální pohled, Red Crown. Jen sutiny a těla.
7/5/75334bfa.p3d	885_bwgsp_125	Čisto! Čisto! Nepřítel se zapojuje!
7/5/75339260.p3d	20476_mar_b_pain_a	*argh*
7/5/7534d2ee.p3d	7949_mabhk_048	Red Crowne, cíl uniká útoku.
7/5/7537c0c6.p3d	11074_mahqa_102	Vysazovací body jsou zajištěné, přepínám.
7/5/7539cd50.p3d	19942_magsp_230	Neidentifikovaný zdroj na senzorech. Prověřuji.
7/5/753a7871.p3d	8573_mar_a_314	Ó bože, ne.
7/5/753bd1c9.p3d	18124_bwtra_481	Zapojeni. Hluboce zapojeni.
7/5/7549b47b.p3d	20180_bwmls_dying_a	*chroptění*
7/5/75551b41.p3d	14497_p_ham_083	Jo -- ne, ne, ne, ne! Sakra nestřílej!
7/5/7561c5f2.p3d	15202_p_mtm_092	Vidíš to? V-viděls TO?
7/5/756817f0.p3d	15965_p_uem_150	Tohle vozidlo, co to kurva je!?
7/5/756a8526.p3d	9051_mar_b_220	Nejsem žádnej nepřítel! Rozmyslete si to!
7/5/756baaa3.p3d	25048_nypda_130	Až dostanu dalšího, vypadni odsud!
7/5/7579f5d1.p3d	19519_bwhqb_017	Pronásledování ze všech bodů, jděte na to.
7/5/757a94f0.p3d	4434_mar_c_292	Nahlas to rádiem. Potřebujeme to ověřit.
7/5/757bc807.p3d	24990_nypda_346	Mám ho! Pomozte mi ho dostat na zem!
7/5/758336fd.p3d	1971_bwmls_109	Řekl jsem odpálit tu salvu, ztráty nablízko jsou nevyhnutelné, prostě zmáčkněte spoušť.
7/5/7588470c.p3d	12205_nypda_277	Dispečinku, nemám ponětí, co to je -- ale hlásím to.
7/5/758861e5.p3d	22877_mar_b_e02m02_007	Tam smějí jen papaláši. Vsadím se, že uvnitř je to samá dobrota a kundičky.
7/5/7588bb53.p3d	13427_p_ctm_184	Rychleji! Rychleji!
7/5/758e0a46.p3d	21029_p_uwm_cheer_b	Jůůů-hůůů-ůůů!
7/5/75913110.p3d	7822_mabra_242	Otočíme tuhle dvacetitunovou vanu a jedeme.
7/5/759bc2eb.p3d	10753_mamls_300	Raketový systém poškozen!
7/5/759c1f68.p3d	22891_mar_b_e02m05_021	Sakra -- ta zasraná základna hoří!
7/5/759dcddb.p3d	8837_mar_b_026	Nepotřebujeme jejich pomoc...
7/5/75a322be.p3d	24363_p_haf_154	Utíkej, zmiz odsud! Utíkej, utíkej!
7/5/75a5eb7c.p3d	13888_p_fdf_171	Utíkej!
7/5/75a6db2b.p3d	850_bwgsp_090	Zahajujeme pátrací průlet, oči otevřené, naplno, přepínám.
7/5/75a864aa.p3d	7914_mabhk_013	V dosahu, Red Crowne, čekáme na rozkazy.
7/5/75a8670a.p3d	19785_magsp_073	Chalk Tři, kontakt ztracen. Kam to zmizelo?
7/5/75b0cb4e.p3d	4860_maabr_188	Palte!
7/5/75b3991b.p3d	15049_p_uwm_172	Zpátky!
7/5/75b4d65f.p3d	17190_bwtrb_370	Dostal někoho!
7/5/75bfd671.p3d	9315_mar_b_484	Pohyb! Pohyb!
7/5/75c3ae20.p3d	14991_p_uwm_114	Nenech je přiblížit se!
7/5/75c8ace8.p3d	14462_p_ham_048	Nepleťte se mu do cesty!
7/5/75dba998.p3d	15930_p_uem_116	Vypadni odsud!
7/5/75df38e5.p3d	25013_nypda_024	Mám tu špatný pocit, dispečinku -- jdu to prověřit.
7/5/75e81ed6.p3d	16976_bwtrb_156	Zmiz odsud, mohl by ses zranit.
7/5/75f6e34c.p3d	12048_nypda_115	Four Hotel Nineteen -- žádám pomoc. Záchranku.
7/5/75ffcd93.p3d	7665_mabra_105	Sakra, druhou šanci nedostaneme. Sakra!
7/6/76027cf6.p3d	92_bwbhk_061	Red Crown, Ghost nemá žádný kontakt na cíli, přepínám.
7/6/76035b3a.p3d	8802_mar_a_523	Ne, ne, ne, néé!
7/6/7606f5c5.p3d	11990_nypda_056	Jsem přidělený k tomuhle sektoru. Nechte mě pomoct.
7/6/76084cae.p3d	13235_p_ctf_224	To bolí! *vzlykání*
7/6/760a5ce3.p3d	10596_mamls_163	RC, potvrďte prosím, že nemáte lepší jednotku na frontě?
7/6/7610f181.p3d	655_bwbra_250	Je to hotové, vezměte nás dovnitř, Red Crown.
7/6/76197d23.p3d	13853_p_fdf_136	Je tu zbraň! Utíkej a schovej se!
7/6/761bf8b1.p3d	19750_magsp_038	Red Crown, tady Tornado Papa. Máme zaměřeno. Jeden pro kanón, přepínám.
7/6/761ca3e6.p3d	8381_mar_a_121	Najděte si kryt!
7/6/762504d3.p3d	21763_speci_e04m04_065	Je na zemi. Dočistíme to, přejít do pohotovosti.
7/6/7625b380.p3d	15309_p_mtm_197	Argh. Necítím nohy!
7/6/76272ac2.p3d	15014_p_uwm_137	Zavolejte policii!
7/6/7629dcf2.p3d	18855_susol_243	Pořád v boji.
7/6/762a88fd.p3d	14366_p_fdm_182	Jdem! Jdem!
7/6/762e72b6.p3d	9158_mar_b_327	Je to sakra ozbrojený!
7/6/762ef91d.p3d	1072_bwgsp_310	Ztrácíme to, ztrácíme to!
7/6/76332c68.p3d	22623_maabr_e06m04_018	Bum, zlato.
7/6/76390985.p3d	8235_mabhk_314	Tvrdě dosedneme!
7/6/763b8de8.p3d	21749_speci_e04m04_051	Hlavy!
7/6/7645c078.p3d	15455_p_suf_111	Mají ten virus!
7/6/76479e3e.p3d	21685_karen_e03m01_002	Tohle je adresa, kam musíme jít.
7/6/764e112a.p3d	19327_bwhqa_016	Všem jednotkám nařízeno vytvořit pátrací a krycí síť.
7/6/765145b6.p3d	17718_bwtra_075	Přestřelme to, jen pro jistotu. Volám Úderný úkol, Golf India Devět Victor Osm.
7/6/765bb092.p3d	16941_bwtrb_121	Tady se to utišilo.
7/6/765cc311.p3d	4242_mar_c_111	Red Crown. Máme oko na nepřátelských kůžích, přepínám.
7/6/76652c6c.p3d	24569_alex_e06m01_572	Velitelství Red Crown volá Midtown Control. ZEUS byl spatřen v boji s nakaženými silami na základně Beta-Charlie-Jedna-Jedna. Protokol nasazení Alfa. Konec.
7/6/76682631.p3d	13558_p_erm_080	To musí být on, přímo tam!
7/6/766a727d.p3d	12013_nypda_080	Dispečinku, momentálně to tu nevypadá moc dobře.
7/6/7671f532.p3d	8645_mar_a_386	Ježíši, je to únos!
7/6/76735cc4.p3d	7630_mabra_070	Čekejte, přesouváme se do dostřelu, přepínám!
7/6/7674b8b5.p3d	4967_maabr_275	Dostaňte nás pryč. Jedeme. Hned.
7/6/7676e669.p3d	13078_p_ctf_068	Tohle už je moc! Moc!
7/6/7678c3ef.p3d	17297_bwtrb_477	Vypusťte to!
7/6/767bdbca.p3d	13200_p_ctf_189	Rychle!
7/6/767dee8a.p3d	10561_mamls_128	ZEUS potvrzen, posíláme obraz.
7/6/767f8b3b.p3d	498_bwbra_093	To je ale zasraná ztráta.
7/6/76841d38.p3d	11805_nydisp_080	Čekejte.
7/6/768558ff.p3d	24171_p_haf_226	Aach!
7/6/768c9a8d.p3d	14569_p_ham_155	Uhni z cesty tanku!
7/6/7693a1db.p3d	22717_mahqa_e04m03_017	Evil Eyes mají potvrzený kontakt se Zeusem. Jarní úklid -- teď.
7/6/769876ac.p3d	18698_susol_086	Jeden zdroj kontaktu. Perimetr identifikován, označen a nahrán.
7/6/7698cf1c.p3d	23900_alex_028	Á, jejich velitel.
7/6/769d6e99.p3d	18820_susol_208	Zabijme je radši všechny, ať to máme jistý!
7/6/769e1aa4.p3d	14331_p_fdm_147	Proč to střílí po každém!?
7/6/76a201e7.p3d	9123_mar_b_292	Vidělas to?
7/6/76a7a37d.p3d	8078_mabhk_177	Zaměřeno, připraven pálit.
7/6/76ac98a1.p3d	8200_mabhk_279	Opakujte, opakujte. Ztratili jsme vaši poslední zprávu.
7/6/76b2143c.p3d	4506_mar_c_364	Stůj! Nebo budu střílet!
7/6/76b26860.p3d	7540_mabcm_194	Tohle zařízení je na poslední kapku. Sakra.
7/6/76b27f7c.p3d	21829_alex_e02m01_046	Domov. Můj domov.
7/6/76b516e8.p3d	291_bwbhk_260	Všichni hořáci sundáni. Dobrá práce, lidi. Balíme to.
7/6/76b94f94.p3d	15420_p_suf_076	Tam! To je ten chlap!
7/6/76bbbe58.p3d	20274_maabr_choke_c	*dušení*
7/6/76c43843.p3d	11372_maoff_228	Ne, ne -- to je omyl!
7/6/76d50767.p3d	9735_maf35_023	Tah snížen o 30 %, něco tu nesedí. Voodoo, konec.
7/6/76d54a5e.p3d	8909_mar_b_078	Vidí to někdo? Vidí to sakra někdo?
7/6/76d82dd2.p3d	20645_p_ctm_gasp_b	*lapání po dechu*
7/6/76d9da3d.p3d	20019_magsp_287	Musím hlásit, že nám cíl unikl. Mířím domů.
7/6/76d9eb48.p3d	21058_p_uwm_pain_c	*argh*
7/6/76dbb7d8.p3d	13523_p_erm_045	Sakra! To je on!
7/6/76de5a77.p3d	922_bwgsp_162	Potvrzené spatření hořáků v rudé zóně, zahřívám třicítku.
7/6/76dfe656.p3d	19857_magsp_145	Chalk Tři, kryjte se.
7/6/76e09177.p3d	8488_mar_a_229	K zemi, sakra!
7/6/76e1eacf.p3d	18039_bwtra_396	Můžeš se schovat, ale nikam nedojedeš.
7/6/76e2cf2e.p3d	11111_mahqa_139	Všem jednotkám, bojový prostor je teď čistý. Slyšíte?
7/6/76e586ee.p3d	8610_mar_a_351	Co za věc dělá tohle svinstvo?
7/6/76e659d3.p3d	22530_bwtrb_e04m04_030	Zapojuji se!
7/6/76e84a71.p3d	4932_maabr_240	Jsme v tom až po krk, RC, držte linii.
7/6/76ea7826.p3d	13043_p_ctf_034	Nechte mě na pokoji.
7/6/76ec55ab.p3d	17262_bwtrb_442	I když mě zabiješ, budeme dál přicházet.
7/6/76f1ffd4.p3d	17981_bwtra_338	To je všechno, co máš?
7/6/76f31ce2.p3d	463_bwbra_058	Vedlejší cíl eliminován, přepínám.
7/6/76f98661.p3d	16794_bwabr_314	Ahhhhhh!
7/6/76fac8bf.p3d	20867_p_mtf_cheer_d	Jó! *smích* Jupí!
7/6/76fcd8bb.p3d	19590_bwhqb_078	Ne od velitelství.
7/7/77002c49.p3d	14534_p_ham_120	Do prdele. Schovej se! Schovej se!
7/7/771b3539.p3d	8043_mabhk_142	Tady Thunder, udělejte odstup.
7/7/7720b080.p3d	4349_mar_c_206	Pozor na odražené střely! Přestat palbu!
7/7/772104dd.p3d	7383_mabcm_051	Nemohu teď žádost potvrdit, ehm, opakujte.
7/7/77287ff9.p3d	11909_nydisp_174	Záchranka na cestě. Postarejte se o raněné, jak to jde.
7/7/77295018.p3d	1886_bwmls_024	ZEUS prolomil zaměření, přepínám.
7/7/772dc9ed.p3d	22479_bwtra_e06m05_072	Mám sotva kapku munice, mizím odsud.
7/7/7731eef0.p3d	20587_p_ctf_cheer_d	*vzlykání* Ano...!
7/7/77374a54.p3d	7737_mabra_177	Ok, jde velkej klučina, přepínám.
7/7/7741dbf1.p3d	10668_mamls_215	Uh, to je rozkaz k ústupu, jsme v defenzivě a stahujeme se.
7/7/77445682.p3d	11738_nydisp_023	10-80, honička. Konec.
7/7/7745656e.p3d	22581_bwtrb_e07m01_082	Jdou ze všech stran! Udržte linii!
7/7/774870ae.p3d	727_bwbra_312	Jsme napadeni!
7/7/77493f82.p3d	24278_p_haf_166	Nemůžu tu umřít. Ne! Ne, ne takhle. Ne jako zasranej pes.
7/7/7750fc6f.p3d	13925_p_fdf_208	Pozor!
7/7/77530819.p3d	22245_bwhqa_e08m02_020	Žádost potvrzena. Zahajujeme ničivou palbu, okamžitě hlaste odchylku.
7/7/77537812.p3d	19822_magsp_110	Chalk Tři -- Tornado Charlie. Slyšíte? Slyšíte? Přepínám.
7/7/7753f10a.p3d	20268_bwtrb_scream_a	*výkřik*
7/7/775420a7.p3d	8453_mar_a_193	Kapitáne!
7/7/77557c8b.p3d	18004_bwtra_361	Zmiz, blbče. Měl jsem tě už dávno zastřelit.
7/7/7756e6f4.p3d	4775_maabr_103	Žádost úderného týmu. Prioritní kód Nula Dva Pět. Pošlete nám sem podporu, přepínám.
7/7/775d629d.p3d	22064_alex_e07m01_280	Potvrzeno, konec.
7/7/77615c3e.p3d	18927_susol_315	Vystopujte ho!
7/7/77705715.p3d	19286_p_hlf_206	Utíkej!
7/7/777d3d39.p3d	15527_p_suf_183	Jak nejrychleji můžeš!
7/7/7781c2b5.p3d	15845_p_uem_033	Ustup, sakra!
7/7/7788258c.p3d	11479_maoff_306	Začíná se hroutit!
7/7/77943fb1.p3d	4314_mar_c_171	Vizuální kontakt! Vidím ZEUSE! Palte na můj cíl!
7/7/77a26616.p3d	13307_p_ctm_065	Kam zmizel!?
7/7/77a2a240.p3d	10019_maf35_287	Dejte mu místo u kulatýho stolu, přepínám.
7/7/77a663d4.p3d	11180_maoff_042	Pohybuje se rychle, zkusíme ho udržet na očích, přepínám.
7/7/77a97440.p3d	8717_mar_a_438	Tady jsme hotovi, Red Crown. Zbývá už jenom to pití.
7/7/77aadc10.p3d	7702_mabra_142	Rozhlížím se, dáme mu trochu do těla, přepínám.
7/7/77bccd81.p3d	24243_p_haf_035	Rozbiju ti tu tvoji zasranou hubu!
7/7/77bdc763.p3d	20455_mar_a_pain_d	*argh*
7/7/77bf9642.p3d	13768_p_fdf_055	Zastavte ho! Někdo ho zastavte!
7/7/77c2bceb.p3d	8296_mar_a_035	Palte!
7/7/77ca7610.p3d	4740_maabr_068	V hledáčku nic není, otevři poklop -- mrknu se okem.
7/7/77ce8121.p3d	17070_bwtrb_250	Asi to nebyl on.
7/7/77cf1a45.p3d	12383_nypda_455	Slož ho, pěkně v klidu.
7/7/77d599f0.p3d	14403_p_fdm_219	Co jsem udělal?
7/7/77e3e646.p3d	19251_p_hlf_171	Utíkej!
7/7/77ec9634.p3d	363_bwbhk_332	Vidíte to taky? Mám na naší ptáku neidentifikovaný cíl, přepínám.
7/7/77fbb4dd.p3d	11444_maoff_282	No tak!
7/8/7801c9d6.p3d	16856_bwtrb_056	Máme tady vážnou destrukci.
7/8/7802dc16.p3d	4157_mar_c_025	Veliteli.
7/8/780c8428.p3d	9807_maf35_095	Tady Voodoo Sedm, seřaďte se za mnou, přepínám.
7/8/780fbb74.p3d	17494_bwoff_153	Tamhle je ten pravý.
7/8/781765a2.p3d	19929_magsp_217	Tornado Jedna, jsme v pořádku.
7/8/781e4ce5.p3d	24040_bwoff_events_001	Zeus spatřen -- lidi, dejte do toho všechno.
7/8/781fbdc3.p3d	10284_mahqb_041	Předáme to nahoru veliteli.
7/8/7821f770.p3d	13115_p_ctf_104	Máme tu zraněné! Zavolejte záchranku! ZAVOLEJTE ZÁCHRANKU!
7/8/782407a5.p3d	10476_mamls_043	Jdeme dovnitř, vyberte si cíle.
7/8/78260cfd.p3d	25191_nypda_278	Dispečinku, mám zasaženou budovu.
7/8/782a9c43.p3d	535_bwbra_130	Razor. Ukončuji to, tohle pátrání je hotové, přepínám.
7/8/782d86ed.p3d	2172_bwmls_310	Úhybné manévry!
7/8/782db291.p3d	23947_alex_075	Sráč jeden.
7/8/783327fe.p3d	13733_p_fdf_020	Tohle je ve všech zprávách.
7/8/783457fd.p3d	19662_bwhqb_140	Kontakt je čistý, všechny jednotky se soustřeďte.
7/8/7837a90a.p3d	14606_p_ham_192	Do prdele! Krvácím!
7/8/784387b4.p3d	18735_susol_123	To je šest a přibývá!
7/8/784433bf.p3d	14246_p_fdm_062	Ježíši Kriste!
7/8/78481d78.p3d	9038_mar_b_207	Cíl na dohled!
7/8/7852828f.p3d	19094_p_hlf_018	Další? *vydechne*
7/8/7852b466.p3d	8115_mabhk_204	Rozumím.
7/8/78582ff2.p3d	8980_mar_b_149	Moje zasraný nohy! Ježíši, nemůžu hejbat nohama!
7/8/78588429.p3d	7455_mabcm_123	Více hlášení z terénu. Myslím, že jsme ho dostali, přepínám.
7/8/78595c4f.p3d	24977_nypda_202	Ále, na to seru.
7/8/7860ccd9.p3d	1958_bwmls_096	Máme tu ještě něco, mrkněte se na to.
7/8/786a55b7.p3d	11287_maoff_290	Dostaňte tam Armstronga! Zbraně nahoru!
7/8/786ec962.p3d	7809_mabra_229	Nikam nejedeme, nemůžu s tím otočit.
7/8/787429d9.p3d	21586_magsp_058	Cíl se pořád hýbe. Tohle jsme ještě neviděli...
7/8/78755b92.p3d	16821_bwtrb_021	Oblast nejistá. Rozptylte se, najděte to.
7/8/787b8387.p3d	20704_p_fdf_cheer_a	Ó, ano! Óó, *smích* sakra jo!
7/8/7884737d.p3d	837_bwgsp_077	Potvrzeno, ZEUS v zóně, žádám úderový balíček.
7/8/7888e868.p3d	11026_mahqa_064	Velmi dobře, pokračujte.
7/8/788b9ff4.p3d	8525_mar_a_266	Tamhle! Tamhle! Zastřelte toho hajzla!
7/8/788e63b5.p3d	4847_maabr_175	Nepolevujte -- máme to!
7/8/78926eb1.p3d	17177_bwtrb_357	Pusť mě!
7/8/7897994c.p3d	10441_mamls_008	Žádám potvrzení cíle přes GPS.
7/8/789818ef.p3d	17896_bwtra_253	Vítej v centru požárů.
7/8/789e2b5f.p3d	500_bwbra_095	Prach nám ruší senzory, Red Crown.
7/8/78a14687.p3d	14978_p_uwm_101	Zakryjte si pusu! Nedýchejte ten prach.
7/8/78a6454f.p3d	14449_p_ham_035	Chceš si zkusit?
7/8/78b03b03.p3d	22897_mar_b_e03m01_027	Myslíš, že ten blbec Mercer to svinstvo pustil na svobodu?
7/8/78b145bb.p3d	12191_nypda_263	Místo činu na tuhle pozici.
7/8/78b30519.p3d	25365_alex_e01m02_707	Neuvěřitelné.
7/8/78b716d0.p3d	18700_susol_088	Struktura označena a nahrána. Hardtack Jedna, povolení.
7/8/78b7c567.p3d	14211_p_fdm_028	Tohle je neskutečné!
7/8/78b941ff.p3d	15917_p_uem_103	Potřebuje někdo pomoc!?!
7/8/78bbaca9.p3d	9003_mar_b_172	Mám to, mám to tady!
7/8/78c702b4.p3d	20806_p_ham_gasp_c	*lapání po dechu*
7/8/78cc1345.p3d	7420_mabcm_088	Poplach, máme boj v Modré zóně. Nasazujeme další síly na Hotel Foxtrot Delta, konec.
7/8/78ccef2b.p3d	24942_nypda_266	Dispečinku, tohle místo už máte označené pro forenzní tým?
7/8/78cec1aa.p3d	171_bwbhk_140	Ghost pozemním jednotkám, ukončujeme průzkumné prohledávání, přepínám.
7/8/78d45e95.p3d	1923_bwmls_061	Bravo šest devět, máme nový cíl pro Strike Bosse. Nasaďte na tyto souřadnice, přepínám.
7/8/78dde059.p3d	11252_maoff_096	Hledejte přeživší!
7/8/78e01548.p3d	79_bwbhk_048	Máte poblíž něco těžšího, kontrolo?
7/8/78e48e2b.p3d	11977_nypda_042	Tady Charlie Nineteen. To je negativní.
7/8/78e9fa65.p3d	25298_nypda_366	Zatkněte toho idiota!
7/8/78ecea6e.p3d	10705_mamls_252	Nekrytý cíl pod přímou palbou, musíme se přesunout.
7/8/78f44d2c.p3d	24315_p_haf_139	Zdrhejte, hajzlové.
7/8/78f80539.p3d	802_bwgsp_042	Mám ZEUSe na mušce, povolení k zapojení, přepínám.
7/8/78f99118.p3d	19737_magsp_025	Ustupuji, moc horké!
7/8/78fa3c38.p3d	8368_mar_a_108	Tady Echo One Alpha. Nic nemám.
7/9/7901f571.p3d	4812_maabr_140	Přejít na stav Bílá. Nepřítel zlikvidován, přepínám.
7/9/7906006d.p3d	17142_bwtrb_322	Palba na svý, ty pitomče.
7/9/79069991.p3d	12455_nypda_527	Aaaaaaaaarrrrgh!
7/9/79087341.p3d	19470_bwhqa_139	Velitelství ruší rozkazy, přejděte zpět do tichého režimu, jsme čistí, přepínám.
7/9/790baa96.p3d	17861_bwtra_218	Zasraní idioti.
7/9/790c8ee5.p3d	1059_bwgsp_298	Tornado Five, potvrzený zásah v červené zóně, přepínám.
7/9/790d88a1.p3d	22700_mahqa_e02m01_028	Alpha Charlie - Nighthawk míří k evakuačnímu bodu. Sraz na hlavním evakuačním místě, severní okraj parku. Red Crown, konec.
7/9/791046b9.p3d	22411_bwtra_e01m02_003	Mám tu všechny posily, co potřebuju.
7/9/7914d5a3.p3d	14943_p_uwm_066	Byl to on?
7/9/793a58d8.p3d	4229_mar_c_098	Tenhle je mrtvej, to je jistý.
7/9/793b8804.p3d	24785_nypda_031	10-4.
7/9/793da654.p3d	14782_p_mtf_136	Bouchačka! Utíkejte! Schovejte se!
7/9/79473abb.p3d	17566_bwoff_220	Slyšíte můj negativ?
7/9/7947be74.p3d	19021_susol_409	Naser si!
7/9/794eb22f.p3d	15295_p_mtm_183	Slyšel to ještě někdo?
7/9/794fa537.p3d	22325_bwhqa_507	Unikající letoune, otočte svůj stroj a okamžitě přistaňte, nesete potenciální kontaminaci a nemůžeme vám dovolit pokračovat v letu.
7/9/7950f516.p3d	7617_mabra_057	Nebuď nedbalej. Ještě není konec.
7/9/7953a704.p3d	44_bwbhk_013	Vyzbrojte se, je to tam dole pěkná bouře sraček, Red Crown.
7/9/79573a46.p3d	10356_mahqb_093	Shrnutí situace?
7/9/79582010.p3d	11942_nypda_027	Tady Charlie Nineteen -- mám pohyb na svý pozici. Čekejte na aktualizaci.
7/9/795b86f1.p3d	10548_mamls_115	Cíl v zóně, ustupte, ustupte!
7/9/795d907c.p3d	25263_nypda_480	Co to sakra je, chlape?
7/9/795e0522.p3d	11726_nydisp_011	Podezřelý je na útěku, potvrďte prosím
7/9/796031a0.p3d	22401_bwoff_e09m01_044	Je tady! Dostaňte křídla do vzduchu! Všichni piloti, nastartovat a vzlétnout.
7/9/79621b8f.p3d	607_bwbra_202	Senzory ukazují... něco, potvrdíme to.
7/9/7962ee9d.p3d	24158_p_haf_193	Myslím, že je to zlomený. Bože....
7/9/796aa4bd.p3d	13805_p_fdf_090	Počkejte, počkejte! Prosím!
7/9/796dcb69.p3d	8333_mar_a_073	Ať se někdo hlásí do sítě, potřebujeme tu evakuaci raněných hned.
7/9/79753360.p3d	12298_nypda_370	Buď to udrž pod zámkem, nebo o to přijdeš, hošánku!
7/9/7976c661.p3d	24393_maoff_events_021	Využijme těch extra jednotek.
7/9/797a28c2.p3d	12420_nypda_492	Hej -- svoji! Zasraný svoji!
7/9/797b0475.p3d	18807_susol_195	Počkat! Jsem z BLACKWATCH -- Tři Tři Nula Šest Dva Tři Čtyři!
7/9/797bb30b.p3d	14318_p_fdm_134	Nestřílej!
7/9/798020a1.p3d	1024_bwgsp_263	Dostáváme se do bezpečné vzdálenosti, přepínám.
7/9/7989ff4e.p3d	19166_p_hlf_088	Počkejte chvíli! Já nekladu odpor! Prosím!
7/9/798d4f61.p3d	24379_maoff_events_007	Cíl spatřen mezi červenými.
7/9/799000c7.p3d	7527_mabcm_181	Kontakt na povrchu, sdělte jakékoli informace, přepínám.
7/9/7992af3a.p3d	278_bwbhk_247	Držte linii, Red Crowne, přepínám.
7/9/79948e56.p3d	21910_alex_e04m01_126	*otrávené zabručení*
7/9/7996e7fc.p3d	15407_p_suf_064	Co. To. Bylo!?
7/9/7999a7ea.p3d	21007_p_uem_disgust_d	To je hnusný...
7/9/79a1d0aa.p3d	11359_maoff_215	Sundejte ho! Udělejte to!
7/9/79bbf2c9.p3d	909_bwgsp_149	Grand slam! Nepřítel dole. Je to v suchu, přepínám.
7/9/79c243d6.p3d	15260_p_mtm_148	Sakra, sakra, sakra, sakra, sakra!
7/9/79c9edfd.p3d	17249_bwtrb_429	Máš ho? Já ho sakra mám.
7/9/79cacc0c.p3d	10321_mahqb_068	Rozumím, potvrzuji.
7/9/79cf1622.p3d	10513_mamls_080	Hledej a znič, cíl je na naší pozici, slyšíte?
7/9/79cf983b.p3d	17968_bwtra_325	Máme ho přišpendleného.
7/9/79d3a012.p3d	2087_bwmls_235	Dostaňte mě zpátky na MOJI střelnici!
7/9/79d67cf8.p3d	24123_p_haf_091	Co to sakra je!?
7/9/79da7122.p3d	19577_bwhqb_065	Povolení uděleno!
7/9/79db12eb.p3d	4492_mar_c_350	Odsud by netrefil ani vrata od stodoly.
7/9/79e8c507.p3d	12263_nypda_335	Na koho mám střílet?
7/9/79f1af0b.p3d	7880_mabra_300	Vydrž, jen vydrž!
7/9/79f55cd7.p3d	16482_bwabr_022	Mějte to na mušce!
7/9/79f6fb9c.p3d	24735_alex_e01m01_802	Oni za to můžou.
7/9/79fd910c.p3d	19131_p_hlf_055	Kámo, myslím, že má tu nemoc!
7/a/7a063540.p3d	22608_maabr_e03m03_004	Ty zatracený věci jsou všude!
7/a/7a0640f6.p3d	243_bwbhk_212	Ghost Čtyři Pět, vidíme aktivitu, přepínám.
7/a/7a08e01a.p3d	7972_mabhk_071	Red Crowne, znovu jsme zaměřili cíl.
7/a/7a0a0925.p3d	20934_p_mtm_pain_c	*argh*
7/a/7a0d13da.p3d	21889_alex_e03m02_105	Doufám, že ten vzorek stál za tu námahu. Musím ho odnést k Parkerové.
7/a/7a155fdb.p3d	11324_maoff_180	Co to kurva bylo. Buďte ve střehu!
7/a/7a296636.p3d	17374_bwoff_033	Připraveni pátrat, ne nervózní.
7/a/7a2c128d.p3d	16046_p_uem_231	Ááách!
7/a/7a30024f.p3d	22283_bwhqa_e10m04_058	Stav Nightlight čistý, pozemní síly, kryjte se a uvolněte cestu, blíží se žár.
7/a/7a310dd9.p3d	19809_magsp_097	Přeskupte se kolem mě. V kroužení.
7/a/7a3d7d2e.p3d	17214_bwtrb_394	Šetři municí. Potřebujeme víc.
7/a/7a3fb437.p3d	25071_nypda_073	Všechny jednotky, ztratil jsem kontakt s podezřelým.
7/a/7a43276c.p3d	17933_bwtra_290	Ty vado. Ten hajzl je VELKÝ.
7/a/7a472f24.p3d	2052_bwmls_190	Sektor Mike prohledán a udržen.
7/a/7a481844.p3d	24581_alex_e06m02_584	Musím znovu upoutat jeho pozornost
7/a/7a4aade4.p3d	16746_bwabr_266	Krytý ústup na povel, přepínám.
7/a/7a4e02fd.p3d	19542_bwhqb_040	Stáhněte se. Všechny jednotky.
7/a/7a535723.p3d	9985_maf35_253	Mise splněna, balík doručen. Zpráva přijata, přepínám.
7/a/7a5ccaf5.p3d	13450_p_ctm_207	Pozor!
7/a/7a5d32d3.p3d	18615_susol_033	Ztratili jsme ho, přepínám.
7/a/7a71daf2.p3d	8860_mar_b_049	Velitelství, máme tu horkej cíl. Chtěli jste prioritní spojení, přepínám.
7/a/7a722eeb.p3d	7335_mabcm_003	Rota Dog hlásí, máme zpevněné stanoviště v provozu.
7/a/7a730f30.p3d	24857_nypda_334	Tohle nemůže bejt skutečný.
7/a/7a7525a0.p3d	14854_p_mtf_208	Pozor!
7/a/7a7964a6.p3d	22182_bwabr_e08m02_22	Vystřel s tou zatracenou zbraní!
7/a/7a83fc25.p3d	11167_maoff_028	Máme to. Potvrzené spatření.
7/a/7a87a632.p3d	15072_p_uwm_195	Nenech mě tu umřít!
7/a/7a8eb992.p3d	10428_mahqb_165	Máte povoleno.
7/a/7a956b53.p3d	21841_alex_e02m02_057	Greeneová musí něco vědět o tom, co se stalo. Musím se dostat dovnitř.
7/a/7a9f007b.p3d	4599_mar_c_457	V boji! V boji!
7/a/7a9fa1a9.p3d	16011_p_uem_196	Ach bože!
7/a/7aa54ab5.p3d	8405_mar_a_145	Vypadni z dosahu blízkého boje!
7/a/7aa80e77.p3d	4727_maabr_055	Nepřítel dole. Pěkná práce, posádko.
7/a/7aac1973.p3d	17057_bwtrb_237	Sejmul jsem ZEUSE.
7/a/7aae8c7b.p3d	19385_bwhqa_064	Rozumím.
7/a/7ab1c3b1.p3d	17776_bwtra_133	Ach, já ho sakra najdu.
7/a/7ab81d96.p3d	24511_alex_e02m01_515	Ale do prdele! Jede kavalerie!
7/a/7ab94a67.p3d	16589_bwabr_129	Obejděte ho! Hned!
7/a/7abe3fa0.p3d	16711_bwabr_231	Red Crown, stopa vychladla, nové souřadnice? Přepínám.
7/a/7ac17e98.p3d	19238_p_hlf_158	Nezabíjej mě. Prosím.
7/a/7acaf063.p3d	12071_nypda_138	Dispečinku, Charlie Nineteen je 10-84. Jen mi dejte pokyn.
7/a/7acb64c6.p3d	13293_p_ctm_052	Viděl to ještě někdo?
7/a/7ae3bf71.p3d	14697_p_mtf_053	Je zpátky!
7/a/7ae6a4b6.p3d	24822_nypda_408	Palte!
7/a/7ae99b33.p3d	21722_speci_e04m04_024	Podívej se na to.
7/a/7af2491e.p3d	17603_bwoff_252	Zpátky, k zemi!
7/a/7af9c337.p3d	15332_p_mtm_220	Nemůžu...dýchat.
7/b/7b002448.p3d	21708_speci_e04m04_010	Oddíle, ke mně!
7/b/7b027fe2.p3d	9181_mar_b_350	Blíží se velkej!
7/b/7b03a8a9.p3d	25178_nypda_325	Do prdele!
7/b/7b057c9b.p3d	20302_mabhk_dying_c	*chroptění*
7/b/7b089ea7.p3d	25300_nypda_498	Díky, Ježíši.
7/b/7b0b1cb4.p3d	2159_bwmls_297	Jednotka prolomena! Dostaňte nás odsud!
7/b/7b11f04f.p3d	19649_bwhqb_127	Stav Červené světlo byl snížen.
7/b/7b129237.p3d	4564_mar_c_422	Zkuste zjistit, kdo tenhle dav podněcuje!
7/b/7b1fab2f.p3d	17022_bwtrb_202	Mám tě, ty hajzle!
7/b/7b204453.p3d	12335_nypda_407	Ochutnej tohle!
7/b/7b221e41.p3d	19350_bwhqa_039	Stáhněte se na pátrací vzorec Golf. Velitelství říká to prozatím uzavřít.
7/b/7b2552cd.p3d	17741_bwtra_098	Kde je kontakt?
7/b/7b2cd998.p3d	16554_bwabr_094	Granát vypálen, připravit další.
7/b/7b351056.p3d	19203_p_hlf_125	Zabije je!
7/b/7b3582d7.p3d	9793_maf35_081	Red Crown, mám ho. Cíl je zpátky na obrazovce.
7/b/7b35c859.p3d	8967_mar_b_136	Zabil jsem ho. *smích* Sakra, fakt jsem ho zabil.
7/b/7b3c35d3.p3d	13581_p_erm_103	Potřebuje někdo pomoc!?!
7/b/7b3dbdb7.p3d	315_bwbhk_284	Tady Ghost Hog Jedna Sedm, nasazujeme síly na zemi, přepínám.
7/b/7b3ed872.p3d	980_bwgsp_220	Hrozba neutralizována, stav mise uzavřen.
7/b/7b4268ca.p3d	18097_bwtra_454	Kámo, ne. No tak, ne. Prosím.
7/b/7b47538c.p3d	25480_alex_e09m03_707	Taggarte, ty sebevražedný idiote!
7/b/7b48c5cc.p3d	4990_maabr_298	Dostáváme tu na frak, RC. Pokračujeme v boji? Přepínám.
7/b/7b4a4290.p3d	22018_alex_e06m01_234	Vzali jste mi sestru! Skoncuju s vámi!
7/b/7b4ed870.p3d	24564_alex_e05m03_567	Páni, doufám, že tohle bude fungovat...
7/b/7b575118.p3d	14662_p_mtf_018	Co to bylo? Co tohle udělalo?
7/b/7b60a7a4.p3d	14592_p_ham_178	Vypadni!
7/b/7b60e582.p3d	17446_bwoff_105	Aspoň máme spoustu obětovatelných, co.
7/b/7b685cf4.p3d	15175_p_mtm_066	Ty jsi teda co?
7/b/7b7695f3.p3d	10955_mahqa_003	Tři sektory bez vizuálního kontaktu.
7/b/7b773003.p3d	25143_nypda_068	Pfft. BLACKWATCH. Mělo by to být Růžová hlídka. Bando děvek.
7/b/7b7eae8f.p3d	2124_bwmls_272	Nepřítel odstraněn, přepínám.
7/b/7b857f80.p3d	19614_bwhqb_092	Tady váš velitel. Podejte mi aktualizaci.
7/b/7b8e1414.p3d	21824_alex_e01m02_041	Musím vypadat jako jeden z nich....
7/b/7b8ede22.p3d	12178_nypda_250	Lidi, uklidněte se! Potřebujeme trochu pořádku, než budeme moct pomoct!
7/b/7b93d384.p3d	12300_nypda_372	Jsi ZATČEN!
7/b/7b97ed88.p3d	22359_bwoff_e01m01_002	Tomuhle nerozumím -- právě jsme mu prostřelili deset děr do hrudi a dvě do hlavy.
7/b/7ba95a15.p3d	8932_mar_b_101	Zvládli jsme to, velitelství. Oblast je zajištěná.
7/b/7ba9abac.p3d	7407_mabcm_075	Všechny body, rota Fox drží pozici. Zóna je stále obsazena Modrou, opakuji, Modrou, přepínám.
7/b/7baa9297.p3d	24929_nypda_533	Jeeeeežíši!
7/b/7bac59fc.p3d	158_bwbhk_127	Připraveni zahájit pátrání, Red Crown, nějaká spatření?
7/b/7bade9f4.p3d	20042_magsp_310	Nepřítel na palubě! Nepřítel na palubě!
7/b/7bb3f36d.p3d	19880_magsp_168	Buďte opatrní, přepínám.
7/b/7bb5fa71.p3d	18062_bwtra_419	Zůstaň dole!
7/b/7bbb78c0.p3d	11239_maoff_083	Ať to tak zůstane.
7/b/7bc1d7ae.p3d	18985_susol_373	Kurva, dávej na to pozor! Nejsem žádnej červenej!
7/b/7bc66d72.p3d	9288_mar_b_457	Co? Co to sakra je? Neslyším tě!
7/b/7bd474b3.p3d	17411_bwoff_070	Vypadni!
7/b/7bda5ddc.p3d	24007_bwhqb_e04m01_012	Red Crown Sigmě jedna. Rozumím. Přeskupte se na základně Red Crown. Konec.
7/b/7bdbeeb1.p3d	15140_p_mtm_032	Hej!
7/b/7be398bf.p3d	17129_bwtrb_309	Jako by někdo vysral budovu.
7/b/7be60ba8.p3d	19457_bwhqa_126	Tady Red Crown, čeká se na upřesnění. Udržujte čistý stav, přepínám.
7/b/7be942fd.p3d	17848_bwtra_205	Vzhledem k tomu, že platí stanné právo, MOHLI bychom toho hajzla zastřelit.
7/b/7bf4bdad.p3d	4372_mar_c_230	Stát! Zakázaná zóna!
7/c/7c002378.p3d	13688_p_erm_210	K zemi! K zemi!
7/c/7c00e9c9.p3d	22784_maoff_e08m04_048	Mám to, na mém cíli!
7/c/7c026fc9.p3d	12143_nypda_215	Je čas s tím skoncovat.
7/c/7c02e410.p3d	13365_p_ctm_122	Odhoďte je!
7/c/7c080841.p3d	20276_maabr_dying_a	*chroptění*
7/c/7c09efb0.p3d	8775_mar_a_496	Pomoc!
7/c/7c0b1f9e.p3d	20168_bwgsp_stab_a	*ááh*
7/c/7c0b5a0b.p3d	7760_mabra_200	Přiblížíme se na bližší pohled, RC.
7/c/7c1402c9.p3d	15180_p_mtm_070_a	Jestli jsi to neviděl, nedokážu to popsat.
7/c/7c15e908.p3d	10691_mamls_238	Jsme v pořádku, řekni mi, že jsme v pořádku.
7/c/7c1736fc.p3d	23894_alex_022	Uzávěra.
7/c/7c1b3ebd.p3d	14769_p_mtf_125	Pusť mě, prosím!
7/c/7c1c13d9.p3d	11818_nydisp_083	Potřebuju aktuální stav, taktická.
7/c/7c1fe92d.p3d	123_bwbhk_092	Stáhněte se a zaujměte formaci. Jaký je váš stav, přepínám.
7/c/7c255450.p3d	19008_susol_396	Sundejte ho ze mě!
7/c/7c31e4ed.p3d	25463_alex_e08m02_703	Myslí si, že jsem mrtvý. Perfektní. Nemůžu se dočkat výrazu McMullenova obličeje.
7/c/7c356955.p3d	18950_susol_338	Jsem tady, přímo v tom nejhorším!
7/c/7c35b877.p3d	11929_nypda_014	Dispečinku, tady jsme hotovi.
7/c/7c39ff2e.p3d	9253_mar_b_422	Jasně. Moc vtipný. Cha-cha.
7/c/7c4a0ef8.p3d	4636_mar_c_494	Kryj!
7/c/7c4ea8d7.p3d	22417_bwtra_e02m01_009	Kód November Charlie, Zóna neutralizována. Pošlete Sběrný tým, jsme zelení pro evakuaci, vyrážíme.
7/c/7c514cdb.p3d	15550_p_suf_206	Neeee!
7/c/7c5598b2.p3d	24547_alex_e04m04_551	Karen...
7/c/7c57c114.p3d	12407_nypda_479	Potřebujeme zasranej tank.
7/c/7c599ad9.p3d	19422_bwhqa_091	Velitelství žádá aktualizaci. Hlášení situace, hlášení situace.
7/c/7c5a01fa.p3d	22706_mahqa_e03m01_006	Všechny letecké jednotky, při spatření zahajte palbu na transportér Foxtrot Lima jedna pět čtyři.
7/c/7c5cd22e.p3d	17813_bwtra_170	Tam vevnitř nic nechceš, věř mi.
7/c/7c6458e4.p3d	16626_bwabr_166	Najeďte, najeďte, pal, jakmile bude čisto.
7/c/7c6bce25.p3d	20294_maabr_scream_c	*výkřik*
7/c/7c6d0223.p3d	9865_maf35_153	Doprovod, seřadit se, připravit na výsadek.
7/c/7c723645.p3d	24090_bwoff_events_051	Musíme se tu vzchopit, chlapi -- a rychle!
7/c/7c73b294.p3d	13653_p_erm_175	Uhni z cesty! Uhni z cesty!
7/c/7c76732c.p3d	13330_p_ctm_087	Mýlíš se! Mýlíš se!
7/c/7c76b1f7.p3d	10042_maf35_310	Máme odpal, zachytili jsme odpal.
7/c/7c77e0d4.p3d	19987_magsp_255	Jsme v prdeli, opakujte spojení, přepínám.
7/c/7c79e816.p3d	18169_bwtra_526	Aah, ach -- jáá-ááách!!
7/c/7c7d816c.p3d	8740_mar_a_461	Johnsone, dej na to nějakou palbu!
7/c/7c8272e0.p3d	13173_p_ctf_162	Co ode mě chcete!
7/c/7c88bf45.p3d	24076_bwoff_events_037	Potřebujeme tu víc palebné síly -- zatím to nejde podle nás.
7/c/7c8b179e.p3d	593_bwbra_188	Vyčistěte oblast, dejte nám možnost zásahu.
7/c/7c8ecdee.p3d	14734_p_mtf_090	Počkejte, počkejte! Prosím!
7/c/7c93a357.p3d	13791_p_fdf_076	Tamhle, tenhle!
7/c/7c986243.p3d	17518_bwoff_177	Myslím, že jsme označili Mercera!
7/c/7c9fdc3d.p3d	15247_p_mtm_135	Sakra. Je to čím dál horší.
7/c/7ca40324.p3d	18793_susol_181	Sakra, to je on!
7/c/7ca86492.p3d	10308_mahqb_065	Rozumím a povoluji.
7/c/7ca898e8.p3d	9096_mar_b_265	Žádám okamžitou lékařskou pomoc!
7/c/7caeafc2.p3d	25215_nypda_171	Je blízko. Hodně blízko. Byli jsme přímo vedle něj!
7/c/7cb32fb7.p3d	8173_mabhk_252	Sestřelí nás!
7/c/7cb8ab3d.p3d	4479_mar_c_337	Ochabni!
7/c/7cbda09f.p3d	4601_mar_c_459	Máme raněného! Čekejte, velitelství!
7/c/7cbfe6ac.p3d	15393_p_suf_051	Vidím ho!
7/c/7ccb6eb1.p3d	17656_bwtra_033	Potvrzuji.
7/c/7ccf44d2.p3d	7867_mabra_287	Pořád pohyblivý, pořád v tom jedeme, přepínám.
7/c/7cd2f529.p3d	16469_bwabr_009	Red Crown, jsme na dostřel, dejte nám cíl, přepínám.
7/c/7cd6e92d.p3d	4180_mar_c_048	Chalk Tři ztratila vizuál. Chcete, ať prohledáme okolí?
7/c/7cdb2973.p3d	19118_p_hlf_042	Nesahejte na mě!
7/c/7ce093ca.p3d	9830_maf35_118	Voodoo Sedm žádá o úder. Napráskejte tomu parchantovi, přepínám.
7/c/7ce4f178.p3d	895_bwgsp_135	Nepřítel je HORKÝ! Opakuji, nepřítel HORKÝ!
7/c/7ce6786c.p3d	7959_mabhk_058	Mám ho! Pěkná rána.
7/c/7ce95336.p3d	24415_maoff_events_043	Ještě trochu, padají.
7/c/7ce96644.p3d	11084_mahqa_112	Všechny týmy reagují. Jsme připraveni.
7/c/7ceb72ce.p3d	19952_magsp_240	Prvek potvrzuje.
7/c/7cec1def.p3d	8583_mar_a_324	Velitelství, připravte evakuaci raněných!
7/c/7ced7747.p3d	18134_bwtra_491	Nefunguje to! Táhni odsud!
7/c/7cef202a.p3d	21970_alex_e05m02_186	Doktore!
7/d/7d136dfb.p3d	15212_p_mtm_102	Jennifer! Kde jsi!?
7/d/7d19bd6e.p3d	15975_p_uem_160	Ach ne, takhle ne, prosím!
7/d/7d1c2aa4.p3d	9061_mar_b_230	Dobře, budu střílet!
7/d/7d1d53e7.p3d	25058_nypda_245	To přece nemůže bejt moje vina!
7/d/7d23245c.p3d	23971_alex_099	S tebou je konec.
7/d/7d277fa4.p3d	22234_bwhqa_e07m01_009	Ghost Twelve, vraťte se do přidělené oblasti mise! Vraťte se tam a poskytněte leteckou podporu našim mužům!
7/d/7d2b9b4f.p3d	19529_bwhqb_027	Ukončete pátrání.
7/d/7d34dc7b.p3d	1981_bwmls_119	Vidíte tenhle záznam, Red Crown?
7/d/7d39ec8a.p3d	12215_nypda_287	Hej, zkus to jinde!
7/d/7d3a60d1.p3d	13437_p_ctm_194	Někdo, pomozte!
7/d/7d3e8851.p3d	23923_alex_051	Co dál?
7/d/7d42d68e.p3d	7832_mabra_252	Ztratili jsme ho, otáčíme se, přepínám.
7/d/7d4d6869.p3d	10763_mamls_310	Sakra, úhybný manévr, hned!
7/d/7d4f7359.p3d	8847_mar_b_036	Hej, viděls to, seržo?
7/d/7d5790fa.p3d	13898_p_fdf_181	Utíkej!
7/d/7d588334.p3d	860_bwgsp_100	Odvolejte pátrací jednotky. Pátrání skončilo.
7/d/7d5a0a28.p3d	7924_mabhk_023	Jsme připraveni k útoku.
7/d/7d5a0c88.p3d	19795_magsp_083	Cíl je výborně viditelný a za námi. Přiblížujeme se.
7/d/7d5e61d6.p3d	24604_alex_e07m04_611	Dobře, znič filtrační jednotky a celé to spadne.
7/d/7d605293.p3d	22570_bwtrb_e06m05_071	To je ale binec -- pořádně jim naložte! Ať krvácej!
7/d/7d6270cc.p3d	4870_maabr_198	To bylo o fous!
7/d/7d653e99.p3d	15059_p_uwm_182	Hněte sebou!
7/d/7d717bef.p3d	9325_mar_b_494	Máme povolenou palbu!?
7/d/7d76db93.p3d	22556_bwtrb_e06m05_057	Taktický přesun, do toho.
7/d/7d7a5266.p3d	14472_p_ham_058	Nezahrávej si s tim hajzlem!
7/d/7d8d4f16.p3d	15940_p_uem_126	Nezabíjejte je!
7/d/7d90e69b.p3d	25023_nypda_290	Maříš výkon spravedlnosti.
7/d/7d9833c7.p3d	20882_p_mtf_disgust_c	Fujtajbl!
7/d/7d985932.p3d	2004_bwmls_142	Kůže, opakuji, kůže. Označte je a ustupte.
7/d/7d99c454.p3d	16986_bwtrb_166	Neříkej, že jsem tě nevaroval.
7/d/7da28f39.p3d	22305_bwhqa_e10m04_080	Potvrzuji, ozveme se vám.
7/d/7da888ca.p3d	12058_nypda_125	To je VŠECHNO, hajzle.
7/d/7dac2e46.p3d	22095_alex_e08m02_313	Cokoliv a všechno, FC žádá o poslední pokus. Nebezpečná blízkost, prostě rozbombardujte zem a rychle.
7/d/7dadf278.p3d	13402_p_ctm_159	Nezabíjej mě, kurva mě nezabíjej.
7/d/7db17311.p3d	7675_mabra_115	Určitě nic neukazuje termovize? Mám hovno, přepínám.
7/d/7dc296ff.p3d	665_bwbra_260	Jo, nepřítel zmizel ze scanerů, RC. Balíček selhal, přepínám.
7/d/7dc42e58.p3d	24809_nypda_016	Dispečinku, 10-80 ta žádost o posily. Zvládli jsme to.
7/d/7dc64d38.p3d	14806_p_mtf_160	Nechci umřít! POMOC!
7/d/7dcb22a1.p3d	13863_p_fdf_146	Tamhle, tamhle! Ten stroj -- je úplně mimo kontrolu!
7/d/7dcd9e2f.p3d	19760_magsp_048	Útočíme na nepřítele!
7/d/7dce4964.p3d	8391_mar_a_131	Zmiz ode mě!
7/d/7dd75b89.p3d	15319_p_mtm_207	Ach ne!
7/d/7dd8d040.p3d	15024_p_uwm_147	Ten tank! Střílí po nás!
7/d/7ddb8270.p3d	18865_susol_253	Přilétá projektil!
7/d/7ddc2e7b.p3d	14376_p_fdm_192	Nemůžu se hýbat...
7/d/7de01834.p3d	9168_mar_b_337	Pusť to hned!
7/d/7de09e9b.p3d	1082_bwgsp_320	Uhni! Uhni!
7/d/7deaaf03.p3d	8245_mabhk_324	Ale do prdele!
7/d/7df765f6.p3d	15465_p_suf_121	Sakra! Zastavte ho!
7/d/7dfd40f6.p3d	17009_bwtrb_189	Spusťte identifikační protokol!
7/d/7dffb6a8.p3d	19337_bwhqa_026	Polní týmy žádají o zrušení prohledávání, veliteli, čekáme na rozkazy.
7/e/7e02eb34.p3d	17728_bwtra_085	Čmuchal negativní. Žádný kontakt, přepínám.
7/e/7e0d5610.p3d	16951_bwtrb_131	BW, pane.
7/e/7e0e688f.p3d	4252_mar_c_121	Kurva, tohle místo smrdí. Nahlásím to, přivedeme sem trochu ohně na tenhle barák.
7/e/7e1810a0.p3d	9902_maf35_190	Stáhni svý lidi, tohle bude velký.
7/e/7e19cbaf.p3d	13568_p_erm_090	Ne, mám-mám doklady. Ne, prosím, nezabíjej mě!
7/e/7e1c17fb.p3d	12023_nypda_090	One Adam Nineteen. Adam Nineteen. Mám pozitivní na nepřátele.
7/e/7e1c70c4.p3d	967_bwgsp_207	Jsme čistí, žádná stopa po nepříteli, slyšíte?
7/e/7e20a65e.p3d	22731_mahqb_e04m02_003	Letecká hlídko, prověřte poslední ztracený kontakt. Hned, posílám vám souřadnice.
7/e/7e239ab0.p3d	8655_mar_a_396	Nezahrávej si se mnou, kámo.
7/e/7e250242.p3d	7640_mabra_080	Zaměření Bruta na laseru, musíš přenastavit.
7/e/7e265e33.p3d	4977_maabr_285	Už to jde!
7/e/7e288be6.p3d	13088_p_ctf_077	Vidím vraha!
7/e/7e2d8148.p3d	13210_p_ctf_199	Ááách! Někdo! Pomoc!
7/e/7e2f9408.p3d	10571_mamls_138	Rozumím, pozemní síly, uvolněte cíle a připravte palbu.
7/e/7e35c279.p3d	11806_nydisp_071	Dispečink hlásí negativní.
7/e/7e36fb37.p3d	24181_p_haf_175	Všichni sakra umřeme!
7/e/7e3e400b.p3d	14579_p_ham_165	Ne-ne-ne-ne-ne-ne-ne! Nedělej, nedělej, nedělej to!
7/e/7e4f1417.p3d	18830_susol_218	Jdeme dovnitř! Zabijte to!
7/e/7e4fc022.p3d	14341_p_fdm_157	Prosím, nedělej to!
7/e/7e53a9f0.p3d	9133_mar_b_302	Vidím je, Red Crown. Zahájím palbu.
7/e/7e5948fb.p3d	8088_mabhk_187	Hlaste spatření nepřátel, přepínám.
7/e/7e5e3e1f.p3d	8210_mabhk_289	Pozor na létající trosky.
7/e/7e63b9ba.p3d	4516_mar_c_374	Jsem na dostřel!
7/e/7e641069.p3d	7550_mabcm_204	Potřebujeme podporu, Red Crowne, sežeňte nám vzdušné krytí -- hned.
7/e/7e6af512.p3d	15430_p_suf_086	Jsem jen studentka!
7/e/7e75ddc1.p3d	11382_maoff_238	Máme tu pěknou spoušť.
7/e/7e7e03a6.p3d	16506_bwabr_046	Spousta sutin a trosek, dostaňte naše týmy ven, polní veliteli.
7/e/7e863dc7.p3d	20904_p_mtm_cheer_a	Jo!
7/e/7e86ace5.p3d	9745_maf35_033	Red Crown, Voodoo Sedm zahajuje útočný nálet Bravo. Najíždím na vás, značím.
7/e/7e86efdc.p3d	8919_mar_b_088	Vypařil se jako Houdini. Spousta těl, žádný z nich jeho.
7/e/7e8806e0.p3d	13785_p_fdf_070_alt	Mohl to být kdokoliv z nás!
7/e/7e8b7fbb.p3d	20029_magsp_297	Sakra! Jsme zasažení! Ale... dostáváme to zpátky online.
7/e/7e8d5d56.p3d	13533_p_erm_055	Je zpátky!
7/e/7e8ffff5.p3d	932_bwgsp_172	Máme neznámý cíl. Kontroluji ho.
7/e/7e918bd4.p3d	19867_magsp_155	Jsme dva ze dvou na tomhle.
7/e/7e9236f5.p3d	8498_mar_a_239	Co to sakra děláš?
7/e/7e9392d8.p3d	18049_bwtra_406	Hraje si s váma, vy zasraní idioti! Střílejte na něj místo toho!
7/e/7e9474ac.p3d	11121_mahqa_149	Úderný tým nasazen na vaši pozici.
7/e/7e972c6c.p3d	8620_mar_a_361	Co to kurva je?
7/e/7e99efef.p3d	4942_maabr_250	Vracíme se na základnu, situace klidná.
7/e/7e9c1da4.p3d	13053_p_ctf_044	Zavolejte poldy!
7/e/7e9dfb29.p3d	17272_bwtrb_452	Zapojujeme nepřátele, přepínám.
7/e/7ea3a552.p3d	17991_bwtra_348	Nepolevujte, střílejte dál!
7/e/7ea4c260.p3d	473_bwbra_068	ZEUS se utrhl. Hledám ho.
7/e/7eabfaa3.p3d	22352_bwhqb_e07m01_006	Ghost Twelve se stal odpadlíkem. Vysíláme bitevní vrtulníky, aby ho doprovodily do Palace. Máš padáka, Ghost Twelve, PADÁKA. Na tomhle kanálu nechci slyšet nic jiného, dokud mi někdo nenahlásí, že je sestřelený.
7/e/7eb1d1c7.p3d	14544_p_ham_130	Pomozte jim!
7/e/7eb98703.p3d	15127_p_mtm_019	Chytili někoho?
7/e/7ebd63f8.p3d	20624_p_ctm_cheer_a	Ha-hůů -- jo!
7/e/7ebdade6.p3d	18673_susol_061	Jsem s Úderným týmem. Zavoláš, a my to rozdupeme.
7/e/7ec10367.p3d	22078_alex_e07m04_295	Tohle místo musí jít rozebrat kus po kuse.
7/e/7ecb2828.p3d	22886_mar_b_e02m05_016	Naplno do toho, vy ubohý hajzlové, zase jdou!
7/e/7eccdab7.p3d	8053_mabhk_152	Nepolevujte! Cíl slábne!
7/e/7ed255ff.p3d	4359_mar_c_217	Je to dole! Oorah, mariňáci, OORAH!
7/e/7ed2aa5b.p3d	7393_mabcm_061	Jestli někdo zachytil celý přenos, opakujte ho, přepínám.
7/e/7edaf596.p3d	1896_bwmls_034	Sektor je zase horký. Označte ho, horký, přepínám.
7/e/7ee8efd2.p3d	7747_mabra_187	Pohyb, pohyb. Zaměřit, palte.
7/e/7ef3816f.p3d	10678_mamls_225	Uh, Red Crown, právě jsme našli zkratku do pekla.
7/e/7ef5fbe2.p3d	11739_nydisp_024	Ukončete honičku. Rozkaz velitele.
7/e/7efae0e2.p3d	24288_p_haf_046	Kámo, měli bysme odsud vypadnout!
7/e/7efdb092.p3d	22976_mcmul_e04m03_002	Negativní, Echo Teame. Pořád dostávám slibné údaje ze senzorových polí tady.
7/e/7efe9c3a.p3d	775_bwgsp_015	Ohlaste se, vlastní jednotky, Tornado Five se blíží.
7/f/7f02a1ed.p3d	13935_p_fdf_218	Polož mě!
7/f/7f051d90.p3d	19832_magsp_120	Red Crown, Tornado Victor Juliet, nepřítel označen. Žádám úderný balík na tento vektor.
7/f/7f05c8b0.p3d	8463_mar_a_203	Co je vlastně s těmi chlapy?
7/f/7f072209.p3d	18014_bwtra_371	Tady je! Přímo tady!
7/f/7f088c72.p3d	4785_maabr_113	Stáhni se a prohledej druhou stranu, přepínám.
7/f/7f1301bc.p3d	18937_susol_325	Ještě pár! Ještě pár a jsme blízko!
7/f/7f21fc93.p3d	19296_p_hlf_216	Nezabíjej mě.
7/f/7f2d2e68.p3d	22030_alex_e06m02_246	Táhněte od něj!!
7/f/7f2ee2b7.p3d	15537_p_suf_193	Jsem zraněná! Ááách!
7/f/7f336833.p3d	15855_p_uem_043	Hej, to je on, to je on!
7/f/7f37332b.p3d	19409_bwhqa_078	Negativní, potvrzujete?
7/f/7f39cb0a.p3d	11489_maoff_316	Vlastní! Zadržte palbu!
7/f/7f3d8493.p3d	21772_speci_e04m04_074	Odcházím.
7/f/7f45e52f.p3d	4324_mar_c_181	Hláste se! Chci mít přehled o všech!
7/f/7f471ca1.p3d	24880_nypda_384	Do prdele!
7/f/7f540b93.p3d	13317_p_ctm_074	To vypadá jako ten!
7/f/7f540da8.p3d	21758_speci_e04m04_060	Kryj mě!
7/f/7f5447be.p3d	10029_maf35_297	Jsem zasažen! Cizí těleso v motoru. Táhnu nahoru. Držím se.
7/f/7f580952.p3d	11190_maoff_052	Hlídejte si záda, týmy, máme nakažené. Více cílů, přepínám.
7/f/7f5b19be.p3d	8727_mar_a_448	Někdo tam nahoře mě sakra nenávidí.
7/f/7f5c818e.p3d	7712_mabra_152	Drž se na mém laserovém cíli, mám slabé místo.
7/f/7f601dff.p3d	21694_karen_e03m01_012	Nemůžu uvěřit tomu, cos právě udělal.
7/f/7f62353d.p3d	22618_maabr_e06m04_013	Dvacet sekund do zásahu. Opusťte prostor kolem cíle.
7/f/7f6710a0.p3d	10643_mamls_190	Všem bodům, připravte se na protiútok, kryjte rohy.
7/f/7f6da548.p3d	702_bwbra_287	Jsme pohybliví, opakuji, pořád pohybliví!
7/f/7f713bbf.p3d	13778_p_fdf_064	Co to sakra bylo!?
7/f/7f76311e.p3d	13900_p_fdf_183	Jak nejrychleji můžeš!
7/f/7f7c1b8e.p3d	4750_maabr_078	Potvrzeno. Jdeme na cíl. Nabíječi, čekejte.
7/f/7f80269f.p3d	17080_bwtrb_260	Ne, je to jen posraná bouračka. Nevím, jestli je někdo mrtvej. A je mi to sakra jedno, Red Crowne.
7/f/7f80bfc3.p3d	12393_nypda_465	Zlato, něco se děje!
7/f/7f82ab81.p3d	20123_bwbhk_stab_d	*ááh*
7/f/7f8690ed.p3d	18902_susol_290	Obejděte ho z boku!
7/f/7f873f6e.p3d	14413_p_fdm_229	Aaah!!!
7/f/7f8b26b1.p3d	9205_mar_b_374	Ještě jsem tu! Ještě jsem tu.
7/f/7f958bc4.p3d	19261_p_hlf_181	Pozabíjí nás všechny!
7/f/7f9e3bb2.p3d	373_bwbhk_342	Ztrácíme výšku. Ztrácíme výšku. Neudržím to, padáme.
7/f/7fa2745e.p3d	15502_p_suf_158	Někdo mě zachraňte!
7/f/7fad5a62.p3d	11454_maoff_299	Lehká zranění!
7/f/7fb36f54.p3d	16866_bwtrb_066	Mám ořech, potřebuju louskáček. Zařiď to, šéfe.
7/f/7fb48194.p3d	4167_mar_c_035	Nechci, aby mi tihle hajzlové kryli záda.
7/f/7fbe2c31.p3d	9817_maf35_105	Vypadá to, že tam dole vybuchla nějaká zasraná bomba.
7/f/7fc48301.p3d	20087_bwabr_dying_d	*chroptění*
7/f/7fc4dca2.p3d	13605_p_erm_127	No-no tak, uvolni-uvolni se!
7/f/7fc90b20.p3d	19939_magsp_227	Tady pták číslo jedna, zdroj tepla vpředu. Jdu to identifikovat.
7/f/7fd16341.p3d	10294_mahqb_051	Cíl byl přesně zasažen.
7/f/7fd39cee.p3d	13125_p_ctf_114	Jdou tímhle směrem.
7/f/7fd53ff1.p3d	21941_alex_e05m01_157	Hmmm.... Jako nejhorší kocovina v životě.
7/f/7fd5ad23.p3d	10486_mamls_053	Zahřejte se na cíle, vraťte se do boje!
7/f/7fdc41c1.p3d	545_bwbra_140	Drž to dál od pancíře.
7/f/7fdf2c6b.p3d	2182_bwmls_320	Ven! Vyskočte! Vyskočte!
7/f/7fe4cd7c.p3d	13743_p_fdf_030	Zakryjte si ústa!
7/f/7fe5fd7b.p3d	19672_bwhqb_150	Zadržte ZEUSe, dokud nedorazí úderný balíček.
7/f/7fe95113.p3d	14616_p_ham_202	Neee! Aaah!
7/f/7ff52d32.p3d	18745_susol_133	Dejte odvoznímu týmu naši polohu. Je to hotové.
7/f/7ff5d93d.p3d	14256_p_fdm_072	To je váš člověk! Přímo tady!
7/f/7ff9c2f6.p3d	9048_mar_b_217	Klid, klid, klid, zpomal! To jsem já! To jsem já!
8/0/80074b12.p3d	22525_bwtrb_e04m03_025	Držte je dál od těch šílenců.
8/0/8009d570.p3d	8990_mar_b_159	Tato oblast je zakázaná. Rozejděte se OKAMŽITĚ.
8/0/800a29a7.p3d	7465_mabcm_133	Máte povolení aktivovat zbraně. Zbraně nahoru, mariňáci, zbraně nahoru!
8/0/800b05ec.p3d	24987_nypda_343	Tam! Tenhle chlap! Sundejte ho!
8/0/801274e2.p3d	1968_bwmls_106	Počítejte s podporou brzy na místě, vypusťte kouř a označte nepřítele.
8/0/801bf6f9.p3d	11297_maoff_161	Lehni na zem!
8/0/80206ee0.p3d	7819_mabra_239	To je jeden bod pro hodný kluky, přepínám.
8/0/80270110.p3d	16831_bwtrb_031	Právě jsem si ho vzal na mušku.
8/0/802da4b2.p3d	20686_p_erm_gasp_c	*lapání po dechu*
8/0/8033ee94.p3d	22013_alex_e05m03_229	To jsem potřeboval.
8/0/803618fb.p3d	847_bwgsp_087	Otáčíme se, obnovujeme prohledávání, přepínám.
8/0/803a8de6.p3d	11036_mahqa_074	Velitelství zamítá, přepínám.
8/0/803c9a51.p3d	19904_magsp_192	Red Crown, Dog Dva Sedm se blíží, zapněte si signalizační světla.
8/0/803d4572.p3d	8535_mar_a_276	Ne-ne-ne-ne-ne -- to nejsem já!
8/0/80400933.p3d	4857_maabr_185	Vypusť to!
8/0/8044142f.p3d	17187_bwtrb_367	Sejmi ho!
8/0/80493eca.p3d	10451_mamls_018	Nasazení dělostřelectva, máte zelenou.
8/0/804fd368.p3d	510_bwbra_105	Razorback Jedna, žádám velkou palbu. Úder na naše souřadnice, přepínám.
8/0/8052ec05.p3d	14988_p_uwm_111	Ah do prdele, už jdou!
8/0/8057eacd.p3d	14459_p_ham_045	Hej, hej, hej! Tady je! Tady je!
8/0/8068bc4e.p3d	18710_susol_098	Žádný vizuál. Jste si jistí, že tu byl, Control? Přepínám.
8/0/80696ae5.p3d	14221_p_fdm_038	Hej! Hej!
8/0/806ae77d.p3d	15927_p_uem_113	Tamhle jsou! Nakažení!
8/0/806d5227.p3d	9013_mar_b_182	Co to sakra je?
8/0/80746e2e.p3d	22576_bwtrb_e07m01_077	Podpůrná mise, podpora! Označíme cíle lasery, prosíme o pomoc, přepínám.
8/0/80799f45.p3d	22254_bwhqa_e08m03_029	V tuto chvíli se z jihu blíží velká síla.
8/0/807db8c3.p3d	7430_mabcm_098	Pošlete tam tým. Hned! Přepínám.
8/0/807e9baf.p3d	24952_nypda_436	Jdu kolem!
8/0/80806728.p3d	181_bwbhk_150	Znám ten trik z videí, Uhni! Uhni!
8/0/80860413.p3d	1933_bwmls_071	Red Crown, zahajujeme pátrání, přepínám.
8/0/808f8865.p3d	11262_maoff_109	Bojové pročesávání. Pohyb. Pohyb.
8/0/8091bac6.p3d	89_bwbhk_058	To byl další úspěšný nálet, sledujte cíle a udržujte výšku.
8/0/809633aa.p3d	11987_nypda_053	Vždy věrní, mariňáci.
8/0/80982eb0.p3d	22118_alex_e09m01_335	Spáleno.
8/0/809e8fec.p3d	10715_mamls_262	Všichni střelci, přepněte na automatickou palbu, hned!
8/0/80a5ef22.p3d	24325_p_haf_064	Já jsem ne...vy jste jen...viděl to někdo?
8/0/80a9aab7.p3d	812_bwgsp_052	Postupujte na určený ústupový bod, přepínám.
8/0/80ab3696.p3d	19747_magsp_035	Tornado Jedna volá Red Crown. Máme zaměřeno, přepínám.
8/0/80abe1b6.p3d	8378_mar_a_118	Do hajzlu, DO KRYTU!
8/0/80ae1fac.p3d	11001_mahqa_049	ZEUS je zlikvidován, opakuji, zlikvidován.
8/0/80b0d72e.p3d	8500_mar_a_241	Jsme napadeni!
8/0/80b39aef.p3d	4822_maabr_150	Zničte to!
8/0/80b7a5eb.p3d	17152_bwtrb_332	Zasranej steroidní opičák.
8/0/80ba18bf.p3d	19480_bwhqa_149	Balíček na vektoru Able. Sledujte jejich příchod za sebou, polní týme.
8/0/80bd5014.p3d	17871_bwtra_228	Tohle je čerstvé. Buďte ve střehu.
8/0/80be36ee.p3d	1069_bwgsp_308	Byli jsme zasaženi! Pořád letíme, potvrďte stav ze země.
8/0/80c67b21.p3d	14953_p_uwm_076	Neztrať ho!
8/0/80d3ea63.p3d	25106_nypda_pain_d	*argh*
8/0/80def987.p3d	14244_p_fdm_060b	To je on!
8/0/80ea8fb2.p3d	20672_p_erm_cough_a	*kašel*
8/0/80ec00e1.p3d	4239_mar_c_108	Přesně tak, máme tu Rudou zónu. Spatřeni hořáci, přepínám.
8/0/80ed3167.p3d	24795_nypda_156	*odkašlání* Jste všichni v pořádku?
8/0/80ef4bd2.p3d	14792_p_mtf_146	Co se to děje!
8/0/80f4046a.p3d	20389_magsp_scream_b	*výkřik*
8/0/80f8e01f.p3d	17576_bwoff_225	Nepouštějte ho! Nepouštějte ho!
8/1/81014ab5.p3d	22335_bwhqa_517	Máte zelenou k sestřelení.
8/1/81029a94.p3d	7627_mabra_067	Bulldog Devět, kontakt potvrzen, útočím.
8/1/81054c82.p3d	54_bwbhk_023	Jsme na místě a naloženi.
8/1/8108e24f.p3d	10366_mahqb_103	ZEUS zůstává v terénu. Tlačte na něj a pronásledujte.
8/1/8109c58e.p3d	11952_nypda_037	Rozumím.
8/1/810d2c6f.p3d	10558_mamls_125	Pozorovateli, zopakujte to hlášení.
8/1/810f2dbe.p3d	25273_nypda_230	Věříš tomu svinstvu?
8/1/810faa82.p3d	11727_nydisp_012	Ztratili jsme prchajícího podezřelého ze zločinu. Slyšíte?
8/1/811496a6.p3d	24168_p_haf_203	Tak strašně to bolí.
8/1/811c4cc6.p3d	13815_p_fdf_100	Ach!
8/1/811f70e7.p3d	8343_mar_a_083	Red Crown, tady Echo Seven Bravo. Mám vizuál na ZEUSE, přepínám.
8/1/81284658.p3d	24017_bwhqb_e07m01_021	Žádám naléhavou pomoc všech dostupných jednotek v oblasti označené 10-10-52.
8/1/812bd0cb.p3d	12430_nypda_502	*zasténání* Moje zasraná noha. Ježíši, moje noha.
8/1/812cac7e.p3d	18817_susol_205	Ví to někdo najisto!?
8/1/812d5889.p3d	14328_p_fdm_144	Ať s ním někdo promluví!
8/1/8131c61f.p3d	1034_bwgsp_273	Máme zaměřeno a střílíme. Čisto.
8/1/81357d86.p3d	20803_p_ham_disgust_d	Uf!
8/1/813ba4cc.p3d	19176_p_hlf_098	Kriste!
8/1/8141a645.p3d	7537_mabcm_191	Stanoviště Charlie je na pokraji. Kapitán vydává rozkazy k přípravě evakuace a přesunu.
8/1/814454b8.p3d	288_bwbhk_257	Teď je všude klid, Red Crowne, vracíme se na základnu, přepínám.
8/1/81488d79.p3d	15417_p_suf_073	Ten chlap! Ten chlap!
8/1/81537628.p3d	11369_maoff_225	Dobrá střelba, chlapi! To byl on!
8/1/815f9012.p3d	4204_mar_c_073	Red Crown. Mise splněna. Tady je vše v pořádku, přepínám.
8/1/816c71fa.p3d	17541_bwoff_200	Velká spalovací stanice. Nalezena.
8/1/816d9847.p3d	919_bwgsp_159	Připojujeme se k boji, pěšáci. Oči nahoře, hlavy dole.
8/1/81720d13.p3d	11108_mahqa_136	Váš cíl se přeřazuje. Zachovejte stav.
8/1/8173e954.p3d	15270_p_mtm_158	Tohle si nezasloužím.
8/1/8174c4be.p3d	8607_mar_a_348	Řekněte evakuaci raněných, ať čeká.
8/1/81778841.p3d	4929_maabr_237	Máme tu teď trochu napilno, Red Crowne.
8/1/817b937b.p3d	17259_bwtrb_439	Jó!
8/1/817c718a.p3d	10331_mahqb_078	Negativní, rozumíte?
8/1/8180bba0.p3d	10523_mamls_090	Žádám návrat na základnu, dochází palivo.
8/1/81813db9.p3d	17978_bwtra_335	Sakra, to bylo teda TĚSNĚ!
8/1/81854590.p3d	2097_bwmls_245	Je to moc blízko! Moc blízko! Stahujeme se, přepínám.
8/1/818c16a0.p3d	19587_bwhqb_075	To je negativní.
8/1/818da176.p3d	22999_ragla_e05m02_019	Ježiši! Dostaň ty věci ode mě pryč!
8/1/81924227.p3d	21575_maabr_257	Je to hotové. Mise splněna, Red Crowne.
8/1/819a6a85.p3d	12273_nypda_345	Chyťte ho! Tamten!
8/1/81a35489.p3d	7890_mabra_310	Připravte se na náraz!
8/1/81a70255.p3d	16492_bwabr_032	Polní jednotky, následujte obrněnce!
8/1/81af3689.p3d	19141_p_hlf_064	Já jsem ne...vy jste jen...viděl to někdo?
8/1/81b3334c.p3d	22196_bwabr_e08m03_37	Postupuje víc kontaktů! Východní brána, zapojujeme se!
8/1/81ba8598.p3d	7982_mabhk_081	Stáhněte se a zaujměte formaci, přepínám.
8/1/81c70559.p3d	11334_maoff_190	To je on! Tamhle!
8/1/81db0bb4.p3d	17384_bwoff_043	Stopa vychladla, přepínám.
8/1/81e2b5e2.p3d	19819_magsp_107	Tornado Jedna volá Chalk Tři. Status? Ozvěte se, Chalk Tři.
8/1/81ef2537.p3d	17224_bwtrb_404	Nespoléhej na štěstí.
8/1/81f15938.p3d	25081_nypda_042	Tady Charlie Nineteen. To je negativní.
8/1/81f4501d.p3d	25357_alex_e10m04_704	Bomba.
8/1/81f4cf75.p3d	17943_bwtra_300	Pusť mě, ty velkej hajzle!
8/1/81f5ec64.p3d	425_bwbra_010	Dorazili jsme do zabíjecí zóny, Red Crown.
8/1/81f8d72d.p3d	2062_bwmls_200	Strike Boss by za tohle měl pořádně zaplatit.
8/1/81fc5362.p3d	16756_bwabr_276	Uzavřít spojení, jsme v prdeli!
8/1/81ffa87b.p3d	19552_bwhqb_050	Primární cíl vyřízen. Spojte mě s generálem Randallem.
8/2/8204fca1.p3d	9995_maf35_263	Cíl volný. Velitel úderu to potvrzuje. Rozpusťte balík, přepínám.
8/2/820e7073.p3d	13460_p_ctm_217	Nemůžu dýchat!
8/2/820ed851.p3d	18625_susol_043	Vidím červené. Připravuji likvidaci, přepínám.
8/2/821e04c5.p3d	8005_mabhk_104	Red Crowne, čekáme na podporu!
8/2/82225170.p3d	25441_alex_e06m05_701	Mariňáci. Už bylo na čase.
8/2/8223d469.p3d	7345_mabcm_013	Rota Fox je rozmístěna v sektoru R Jedenáct. Jsme připraveni k akci, konec.
8/2/8224adc6.p3d	24867_nypda_193	Dál už nepůjdeš. Zpátky!
8/2/8226cb1e.p3d	14864_p_mtf_218	Ne. Pomoc!
8/2/8235a1a4.p3d	11177_maoff_039	Pěšky ho nedostaneme, potřebujeme leteckou podporu, přepínám.
8/2/82394e3b.p3d	15082_p_uwm_205	Sakra práce! Ahhh!
8/2/82416e09.p3d	22200_bwabr_e08m03_41	Dostaňte je od pumpy! Přerušte palbu!
8/2/825149b2.p3d	16021_p_uem_206	Neee!
8/2/8256f033.p3d	8415_mar_a_155	Přivolejte dělostřelectvo na naši pozici! Ten hajzl je ozbrojený!
8/2/8259b3f5.p3d	4737_maabr_065	Ztratili jsme ho z dohledu. Má ho někdo? Senzory nic neukazují, Red Crowne.
8/2/825dbef1.p3d	17067_bwtrb_247	Sakra. Zase.
8/2/826031f9.p3d	19395_bwhqa_074	Red Crown je negativní.
8/2/8263692f.p3d	17786_bwtra_143	Jdi po něm, je na spadnutí!
8/2/826a080d.p3d	22752_maoff_e03m03_016	Zastavte palbu na souřadnice!
8/2/826aefe5.p3d	16599_bwabr_139	Manévr, hned!
8/2/826fe51e.p3d	16721_bwabr_241	Jsme čistí! Jsme čistí!
8/2/82732416.p3d	19248_p_hlf_168	Nejsem připravená umřít. Prosím, dobře? Prosím, jen mě pusť. Prosím, jen mě nech bejt, prosím.
8/2/827c95fa.p3d	12081_nypda_152	Hej, dispečinku, mám ho! Přímo před sebou!
8/2/8298434e.p3d	24832_nypda_269	Ježíši!
8/2/82a3ee9c.p3d	17613_bwoff_262	Kurva!
8/2/82a5cf21.p3d	24388_maoff_events_016	Máme pomoc v zádech!
8/2/82ab68b5.p3d	15342_p_mtm_230	Aaaách!
8/2/82b3f0cc.p3d	10403_mahqb_140	Poplach se ruší, čekejte na potvrzení.
8/2/82b42560.p3d	9191_mar_b_360	Čisto! Čisto! Ustupte!
8/2/82b55226.p3d	25188_nypda_455	Slož ho, pěkně v klidu.
8/2/82ba434c.p3d	25310_nypda_438	Ježíši Kriste, ustupte!
8/2/82bcc4bd.p3d	2169_bwmls_307	Skenery ukazují jeden cíl.
8/2/82bf9d4a.p3d	24205_p_haf_016	Co udělali?
8/2/82c395cd.p3d	19659_bwhqb_137	Máme jasné snížení hrozby.
8/2/82c437b5.p3d	4574_mar_c_432	Není se čeho bát, desátníku. Jsme mariňáci. Zabijeme sakra úplně všechno!
8/2/82cd45b1.p3d	4702_maabr_030	Red Crowne, jsme nabití a zaměřeni, přepínám.
8/2/82d150ad.p3d	17032_bwtrb_212	Klid! Poslouchej mě! Nelžu ti!
8/2/82d1e9d1.p3d	12345_nypda_417	Situace se zvrtla, dispečinku!
8/2/82d3c3bf.p3d	19360_bwhqa_049	Všechny jednotky: cíl sestřelen! Pokračujte v pátrání po vedlejších cílech.
8/2/82d6fad6.p3d	17751_bwtra_108	Ještě jednoho.
8/2/82dbf341.p3d	20183_bwmls_dying_d	*chroptění*
8/2/82de81a1.p3d	16564_bwabr_104	Zkusme to znovu -- tvrději!
8/2/82e6b5d2.p3d	19213_p_hlf_133	Kámo, pozor.
8/2/82e76dd7.p3d	8977_mar_b_146	Kdo tu velí? Co sakra máme dělat!?
8/2/82eddb51.p3d	13591_p_erm_113	Ou, já-já-já jich vidím víc!
8/2/82ef6335.p3d	325_bwbhk_294	Sakra. Stahujeme se. KONEC!
8/2/82f07df0.p3d	990_bwgsp_230	Ukončuji to. Jsme hotoví. Vracíme se domů, přepínám.
8/2/82fd1b4a.p3d	22634_mabhk_e09m01_003	Thunder žádá přednostní povolení ke startu.
8/2/82fe8086.p3d	11406_maoff_131	Miřte níž! Pozor na rukojmí!
8/3/83049962.p3d	16818_bwtrb_018	Nepřítel na zemi.
8/3/8308f696.p3d	14672_p_mtf_028	Kdo to udělal?
8/3/8312803b.p3d	24437_speci_e10m04_003	Neměl jsi mě dokázat zastavit. Je na tobě něco zvláštního, Mercere.
8/3/83128b00.p3d	17456_bwoff_115	Vypadni odsud.
8/3/831a0271.p3d	15185_p_mtm_075	Myslím, že je to on!
8/3/83210caf.p3d	22545_bwtrb_e05m01_045	Red Crowne, Red Crowne. Tady Racecar Leader. Blížíme se k cíli.
8/3/83228d4f.p3d	10246_mahqb_003	Varujte všechny jednotky, ZEUS se pohybuje skrytě.
8/3/8326d731.p3d	10438_mamls_005	Rakety pro přímou palbu připraveny, všechny systémy v pořádku.
8/3/83283b71.p3d	10965_mahqa_013	Ztratili jsme ZEUSE. Družstvo čtyři čtyři tři, průzkum na jih.
8/3/8328e006.p3d	25153_nypda_314	Podívej, přesně tam!
8/3/83305334.p3d	2134_bwmls_212	Uvolněte tento kanál!
8/3/83372789.p3d	19624_bwhqb_102	Nemáme ZEUSe zaměřeného. Pokračujte v pátrání.
8/3/834083a0.p3d	12188_nypda_260	Pozor -- ať to zabíjelo, co chtělo, může to tu pořád být.
8/3/83457902.p3d	12310_nypda_382	Kriste!
8/3/8347034c.p3d	14208_p_fdm_025	Do prdele!
8/3/8348820f.p3d	22292_bwhqa_e10m04_067	Bojová pohotovost, všechna stanoviště, bojová pohotovost.
8/3/835aff93.p3d	8942_mar_b_111	Je to zpátky! Cíl v dohledu!
8/3/835b512a.p3d	7417_mabcm_085	Bojové týmy, přeskupte se na shromaždišti.
8/3/835c2d10.p3d	24939_nypda_263	Místo činu na tuhle pozici.
8/3/835dff7a.p3d	168_bwbhk_137	Rozumím, přerušujeme průzkum, přepínám.
8/3/835ead58.p3d	20415_mamls_scream_d	*výkřik*
8/3/835f0b24.p3d	22278_bwhqa_e10m04_053	Nástup, nástup, žádáme všechny body, paluba Reaganu je horká. Pokud jste ve vzduchu a ozbrojeni, potřebujeme vás. Hned.
8/3/835f8f72.p3d	20052_magsp_320	Protiletadlová palba, uhni!
8/3/836598eb.p3d	19890_magsp_178	Cíl padá! Nepřestávejte!
8/3/83679fef.p3d	18072_bwtra_429	To po nás střílí!
8/3/836d1e3e.p3d	11249_maoff_093	Mám tě plný zuby, kurva! Konec!
8/3/83737d2c.p3d	18995_susol_383	K zemi!
8/3/837812f0.p3d	9298_mar_b_467	*dušení* Nemůžu dýchat...
8/3/83861a31.p3d	17421_bwoff_080	Soustřeďte se, blbci.
8/3/838d942f.p3d	15150_p_mtm_042	Terorista!
8/3/83913341.p3d	4809_maabr_137	Polní týme. Potvrďte ten zásah. Jsme v pořádku? Přepínám.
8/3/839360e2.p3d	22274_bwhqa_e09m01_049	Naléhavé! Roztočte ty vrtulníky, uvolněte zem, uhněte, uhněte!
8/3/83953e3d.p3d	17139_bwtrb_319	Zahajte na tu věc palbu!
8/3/8397b126.p3d	19467_bwhqa_136	Ukončete pohotovost, polní jednotky. Rozkazy se připravují, přepínám.
8/3/839ae87b.p3d	17858_bwtra_215	Co se děje? Co jsi viděl? Uklidni se a řekni mi to!
8/3/83a6632b.p3d	4382_mar_c_240	Nesahej na mě, sakra!
8/3/83ab1221.p3d	22223_bwgsp_e06m03_03	Něco se tam dole děje, Red Crown. Pohyb přes celý blok. Několik bloků.
8/3/83b1c8f6.p3d	13698_p_erm_220	Ne, chlape, ne!
8/3/83b2eeb5.p3d	22919_mar_b_e08m04_048	Ani náhodou. Ani náhodou, kurva.
8/3/83b41547.p3d	12153_nypda_225	Ten hajzl je teď mrtvej.
8/3/83b4898e.p3d	13375_p_ctm_132	Střelec, pozor!
8/3/83bb97b9.p3d	8785_mar_a_506	Tohle není správný, kámo, není to správný!
8/3/83cce439.p3d	14779_p_mtf_133	Sehněte hlavy!
8/3/83cdb939.p3d	11819_nydisp_084	Co se to tam dole děje?
8/3/83cfc9db.p3d	24904_nypda_518	Pozor!
8/3/83d19136.p3d	133_bwbhk_102	Nemám žádnou viditelnost. Je tam dole někdo? Mluvte na mě, přepínám.
8/3/83d6fc59.p3d	19018_susol_406	Sakra!
8/3/83e44171.p3d	23946_alex_074	Jedny dveře se zavřou, otevřou se další dvoje. Sakra.
8/3/83e70ed3.p3d	18960_susol_348	Nepřetržitá palba na to, hned! D-Codes, POSTUPTE! POSTUPTE! POHYB, POHYB, POHYB!
8/3/83e75df5.p3d	11939_nypda_024	Mám tu špatný pocit, dispečinku -- jdu to prověřit.
8/3/83eba4ac.p3d	9263_mar_b_432	Do prdele!
8/3/83fbb720.p3d	4646_mar_c_514	Přerušit boj! Přerušit boj!
8/4/84021af3.p3d	21731_speci_e04m04_033	Bere zásahy. Přidejte!
8/4/8402f259.p3d	15560_p_suf_216	Hej! Hej!
8/4/84058bc0.p3d	25407_alex_e04m04_706	To, že jsi tady, znamená, že mě Karen Parkerová zradila.
8/4/8408cd6e.p3d	17104_bwtrb_284	Mrtvej chlap. Velký nepořádek.
8/4/8409fbf4.p3d	20996_p_uem_cough_a	*kašel*
8/4/840b42e2.p3d	19432_bwhqa_101	Red Crown hlásí leteckou podporu na cestě a stav mise žlutý, přepínám.
8/4/840e77ac.p3d	17823_bwtra_180	V hajzlu! Tohle je v hajzlu!
8/4/8415fe62.p3d	16636_bwabr_176	Kontakt! Kontakt! Rudí v zóně!
8/4/8417a52f.p3d	14905_p_uwm_028	Kdo to kurva udělal?
8/4/8418a3f3.p3d	21717_speci_e04m04_019	Dost!
8/4/841ea7a1.p3d	9875_maf35_163	Cíl skoro dole, dejte mi prostor a zasáhnu ho znovu.
8/4/84255812.p3d	13663_p_erm_185	Utíkej a schovej se!
8/4/842818aa.p3d	13340_p_ctm_097	Co!?
8/4/84285775.p3d	10052_maf35_320	Katapultuji se! Katapultuji se!
8/4/84298652.p3d	19997_magsp_265	Tornado Osm volá Red Crown, vše čisté.
8/4/842f26ea.p3d	8750_mar_a_471	Nepřátelé všude, Red Crown. Pošlete podporu nebo evakuaci, přepínám.
8/4/8434185e.p3d	13183_p_ctf_172	Z cesty!
8/4/84369491.p3d	21984_alex_e05m03_200	Ale ne, smůla....
8/4/844075f7.p3d	14744_p_mtf_100	Přestaň!
8/4/844296c3.p3d	20724_p_fdf_gasp_a	*lapání po dechu*
8/4/845181bb.p3d	15257_p_mtm_145	Odlož to!
8/4/84571cdb.p3d	21010_p_uem_gasp_c	*lapání po dechu*
8/4/845a09f1.p3d	10318_mahqb_065	Rozumím a povoluji.
8/4/8460544e.p3d	25225_nypda_107	Čistíme oblast, dispečinku. Je pryč.
8/4/8464d535.p3d	8183_mabhk_262	Sakra, musíme se stáhnout, jsme moc blízko!
8/4/84679251.p3d	24566_alex_e06m01_569	Dano!
8/4/846a50bb.p3d	4489_mar_c_347	Zakopejte se! Už to jde!
8/4/846d0307.p3d	22130_alex_e09m01_347	Taggarte, tady zemřeš.
8/4/846f461d.p3d	4611_mar_c_469	Přestaňte střílet!
8/4/847a3dd2.p3d	21019_p_uem_pain_d	*argh*
8/4/847d1410.p3d	17666_bwtra_033	Potvrzuji.
8/4/8480ea50.p3d	7877_mabra_297	Co to trefilo? A sakra. Sakra, sakra!
8/4/84849aa7.p3d	16479_bwabr_019	Keyhole offline. Rudý, potvrzujete?
8/4/84888eac.p3d	4190_mar_c_059	Předejte to nahoru. Potřebujeme podporu na naší pozici. Pozitivní identifikace hlavního cíle.
8/4/8489901e.p3d	16601_bwabr_141	Nepřítel útočí!
8/4/848ccef1.p3d	19128_p_hlf_052	Kámo, ten chlap je problém!
8/4/84923948.p3d	9840_maf35_128	Voodoo Sedm, sletím trochu níž na oční kontrolu.
8/4/84981dea.p3d	7969_mabhk_068	Zmizel z dohledu, dejte mi pozici, přepínám.
8/4/849b0bc2.p3d	11094_mahqa_122	Snižte stupeň pohotovosti, potvrďte prosím.
8/4/849d182d.p3d	19962_magsp_240	Prvek potvrzuje.
8/4/849dc36d.p3d	8593_mar_a_334	Všichni klid -- zůstaňte soustředění!
8/4/849f1f50.p3d	18144_bwtra_501	Zadržte palbu, přátelé!
8/4/84a6f634.p3d	22167_bwabr_e08m02_07	Počkat. Zkontroluj termovizi, myslím, že jsem něco viděl.
8/4/84b06d48.p3d	22368_bwoff_e01m01_011	Do prdele, je rychlý... vystopujte ho! VYSTOPUJTE HO HNED!!
8/4/84c51379.p3d	15222_p_mtm_112	Utíkej! Utíkej!
8/4/84cb62ec.p3d	15985_p_uem_170	Aw, tohle už je moc! Do prdele! Jsem mrtvej. Je po mně!
8/4/84cdd022.p3d	9071_mar_b_240	Pojďme na to, sakra!
8/4/84cefd64.p3d	25068_nypda_375	Zašel jsi příliš daleko!
8/4/84d66cf4.p3d	2049_bwmls_187	Cíl splněn. Síť vypadá zeleně.
8/4/84d6d5da.p3d	22686_maf35_e10m04_017	Vidíte to svinstvo? Uvolněte tu zatracenou palubu!
8/4/84dd40cd.p3d	19539_bwhqb_037	Všechny jednotky, zrušte pátrání.
8/4/84e681f9.p3d	1991_bwmls_129	Na náměstí jsou ranění, pozor, máme raněné smíchané s nepřáteli.
8/4/84eb9208.p3d	12225_nypda_297	NA ZEM, HNED!
8/4/84ec08da.p3d	13447_p_ctm_204	Zavolejte 911! Prosím!
8/4/84f456f7.p3d	22461_bwtra_e06m05_053	Sežeňte snímek pro Zpravodajce!
8/4/84f47c0c.p3d	7842_mabra_262	Pořád jsme ve hře, zlato, pořád ve hře.
8/4/84ff0de7.p3d	10773_mamls_320	Sakra, je s náma konec, chlapi.
8/5/850118d7.p3d	8857_mar_b_046	Red Crown, cíl v dohledu. Zaměřuji ho laserem, souřadnice jdou z mýho uplinku, rozumíte?
8/5/85090df7.p3d	205_bwbhk_174	Zasraná divočina. Pozemní, zelená na tohle.
8/5/850a28b2.p3d	870_bwgsp_110	Přiveďte lodě blízko k sobě, zasáhněte to hned.
8/5/850bafa6.p3d	7934_mabhk_033	Sesypte na to palbu!
8/5/851418d5.p3d	4880_maabr_208	Zahajujeme průzkum podle hlášení, přepínám.
8/5/8516e417.p3d	15069_p_uwm_192	Pomozte mi! Někdo!
8/5/85196989.p3d	22793_maoff_e08m04_057	Zabijte to. Zabijte tu zasranou věc.
8/5/852323f8.p3d	9335_mar_b_504	Zabijte to!
8/5/852bf7e4.p3d	14482_p_ham_068	Sakra, on se proměnil!
8/5/852edf8e.p3d	16008_p_uem_193	Ahhh! Jsem zraněnej! Gahhh!
8/5/852ff29e.p3d	22779_maoff_e08m04_043	Pořád je to tam dole. Neodešlo to. Oči na stopkách!
8/5/853ef493.p3d	15950_p_uem_135	Je to masakr!
8/5/85428b21.p3d	25033_nypda_220	Podepsáno, zapečetěno, doručeno, zlato!
8/5/854b69d2.p3d	16996_bwtrb_176	Prostě ho zastřel.
8/5/854c7c30.p3d	4297_mar_c_154	Nepolevujte!
8/5/854d7d70.p3d	16708_bwabr_228	Tenhle je hotový. Blackjack se vrací domů, přepínám.
8/5/8550d289.p3d	19504_bwhqb_002	Všechny jednotky, zahajte pátrání.
8/5/855a2e48.p3d	12068_nypda_135	Vidím je. Vypadá to, že jsou skrčení, rozumíte?
8/5/855f97f6.p3d	13412_p_ctm_169	Slituj se! Slituj se!
8/5/855fc882.p3d	22061_alex_e07m01_277	Nedobrý.
8/5/85603b12.p3d	24549_alex_e05m01_553	Potřebuju informace.
8/5/8563188f.p3d	7685_mabra_125	Zpátečku, teď, jeď, jeď!
8/5/85743c7d.p3d	675_bwbra_270	Ježíši Kriste, to bylo o fous!
8/5/8574aa93.p3d	8822_mar_b_011	Čekám na rozkazy, pane!
8/5/8575d772.p3d	24819_nypda_110	Tady nic není, dispečinku.
8/5/8577f2b6.p3d	14816_p_mtf_170	Ach, bože. Ježíši. Neeee! Prosím!
8/5/857cc81f.p3d	13873_p_fdf_156	Ne, ne, prosím! Ušetři mě, prosím!
8/5/857f43ad.p3d	19770_magsp_058	Cíl se pořád hýbe. Tohle jsme ještě neviděli.
8/5/85890107.p3d	15329_p_mtm_217	Prosím, polož mě!
8/5/858a75be.p3d	15034_p_uwm_157	Co jsem udělal? No tak, chlape!
8/5/858d27ee.p3d	18875_susol_263	Postupte, sundejte ho!
8/5/858dd684.p3d	14386_p_fdm_202	Můžeš...můžeš někomu zavolat?
8/5/858ff24a.p3d	22113_alex_e08m04_330	Jeden je pryč.
8/5/8591bdb2.p3d	9178_mar_b_347	Kryjte se, hoši!
8/5/85924419.p3d	1092_bwgsp_330	Tornado Five, ztrácíme výšku!
8/5/85924613.p3d	24468_bwoff_e01m02_009	Raději se modli, aby v tom Randall nejel.
8/5/8596b314.p3d	9300_mar_b_469	Kurva... *lapání po dechu, dušení* udělejte něco.
8/5/859c5481.p3d	8255_mabhk_334	Padáme! Aaaáá!
8/5/85a13f05.p3d	24085_bwoff_events_046	Tady Red 4, jsme na pokraji vítězství.
8/5/85a90b74.p3d	15475_p_suf_131	Vidím bouchačku!
8/5/85aee674.p3d	17019_bwtrb_199	Palte! Je to ZEUS!
8/5/85b15c26.p3d	19347_bwhqa_036	Tady Red Crown. ZEUS proklouzl sítí. Přejděte do tichého režimu a čekejte na rozkazy, přepínám.
8/5/85b490b2.p3d	17738_bwtra_095	Jdeme dovnitř!
8/5/85bba5a2.p3d	21809_alex_e01m02_026	Oblečení, tváře, hlasy - všechno. Dokonalá kopie....
8/5/85befb8e.p3d	16961_bwtrb_141	Jaká je situace, pane?
8/5/85c00e0d.p3d	4262_mar_c_131	Je to v pohybu. Udržte tempo!
8/5/85c9b8a9.p3d	9912_maf35_200	Věži, potvrzujeme vaše pozemní cíle a jedeme do zásahu, přepínám.
8/5/85cb73b8.p3d	13578_p_erm_100	Co to sak...!
8/5/85cdab31.p3d	22514_bwtrb_e03m01_014	I my nevíme, co to je. Mají v cestě bio-jednotku.
8/5/85cdc004.p3d	12033_nypda_100	Tady Three Adam Nineteen. Mám pozitivní na podezřelého, žádám vojenskou podporu.
8/5/85ce1642.p3d	977_bwgsp_217	Mise splněna, přepínám.
8/5/85ce3452.p3d	13255_p_ctm_014	Hej! Já tu ženskou znám! Sakra!
8/5/85d0691a.p3d	13700_p_erm_222	Prosím! Přestaň!
8/5/85d20055.p3d	15414_p_suf_070_a	Tohle je v prdeli!
8/5/85d542b9.p3d	8665_mar_a_406	Máme tu pohyb, velitelství. Jdeme se podívat.
8/5/85d6a7c0.p3d	7650_mabra_090	Zkontroluj filtry, spusť kyslík, přepínám.
8/5/85d803b1.p3d	4987_maabr_295	Průzor vyřazen! Průzor vyřazen!
8/5/85da3164.p3d	13098_p_ctf_087	Mýlíš se! Mýlíš se!
8/5/85df2951.p3d	13220_p_ctf_209	K zemi!
8/5/85e13986.p3d	10581_mamls_148	Nepřítele máme na očích, přesouváme se a reagujeme na žádosti pozorovatele.
8/5/85e68efd.p3d	14659_p_mtf_015	Proč se tohle děje?
8/5/85e767d9.p3d	11807_nydisp_072	Negativní, důstojníku.
8/5/85e7ce24.p3d	640_bwbra_235	Označte tenhle cíl jako splněný.
8/5/85e84a04.p3d	20968_p_suf_pain_a	*argh*
8/5/85e8a0b5.p3d	24191_p_haf_185	Prostě běž! Běž!
8/5/85efe589.p3d	14589_p_ham_175	Uhni sakra z cesty!
8/6/8600b995.p3d	18840_susol_228	Problém se ZEUSem vyřešen.
8/6/860165a0.p3d	14351_p_fdm_167	Přestaň! Prosím přestaň! Prosím tě o slitování!
8/6/8601d2f6.p3d	24424_maoff_events_052	Co se to sakra děje? Dejte se dohromady.
8/6/86054f6e.p3d	9143_mar_b_312	To nevypadá dobře.
8/6/860aee79.p3d	8098_mabhk_197	Rozumím. Mrkneme se na to, konec.
8/6/860dc24d.p3d	20707_p_fdf_cheer_d	Díky bohu. Ano!
8/6/860fe39d.p3d	8220_mabhk_299	Pozor na přátelskou palbu, cíl je přichycený!
8/6/86155f38.p3d	4526_mar_c_384	Poplach! Je tady.
8/6/8615b5e7.p3d	7560_mabcm_214	Slyší mě někdo? Bože, myslím, že rádiový systém je mrtvý. Jestli mě někdo slyší, jsme zavaleni ve velitelské jednotce, zřítila se. Kapitán je mrtvý. Potřebujeme ženisty, aby nás vyhrabali.
8/6/861c9a90.p3d	15440_p_suf_096	Nedělej to!
8/6/861ebdb4.p3d	22902_mar_b_e06m01_031	Přestaňte střílet! Drží civilistu!
8/6/861f6d0a.p3d	20845_p_hlf_gasp_b	*lapání po dechu*
8/6/8624ede2.p3d	19312_bwhqa_001	Rozumím, cíl ztracen v sektoru Tango, žádám sekundární prohledání.
8/6/8628226e.p3d	17703_bwtra_060	Jdu blíž, mrknu se pořádně.
8/6/862fa924.p3d	16516_bwabr_056	Kill Box. Kill Box. Žádost o úderný balíček.
8/6/86385263.p3d	9755_maf35_043	Brýle na něj, přepínám na pohled dolů.
8/6/8638955a.p3d	8929_mar_b_098	Žádný kontakt. Začněte prohledávání.
8/6/863d27c4.p3d	20039_magsp_307	Shoď to TEĎ!
8/6/863f02d4.p3d	13543_p_erm_065	Tohle nevypadá dobře!
8/6/86433152.p3d	19877_magsp_165	FLIR ukazuje nějaký puls tam dole, čtete to taky?
8/6/86453856.p3d	18059_bwtra_416	Jdu tam teď!
8/6/86461a2a.p3d	11131_mahqa_159	Žádost o úder. Označte zónu zásahu.
8/6/86477bf0.p3d	22393_bwoff_e07m04_036	Zařízení Bravo Tango je v boji. Prioritní žádosti o leteckou a pozemní podporu jsou na cestě, aktualizace cíle se blíží. Nahrávám to teď do sítě.
8/6/8648d1ea.p3d	8630_mar_a_371	Máš moji pozici? Máme skiny přímo vpředu.
8/6/864b956d.p3d	4952_maabr_260	Úder proveden, máme povoleno vrátit se? Přepínám.
8/6/864dc322.p3d	13063_p_ctf_054	Hej! Hej! Vidíš to!?
8/6/864fa0a7.p3d	17282_bwtrb_462	Přibližuju se. Zabijte tu sakra věc.
8/6/865667de.p3d	483_bwbra_078	Máme záznam. Potvrzený záznam.
8/6/86637745.p3d	14554_p_ham_140	Aah, sakra! Kryt!
8/6/8663b283.p3d	17408_bwoff_067	Pozice zajištěna.
8/6/866a45e7.p3d	22243_bwhqa_e07m04_018	Potvrzuji vaši žádost, útočná letka je nyní na místě, udržujte minimální bezpečnou vzdálenost a označte cíle. Volací znak Delta Gopher má zelenou.
8/6/866b2c81.p3d	15137_p_mtm_029	Sakra.
8/6/866bd33e.p3d	22865_mar_a_e08m04_046	Matko boží. Co to sakra bylo za věc?
8/6/866f5364.p3d	18683_susol_071	Přesně tak, pošlete Úderný tým na mou pozici. Udělejte to.
8/6/867001fb.p3d	14194_p_fdm_011	Na co se všichni koukáte?
8/6/8674a044.p3d	22044_alex_e06m03_260	Ty, ty jsi ten pravý.
8/6/867e8035.p3d	8063_mabhk_162	Hrozba zneškodněna. Dobrá práce, týme!
8/6/8683fb7d.p3d	4369_mar_c_227	Otoč se a opusť zónu!
8/6/868f5b53.p3d	22565_bwtrb_e06m05_066	Bože můj... co to je?
8/6/86934a9c.p3d	24606_alex_e08m04_605	Teď!
8/6/86940d20.p3d	20766_p_fdm_gasp_c	*lapání po dechu*
8/6/869a9550.p3d	7757_mabra_197	Možná nic, ale mohlo by to bejt víc peklo, než potřebujeme, přepínám.
8/6/86a526ed.p3d	10688_mamls_235	Do toho, mariňáci! DO PRDELE, DO TOHO!
8/6/86ac8660.p3d	24298_p_haf_056	Ubohej zasranej hajzl!
8/6/86b041b8.p3d	785_bwgsp_025	Cíl uprchl, zahajuji pátrací protokol.
8/6/86b0b6f5.p3d	20004_magsp_272	Všechny hrozby zlikvidovány. Žádám povolení k návratu na základnu.
8/6/86b4476b.p3d	13945_p_fdf_228	Áááách!
8/6/86b56b13.p3d	25362_alex_e01m02_704	Teď budu muset zabít i je.
8/6/86b6c30e.p3d	19842_magsp_130	Udržujeme vyhledávací vzorec nad zónou, konec.
8/6/86b76e2f.p3d	8473_mar_a_214	Hej, ty! Stůj přesně tam!
8/6/86b8c787.p3d	18024_bwtra_381	Všichni, buďte podezřívaví.
8/6/86ba31f0.p3d	4795_maabr_123	Nic tu nemáme, Red Crowne. Ranger Dvě Sedm se stahuje.
8/6/86bb0ee4.p3d	22314_bwhqa_e10m04_089	Opusťte loď. Celá posádka, opusťte loď.
8/6/86c1f50a.p3d	15106_p_uwm_229	Ach bóóóže!
8/6/86c4a73a.p3d	18947_susol_335	Mám tu prostředí bohaté na cíle, Control.
8/6/86d699d4.p3d	24743_uav_call_strike01	Varování. Poplach úderné zásilky. Poplach úderné zásilky. Varování. Poplach úderné zásilky. Poplach úderné zásilky.
8/6/86e08ac0.p3d	15547_p_suf_203	Ať to přestane!
8/6/86e50db1.p3d	15865_p_uem_053	Hej! Myslím, že je to ta... věc!
8/6/86e8d8a9.p3d	19419_bwhqa_088	Jednotky, ohlaste se. Red Crown žádá hlášení situace.
8/6/86eb7088.p3d	11499_maoff_326	Ústup! Ústup!
8/6/86f78aad.p3d	4334_mar_c_191	ZEUS je blízko! Najděte ho!
8/6/86f8bd66.p3d	24890_nypda_214	Do prdele s tímhle chlapem.
8/7/87002cbb.p3d	1871_bwmls_009	Jaký typ munice a kam? Pošlete souřadnice.
8/7/87053cc9.p3d	12105_nypda_176	Dispečinku, podezřelý je na útěku!
8/7/8705b111.p3d	13327_p_ctm_084	Máte špatnýho chlapa!
8/7/8705efc7.p3d	10039_maf35_307	Uhni vpravo!
8/7/870cbf3c.p3d	8737_mar_a_458	Pozor!
8/7/870e270c.p3d	7722_mabra_162	Tenhle krocan je upečenej, mariňáci.
8/7/870e9a4c.p3d	21955_alex_e05m01_171	Ne, nebude to fungovat. Ne s touhle věcí ve mně.
8/7/8718b8a9.p3d	10653_mamls_200	Tady Winchester, operace dokončena a nádrže prázdné.
8/7/871f4ac6.p3d	712_bwbra_297	Ach! Máme po všem!
8/7/872018db.p3d	24263_p_haf_086	Počkej -- vydrž, vydrž, kámo. Počkej, dobře! Nejsem to, co si myslíš!
8/7/8722e13c.p3d	13788_p_fdf_073	On! To je on!
8/7/8727d69c.p3d	13910_p_fdf_193	Krvácím! Ne!
8/7/872dc10c.p3d	4760_maabr_088	Red Crowne, žádám povolení stáhnout se a přeskupit, přepínám.
8/7/8731cc1d.p3d	17090_bwtrb_270	Mohli byste všichni prostě SKLAPNOUT?
8/7/873838f6.p3d	18912_susol_300	Zasáhněte to kurva pořádně!
8/7/873ccc2f.p3d	9215_mar_b_384	Najděte to! Nahlaste to!
8/7/8740a3de.p3d	14891_p_uwm_014	Poznáte, kdo je do toho zapletenej?
8/7/874fe130.p3d	383_bwbhk_352	Označte naši pozici, označte naši pozici. Padáme.
8/7/875419dc.p3d	15512_p_suf_168	Neubližuj mi! Prosím, neubližuj mi!
8/7/87589f58.p3d	15830_p_uem_018	Co je to? Co je to?
8/7/875f02fe.p3d	11464_maoff_351	Všichni, zasáhněte můj cíl. PALTE!
8/7/876514d2.p3d	16876_bwtrb_076	Prohledávejte s klidem, lidi.
8/7/87662712.p3d	4177_mar_c_045	Chalk Tři volá Red Crown. Klid jako v hrobě. Žádný vizuál na ZEUSE, přepínám.
8/7/87689775.p3d	22430_bwtra_e04m01_022	Opakuji, máme nepřítele uvnitř plotu, Palác je horký, eskalujte, eskalujte.
8/7/876e1c59.p3d	20980_p_suf_cheer_a	Jasnýýý!
8/7/876fd1af.p3d	9827_maf35_115	Voodoo Sedm volá Red Crown, vyšlete prioritní úderný balík Delta, přepínám.
8/7/87768220.p3d	13615_p_erm_137	Střílí!
8/7/87797ef8.p3d	10004_maf35_272	Jsem v pohodě, v pohodě. Pořád v boji, přepínám.
8/7/877ab09e.p3d	19949_magsp_237	Přijato.
8/7/877cc351.p3d	7565_mabra_005	Akorát včas na zbytky, přepínám.
8/7/8785426c.p3d	13135_p_ctf_124	Zastavte toho muže!
8/7/878752a1.p3d	10496_mamls_063	Střelče, sleduj zaměřovače, pořád jsou tu někde kolem.
8/7/87899e07.p3d	22162_bwabr_e06m03_02	To nestačí, potřebujeme něco pořádnějšího. Něco hodného Saddámova paláce, co?
8/7/878de73f.p3d	555_bwbra_150	Zpátky! Vraťte nás zpátky!
8/7/879672fa.p3d	13753_p_fdf_040	Hej! To bolelo!
8/7/8797a2f9.p3d	19682_bwhqb_160	Nasaďte úderný balíček. Můžete volně střílet.
8/7/879948b0.p3d	24199_p_haf_gasp_g	*lapání po dechu*
8/7/879af691.p3d	14626_p_ham_212	Do prdele!
8/7/879bc188.p3d	22762_maoff_e06m01_026	Míří na západ! Nespouštějte ho!
8/7/879c0de4.p3d	21004_p_uem_disgust_a	Fujtajbl!
8/7/87a2a940.p3d	15209_p_mtm_099	To je konec. Všichni umřeme.
8/7/87a6d2b0.p3d	18755_susol_143	Zlomím ti tvůj zasranej vaz. VYPADNI ODSUD.
8/7/87a77ebb.p3d	14266_p_fdm_082	Počkejte, došlo k omylu!
8/7/87ab6874.p3d	9058_mar_b_227	Mohl by to bejt náš chlap... nemůžu říct na sto procent.
8/7/87bbcf25.p3d	7475_mabcm_143	Uvolnit. Všechny pozice, uvolnit.
8/7/87bc9f90.p3d	24997_nypda_007	Právě teď by se mi fakt hodil hrdina. Chlapskej. Žádný zasraný jemný hovadiny.
8/7/87c2b638.p3d	15355_p_suf_013	Proč policie? Stala se nehoda?
8/7/87c41a60.p3d	1978_bwmls_116	Uklidťe to a dejte těm mužům trochu prostoru, stáhněte se blízko.
8/7/87cdc5dc.p3d	23893_alex_021	Působivé.
8/7/87d2145e.p3d	7829_mabra_249	Nic tu nezbylo, mizíme. Personál na plot, přepínám.
8/7/87d8a68e.p3d	16841_bwtrb_041	Hodně ti ublížím.
8/7/87e3a7e8.p3d	22895_mar_b_e02m05_025	Sežeňte sem hasiče, hoří to u palivový skládky!
8/7/87e7be79.p3d	857_bwgsp_097	Red Crown, jsme slepí, máte vektor cíle?
8/7/87ec3345.p3d	11046_mahqa_074	Velitelství zamítá, přepínám.
8/7/87ee425a.p3d	19914_magsp_202	Všechny jednotky, vidím nepřátelský dav pohybující se na východ od mé pozice. Pozemní síly jsou značné.
8/7/87eeeaf0.p3d	8545_mar_a_286	Je to půl na půl, kámo. Nevím...
8/7/87f0128e.p3d	19137_p_hlf_060_a	To je on! Ten, po kterym jdou poldové!
8/7/87f1aeb1.p3d	4867_maabr_195	Pozor na ten oheň!
8/7/87f5b9ad.p3d	17197_bwtrb_377	Nenech ho to udělat!
8/7/87f8d188.p3d	13100_p_ctf_089	Co to děláte?
8/7/87fae448.p3d	10461_mamls_028	Žádáme aktualizaci stavu kontaktu, máme negativní.
8/8/880178e6.p3d	520_bwbra_115	Zapínáme skenery. Objeví se to.
8/8/88049183.p3d	14998_p_uwm_121	Má někoho!
8/8/8809904b.p3d	14469_p_ham_055	Zastavte ho! Zastavte ho!
8/8/880f79d4.p3d	21886_alex_e03m02_102	Ještě kousek....
8/8/881a6457.p3d	18720_susol_108	Prohledejte okolí, zkontrolujte nahoře, sežente ho.
8/8/881b1063.p3d	14231_p_fdm_048	Zůstaňte v klidu! Zůstaňte v klidu!
8/8/881c8cfb.p3d	15937_p_uem_123	Zahoď to, chlape!
8/8/881ef7a5.p3d	9023_mar_b_192	Nejde identifikovat cíl!
8/8/88298e9d.p3d	8100_mabhk_199	Pohyb potvrzen, zahajujeme průzkum, přepínám.
8/8/882f09fa.p3d	4406_mar_c_264	Ty hajzle!
8/8/882f60cc.p3d	7440_mabcm_108	Red Crowne, cíl nám zmizel z dohledu. Potvrzujeme to s polními jednotkami, konec.
8/8/8830094c.p3d	20297_mabhk_choke_b	*dušení*
8/8/88304474.p3d	24962_nypda_508	*zasténání* Pusť mě! *zasténání*
8/8/8830682c.p3d	22741_maoff_e02m01_005	Tady velitel oddílu Delta, jsme na November Charlie. Oblast K pět devět je čistá pro zajištění a analýzu.
8/8/8831897a.p3d	21938_alex_e04m04_154	Ne!
8/8/88320ca6.p3d	191_bwbhk_160	Tohle není dobré, vyčistěte oblast!
8/8/8837a991.p3d	1943_bwmls_081	Tango Whiskey je prázdný. Doplňte ho.
8/8/88412e3a.p3d	11272_maoff_143	Pozor!
8/8/88436044.p3d	99_bwbhk_068	ZEUS zmizel ze scanerů, může někdo potvrdit polohu, přepínám.
8/8/88443e9d.p3d	8809_mar_a_530	Ale, kámo, néé!
8/8/8844961f.p3d	21031_p_uwm_cheer_d	*smích* Jo!
8/8/8847d928.p3d	11997_nypda_063	Co je vlastně s těmahle chlapama? Můj bratranec z dvanáctýho okrsku má o nich nějaký historky.
8/8/8850356a.p3d	10725_mamls_272	Ukazuje mi přímý zásah. Hlášení z fronty?
8/8/88560453.p3d	21781_speci_e04m04_083	Co?
8/8/885797c5.p3d	24335_p_haf_123	Někdo, pomozte tomu chlapovi.
8/8/885b5035.p3d	822_bwgsp_062	Vyšlete nouzovou záchranu na mou dvacítku, přepínám.
8/8/885cdc14.p3d	19757_magsp_045	To vypadá dobře.
8/8/885d8734.p3d	8388_mar_a_128	*zabručení* NE!
8/8/885fc52a.p3d	11011_mahqa_059	Cíl jedna splněn. Vypadá to dobře, přepínám.
8/8/886073e9.p3d	21025_p_uem_fallscream_b	*výkřik*
8/8/88627cac.p3d	8510_mar_a_251	Nepřibližuj se ke mně!
8/8/8865406d.p3d	4832_maabr_160	Přilétá to!
8/8/88694b69.p3d	17162_bwtrb_342	Sežeňte sem nějaký sakra mariňáky, ať to honí. My to chceme jen zabít.
8/8/886bbe3d.p3d	19490_bwhqa_159	Nasazujeme úderný balíček, polní jednotky předejte souřadnice, přepínám.
8/8/886c8d53.p3d	21767_speci_e04m04_069	Udržujte bezpečnou vzdálenost od vzorku a spalte zbytek stavby. UDĚLEJTE TO.
8/8/886ef592.p3d	17881_bwtra_238	To je sakra až moc divné.
8/8/886fdc6b.p3d	1079_bwgsp_317	Ztrácíme výšku, padáme!
8/8/88767c1f.p3d	16694_bwabr_214	Je to hotové, žádné cíle nezbývají.
8/8/8878209f.p3d	14963_p_uwm_086	Napálil tě! Nedělej to!
8/8/887d2207.p3d	14434_p_ham_020	Kdo to udělal?
8/8/888f26be.p3d	21689_karen_e03m01_006	Prosím *lapá po dechu*, nenech nás zemřít!
8/8/88901c17.p3d	15902_p_uem_088	Ne! Ne! Mýlíte se!
8/8/889c93e0.p3d	16948_bwtrb_128	Vyhráli jsme, pane.
8/8/889da65f.p3d	4249_mar_c_118	Do prdele! Koukni na to! Garcesi, Millere, Brandte, jste na hlídce perimetru, dokud nás nevystřídaj!
8/8/889e3937.p3d	20534_nypda_scream_c	*výkřik*
8/8/88aa859d.p3d	17586_bwoff_235	Ústup!
8/8/88b2f033.p3d	22345_bwhqa_527	Přilétající letoune, vraťte se na předchozí letovou trasu. Vstupujete do zabezpečeného vzdušného prostoru.
8/8/88b44012.p3d	7637_mabra_077	Máte volno, vypadá to dobře. Připraveni na nové rozkazy.
8/8/88b6f200.p3d	64_bwbhk_033	To byl přímý zásah.
8/8/88ba87cd.p3d	10376_mahqb_113	Mise zůstává v podstatě nezměněná.
8/8/88bb6aed.p3d	11962_nypda_037	Rozumím.
8/8/88bcbf2d.p3d	13207_p_ctf_196	Ach bože!
8/8/88bed1ed.p3d	10568_mamls_135	Pozorovatel se přibližuje, čekejte na potvrzení nebo palebnou misi.
8/8/88c0cff7.p3d	25283_nypda_180	Podezřelý je mobilní -- a HÝBE se!
8/8/88c14fe2.p3d	11728_nydisp_013	10-11, podezřelý stále na útěku. Naposledy viděn směrem na jih.
8/8/88c6391c.p3d	24178_p_haf_172	Uhni mi z cesty!
8/8/88cb2684.p3d	24300_p_haf_058	Bože, to je ten chlap!
8/8/88cdf244.p3d	13825_p_fdf_110	Slyší mě někdo!?
8/8/88d06dd0.p3d	19722_magsp_010	Red Crown, Tornado Jedna. Tady je klid. Můžete nás poslat někam do akce, přepínám.
8/8/88d11665.p3d	8353_mar_a_093	Hlídejte svou palebnou zónu, palte při kontaktu.
8/8/88d3dcb2.p3d	4675_maabr_003	Obrněná jednotka připravena. Kryjeme vás, mariňáci.
8/8/88d9b33c.p3d	23970_alex_098	Dokončeno.
8/8/88dd7649.p3d	12440_nypda_512	Hej, co si sakra myslíš, že děláš!?
8/8/88de51fc.p3d	18827_susol_215	Postupujeme, pozor na přátelskou palbu!
8/8/88defe07.p3d	14338_p_fdm_154	Co se to děje!?
8/8/88e36b9d.p3d	1044_bwgsp_283	Počáteční výsledky, ale palebná mise nedokončena.
8/8/88ed4cd5.p3d	19186_p_hlf_108	Lindsey!? Kde sakra jsi, holka!?
8/8/88ed7c04.p3d	8207_mabhk_286	ZEUS je ozbrojen, všichni se stáhněte!
8/8/88f34e4e.p3d	7547_mabcm_201	Základna narušena! Ztrácíme kontrolu, Red Crowne, poraďte!
8/8/88f51731.p3d	23922_alex_050	Další.
8/8/88f5fa36.p3d	298_bwbhk_267	Cíl zneškodněn, opakuji, cíl zneškodněn.
8/8/88fa32f7.p3d	15427_p_suf_083	N-n-n-n--n-n--ne! Pletete se!
8/9/89051ba6.p3d	11379_maoff_235	Do prdele! Máme tu nehodu!
8/9/890a10ac.p3d	11501_maoff_328	Ústup! Ústup!
8/9/89113590.p3d	4214_mar_c_083	Zkontrolujte je a přivolejte Medevac!
8/9/89127388.p3d	24770_nypda_402	Jo! Ať to sežere!
8/9/891e1778.p3d	17551_bwoff_210	Průzkumujeme. Ke mně, pohyb!
8/9/891f3dc5.p3d	929_bwgsp_169	Přesně tak, zápalné, opakuji, zápalné. Dorazte je!
8/9/8923b291.p3d	11118_mahqa_146	Data pro úderný tým odeslána, pokud možno označte stroboskopem, přepínám.
8/9/89258ed2.p3d	15280_p_mtm_168	Bože, ne. Nechci umřít jako pes.
8/9/89266a3c.p3d	8617_mar_a_358	To prostě není v pořádku.
8/9/89292dbf.p3d	4939_maabr_247	Oblast je naše, velitelství. Dokázali jsme to, přepínám.
8/9/892d38f9.p3d	17269_bwtrb_449	Jenom jsem dělal, co mi řekli.
8/9/892de253.p3d	22534_bwtrb_e04m04_034	Kde je?
8/9/892e16e9.p3d	10341_mahqb_078	Negativní, rozumíte?
8/9/893263a9.p3d	10533_mamls_100	Azimut a směr, aktualizace vzdálenosti.
8/9/8932e337.p3d	17988_bwtra_345	Je to skoro hotové.
8/9/8939ce26.p3d	24143_p_haf_206	Utíkej!
8/9/893dbbff.p3d	19597_bwhqb_075	To je negativní.
8/9/894326e9.p3d	24561_alex_e05m02_564	Páni... to není dobré...
8/9/894c1003.p3d	12283_nypda_355	Hej, chlape, klid -- jsem jeden z vás!
8/9/89528fae.p3d	14303_p_fdm_119	Jsou jako zvířata!
8/9/8960dc06.p3d	19151_p_hlf_073	Viděla jsem toho chlapa běžet tudy!
8/9/896c2b16.p3d	7992_mabhk_091	Nemám žádnou viditelnost, přepínám.
8/9/8977c6a2.p3d	22399_bwoff_e08m02_042	Copperheadi. Potvrzuji kontakt s Copperheady.
8/9/8978ad62.p3d	11344_maoff_200	Máte špatného člověka! Stáhněte se!
8/9/898cb132.p3d	17394_bwoff_053	Hlásit se! HLÁSIT SE, SAKRA! Kdo žije?
8/9/898cedee.p3d	22585_bwtrb_e07m01_086	Ghoste Dvanáct, myslím, že ti dlužíme bednu piva. Díky.
8/9/899079f9.p3d	21821_alex_e01m02_038	Konečně jsem je setřásl...radši vyrazím.
8/9/89921f05.p3d	22263_bwhqa_e08m03_038	Přesouváme na vaši pozici další síly. Buďte ve střehu, dávejte pozor na palbu na přibližující se vlastní jednotky.
8/9/89945b60.p3d	19829_magsp_117	Hlásím cíl zaměřen. Žádám úder, žádám úder, přepínám.
8/9/899a4707.p3d	20279_maabr_dying_d	*chroptění*
8/9/89a0cab5.p3d	17234_bwtrb_414	Sejmi toho hajzla.
8/9/89a2fe97.p3d	25091_nypda_042	Tady Charlie Nineteen. To je negativní.
8/9/89a674f3.p3d	17953_bwtra_310	Nedívejte se na to přímo.
8/9/89a79201.p3d	435_bwbra_030	Tady Razorback, jsme nabiti a připraveni, přepínám.
8/9/89a8a81a.p3d	22249_bwhqa_e08m03_024	Páni... Máme ve vaší oblasti seizmickou aktivitu. Ve velkém měřítku. Vypadá to, že jste upoutali jejich pozornost. Čekejte.
8/9/89aa7cab.p3d	2072_bwmls_210	Cílová zóna je jedna hrůza. Poraďte, velení.
8/9/89adf8e0.p3d	16766_bwabr_286	Blackjack má sníženou funkčnost, přepínám.
8/9/89b14df9.p3d	19562_bwhqb_060	To je ono. Fáze jedna dokončena. Zaměřme se na město.
8/9/89b49ec8.p3d	14506_p_ham_092	C-co?!?
8/9/89c015f1.p3d	13470_p_ctm_227	Neeeee!
8/9/89cfaa43.p3d	8015_mabhk_114	Red Crowne, potvrďte poslední známý vektor, začneme odtamtud.
8/9/89d579e7.p3d	7355_mabcm_023	Narušení základny, červený poplach, všechny body!
8/9/89d65a86.p3d	24877_nypda_381	Pořád dobrý!
8/9/89d8709c.p3d	14874_p_mtf_228	Áááách!
8/9/89e74722.p3d	11187_maoff_049	Nakažení cíle tady. Sežeňte nám posily, přepínám.
8/9/89e954f8.p3d	22901_mar_b_e03m01_031	Všechny posádky vozidel jsou uvnitř na briefingu.
8/9/89eaf3b9.p3d	15092_p_uwm_215	Ach bože!
8/9/89ebbf5e.p3d	7709_mabra_149	Je raněný. Je raněný? Potvrď?
8/a/8a02ef30.p3d	16031_p_uem_216	Hej! Aaahh! *dávení*
8/a/8a0895b1.p3d	8425_mar_a_165	Pořád jsem tady!
8/a/8a0b5973.p3d	4747_maabr_075	ZEUS potvrzen. Nahrávám vizuál, přepínám.
8/a/8a0f646f.p3d	17077_bwtrb_257	Dostaňte sem Ďáblova doktora, máme zraněný civilisty.
8/a/8a150ead.p3d	17796_bwtra_153	Vědecký tým chce vzorek a zajištěný perimetr.
8/a/8a218a9c.p3d	16731_bwabr_251	Cíl se hroutí, nepovolujte!
8/a/8a24c994.p3d	19258_p_hlf_178	Ach bože!
8/a/8a2a33c6.p3d	9970_maf35_238	Přepněte na dílčí kanál čtyři pro nízkou prioritu.
8/a/8a2e3b78.p3d	12091_nypda_162	*sténání* Potřebuju pohotovost, hasiče, záchranu, zdravotníky -- všechno sem. *zasténání* Máme zranění všeho druhu, možná plyn, elektřina, přepínám.
8/a/8a37d90f.p3d	20219_bwoff_stab_d	*ááh*
8/a/8a49e183.p3d	24842_nypda_094	Two Oscar Nineteen -- podezřelý nalezen. Potřebujeme úderný tým -- HNED!
8/a/8a49e716.p3d	24544_alex_e04m03_548	Doufám, že McMullen není uprostřed toho binci...
8/a/8a55941a.p3d	17623_bwoff_272	Střelte ho! HNED! Do prdele, střelte ho!
8/a/8a5ad8dc.p3d	11152_maoff_012	Kryjte své zóny! Všichni, hlaste se, pokud to spatříte!
8/a/8a65964a.p3d	10413_mahqb_150	Veliteli úderu, máte slovo, jednejte.
8/a/8a65d565.p3d	24044_bwoff_events_005	Ti nakažení dneska mají nějakou pomoc -- tohle bude tvrdé.
8/a/8a66f060.p3d	25198_nypda_285	Něco vám řeknu, jsme v pěkný prdeli.
8/a/8a6be8e9.p3d	25320_nypda_458	Pozor!
8/a/8a6e6a3b.p3d	2179_bwmls_317	Jsme venku! Sakra, vypadáme!
8/a/8a7142c9.p3d	24215_p_haf_027	Nějakej idiot se skoro zabil.
8/a/8a753b4b.p3d	19669_bwhqb_147	Chci úderné jednotky na cestě, co nejdřív.
8/a/8a75dd33.p3d	4584_mar_c_442	Ať si zkontrolujou cíle! Žádná palba na vlastní!
8/a/8a7c23c6.p3d	22631_maabr_e08m04_026	Ježíši. Máme tu seismickou aktivitu, veliteli, hází to s náma. Máte k tomu nějaký informace?
8/a/8a7eeb2f.p3d	4712_maabr_040	Zásahy, ale bez výsledku. Můžeme dostat nový snímek, Red Crowne?
8/a/8a82f62b.p3d	17042_bwtrb_222	Ukaž mi svůj průkaz!
8/a/8a838f4f.p3d	12355_nypda_427	Vypadněte odsud!
8/a/8a85693d.p3d	19370_bwhqa_059	Rozumím. Máme potvrzení rozkazu k likvidaci, polní jednotky čekají na rozkazy.
8/a/8a88a054.p3d	17761_bwtra_118	Zahlédl jsem subjekt, potvrzeno.
8/a/8a89fa91.p3d	23969_alex_097	To stačí.
8/a/8a90271f.p3d	16574_bwabr_114	Právě jsme roztrhali další kůži, přepínám.
8/a/8a985b50.p3d	19223_p_hlf_143	Co to dělá?
8/a/8a991355.p3d	8987_mar_b_156	Otoč se a vypadni odsud, sakra.
8/a/8a9e8814.p3d	22450_bwtra_e05m01_042	Hotrod Two Six, ohlaste se, přepínám... Red Crown, ztratili jsme dalšího, přepínám.
8/a/8aa10b3e.p3d	335_bwbhk_304	Udržet kontrolu, udržet kontrolu!
8/a/8aa8468c.p3d	24597_alex_e07m01_600	Pohyb! Pohyb! Pohyb!
8/a/8ab029e7.p3d	11416_maoff_254	Ošetřovatele! Radši se na tohle podívej.
8/a/8ab63ee0.p3d	16828_bwtrb_028	Kde je? Kam šel?
8/a/8aba9c14.p3d	14682_p_mtf_038	To je sakra drzost!
8/a/8ac4307e.p3d	17466_bwoff_125	Stůj. STŮJ.
8/a/8acba7ef.p3d	15195_p_mtm_085	Sáhnu si do kapsy pro doklady. Jen vydržte chvíli.
8/a/8ad432cd.p3d	10256_mahqb_013	Postupujte opatrně, ale znovu zaměřte ZEUSE.
8/a/8ad84776.p3d	17306_bwtrb_486	Zastavit! Zastavte se!
8/a/8ad87caf.p3d	10448_mamls_015	Pánové, teď jsme oficiálně v pracovní době.
8/a/8ad9e0ef.p3d	10975_mahqa_023	Negativní pátrání staženo. Potvrďte.
8/a/8ada7aa3.p3d	25163_nypda_059	Ve službě. Co tu máte?
8/a/8adafe82.p3d	11716_nydisp_001	Všechny jednotky, ztratili jsme podezřelého.
8/a/8adf114d.p3d	507_bwbra_102	Red Crown, Razorback žádá úderový balíček, přepínám.
8/a/8ae1f96c.p3d	2144_bwmls_282	Jsi v pořádku? Pořád v pohybu.
8/a/8ae3843e.p3d	24005_bwhqb_e03m02_010	Red Crown všem velitelským jednotkám. Potvrzen mezidruhový přenos varianty Blacklight z ptačích přenašečů na lidi. Nyní platí protokoly Blacklight úrovně 3. Konec.
8/a/8ae8cd07.p3d	19634_bwhqb_112	Přecházíme do utajení. Operace má tichý stav.
8/a/8af2291e.p3d	12198_nypda_270	Do prdele!
8/a/8af59710.p3d	21857_alex_e03m01_073	Musím najít řidiče.
8/a/8af71e80.p3d	12320_nypda_392	Mám ženu a děti, chlape. Mám ženu a děti!
8/a/8af7fa33.p3d	18707_susol_095	Zmizel, Control. Smůla.
8/a/8af8a8ca.p3d	14218_p_fdm_035	Dobře, s tebou jsem skončil!
8/a/8afb7a3f.p3d	21909_alex_e04m01_125	Sakra.
8/b/8b0ca511.p3d	8952_mar_b_121	SERU na tebe!
8/b/8b0cf6a8.p3d	7427_mabcm_095	Tohle je přímo od Red Crown. Máme povoleno vyslat do boje více týmů. Palebné týmy Juliet, Kilo a Oscar, nasadit hned!
8/b/8b0dd994.p3d	24949_nypda_433	Dvojnásobným tempem!
8/b/8b0fa4f8.p3d	178_bwbhk_147	Máme tu dole něco ošklivého, žádáme dělostřeleckou palbu na cíl.
8/b/8b1134f0.p3d	20062_magsp_330	Myslím, že to mám. Myslím, že to mám! Zvládnu to udržet, zvládnu -- NEÉÉ!!!
8/b/8b149a5a.p3d	300_bwbhk_269	Cíl dole, Chalks připraveni na vyzvednutí, přepínám.
8/b/8b19456d.p3d	18082_bwtra_439	Dej do toho!
8/b/8b1ec648.p3d	11259_maoff_104	Protokol prohledávání. Jdem. Jdem.
8/b/8b2660d4.p3d	24527_alex_e03m01_531	Počkat - soustřeď se. Musím se dostat ke Karen...
8/b/8b37bfaf.p3d	17431_bwoff_090	Vysypte to na můj cíl, dejte do toho všechno, co máte!
8/b/8b38e887.p3d	809_bwgsp_049	Jedinec v rudém v té předchozí zóně, Věž.
8/b/8b3f39ad.p3d	15160_p_mtm_052	Viděl ho ještě někdo!
8/b/8b42d8bf.p3d	4819_maabr_147	Hodí to!
8/b/8b4498b9.p3d	24601_alex_e07m02_608	Budu v pasti, jestli tohle nasadí po celém městě.
8/b/8b46e3bb.p3d	17149_bwtrb_329	Přestaň s tím.
8/b/8b4956a4.p3d	19477_bwhqa_146	Úderný tým se s vámi setká na vašich souřadnicích za dvacet.
8/b/8b4c8df9.p3d	17868_bwtra_225	Našel jsem tělo!
8/b/8b573db6.p3d	23041_tagga_e03m01_001	Tady Taggart. Všechny jednotky Redline na kontrolní body Containment One. Uzavřete to!
8/b/8b57cf39.p3d	22415_bwtra_e01m02_007	Tohle je sakra zločin.
8/b/8b5808a9.p3d	4392_mar_c_250	Sakra! Kryjte je.
8/b/8b65bac5.p3d	12163_nypda_235	Nedůvěřuju tomu. UHNI.
8/b/8b662f0c.p3d	13385_p_ctm_142	Bude střílet!
8/b/8b6d3d37.p3d	8795_mar_a_516	Ále, do háje!
8/b/8b7e89b7.p3d	14789_p_mtf_143	Bouchačka! Někdo, zavolejte policii!
8/b/8b81606f.p3d	24914_nypda_133	Dispečinku. Ozvěte se, dispečinku. Tady Charlie Nineteen, 10-84.
8/b/8b8336b4.p3d	143_bwbhk_112	Vizuál potvrzen, pošlete úder. Dvacet-dvacet.
8/b/8b925882.p3d	11224_maoff_111	Prorazil kordon. Jsme bez stopy, Red Crown.
8/b/8b98b451.p3d	18970_susol_358	Chceš ještě!?
8/b/8b990373.p3d	11949_nypda_034	10-4, dispečinku.
8/b/8b9d4a2a.p3d	9273_mar_b_442	Ne-ne-neubližujte mi! Prosím!
8/b/8bad5c9e.p3d	4656_mar_c_524	Pomoc!
8/b/8bae9440.p3d	22092_alex_e08m02_310	Asi dva. Přibliž se a zaútoč!
8/b/8bb497d7.p3d	15570_p_suf_226	Neeee!
8/b/8bb9e6ef.p3d	24695_tagga_e09m03_002	Všechny jednotky! Tady plukovník Taggart. Základna padla, přesouváme se teď! Všechny zbraně na ZEUS!
8/b/8bba72ec.p3d	17114_bwtrb_294	Sakra!
8/b/8bbb0c10.p3d	12427_nypda_499	Moc blízko, chlape.
8/b/8bbce860.p3d	19442_bwhqa_111	Nahrávám taktická data všem polním jednotkám, Černá má zelenou k zásahu.
8/b/8bbe4ee1.p3d	24397_maoff_events_025	Nešetřete se, chlapi -- teď se to může zvrtnout na obě strany.
8/b/8bc01d2a.p3d	17833_bwtra_190	Kéž bych tě mohl zabít dvakrát.
8/b/8bc28c64.p3d	22144_alex_e09m03_361	Není kam utíkat!
8/b/8bc3e922.p3d	22405_bwoff_e09m03_048	SEŽEŇTE MI PROTITANKOVOU ZBRAŇ! SUNDEJTE TOHO PARCHANTA!
8/b/8bc7a3e0.p3d	16646_bwabr_186	Potvrzeno, jdeme se podívat.
8/b/8bc94aad.p3d	14915_p_uwm_038	Vzbuď se!
8/b/8bd04d1f.p3d	9885_maf35_173	Nepřítel dole v zabíjecí zóně, Voodoo Sedm se vrací do Citadely, přepínám.
8/b/8bd6fd90.p3d	13673_p_erm_195	Záchranku!
8/b/8bd9c0b3.p3d	13350_p_ctm_107	Zavolejte záchranku! *kašel* Záchranku!
8/b/8bd9fcf3.p3d	10062_maf35_330	Dohořelo, padám dolů!
8/b/8be0cc68.p3d	8760_mar_a_481	Dám si tvoji hlavu nad krb, ty ošklivej hajzle!
8/b/8be5bddc.p3d	13193_p_ctf_182	Nepřestávej!
8/b/8be85f18.p3d	21788_alex_e01m01_005	Nechápu to...ale je to dobrý pocit.
8/b/8bf21b75.p3d	14754_p_mtf_110	Kudy mám jít!? Ach, já nevidím!
8/b/8bfbad3f.p3d	17538_bwoff_197	Střílejte a nepřestávejte! Jsou tvrdí!
8/c/8c032739.p3d	15267_p_mtm_155	Opusťte město!
8/c/8c0baf6f.p3d	10328_mahqb_075	Negativní od RED CROWN.
8/c/8c12012a.p3d	25235_nypda_302	Stůj, přesně tam!
8/c/8c159b0a.p3d	22643_mabhk_e09m01_012	Jsme mimo zem, vstupujeme do vysokého kroužení.
8/c/8c167ab3.p3d	8193_mabhk_272	Útočíme, opakuji, útočíme.
8/c/8c187c8d.p3d	20907_p_mtm_cheer_d	Ach! *smích*
8/c/8c1bf639.p3d	4499_mar_c_357	Dobře. Zašel jsi moc daleko. Jde se na to!
8/c/8c20eb9b.p3d	4621_mar_c_479	Kurva, chlape, no tak! Mám ženu a děti!
8/c/8c224072.p3d	8305_mar_a_044	Rozstřílej to na kusy!
8/c/8c259cba.p3d	25426_alex_e06m02_707	Teď jsme tu jen my dva.
8/c/8c2eb98e.p3d	17676_bwtra_043	To je negativní.
8/c/8c329259.p3d	7887_mabra_307	Přilétá to! Přesuňte se!
8/c/8c364025.p3d	16489_bwabr_029	Skenery aktivní, ZEUS je na obrazovce.
8/c/8c3b359c.p3d	16611_bwabr_151	Už nevstane.
8/c/8c3e746e.p3d	19138_p_hlf_061	Já tomu sakra nevěřím!
8/c/8c43dec6.p3d	9850_maf35_138	Cíl zmizel, Red Crown. Ztratil jsem vizuál, vracím se domů.
8/c/8c49c368.p3d	7979_mabhk_078	Cíl zase v našem hledáčku, Red Crowne.
8/c/8c4b9fd6.p3d	20575_susol_pain_d	*argh*
8/c/8c4ebdab.p3d	19972_magsp_250	Negativní.
8/c/8c4fa2be.p3d	20627_p_ctm_cheer_d	Jeeee! Jee!
8/c/8c50c4ce.p3d	18154_bwtra_511	HÝÝÝÝÝBAT SEEEEEE!
8/c/8c6f3efb.p3d	17503_bwoff_162	Zatraceně, tu zbraň pryč!
8/c/8c76b8f7.p3d	15232_p_mtm_122	Sakra.
8/c/8c778ae4.p3d	22287_bwhqa_e10m04_062	Nástup, nástup, žádáme všechny body, paluba Reaganu je horká. Pokud jste ve vzduchu a ozbrojeni, potřebujeme vás. Hned.
8/c/8c7d086a.p3d	15995_p_uem_180	Z cesty!
8/c/8c7f75a0.p3d	9081_mar_b_250	Určitě je to mrtvý? Radši to zkontroluj.
8/c/8c80979a.p3d	25078_nypda_080	Dispečinku, momentálně to tu nevypadá moc dobře.
8/c/8c8588fd.p3d	25200_nypda_082	Dispečinku, tady Bravo Twenty-Two. Mám víc nepřátel na svý pozici.
8/c/8c881272.p3d	2059_bwmls_197	Cíl splněn, vracíme se.
8/c/8c8ee64b.p3d	19549_bwhqb_047	Cíl na zemi, opakuji, ZEUS na zemi.
8/c/8c8f87f5.p3d	4464_mar_c_322	Pořád funguju!
8/c/8c9d3a11.p3d	12235_nypda_307	Přesně tam!
8/c/8c9dae58.p3d	13457_p_ctm_214	Pohni se!
8/c/8ca24b54.p3d	17641_bwtra_018	Vojáku.
8/c/8ca6218a.p3d	7852_mabra_272	Dejte nám krycí palbu, potřebujeme tu trochu pomoct.
8/c/8cae3f75.p3d	25479_alex_e09m03_706	Neutečeš mi!
8/c/8cb20616.p3d	19103_p_hlf_027	Nějakej idiot se skoro zabil.
8/c/8cbab375.p3d	215_bwbhk_184	Hrozba zneškodněna. Dobrá práce, týme!
8/c/8cbbce30.p3d	880_bwgsp_120	Máme nepřítele na křídle, setřes toho hajzla!
8/c/8cbd5524.p3d	7944_mabhk_043	Thunder volá pozemní jednotku, potvrďte stav cíle.
8/c/8cc88c20.p3d	15079_p_uwm_202	Ach bože. Ať to přestane!
8/c/8cd4c976.p3d	9345_mar_b_514	Přilétá to!
8/c/8cdd9d62.p3d	14492_p_ham_078	Tamhle! Přímo tamhle!
8/c/8ce08797.p3d	16018_p_uem_203	Ahhhhh! Ahh! Bolí to! Ah, aaagghhh!
8/c/8cf09a11.p3d	15960_p_uem_145	Rychle! Do krytu!
8/c/8cf42cc4.p3d	25043_nypda_125	To je VŠECHNO, hajzle.
8/c/8cf6bdf2.p3d	23052_tagga_e09m03_012	Je pořád s náma. Co vás zdržuje? Seškrábněte ho.
8/c/8cf79c76.p3d	17905_bwtra_262	Ty hnidí děvky jsme SLOŽILI!
8/c/8cff22ee.p3d	16718_bwabr_238	Žádám přeřazení, přepínám.
8/d/8d027807.p3d	19514_bwhqb_012	Chci rychlé a tvrdé prohledání.
8/d/8d0bd3c7.p3d	12078_nypda_146	Podezřelý znovu zaměřen. 10-85! 10-85!
8/d/8d10c942.p3d	12200_nypda_272	Ty hajzle!
8/d/8d113d74.p3d	13422_p_ctm_179	Pohyb!
8/d/8d14be0d.p3d	7695_mabra_135	Seřaďte se, držte ho zpátky.
8/d/8d1a9ab3.p3d	21740_speci_e04m04_042	To je všechno, co máš?
8/d/8d25e1fb.p3d	685_bwbra_280	Jsme pod palbou. Vrať se, vrať se.
8/d/8d265011.p3d	8832_mar_b_021	To radši ty nakažený zrůdy.
8/d/8d27881a.p3d	24829_nypda_416	Pokračujte ve střelbě!
8/d/8d299834.p3d	14826_p_mtf_180	Uhněte!
8/d/8d2ac215.p3d	23014_ragla_e06m02_034	Alexi! Pojď si vzít sérum!
8/d/8d2e6d9d.p3d	13883_p_fdf_166	Co ode mě chceš!? Proč já?
8/d/8d30e92b.p3d	19780_magsp_068	To je jeden bod pro dělostřelce.
8/d/8d3123b3.p3d	21726_speci_e04m04_028	Ale ne.
8/d/8d3aa685.p3d	15339_p_mtm_227	Aaách!!
8/d/8d3c1b3c.p3d	15044_p_uwm_167	Do prdele! Nedělej tohle!
8/d/8d3ecd6c.p3d	18885_susol_273	Zpátky!
8/d/8d3f7c02.p3d	14396_p_fdm_212	Přilétá to!
8/d/8d436330.p3d	9188_mar_b_357	Odstupte!
8/d/8d485892.p3d	9310_mar_b_479	Ježíši Kriste, zadrž palbu! Jsme Devil Dogs!
8/d/8d498495.p3d	25307_nypda_505	Hajzl!
8/d/8d5ab0f2.p3d	15485_p_suf_141	Pozor! Pozor!
8/d/8d608e7d.p3d	17029_bwtrb_209	Varoval jsem tě, že se tohle může stát!
8/d/8d6301a4.p3d	19357_bwhqa_046	Potvrzuji. Posíláme hazmat tým na vaše souřadnice. Zabalte to a přineste, přepínám.
8/d/8d6638bb.p3d	17748_bwtra_105	Nepřítel padl.
8/d/8d70a10c.p3d	16971_bwtrb_151	Sem nesmíš. Jdi domů.
8/d/8d7b5e27.p3d	9922_maf35_210	Opouštím formaci, provedu přelet na potvrzení, přepínám.
8/d/8d7d1936.p3d	13588_p_erm_110	*kašel* Sakra.
8/d/8d7f6582.p3d	12043_nypda_110	Tady nic není, dispečinku.
8/d/8d7fbbc0.p3d	987_bwgsp_227	Přesměrováváme na Palác, mise přerušena, přepínám.
8/d/8d7fd9d0.p3d	13265_p_ctm_024	Co chce?
8/d/8d820e98.p3d	13710_p_erm_232	Sakra. Aaaah!
8/d/8d884fc9.p3d	7660_mabra_100	Mám laser na cíli úderu, nepřítel potvrzen a označen.
8/d/8d89abba.p3d	4997_maabr_305	Řidič dole! Řidič dole! Vyskočit!
8/d/8d90cecf.p3d	13230_p_ctf_219	Ubližuješ mi
8/d/8d92df04.p3d	10591_mamls_158	Red Crown pro nás má plán, máme se přesunout a prošetřit to.
8/d/8d98347b.p3d	14669_p_mtf_025	Jsou ty lidi mrtvý?
8/d/8d990d39.p3d	11808_nydisp_073	Negativní, jednotko.
8/d/8d9973a2.p3d	650_bwbra_245	Splnili jsme cíl, konec spojení.
8/d/8da18b07.p3d	14599_p_ham_185	Jen běž!
8/d/8dae35b6.p3d	15304_p_mtm_192	Ach bože, to bolí. To sakra bolí.
8/d/8db25f13.p3d	18850_susol_238	Posrali jsme to! Cíl je pořád na svobodě!
8/d/8db30b1e.p3d	14361_p_fdm_177	Zmiz odsud!
8/d/8db6f4ec.p3d	9153_mar_b_322	Nekoukejte -- POHYB!
8/d/8dc18ba6.p3d	8230_mabhk_309	Převodovka poškozena, ale jinak funkční!
8/d/8dc704b6.p3d	4536_mar_c_394	Ne! Ty hajzle. Ne!
8/d/8dce4299.p3d	15450_p_suf_106	Někdo pomozte téhle ženě!
8/d/8dd4b6d2.p3d	12307_nypda_379	Odkud to přišlo?
8/d/8dd69360.p3d	19322_bwhqa_011	Polní týmy hlásí ztrátu vizuálního kontaktu s cílem, jak máme postupovat, veliteli?
8/d/8dd9c7ec.p3d	17713_bwtra_070	Nenatahujme to zbytečně dlouho.
8/d/8de14ea2.p3d	16526_bwabr_066	Prohledáváme oblast posledního spatření, přepínám.
8/d/8de9f7e1.p3d	9765_maf35_053	Tohle bude chtít ještě trochu. Jen trochu.
8/d/8dea3d63.p3d	8939_mar_b_108	Dobře, chlapi, zkontrolujte munici a dejte mi hlášení. Musím informovat Red Crown.
8/d/8deecd42.p3d	20049_magsp_317	Uhni vlevo!
8/d/8df0a852.p3d	13553_p_erm_075	Ne, je to tamten!
8/d/8df4d6d0.p3d	19887_magsp_175	Skoro je dole! Napálej ho znovu.
8/d/8df6ddd4.p3d	18069_bwtra_426	Nepřítel, nepřítel! Jsme prozrazeni!
8/d/8df7bfa8.p3d	11141_mahqa_169	Máte hotovo, odpoutejte se a vraťte se na základnu. RC, konec.
8/d/8dfa7768.p3d	8640_mar_a_381	Do prdele, co to je za věc?
8/d/8dfd3aeb.p3d	4962_maabr_270	Ztratili jsme cíl, Red Crowne. Oblast je čistá. Kam máme jít? Přepínám.
8/d/8dff689f.p3d	13073_p_ctf_063	To nedává smysl!
8/e/8e014625.p3d	17292_bwtrb_472	Mám to.
8/e/8e080d5c.p3d	493_bwbra_088	Seskupte se kolem mě! Formace! Přepínám.
8/e/8e0cd6b8.p3d	22470_bwtra_e06m05_063	Nahlásil bych to, kdybych věděl, jak to nazvat.
8/e/8e151cc3.p3d	14564_p_ham_150	Vyčistěte sakra ulice!
8/e/8e155801.p3d	17418_bwoff_077	Kde mám brokovnici?
8/e/8e1cd1ff.p3d	15147_p_mtm_039	Nemusel jste to dělat, pane.
8/e/8e20f8e2.p3d	18693_susol_081	Máme vizuál na střed nákazy, přepínám.
8/e/8e2bb089.p3d	25115_nypda_355	Hej, chlape, klid -- jsem jeden z vás!
8/e/8e3025b3.p3d	8073_mabhk_172	Rozumím, Red Crowne, útočíme na cíl.
8/e/8e35a0fb.p3d	4379_mar_c_237	Tohle je v prdeli!
8/e/8e3a965d.p3d	4501_mar_c_359	Rozsekám tě, kreténe!
8/e/8e48725e.p3d	22788_maoff_e08m04_052	Ehm, Red Crown. Ten velký produkuje další Tanga.
8/e/8e560c13.p3d	21969_alex_e05m02_185	Tohle nevypadá dobře...
8/e/8e56cc6b.p3d	10698_mamls_245	Roller dvanáct Dog, žijeme sen, jedeme ven, chlapi.
8/e/8e5d8988.p3d	9730_maf35_018	Voodoo Sedm na místě a připraven k zásahu. Hlaste nepřátele, srovnáme je se zemí.
8/e/8e5dcc94.p3d	8904_mar_b_073	Tady Hotel Devět, myslím, že jsem ho ztratil.
8/e/8e61e736.p3d	795_bwgsp_035	Pozor! Cíl čelem. U vozidla.
8/e/8e625c73.p3d	20014_magsp_282	Tornado Osm nemůže znovu zaměřit. Pořád jsme akceschopní. Čekáme na nové zadání.
8/e/8e663f4f.p3d	22155_alex_e10m04_372	Jdi k čertu!
8/e/8e68688c.p3d	19852_magsp_140	V tuto chvíli nulová viditelnost nepřátel, přepínám.
8/e/8e6913ad.p3d	8483_mar_a_224	Stůj přesně tam, nebo tě zastřelíme!
8/e/8e6a6d05.p3d	18034_bwtra_391	Zasraný had v trávě...
8/e/8e764cb8.p3d	18957_susol_345	D-One, D-Two, dejte mi vstupní bod.
8/e/8e7cce78.p3d	20675_p_erm_cough_d	*kašel*
8/e/8e92303e.p3d	15557_p_suf_213	Už to jde!
8/e/8e96b32e.p3d	15875_p_uem_062	Do svaté prdele!
8/e/8e9a7e27.p3d	19429_bwhqa_098	Velitelství RC žádá informace, pošlete, co máte, přepínám.
8/e/8e9a94aa.p3d	22115_alex_e09m01_332	Nemám rád toho chlapa.... Nemám rád Taggarta -- nemám rád, jak se to celé vyvíjí.... Ale budu hrát jeho hru, jestli mě to dostane na tu loď a tváří v tvář generálu Randallovi.
8/e/8ea932b6.p3d	4344_mar_c_201	Dejte tomu prostor!
8/e/8eb124e8.p3d	20367_maf35_scream_d	*výkřik*
8/e/8eb1d239.p3d	1881_bwmls_019	Zaměřeno na poslední souřadnice, povoleno k odpalu.
8/e/8eb6e247.p3d	12115_nypda_186	Hej! Co tu sakra děláš!?
8/e/8eb7568f.p3d	13337_p_ctm_094	Neeee!
8/e/8eb79545.p3d	10049_maf35_317	Táhnu nahoru! Nemůžu to udržet. Padám!
8/e/8eb9bec5.p3d	24094_bwoff_events_055	Chlapi... rozjeďte to! No tak! Jsme na hraně prohry.
8/e/8ebe64ba.p3d	8747_mar_a_468	Jsme hluboko v prdeli. Opakuji. Hluboko v prdeli.
8/e/8ebfcc8a.p3d	7732_mabra_172	Rozumím, je odkrytej. Jeďte vpřed a zasáhněte ho.
8/e/8eca5e27.p3d	10663_mamls_210	Rozumím, hlásíme se, přepínám.
8/e/8ed0f2cf.p3d	722_bwbra_307	Přilétá to!
8/e/8ed1c1b8.p3d	24273_p_haf_161	Někdo, pomozte! On mě zabije!
8/e/8ed486ba.p3d	13798_p_fdf_083	Ne! Ne! Prosím!
8/e/8ed97ea5.p3d	13920_p_fdf_203	Aaách! To bolí!
8/e/8ede6617.p3d	21921_alex_e04m02_137	Musím je vyřídit dřív, než to nahlásí vysílačkou. Včetně té detekční jednotky.
8/e/8edf668a.p3d	4770_maabr_098	Vidíme velké konstrukční poškození těchto budov, velitelství. Buďte opatrní.
8/e/8ee39390.p3d	25381_alex_e03m01_707	Nějaký vláknitý organický nárůst. A šíří se.  Vypadá to jako ten samý materiál, co vytvořila Greeneová.
8/e/8ee9de74.p3d	18922_susol_310	Pořád podle plánu!
8/e/8eee71ad.p3d	9225_mar_b_394	Chcípni, hajzle!
8/e/8efe8402.p3d	4608_mar_c_466	Zadrž palbu, mariňáku!
8/f/8f05bf5a.p3d	15522_p_suf_178	Sprintuj!
8/f/8f0a44d6.p3d	15840_p_uem_028	Viděl jsem už dost divný věci, ale... tohle je vrchol.
8/f/8f10a7c2.p3d	11474_maoff_301	V tuto chvíli nemůžeme odpovědět, Red Crown!
8/f/8f16ba50.p3d	16886_bwtrb_086	Zkuste to v dalším sektoru znovu.
8/f/8f17cc91.p3d	4187_mar_c_056	Red Crown, tady Chalk Tři. Nepřítel lokalizován. Pošlete nám podporu.
8/f/8f21772d.p3d	9837_maf35_125	Rozumím, zahajuji pečlivé prohledávání, přepínám.
8/f/8f28279e.p3d	13625_p_erm_147	Ten tank! Střílí po nás!
8/f/8f2b2476.p3d	10014_maf35_282	ZEUS je ozbrojený, hlídejte si záda!
8/f/8f2c55fd.p3d	19959_magsp_237	Přijato.
8/f/8f2e68cf.p3d	7575_mabra_015	Čtyři, tři, dva, jedna -- útok.
8/f/8f30dbb6.p3d	24419_maoff_events_047	Tlačte dál.
8/f/8f31f676.p3d	8712_mar_a_433	Jsme čistí, centrálo. Čisto! Kontrolujeme raněné, ozveme se.
8/f/8f36e7ea.p3d	13145_p_ctf_134	Sehněte hlavy!
8/f/8f37e380.p3d	20800_p_ham_disgust_a	Fuj!
8/f/8f3f8cbd.p3d	565_bwbra_160	Obrana! Zahájit!
8/f/8f4342f8.p3d	14706_p_mtf_062	Ach, můj bože!
8/f/8f481878.p3d	13763_p_fdf_050	Držte se dál od toho chlapa!
8/f/8f494877.p3d	19692_bwhqb_170	Úderné jednotky, vraťte se na základnu.
8/f/8f4b3f21.p3d	8291_mar_a_030	Tango, Tango, jde se na to!
8/f/8f4c9c0f.p3d	14636_p_ham_222	Argh! Nemůžu...se hnout....
8/f/8f542e96.p3d	22981_ragla_e05m02_001	Podívej se na to! Je jich tolik!
8/f/8f545149.p3d	15219_p_mtm_109	KDOKOLIV, KDO TU ZŮSTANE, JE ZASRANEJ BLBEC! Zmizte!
8/f/8f58782e.p3d	18765_susol_153	Máme kontakt s měničem! Upozorněte velitelství!
8/f/8f592439.p3d	14276_p_fdm_092	Sakra práce!
8/f/8f5d0df2.p3d	9068_mar_b_237	Devil Dogs OORAAHH!! OOORAHH!!!
8/f/8f6183f7.p3d	22911_mar_b_e06m04_040	Tohle místo je na hovno.
8/f/8f63fed0.p3d	25486_alex_e07m01_705	Á, potvrzeno.  
8/f/8f67a4c1.p3d	8145_mabhk_224	Potvrzuji, Modrá zóna je čistá, opakuji, čistá.
8/f/8f6d74a3.p3d	7485_mabcm_153	Čistý stav. Opakuji, čistý stav. Uvolněte se, konec.
8/f/8f745bb6.p3d	15365_p_suf_023	Proč se tyhle sračky vždycky musej stát zrovna v New Yorku?
8/f/8f75bfde.p3d	1988_bwmls_126	To je červený pád, přepínám.
8/f/8f7d1fba.p3d	22238_bwhqa_e07m02_013	Ztratili jsme kontakt s jedním z toxických týmů. Všechny jednotky, přejděte do bojové pohotovosti! Možný kontakt se ZEUSem.
8/f/8f83b9dc.p3d	7839_mabra_259	Cíl pryč, vracíme se domů, přepínám.
8/f/8f8a3687.p3d	22669_mabra_e06m04_019	A sakra, ne teď! Proč se ten parchant musí objevit ZROVNA TEĎ!?
8/f/8f8a4c0c.p3d	16851_bwtrb_051	Ten velkej, co?
8/f/8f8b5e4c.p3d	4152_mar_c_020	Jdeme se tam podívat, Wongu, Garcio, pohyb!
8/f/8f95065e.p3d	9802_maf35_090	Poloha nepřítele potvrzena, veškerá palba na tři nula devět.
8/f/8f996682.p3d	867_bwgsp_107	Pozor na palbu ze země, přepínám.
8/f/8f9ad051.p3d	23945_alex_073	Tohle je šílené -- je tu víc otázek než odpovědí....
8/f/8f9dd8c3.p3d	11056_mahqa_084	Aktualizujte informace, prosím.
8/f/8f9fe7d8.p3d	19924_magsp_212	To se mi nelíbilo.
8/f/8fa00786.p3d	24592_alex_e06m04_595	Přesně tohle potřebuju, abych se dostal dovnitř.
8/f/8fa0906e.p3d	8555_mar_a_296	Kurva, jde se na to!
8/f/8fa1ec51.p3d	18106_bwtra_463	Mmm, miluju vůni střelného prachu.
8/f/8fa356ba.p3d	4877_maabr_205	Pokusíme se potvrdit spatření, přepínám.
8/f/8fa7db13.p3d	22574_bwtrb_e06m05_075	Udržte ho tady. Nenechte žádnou z těch věcí utéct! Tohle je hranice!
8/f/8faa7706.p3d	13110_p_ctf_099	Ou!
8/f/8fac89c6.p3d	10471_mamls_038	Připravte se rozpoutat hrom.
8/f/8fb31e64.p3d	530_bwbra_125	Kolik ještě průletů, Red Crown? Není to tady.
8/f/8fb59946.p3d	22193_bwabr_e08m03_34	Přilétá to! Jižní strana!
8/f/8fb87cd7.p3d	22969_mar_c_e08m04_046	Matko boží. Co to sakra bylo za věc?
8/f/8fbb35c9.p3d	14479_p_ham_065	Do prdele!
8/f/8fc02b2b.p3d	14601_p_ham_187	Sakra, pohyb!
8/f/8fca5bd1.p3d	22381_bwoff_e03m01_024	Obcházejí nás z boku! Přesuňte palbu!
8/f/8fcc09d5.p3d	18730_susol_118	Mám vizuální kontakt na ZEUS!
8/f/8fccb5e1.p3d	14241_p_fdm_058	Nepřibližuj se ke mně!
8/f/8fce3278.p3d	15947_p_uem_132	Bude střílet, pozor!
8/f/8fd09fae.p3d	9033_mar_b_202	Mě neoblbneš, kreténe.
8/f/8fdb36a6.p3d	8110_mabhk_209	Potvrzuji, Red Crowne.
8/f/8fe0af78.p3d	4416_mar_c_274	Postupujte! Palte a hlaste!
8/f/8fe1064a.p3d	7450_mabcm_118	Red Crowne. Předběžné informace naznačují, že ZEUS je zlikvidován, konec.
8/f/8fe1dbe5.p3d	24972_nypda_197	Stůj! Ani hnout!
8/f/8fe7f1db.p3d	20312_mabhk_stab_a	*ááh*
8/f/8fe94f0f.p3d	1953_bwmls_091	Miřte i na vedlejší škody. Neuškodí to celé srovnat se zemí.
8/f/8fea17b9.p3d	22309_bwhqa_e10m04_084	Zbývají dvě minuty.
8/f/8feed5db.p3d	13409_p_ctm_166	Co chceš? Co?
8/f/8ff6b617.p3d	25354_alex_e10m04_701	Ta protiletadlová palba mě zabíjí.
8/f/8ff74b98.p3d	7804_mabra_224	Potřebujeme letecký útok, honem!
8/f/8ffcac0f.p3d	21581_magsp_053	Red Crown, zásah neměl žádný účinek, rozumíte?
9/0/9001dae8.p3d	10735_mamls_282	*smích* Moc pomalý, hajzle, smůla.
9/0/90093d03.p3d	24345_p_haf_111	Sakra! Schovej se!
9/0/900cf5b3.p3d	832_bwgsp_072	Red Crown, žádám úderný balíček, slyšíte?
9/0/900e8192.p3d	19767_magsp_055	Red Crown, ustupte. Vypadá to, že jsou zasaženi civilisté, přepínám.
9/0/900f2cb2.p3d	8398_mar_a_138	Slož toho chlapa!
9/0/90115807.p3d	22812_maoff_e10m04_076	Kontakty, horní paluba. Pohyb-pohyb-pohyb!
9/0/90116aa8.p3d	11021_mahqa_069	Pokračujte, přepínám.
9/0/9014222a.p3d	8520_mar_a_261	Stůj! Ani hnout!
9/0/9016e5eb.p3d	4842_maabr_170	Udělejte trochu prostoru, Polní týme!
9/0/901af0e7.p3d	17172_bwtrb_352	Zkus ho trefit do koulí!
9/0/90209b10.p3d	17891_bwtra_248	Nepřátelé se blíží.
9/0/902181e9.p3d	1089_bwgsp_327	Máme příchozí!
9/0/9029c61d.p3d	14973_p_uwm_096	Kriste!
9/0/902ec785.p3d	14444_p_ham_030	Co se děje?
9/0/9039883d.p3d	20128_bwbra_choke_a	*dušení*
9/0/9041c195.p3d	15912_p_uem_098	Vypadni!
9/0/904d9b83.p3d	24015_bwhqb_e06m04_004	Hammere, odpovězte. Hammere? Sakra! Četo Delta, Hammer je sestřelen. Okamžitě ho obnovte!
9/0/904e395e.p3d	16958_bwtrb_138	Pane?
9/0/904f4bdd.p3d	4259_mar_c_128	Předejte to velitelství, potřebujeme oko ve vzduchu.
9/0/9058f3ee.p3d	9909_maf35_197	Potvrďte cíle, vyhněme se zmatku, přepínám.
9/0/905c2b1b.p3d	17596_bwoff_245	Nechci umřít!
9/0/9065e590.p3d	7647_mabra_087	Střelče, řidiči, hlaste stav, přepínám.
9/0/9068977e.p3d	74_bwbhk_043	Pohyb potvrzen, pořád v tom jedeme.
9/0/906c2d4b.p3d	10386_mahqb_123	Všem bodům, situace aktualizována. Stáhněte se a nasaďte podle předchozích pokynů, přepínám.
9/0/906d106b.p3d	11972_nypda_047	Nic tu není, dispečinku.
9/0/906e6736.p3d	13217_p_ctf_206	Ach bože!
9/0/9070776b.p3d	10578_mamls_145	Smrt shora, palebná mise probíhá.
9/0/90727c9b.p3d	25293_nypda_361	Vyklidit oblast!
9/0/9072f542.p3d	11729_nydisp_014	Potřebujete posily na tu honičku?
9/0/90756c8f.p3d	10700_mamls_247	Ustupte, ať to dokončí obrněná technika!
9/0/90770c09.p3d	637_bwbra_232	Nepřítel poražen.
9/0/9077de9a.p3d	24188_p_haf_182	Tudy! TUDY!
9/0/907ccf62.p3d	24310_p_haf_134	Kdo? Ach, sakra!
9/0/907f97c2.p3d	13835_p_fdf_120	Najděte si úkryt! Schovejte se!
9/0/9082134e.p3d	19732_magsp_020	Podpora volá Chalk Tři, na šest dva nula. Potvrďte souřadnice cíle. Vypadá to na civilistu, přepínám.
9/0/9082be6e.p3d	8363_mar_a_103	RC, tady nic nemáme. Echo One Alpha, končím.
9/0/90858230.p3d	4685_maabr_013	Nabíječi, připrav kanón. Připravte se k palbě, přepínám.
9/0/908f1bc7.p3d	12450_nypda_522	K zemi!
9/0/908ff77a.p3d	18837_susol_225	Nikdo se nedotýkejte mrtvoly.
9/0/9090a385.p3d	14348_p_fdm_164	Prosím, nepřibližuj se ke mně! Já to nevydržím!
9/0/90941a51.p3d	22029_alex_e06m02_245	Můžeš už zmlknout!
9/0/9095111b.p3d	1054_bwgsp_293	Cíl neutralizován, přepínám.
9/0/909ef253.p3d	19196_p_hlf_118	Vypadni sakra odsud!
9/0/909f2182.p3d	8217_mabhk_296	Thunder Čtyři Pět, nepřítel na palubě, nepřítel na palubě!
9/0/90a4f3cc.p3d	7557_mabcm_211	Je to zlý. Fakt zlý. Dostaňte odsud své lidi, hned! Všechny ven!
9/0/90abd875.p3d	15437_p_suf_093	Aaah!
9/0/90b6c124.p3d	11389_maoff_245	Udržte formaci! Nenechte se davem rozdělit!
9/0/90bbb683.p3d	11511_maoff_364	Kurva! Pozor!
9/0/90c2db0e.p3d	4224_mar_c_093	Sežeňte zdravotníka, ať to ověří. Bez spěchu.
9/0/90c40a44.p3d	24780_nypda_036	Rozumím, dispečinku.
9/0/90caca5d.p3d	22757_maoff_e06m01_021	Zaměřte jeho pozici! Nahrajte to do sítě.
9/0/90cfbcdc.p3d	17561_bwoff_215	Potvrzuji.
9/0/90d0e343.p3d	939_bwgsp_179	Možný kontakt, zahajuji průzkum, přepínám.
9/0/90d5580f.p3d	11128_mahqa_156	Máme povolení k úderu.
9/0/90d73450.p3d	15290_p_mtm_178	Pohni se!
9/0/90d80fba.p3d	8627_mar_a_368	Kontakt s hořákem, Red Crown, kontakt s hořákem.
9/0/90d8276d.p3d	22320_bwhqa_502	Neidentifikovaný piloti, opouštíte bezpečnou zónu Manhattanu. Nemáte povolení pokračovat dál. Vraťte se na svou letovou trasu, jinak budete sestřeleni.
9/0/90d9774c.p3d	7612_mabra_052	Kontrola cíle, kontrola cíle, na mých dvanácti.
9/0/90dad33d.p3d	4949_maabr_257	Je to hotové. Mise splněna, Red Crowne.
9/0/90de87cb.p3d	22771_maoff_e06m04_035	Právě o to jde, RED CROWN, zdá se, že bojuje s nepřítelem ZA nás.
9/0/90dede77.p3d	17279_bwtrb_459	Jsme přímo uprostřed toho.
9/0/90dfbc67.p3d	10351_mahqb_088	Potvrďte a podejte hlášení situace?
9/0/90e40927.p3d	10543_mamls_110	Cíl na vizuálu, cíl na vizuálu!
9/0/90e488b5.p3d	17998_bwtra_355	Víš, jak velkou díru ti udělá tahle zbraň?
9/0/90ea9b25.p3d	602_bwbra_197	Mám tu hořáky.
9/0/90f326de.p3d	13800_p_fdf_085	Ne-nestřílej po mně! Hej, prosím, nestřílej po mně!
9/0/90fa9e02.p3d	24505_alex_e01m02_509	Sakra!
9/0/90fdb581.p3d	12293_nypda_365	Ta věc je nepřátelská!
9/1/910386ab.p3d	18802_susol_190	Palte na tohohle! Je to tenhle!
9/1/9104352c.p3d	14313_p_fdm_129	Sežeňte armádu!
9/1/91081c6f.p3d	9105_mar_b_274	Sklapni, sakra! Hned!
9/1/910a6953.p3d	22490_bwtra_e07m01_083	Letecká podpora -- jestli mě NĚKDO slyší na téhle lince, potřebujeme naléhavou palebnou podporu HNED. Tohle je ono!
9/1/91128184.p3d	19161_p_hlf_083	Kámo, radši mi zmiz z ksichtu, nebo ti nakopu prdel.
9/1/91141d15.p3d	20346_maf35_choke_c	*dušení*
9/1/911882e8.p3d	7522_mabcm_176	Palebné týmy hlásí boj na zemi i na střešních pozicích, konec.
9/1/911b3170.p3d	273_bwbhk_242	Jsme tu v hovnech, Red Crowne.
9/1/911e8a06.p3d	20642_p_ctm_disgust_c	Fuj!
9/1/911f6a33.p3d	15402_p_suf_060	Vyklidit oblast!
9/1/912a52e0.p3d	11354_maoff_210	Nechte mě ho prohlídnout. Ustupte!
9/1/9141d260.p3d	13505_p_erm_027	Hej, co se to tady děje?
9/1/914474ff.p3d	904_bwgsp_144	Cíl neutralizován... Opakujte...? Jo, jsem si jistý.
9/1/914600de.p3d	19839_magsp_127	Prohledáváme poslední známé souřadnice. Bez potvrzení.
9/1/915092ae.p3d	13025_p_ctf_016	Viděl někdo, co se stalo?
9/1/91527033.p3d	17244_bwtrb_424	Kurva jo!
9/1/91581a71.p3d	17963_bwtra_320	Zbraně pořád fungují!
9/1/9159377f.p3d	445_bwbra_040	Plnou palbu!
9/1/915c2248.p3d	2082_bwmls_230	*smích* To byla rána, vynikající, vynikající.
9/1/915f9e5e.p3d	16776_bwabr_296	Otevřete poklop, dostaňte nás ven! Ven!
9/1/9162f377.p3d	19572_bwhqb_070	Rozumím, ano.
9/1/916646d1.p3d	14516_p_ham_102	Sakra, nemůžu dýchat, kámo! *kašle*
9/1/918145f0.p3d	22750_maoff_e02m05_014	Otevřete zbrojnici -- potřebujeme víc palebné síly!
9/1/91814fc1.p3d	8025_mabhk_124	Red Crowne, ztratili jsme ho, žádáme povolení k návratu na základnu.
9/1/91850d13.p3d	21776_speci_e04m04_078	Nejsi moc dobrej v čekání, co?
9/1/91871f65.p3d	7365_mabcm_033	Zabezpečení Yankee Pět bylo narušeno. Základna v boji, konec.
9/1/9187fb4a.p3d	24887_nypda_210	Beru si toho chlapa na mušku.
9/1/918f6aa0.p3d	1868_bwmls_006	Systémy zelené, cíle na displeji. Potvrďte a zahájíme palbu.
9/1/919c3aba.p3d	20999_p_uem_cough_d	*kašel*
9/1/919d64dc.p3d	7719_mabra_159	To je fakt vážný, palte dvakrát.
9/1/91a7a67f.p3d	21698_karen_e03m01_016	Přesunula jsem většinu vybavení sem. Myslím, že tu mám dost na to, abych začala zkoumat nákazu... S tvou pomocí.
9/1/91ae88ab.p3d	709_bwbra_294	Razorback, konec!
9/1/91b494ae.p3d	16041_p_uem_226	Ach, uh, néééé!
9/1/91b71481.p3d	13907_p_fdf_190	Nepřestávej!
9/1/91b9900f.p3d	19804_magsp_092	Výška dva pět nula, přeskupit a připravit se na opětovné vysazení.
9/1/91ba3b2f.p3d	8435_mar_a_175	Velitelství, cíl manévruje, snažíme se udržet kontakt.
9/1/91bcfef1.p3d	4757_maabr_085	Delta týme. Vypadněte z Horké zóny a připravte se na útok ze všech front.
9/1/91c109ed.p3d	17087_bwtrb_267	Vzpamatujte se, lidi.
9/1/91c7743b.p3d	18909_susol_297	Zasáhněte ho ze všech stran!
9/1/91cfe1c3.p3d	14888_p_uwm_011	P-promiňte, co jste viděl?
9/1/91d3301a.p3d	16741_bwabr_261	Blackjack se stahuje, potřebujeme přebít, přepínám.
9/1/91d66f12.p3d	19268_p_hlf_188	Co se stalo?
9/1/91dbd944.p3d	9980_maf35_248	Voodoo Sedm opouští cílovou zónu. Je hotovo. Dobrá práce.
9/1/91de2930.p3d	15884_p_uem_this_is_fucked_up	Tohle je v prdeli!
9/1/91e357c1.p3d	15509_p_suf_165	POMOZTE MI! Ne, ne, ne, prosím! POMOZTE MI!
9/1/91e5b4b6.p3d	18610_susol_008	Perimetr zajištěn, pošlete nám novou operaci, přepínám.
9/1/91e7dd3d.p3d	15827_p_uem_015	Hej! Ví někdo, co se stalo?
9/1/91fb9151.p3d	24852_nypda_329	Nechápu to.
9/2/9207f1ba.p3d	25404_alex_e04m04_703	Ať mi ten hajzl udělal cokoliv... nemůžu se proměnit.
9/2/920c7e5a.p3d	11162_maoff_022	Cíl na naší pozici, RC, přepínám.
9/2/92173bc8.p3d	10423_mahqb_160	Akce balíčku probíhá. Podle postupu, polní týme.
9/2/9222efa5.p3d	24225_p_haf_222	Zavolejte poldy!
9/2/9226e0c9.p3d	19679_bwhqb_157	Vysílám úderný balíček do mřížky.
9/2/922782b1.p3d	4594_mar_c_452	Jsem v pohodě, jsem v pohodě!
9/2/9228d773.p3d	8278_mar_a_017	Echo One Alpha ztratil cíl, přepínám.
9/2/922ae06a.p3d	21981_alex_e05m02_197	Pusť ho!
9/2/922dcceb.p3d	8400_mar_a_140	Pusť toho rukojmího!
9/2/923090ad.p3d	4722_maabr_050	Polní týme, najděte kryt. Jdeme zlikvidovat ty kůže, přepínám.
9/2/92349ba9.p3d	17052_bwtrb_232	V pohodě s municí?
9/2/923534cd.p3d	12365_nypda_437	Do krytu!
9/2/92370ebb.p3d	19380_bwhqa_069	Zpráva přijata.
9/2/923a45d2.p3d	17771_bwtra_128	Je to fakt zlé. Navrhuju to prostě odepsat.
9/2/9241cc9d.p3d	16584_bwabr_124	Nepřítel se ozbrojuje!
9/2/924a00ce.p3d	19233_p_hlf_153	Střílí po nás!
9/2/924ab8d3.p3d	8997_mar_b_166	Na kolena, sakra!
9/2/9252b0bc.p3d	345_bwbhk_314	Přilétá to!
9/2/925ceb13.p3d	22529_bwtrb_e04m04_029	Nasazuji se.
9/2/9261cf65.p3d	11426_maoff_264	Pozor na hořáky!
9/2/9267e45e.p3d	16838_bwtrb_038	Sejmi tu kluzkou mrchu.
9/2/926c4192.p3d	14692_p_mtf_048	Nepleťte se mu do cesty!
9/2/9275d5fc.p3d	17476_bwoff_135	To je náš cíl!
9/2/92827cf3.p3d	25457_alex_e07m04_701	Budu se muset nechat dostat, ale musí to vypadat věrohodně -  pořádně se poprat a vzít tohle místo s sebou.
9/2/9285d84b.p3d	10266_mahqb_023	Vaše zóna bude ještě chvíli horká. Red Crown, konec spojení.
9/2/9289ecf4.p3d	17316_bwtrb_496	Dolů! DOLŮ!
9/2/928a222d.p3d	10458_mamls_025	Lightning Bug má aktualizaci, nasaďte se, nasaďte.
9/2/928b866d.p3d	10985_mahqa_033	Red Crown vás slyší. Čekejte.
9/2/928c2adf.p3d	25173_nypda_320	Whoa, podezřelý, teda, podezřelý je na místě!
9/2/928ca3e2.p3d	11717_nydisp_002	Máme probíhající 10-60.
9/2/9290b6cb.p3d	517_bwbra_112	Razorback Jedna, pročesává cíl.
9/2/92939eea.p3d	2154_bwmls_292	Zasáhli nás! Je to zlé. Vypadněte. Vypadněte hned!
9/2/929a7285.p3d	19644_bwhqb_122	Stáhněte je, jsme čistí.
9/2/92a7411c.p3d	20148_bwbra_scream_a	*výkřik*
9/2/92a8c689.p3d	12330_nypda_402	Jo! Ať to sežere!
9/2/92a95c2e.p3d	22164_bwabr_e08m02_04	Poslouchejte -- měníme trasu. Taktický, potřebuju novou cestu, posílám souřadnice, priorita!
9/2/92a96923.p3d	22822_mar_a_e02m02_004	Á, letecká podpora, faktor dobrého pocitu moderního bojiště. K čemu nás sakra potřebují?
9/2/92a9a23c.p3d	18717_susol_105	ZEUS tu byl. Dejte oči do vzduchu!
9/2/92aa4e48.p3d	14228_p_fdm_045	Je nakažený! Držte se dál!
9/2/92be4a8f.p3d	8962_mar_b_131	Nepřítel dole! Jo!
9/2/92be9eb1.p3d	7437_mabcm_105	Red Crowne, palebná základna Echo hlásí ztrátu cíle. Slyšíte?
9/2/92bf7faf.p3d	24959_nypda_495	Pozor, hajzlové!
9/2/92c127da.p3d	22258_bwhqa_e08m03_033	Vidím více cílů blížících se k vaší pozici z východu. Buďte ve střehu.
9/2/92c14a76.p3d	188_bwbhk_157	Ustupte, opakuji, USTUPTE!
9/2/92c2da6e.p3d	20072_magsp_340	Mayday, mayday! Padáme! Celý to jde k zemi...
9/2/92c63fd8.p3d	310_bwbhk_279	Mise selhala, Red Crowne, ZEUS nás setřásl.
9/2/92caeaeb.p3d	18092_bwtra_449	Hlaste se!
9/2/92d06c1f.p3d	11269_maoff_140	ZEUS na zemi. Dobrá práce, mariňáci!
9/2/92e967b8.p3d	17441_bwoff_100	Pozor.
9/2/92ea8e05.p3d	819_bwgsp_059	Red Crown, Ptáci čekají, připraveni k nasazení. Kryjte se za terénem.
9/2/92ed9fb3.p3d	21699_speci_e04m04_001	Mercere.
9/2/92ef030f.p3d	11008_mahqa_056	Potvrzeno. Máme ZEUSE, pane.
9/2/92f0df2a.p3d	15170_p_mtm_061	Do háje!
9/2/92f1506a.p3d	22931_mar_c_e02m05_009	Tady je! To je Mercer a ty zasraný věci ho pronásledují!
9/2/92f1ba7c.p3d	8507_mar_a_248	Ustupte a ruce nad hlavu!
9/2/92f47e3d.p3d	4829_maabr_157	Připraveni na náraz!
9/2/92f88939.p3d	17159_bwtrb_339	Rychle něco přines. Hned.
9/2/92fafc22.p3d	19487_bwhqa_156	Nasazujeme balíček podle vzorce Gold. Čekejte na příjezd balíčku, přepínám.
9/2/92fe3377.p3d	17878_bwtra_235	Sakra. To je teda pěkný kousek.
9/3/930d3cba.p3d	20832_p_hlf_cough_a	*kašel*
9/3/930d5136.p3d	23003_ragla_e05m02_023	Jsou tady!
9/3/93176043.p3d	12173_nypda_245	To přece nemůže bejt moje vina!
9/3/9317d48a.p3d	13395_p_ctm_152	Myslím, že je v tom vozidle!
9/3/931a98ca.p3d	20430_maoff_pain_c	*argh*
9/3/93302f35.p3d	14799_p_mtf_153	Pozor! Pozor!
9/3/93322de2.p3d	7402_mabcm_070	Vypadá to, že jsme čistí až k drátům. Vraťte se na pozice a zajistěte se. Stanoviště Yankee čisté.
9/3/933314b8.p3d	24924_nypda_528	Aaaaaaaaarrrrgh!
9/3/9334dc32.p3d	153_bwbhk_122	Ghost Čtyři Pět zahajuje pátrací vzorec.
9/3/933a791d.p3d	1905_bwmls_043	Přeskupte pozice, přepínám. Ke mně.
9/3/9343fae1.p3d	11234_maoff_078	Je čas, mariňáci. Všichni do toho. Jdem, jdem, jdem.
9/3/934a59cf.p3d	18980_susol_368	Nahlaste tohle do sítě!
9/3/934aa8d2.p3d	11959_nypda_034	10-4, dispečinku.
9/3/934eefa8.p3d	9283_mar_b_452	Je to tu fakt ošklivý, pane!
9/3/935f01c0.p3d	4666_mar_c_505	Aaaagh!
9/3/935faba0.p3d	19719_magsp_007	Nabito a natažené, ale nikdo si nechce hrát. Čtyři šedesát minimum. Konec.
9/3/936c1af5.p3d	17124_bwtrb_304	Nakažený, nakažený, na dvanáctý!
9/3/936cb419.p3d	12437_nypda_509	*zasténání* Ty hajzle jeden!
9/3/936e8dde.p3d	19452_bwhqa_121	Rozumím, jsme čistí při kontaktu, přepínám.
9/3/9371c533.p3d	17843_bwtra_200	Špatný chlap.
9/3/937af02b.p3d	14925_p_uwm_048	Policie! Policie! Tady je váš muž! Tamhle!
9/3/937e5525.p3d	24053_bwoff_events_014	Hlášení... Zeus... bojuje po našem boku?
9/3/9381801a.p3d	19305_p_hlf_225	Rozmačkáváš mě!
9/3/9381f29d.p3d	9895_maf35_183	Odpal aktivní, radar má cíle, jsme na místě.
9/3/938454bc.p3d	23892_alex_020	Je to pevně zamčené.
9/3/9388a599.p3d	13683_p_erm_205	Sežeňte mi doktora, kurva!
9/3/938b6631.p3d	13360_p_ctm_117	Najdi si úkryt!
9/3/938d622f.p3d	20786_p_ham_cheer_c	Uch, jasně!
9/3/9392582f.p3d	22110_alex_e08m04_327	Ále, jdi do háje.
9/3/939271e6.p3d	8770_mar_a_491	Zasraní svoji!
9/3/93a1aecd.p3d	24767_nypda_399	Myslím, že to padá!
9/3/93a3c0f3.p3d	14764_p_mtf_120	Najděte si úkryt! Schovejte se!
9/3/93ad5548.p3d	17548_bwoff_207	Podívejte se na to! Jdeme dovnitř!
9/3/93add686.p3d	19003_susol_391	Myslíš, že na mě máš?
9/3/93b4ccb7.p3d	15277_p_mtm_165	Nedělej to. Prosím.
9/3/93bd54ce.p3d	10338_mahqb_075	Negativní od RED CROWN.
9/3/93be0b9c.p3d	21806_alex_e01m02_023	Dobrý večer.
9/3/93c39f2b.p3d	25245_nypda_117	Potřebuju hasiče a záchranku, lehká zranění.
9/3/93d29119.p3d	4631_mar_c_489	Víc munice!
9/3/93d3e5f1.p3d	8315_mar_a_055	Tenhle je pro mě.
9/3/93e0434a.p3d	12402_nypda_474	Zabijte to!
9/3/93e05eed.p3d	17686_bwtra_043	To je negativní.
9/3/93e437d7.p3d	7897_mabra_317	Uuuaaaaaaaahhhh!
9/3/93e63b2a.p3d	1006_bwgsp_246	Cíl trvale sledován, prosím, laser stabilní.
9/3/93e7e5a3.p3d	16499_bwabr_039	Setkání na Zero India Niner.
9/3/93ecdb1a.p3d	16621_bwabr_161	Blackjack na čele.
9/3/93f58444.p3d	9860_maf35_148	Dodávám náklad, pak to stáhnu.
9/3/93fb68e6.p3d	7989_mabhk_088	Dobře, skupino Thunder, připravte se na další nálet.
9/4/9400630a.p3d	19982_magsp_250	Negativní.
9/4/94026a4c.p3d	18164_bwtra_521	Zabij mě, sežer mě, jen mě sakra nenakaž.
9/4/9420e479.p3d	17513_bwoff_172	HQ, jdu do toho.
9/4/9430e6c8.p3d	10303_mahqb_060	ZEUS, zopakujte to, opravdu jste řekli ZEUS?
9/4/94311b1e.p3d	9091_mar_b_260	Do prdele. Jsme vrazi!
9/4/94323c86.p3d	25088_nypda_049	Charlie Nineteen neslyší.
9/4/943731e3.p3d	25210_nypda_166	Musí být tady... někde.
9/4/9439ba7b.p3d	2069_bwmls_207	Rozumím, nula cílů, přepínám.
9/4/94408bc9.p3d	19559_bwhqb_057	Máme potvrzení? Chci plné hlášení od všech polních velitelů.
9/4/94412d73.p3d	4474_mar_c_332	Ustupte. Ustupte!
9/4/944edf8f.p3d	12245_nypda_317	Do prdele!
9/4/944f53d6.p3d	13467_p_ctm_224	Škrtíte mě!
9/4/9453f0d2.p3d	17651_bwtra_028	Vítej v New Yorku. Už jsi našel dýmku na crack?
9/4/9457c708.p3d	7862_mabra_282	Některé systémy vyřazeny. Pořád jsme akceschopní.
9/4/945b775f.p3d	16464_bwabr_004	Jsme v horké zóně, dejte nám cíl, přepínám.
9/4/9463ab94.p3d	19113_p_hlf_037	Co to sakra JE!?
9/4/946ad10f.p3d	13491_p_erm_013	Páni, co se to tady děje?
9/4/946c58f3.p3d	225_bwbhk_194	Rozumím, Red Crown, zapojujeme se. Nenechte nic naživu.
9/4/946d73ae.p3d	890_bwgsp_130	Přichází velký! Zvednout, zvednout!
9/4/946efaa2.p3d	7954_mabhk_053	Útok dokončen, cíl zlikvidován.
9/4/94770629.p3d	22041_alex_e06m03_257	Bože můj.... Tolik nakažených lidí.... Tisíce...desetitisíce.... Možná i víc....
9/4/947a319e.p3d	15089_p_uwm_212	Neeee!
9/4/947b81ab.p3d	11306_maoff_346	Chci, aby ten cíl zmizel, slyšíte? Pal.
9/4/94866ef4.p3d	9355_mar_b_524	Ó, Booože!
9/4/948f80be.p3d	17356_bwoff_015	Bez Úderného týmu jsme v prdeli!
9/4/94922d15.p3d	16028_p_uem_213	Do prdele, už to jde!
9/4/94a23f8f.p3d	15970_p_uem_155	Pryč od tanku!
9/4/94a5d61d.p3d	25053_nypda_240	Tohle je čím dál horší.
9/4/94a941f4.p3d	17915_bwtra_272	Co to je, sakra párovací tanec?
9/4/94aba5fc.p3d	23921_alex_049	Aha.
9/4/94b0c86c.p3d	16728_bwabr_248	To bylo o fous!
9/4/94b41d85.p3d	19524_bwhqb_022	Zrušte pátrání. Čekejte na nové rozkazy.
9/4/94b971ab.p3d	9967_maf35_235	Přestat kecat, uvolnit kanál, přepínám.
9/4/94bd7948.p3d	12088_nypda_159	Záchranku! *kašel* Potřebujeme záchranku!
9/4/94c26ec0.p3d	12210_nypda_282	Vypadá to jako hnízdo hořáků nebo tak něco.
9/4/94c2e2f2.p3d	13432_p_ctm_189	Utíkej! Běž!
9/4/94c8ba12.p3d	22512_bwtrb_e02m01_012	Ty?! Ty bys měl bejt mrtvej!
9/4/94d77f1e.p3d	695_bwbra_020	Hledám bezpečnější místo, přepínám.
9/4/94d7f58f.p3d	8842_mar_b_031	Počkej chvíli, něco je divný...
9/4/94d926b1.p3d	24839_nypda_276	Jak to sakra je?
9/4/94db3db2.p3d	14836_p_mtf_190	Nezastavuj se, idiote!
9/4/94e0131b.p3d	13893_p_fdf_176	Zpátky!
9/4/94e28ea9.p3d	19790_magsp_078	Co to sakra je? Před chvílí tu byl.
9/4/94edc0ba.p3d	15054_p_uwm_177	Běž! Utíkej!
9/4/94f072ea.p3d	18895_susol_283	Jdeme na to!
9/4/94f508ae.p3d	9198_mar_b_367	Ruční zbraně na to nestačí!
9/4/94f9fe10.p3d	9320_mar_b_489	Ústup! Ústup!
9/4/94fa6432.p3d	20644_p_ctm_gasp_a	*lapání po dechu*
9/4/94fb26af.p3d	25317_nypda_445	K ZEMI!
9/4/94fc21a8.p3d	21057_p_uwm_pain_b	*argh*
9/5/95005b1f.p3d	20983_p_suf_cheer_d	Je do prdele mrtvej!
9/5/950c5670.p3d	15495_p_suf_151	Odstupte od tanku!
9/5/950e28ff.p3d	4709_maabr_037	Nejde to. Efekt palby negativní, přepínám.
9/5/95110031.p3d	21952_alex_e05m01_168	Ach, ta věc, ta věc ve mně. Nemůžu...ach, nemůžu se změnit.
9/5/951233fb.p3d	17039_bwtrb_219	Dokaž, kdo jsi. Hned!
9/5/9514a722.p3d	19367_bwhqa_056	Vícenásobné potvrzení zásahu. Udržujte tělo ohraničené, polní týme.
9/5/9517de39.p3d	17758_bwtra_115	Zmrzačte ho. Ať už znovu neuteče.
9/5/9522468a.p3d	16981_bwtrb_161	Ksicht na zem, blbče!
9/5/952ebeb4.p3d	13598_p_erm_120	Sakra, kam jdou?
9/5/95310b00.p3d	12053_nypda_120	10-54, dispečinku -- pošlete sanitku, přepínám.
9/5/9531613e.p3d	997_bwgsp_237	Máme Judy na nepříteli, omezte vysílání, přepínám.
9/5/95317f4e.p3d	13275_p_ctm_034	Kurva, z cesty, chlape.
9/5/9539f547.p3d	7670_mabra_110	Vždycky jsem měl radši "vyhledat a zničit" než to "prohledat a vyčistit"....
9/5/9542744d.p3d	13240_p_ctf_229	Ou, ó, bože můj!
9/5/9544a3ca.p3d	22638_mabhk_e09m01_007	Ghost žádá povolení ke startu.
9/5/9549d9f9.p3d	14679_p_mtf_035	Dávej si pozor!
9/5/954ab299.p3d	11809_nydisp_074	Negativní, potvrzujete?
9/5/954b1920.p3d	660_bwbra_255	Mise přerušena, rozeberte balíček, přepínám.
9/5/954cb08e.p3d	24804_nypda_011	Dispečinku, tady Charlie Nineteen. Máme podezřelého.
9/5/954ecf59.p3d	14801_p_mtf_155	Uhněte od toho!
9/5/9556900e.p3d	24154_p_haf_disgust_b	Ach, můj bože!
9/5/955fddbf.p3d	15314_p_mtm_202	Ale ne.
9/5/95640491.p3d	18860_susol_248	Lehký zásah!
9/5/9564b09c.p3d	14371_p_fdm_187	Zmiz odsud!
9/5/95689a6a.p3d	9163_mar_b_332	Nestřílejte!
9/5/95733124.p3d	8240_mabhk_319	NE!!
9/5/9578acbf.p3d	4546_mar_c_404	Stůj! Počkej! Nejsem tvůj cíl!
9/5/957bdddd.p3d	22227_bwhqa_e06m04_002	Co to sakra je? Čekejte.
9/5/957fe817.p3d	15460_p_suf_116	Vypadněte odsud -- hned!
9/5/9584c431.p3d	22549_bwtrb_e05m03_049	Hlídám nějakej posranej vrtulník...
9/5/9585c32c.p3d	17004_bwtrb_184	Jejda.
9/5/95865c50.p3d	12317_nypda_389	Mějte trochu slitování!
9/5/958838de.p3d	19332_bwhqa_021	Tady Red Crown, jsme ve stavu bílá, opakuji, bílá. Přerušte pátrání, přepínám.
9/5/958b6d6a.p3d	17723_bwtra_080	Subjekt spatřen. Pošlete tým s vercajkem, přepínám.
9/5/95900aa4.p3d	22296_bwhqa_e10m04_071	Bez ohledu na to, co možná vidíte, máte povolení ke vzletu.
9/5/9592f420.p3d	16536_bwabr_076	Tady Blackjack, prohledávka nic nenašla. ZEUS je pryč, přepínám.
9/5/959b9d5f.p3d	9775_maf35_063	To byl můj. Neberte mi zásluhy, vy líný hajzlové.
9/5/959be2e1.p3d	8949_mar_b_118	Je to tady! Palte a přesuňte se! Palte a přesuňte se!
9/5/95a072c0.p3d	20059_magsp_327	Těžké poškození, těžké poškození! Mayday, mayday! Máme těžké poškození!
9/5/95a24dd0.p3d	13563_p_erm_085	Nestřílej! NESTŘÍLEJ!
9/5/95a4f2fa.p3d	962_bwgsp_202	Zapojení pozastaveno, skenujte cíle na tepelných negativech.
9/5/95a67c4e.p3d	19897_magsp_185	Bravo Tři, tady podpora ze vzduchu. Můžete potvrdit zničení nepřítele?
9/5/95a88352.p3d	18079_bwtra_436	Přerazím tě, kurva!
9/5/95ac1ce6.p3d	8650_mar_a_391	Nepřátelské vozidlo! NEPŘÍTEL!
9/5/95aee069.p3d	4972_maabr_280	Hni s tím zatraceným krámem. Stáhnout se.
9/5/95b10e1c.p3d	13083_p_ctf_072	Je tamhle! Přímo tam!
9/5/95c6c241.p3d	14574_p_ham_160	Hej, hej, hej, hej! Počkej! Počkej! Nedělej to!
9/5/95c6fd7f.p3d	17428_bwoff_087	Všem jednotkám, prioritní cíl, prioritní cíl!
9/5/95ce777d.p3d	15157_p_mtm_049	Sleduj ho! Drž se od něj dál!
9/5/95d3eef0.p3d	22129_alex_e09m01_346	Žádná letadla, žádný personál, žádní přeživší.
9/5/95dd5664.p3d	25125_nypda_395	Prosím, chlape, mysli na mýho kluka!
9/5/95dffdc3.p3d	20454_mar_a_pain_c	*argh*
9/5/95e1cb31.p3d	8083_mabhk_182	Máme zrůdy pod sebou, Red Crowne, přepošlete pozemní jednotce.
9/5/95e4c917.p3d	2106_bwmls_254	Pozor, výbuch. Střela se blíží.
9/5/95e74679.p3d	4389_mar_c_247	Ukažte mi doklady! Všichni!
9/5/95ec3bdb.p3d	4511_mar_c_369	Ruce na hlavu! HNED!
9/5/95eee305.p3d	22951_mar_c_e03m01_029	Co to sakra je. Co... co je s nimi. KURVA!
9/6/960685dc.p3d	16501_bwabr_041	Red Crown, pozemní tým neodpovídá.
9/6/960f2f06.p3d	9740_maf35_028	Zbraňový systém mimo provoz, ustupuji k přeskupení, přepínám.
9/6/960f3db2.p3d	23061_tagga_e09m03_021	Přerušit, přerušit. Zrušit tuhle operaci! Všechny jednotky, stáhnout se. Najdeme jinou cestu ven.
9/6/960f7212.p3d	8914_mar_b_083	Ten kluzkej hajzl nás setřásl. Duchovní hovno. Sakra.
9/6/9611dd2e.p3d	21883_alex_e03m02_099	Ta věc pořád jde dál!
9/6/961401f1.p3d	20024_magsp_292	Jednu jsme dostali. Vypadá to lehce.
9/6/961a0e0a.p3d	19862_magsp_150	Držte odstup. Mohl by vystřelit.
9/6/961ab92b.p3d	8493_mar_a_234	To je ten zasranej měnič, hajzl!
9/6/961c150e.p3d	18044_bwtra_401	Ále, tos teda nemusel. Ále, to je ta zasraná věc!
9/6/9625c6b2.p3d	23047_tagga_e09m03_007	Jsme prozrazeni! STÁHNOUT SE!
9/6/9627f236.p3d	18967_susol_355	Teprve začínám.
9/6/96408971.p3d	23968_alex_096	Hotovo.
9/6/96420939.p3d	15122_p_mtm_014	Chci se na to podívat.
9/6/964341d5.p3d	23023_ragla_e06m02_043	Proč otálíš? Chci se odsud dostat!
9/6/9643d5bc.p3d	15567_p_suf_223	Pusť!
9/6/964858ab.p3d	15885_p_uem_071	Jsem si docela jistej, že to je on!
9/6/9649a373.p3d	21735_speci_e04m04_037	Zničte ohniska nákazy, odřízněte je u zdroje.
9/6/964c2630.p3d	19439_bwhqa_108	Red Crown hlásí. Stav mise je zelený. Opakuji zelený.
9/6/965ad834.p3d	4354_mar_c_211	Fakt zasraně ošklivý.
9/6/966066fe.p3d	20348_maf35_dying_a	*chroptění*
9/6/966377b7.p3d	1891_bwmls_029	Souřadnice prosím, signál FDS je slabý.
9/6/966887c5.p3d	12125_nypda_196	Stůj! Ruce nahoru!
9/6/9668fe98.p3d	13347_p_ctm_104	Máme tu zraněné! Zavolejte záchranku!
9/6/96693ac3.p3d	10059_maf35_327	Padám na nos! Negativní ovládání, Věži.
9/6/96700a38.p3d	8757_mar_a_478	Teď to máme! DORAZTE TO!
9/6/96717208.p3d	7742_mabra_182	Máme spoustu cílů, připraveni ke střelbě, přepínám.
9/6/967c03a5.p3d	10673_mamls_220	Tanková jednotka reaguje na útok.
9/6/9682984d.p3d	732_bwbra_317	Evakuujte!
9/6/96836318.p3d	24283_p_haf_041	Nechoďte ke mně!
9/6/968603b5.p3d	105_bwbhk_074	Žádost o opětovné zapojení nepřítele ZEUS, přepínám.
9/6/968b2423.p3d	13930_p_fdf_213	Už to jde!
9/6/96910e93.p3d	4780_maabr_108	Žádáme úder Bravo. Označujeme souřadnice, přepínám.
9/6/969b83f2.p3d	18932_susol_320	Odřízněte ho!
9/6/96a019b6.p3d	9235_mar_b_404	Radši se rychle vzkřísíš, čubko! Hu-hu!
9/6/96aa7ec9.p3d	19291_p_hlf_211	To do něčeho narazí!
9/6/96b02980.p3d	4618_mar_c_476	Nedělej to! Nedělej to, chlape!
9/6/96b764d8.p3d	15532_p_suf_188	Hni sebou! Běž!
9/6/96bbea54.p3d	15850_p_uem_038	Máš sakra problém!?
9/6/96bfb561.p3d	19404_bwhqa_073	To je negativní.
9/6/96bfc1bd.p3d	24442_mcmul_e04m03_104	Co to... jednotky tři a čtyři hlásí čisto.
9/6/96c24d40.p3d	11484_maoff_311	Palte, střílejte, nepřestávejte!
9/6/96c85fce.p3d	16896_bwtrb_096	Postupte, zkontrolujte to.
9/6/96c9720f.p3d	4197_mar_c_066	Chalk Tři volá Red Crown. Velká tlustá nula. Žádní nepřátelé v kvadrantu. Čekáme.
9/6/96ca736c.p3d	16608_bwabr_148	Nepřítel ostrý! Pozor!
9/6/96d31cab.p3d	9847_maf35_135	Ztratili jsme kontakt, Red Crown, chcete, abychom pokračovali v hledání?
9/6/96d9cd1c.p3d	13635_p_erm_157	Nechci umřít, chlape, prosím!
9/6/96dc8dca.p3d	13312_p_ctm_070	Byl přímo tady!
9/6/96dcc9f4.p3d	10024_maf35_292	Jsem zasažen! Počítač kontroluje poškození, pořád letím.
9/6/96ddfb7b.p3d	19969_magsp_247	Ne.
9/6/96e00e4d.p3d	7585_mabra_025	Nepřestávej! Sypej to do něj! Pal dál!
9/6/96e39bf4.p3d	8722_mar_a_443	Páni!
9/6/96e88d68.p3d	13155_p_ctf_144	Nestřílejte po nás!
9/6/96e93914.p3d	20805_p_ham_gasp_b	*lapání po dechu*
9/6/96f1323b.p3d	575_bwbra_170	Proražte to! Jedem! Jedem!
9/6/96f4e876.p3d	14716_p_mtf_072	Ten, tamhle!
9/6/96f9bdf6.p3d	13773_p_fdf_060	Uvolněte ulice!
9/7/9705f6c7.p3d	15229_p_mtm_119	Jsou všude!
9/7/9707b194.p3d	20760_p_fdm_disgust_a	Fuj!
9/7/970a1dac.p3d	18775_susol_163	Ty pitomče. Teď už vím, že jsi to ty!
9/7/970acc42.p3d	14286_p_fdm_102	Bože na nebi. Jak jsi tohle mohl dopustit!?
9/7/970eb370.p3d	9078_mar_b_247	Oblast ohraničte páskou. Sbalte to pro BLACKWATCH!
9/7/9713a8d2.p3d	9200_mar_b_369	Přineste protitankovou zbraň na tohle hovado! HNED!
9/7/97194a3f.p3d	8155_mabhk_234	Mise splněna, přepínám.
9/7/97260134.p3d	15375_p_suf_033	Dávej pozor, hajzle!
9/7/9727655c.p3d	1998_bwmls_136	Střely vypuštěny.
9/7/97318939.p3d	17638_bwtra_015	Ano, pane.
9/7/97355f5a.p3d	7849_mabra_269	Tahle plechovka není zdaleka špatná, zlato.
9/7/973bdf78.p3d	22465_bwtra_e06m05_058	Zaměřte cokoliv, co není lidský.
9/7/973bf18a.p3d	16861_bwtrb_061	Pošlete tenhle záznam Šéfovi úderky. Ať sem dostane svý věci, přepínám.
9/7/973d03ca.p3d	4162_mar_c_030	Připraven bojovat, pane!
9/7/9746ae67.p3d	9812_maf35_100	Nevím jak vy, kluci, ale tenhle jezdec má ještě co rozkopat.
9/7/974b0c00.p3d	877_bwgsp_117	Je na naší ptáku, opakuji, je na naší ptáku!
9/7/974d5ed8.p3d	13600_p_erm_122	Stůj! Zahoď to!
9/7/974f7e41.p3d	11066_mahqa_094	Hlášení o stavu, přepínám.
9/7/97518d56.p3d	19934_magsp_222	Máme tepelné zdroje. Vyšetřujeme.
9/7/97523877.p3d	8565_mar_a_306	Jóó! Mám toho hajzla!
9/7/975391cf.p3d	18116_bwtra_473	V pěkný sračce.
9/7/975c1f0f.p3d	13120_p_ctf_109	Zavolejte hasiče! *vzlyky*
9/7/975e2f44.p3d	10481_mamls_048	Mariňáci! Mariňáci! Mariňáci!
9/7/9760f21e.p3d	22797_maoff_e08m04_061	Vydržte, parchanti, zase jdou!
9/7/9764c3e2.p3d	540_bwbra_135	Nepřítel ozbrojen, opakuji, ozbrojen!
9/7/976cdb47.p3d	14489_p_ham_075	To je on! Jsem si jistej!
9/7/9771d0a9.p3d	14611_p_ham_197	Kristepane, trefili mě!
9/7/977daf53.p3d	18740_susol_128	Další zahrabanej!
9/7/977e5b5e.p3d	14251_p_fdm_067	Co to sakra bylo!?
9/7/977fd7f6.p3d	15957_p_uem_142	Bude střílet!
9/7/9782452c.p3d	9043_mar_b_212	No tak, kluci, co to děláte?
9/7/978cdc05.p3d	8120_mabhk_209	Potvrzuji, Red Crowne.
9/7/979254f6.p3d	4426_mar_c_284	Počkej. Prověř to.
9/7/9792abc8.p3d	7460_mabcm_128	Zaujměte bojová stanoviště. Tohle není cvičení.
9/7/9793880d.p3d	24982_nypda_338	Tenhle chlap! Chyťte ho!
9/7/979af718.p3d	1963_bwmls_101	Podívejte se na něj, cíl identifikován a potvrzen.
9/7/97a07b59.p3d	13419_p_ctm_176	Ustup! Hned!
9/7/97a4791a.p3d	11292_maoff_156	Pryč z perimetru! Hned.
9/7/97a8f116.p3d	7814_mabra_234	Sakra dobře, že je po všem, nemáme co dalšího hodit.
9/7/97b38066.p3d	10745_mamls_292	Nedělejte si o nás starosti, RC, pořád jsme ve hře.
9/7/97b58de1.p3d	8829_mar_b_018	Hlásím se do služby, pane!
9/7/97bae2c4.p3d	24355_p_haf_146	Sakra!
9/7/97be9b31.p3d	842_bwgsp_082	Skenuji zásahy v této zóně, nahlásím, přepínám.
9/7/97c02710.p3d	19777_magsp_065	Podpůrný týme, cíl zlikvidován.
9/7/97c31007.p3d	11031_mahqa_069	Pokračujte, přepínám.
9/7/97c5c7a8.p3d	8530_mar_a_271	Tohle je ten hajzl přímo tady!
9/7/97c88b69.p3d	4852_maabr_180	Pokračujte v útoku!
9/7/97cc9665.p3d	17182_bwtrb_362	Skolte ho, udělejte něco!
9/7/97d32767.p3d	1099_bwgsp_337	Držte se! Držte se!
9/7/97d79677.p3d	9307_mar_b_476	Kryjte se!
9/7/97db6e26.p3d	14983_p_uwm_106	Sakra, mám rozbitej telefon. Ať někdo zavolá 911!
9/7/97e06d03.p3d	14454_p_ham_040	Chceš kus mě?
9/7/97e8c79a.p3d	24089_bwoff_events_050	Potřebujeme tu posily! Nebo pořádný zázrak.
9/7/97f3699e.p3d	15922_p_uem_108	Musíme pomoct lidem!
9/7/97f7080a.p3d	25005_nypda_422	Pod palbou, dispečinku. POD PALBOU!
9/7/97ffdedc.p3d	16968_bwtrb_148	Zpátky!
9/8/980a9bf7.p3d	9919_maf35_207	Měním kurz, prověřuji záznam na radaru.
9/8/98114c68.p3d	13707_p_erm_229	Bože, ó, bože můj!
9/8/98178b0e.p3d	7657_mabra_097	Nepřítel na obrazovce, Strike Bossi, zavři toho hajzla do basy.
9/8/981a3cfc.p3d	84_bwbhk_053	To je zabití, opakuji, zabití. Ať je to čisté.
9/8/981dd2c9.p3d	10396_mahqb_133	Situaci se ZEUSEM jsme vyřešili.
9/8/981eb5ca.p3d	11982_nypda_047	Nic tu není, dispečinku.
9/8/98200cb4.p3d	13227_p_ctf_216	Pomoc.
9/8/98221ce9.p3d	10588_mamls_155	Oběd skončil, chlapi, máme nezvané hosty.
9/8/9827120d.p3d	10710_mamls_257	Střílejte dál, sundáme to.
9/8/9828b187.p3d	647_bwbra_242	Cíl dole, vracíme se na základnu, přepínám.
9/8/982c3f85.p3d	20933_p_mtm_pain_b	*argh*
9/8/982e74e0.p3d	24320_p_haf_144	Bude z toho zasraná řež.
9/8/98313d40.p3d	13845_p_fdf_130	Musíme jim pomoct!
9/8/9833b8cc.p3d	19742_magsp_030	Vyřiďte pozemním, letecká podpora se přesouvá.
9/8/983463ec.p3d	8373_mar_a_113	Co to sakra!
9/8/983727ae.p3d	4695_maabr_023	Připrav 1-20, nabíječi. Pal na můj povel, přepínám.
9/8/983e358f.p3d	24541_alex_e04m02_545	Dobře, musím je odlákat, nebo najdou Danu.
9/8/983eeac8.p3d	15006_p_uwm_129	Vyprosti se!
9/8/9840c145.p3d	12460_nypda_532	Neeee-heeee!
9/8/98419cf8.p3d	18847_susol_235	Moje chyba! Má ještě někdo zásah?
9/8/98424903.p3d	14358_p_fdm_174	Zpátky!
9/8/9846b924.p3d	1064_bwgsp_303	Utrpěli jsme poškození, systémy funkční, přepínám.
9/8/98495b76.p3d	24428_maoff_events_056	Selhání nepřipadá v úvahu. Zvraťte to tam venku -- HNED!
9/8/9850c98b.p3d	8227_mabhk_306	Thunder Čtyři Pět zasažen, udržujeme výšku, přepínám.
9/8/985d807e.p3d	15447_p_suf_103	Potřebuju pomoc! Kdokoliv!? Prosím, pomozte mi!
9/8/9865d130.p3d	19319_bwhqa_008	ZEUS uniká vizuálnímu kontaktu. Pošlete pozitivní skeny, pokud je máte, přepínám.
9/8/98686283.p3d	11399_maoff_124	*dušení a sténání*
9/8/986cae56.p3d	22990_ragla_e05m02_010	Mám, pro co jsme přišli! Vypadneme odsud!
9/8/98748317.p3d	4234_mar_c_103	Četa Delta hlásí vizuál na nakažené, přepínám.
9/8/9875afa3.p3d	24790_nypda_036	Rozumím, dispečinku.
9/8/98816255.p3d	17571_bwoff_220	Slyšíte můj negativ?
9/8/98823283.p3d	12005_nypda_072	Dispečinku, ztratil jsem podezřelého. Opakuji, ztratil podezřelého.
9/8/9886fd8d.p3d	11138_mahqa_166	Red Crown to ukončuje, stáhněte se a zajistěte prostor.
9/8/9887766f.p3d	19210_p_hlf_130_b	Kámo, já tohle nechci vidět.
9/8/9889b538.p3d	8637_mar_a_378	Ježiš, kámo, koukni na tohle! Vyfoť to!
9/8/9889cceb.p3d	22330_bwhqa_512	Rozhoduji. Bogey Třináct, srazte ho do řeky.
9/8/988b1cca.p3d	7622_mabra_062	Jsme zpátky ve hře, připravte se, přepínám.
9/8/988c78bb.p3d	4959_maabr_267	Žádný cíl, Red Crowne, opakuji, žádné cíle. Vracíme se na základnu.
9/8/988f0485.p3d	22397_bwoff_e07m04_040	Nepřibližujte se k tomu. Nedotýkejte se toho, ničeho se nedotýkejte.
9/8/989083f5.p3d	17289_bwtrb_469	Do sedel. Vyrážíme!
9/8/98908cb7.p3d	22906_mar_b_e06m04_035	Zasraný kreténi. Jak to, že musíme sakra všude chodit pěšky?
9/8/989161e5.p3d	10361_mahqb_098	Podejte mi shrnutí, přepínám.
9/8/9895aea5.p3d	10553_mamls_120	Volný cíl, na tohle nepotřebujeme žádnou zasranou trajektorii.
9/8/989c432e.p3d	612_bwbra_207	Jasně, my, ehm, uděláme další prohledání.
9/8/989d163c.p3d	24163_p_haf_198	Moje zasraný nohy!
9/8/98a4cc5c.p3d	13810_p_fdf_095	Do háje!
9/8/98b35bd3.p3d	22869_mar_a_e08m04_050	Co se to sakra stalo!?
9/8/98b52eb4.p3d	18812_susol_200	Počkat, je to jeden z vás!
9/8/98b5daaa.p3d	14323_p_fdm_139	Nestřílej po mně, prosím!
9/8/98b9c1ed.p3d	9115_mar_b_284	Cokoli tohle udělalo, může tu pořád bejt.
9/8/98c42702.p3d	19171_p_hlf_093	Utíkej!
9/8/98ca2866.p3d	7532_mabcm_186	Všechny jednotky v dosahu, potřebujeme podporu, hned.
9/8/98ccd6ee.p3d	283_bwbhk_252	Ghost Čtyři Pět, hlásíme čisto. Bouře sraček utichla.
9/8/98d10f9b.p3d	15412_p_suf_069	Je pryč! Je pryč!
9/8/98d6e3e8.p3d	22569_bwtrb_e06m05_070	Ježíši, jsme v hajzlu. Morfium! Potřebuju morfium!
9/8/98dbf85e.p3d	11364_maoff_220	Kontakt! Povoleno zahájit palbu!
9/8/98e2db91.p3d	22390_bwoff_e03m01_033	VELENÍ! TADY PŘEDSUNUTÉ ZADRŽENÍ JEDNA! MÁME ZEUSE!
9/8/98ecc76d.p3d	9727_maf35_015	Voodoo je v centru, ozbrojeno a čeká na zelenou.
9/8/98f377de.p3d	13515_p_erm_037	Pozor, kámo!
9/8/98f61a7d.p3d	914_bwgsp_154	Díky, Red Crown. Zahajuji útočný nálet.
9/8/98f7a65c.p3d	19849_magsp_137	Tenhle vektor je prázdný. Čistíme.
9/8/98f7fd0a.p3d	21854_alex_e03m01_070	Nevím, jak se ovládají tahle vozidla.
9/8/98fa8f49.p3d	11103_mahqa_131	Situace se uklidnila. Držte pozice.
9/8/98fd46f4.p3d	8602_mar_a_343	Sakra. Chudák.
9/8/98fde039.p3d	21906_alex_e04m01_122	Velí tomu. Jeho chci.
9/9/99000a77.p3d	4924_maabr_232	Udržte linii! Jsme pod palbou!
9/9/9902382c.p3d	13035_p_ctf_026	Tohle město je v háji!
9/9/990415b1.p3d	17254_bwtrb_434	Jo!
9/9/9909bfef.p3d	17973_bwtra_330	Kéž bych to svinstvo dokázal taky.
9/9/990adcfd.p3d	455_bwbra_050	Zabití selhalo. Znovu se zapojit?
9/9/990dc7c6.p3d	2092_bwmls_240	Pozice prozrazena!
9/9/99114667.p3d	16786_bwabr_306	Náraz se blíží!
9/9/991498d6.p3d	19582_bwhqb_070	Rozumím, ano.
9/9/9917ec4f.p3d	14526_p_ham_112	Nechte ho bejt!
9/9/991ac45d.p3d	21570_maabr_252	Potvrďte náš stav. Úderný balík byl zásah, přepínám.
9/9/9928c6b9.p3d	24524_alex_e03m01_528	Mám to.
9/9/9932f53f.p3d	8035_mabhk_134	Uvolněte prostor, přilétá to!
9/9/9938c4e3.p3d	7375_mabcm_043	Zachytil to někdo, přepínám?
9/9/9939a128.p3d	24897_nypda_253	Lidi, pohybujte se v klidu a nikomu se nic nestane!
9/9/9941101e.p3d	1878_bwmls_016	Cíl označen, FCP stav zelený, dejte nám signál, přepínám.
9/9/994f0a5a.p3d	7729_mabra_169	Nikdo neodejde, dokud si nebudeme jistí, že je mrtvý, přepínám.
9/9/996030b4.p3d	719_bwbra_304	Tak dělejte -- poplach, poplach, pohyb!
9/9/9968bc8a.p3d	13917_p_fdf_200	Pomozte mi! Prosím!
9/9/99692021.p3d	22211_bwbhk_e03m01_04	Máme pozitivní identifikaci ZEUSe na zemi na pozici Zadržovací zóny jedna. Žádost o povolení k zásahu.
9/9/996b3818.p3d	19814_magsp_102	To je správně, momentálně vidíme nepřátelský úmysl, přepínám.
9/9/996be0ad.p3d	8445_mar_a_185	Zpátky, ZEUS je nedostupný!
9/9/996ea46f.p3d	4767_maabr_095	Je to tu sakra nulový bod, Red Crowne.
9/9/997254d1.p3d	21995_alex_e05m03_211	Přiblížil jsem se moc. Sakra!
9/9/9972af6b.p3d	17097_bwtrb_277	Našel jsem mrtvýho chlapa.
9/9/99791c44.p3d	18919_susol_307	Pořád stojím, ZEUS!
9/9/997e6e85.p3d	420_bwbra_005	Příjezd na spadnutí, kam nás chcete, RC?
9/9/99818741.p3d	14898_p_uwm_021	Vědí, kdo to udělal?
9/9/9984d598.p3d	16751_bwabr_271	Zpoždění spojení. Zpoždění spojení.
9/9/998d7ec2.p3d	9990_maf35_258	Je hotovo. Úderný týme, shromáždit na stanovištích.
9/9/9990e59c.p3d	22803_maoff_e09m03_067	Cokoliv uvidíte, co není mariňák, zastřelte to.
9/9/9994fd3f.p3d	15519_p_suf_175	Rychle! Běž!
9/9/99975a72.p3d	18620_susol_038	Počkat, prohledejte oblast. Najděte cíl.
9/9/999982bb.p3d	15837_p_uem_025	Ale ne, ne u nás ve čtvrti!
9/9/99a6845b.p3d	8000_mabhk_099	Budeme potřebovat úklidové čety na zemi, přepínám.
9/9/99abffb7.p3d	4306_mar_c_163	Cíl znovu zaměřen!
9/9/99ac568a.p3d	7340_mabcm_008	Velitelství základny, tady Modrá zóna Théta. Zdi nahoře, světla svítí.
9/9/99ad2fe7.p3d	24862_nypda_188	Tudy nemůžeš chodit!
9/9/99b16a27.p3d	24577_alex_e06m02_580	Zůstaň dole!
9/9/99be23da.p3d	11172_maoff_034	Žádám úderný balík Bravo, velitelství, přepínám.
9/9/99c4f249.p3d	22141_alex_e09m03_358	Ale, Taggarte.
9/9/99c8e146.p3d	10433_mahqb_170	Úderný týme, stažení povoleno dle vlastního uvážení. Potvrďte.
9/9/99cc4ef7.p3d	22434_bwtra_e04m03_026	Ustupte! Dostaňte odtamtud ten tým!
9/9/99d48e22.p3d	24235_p_haf_077	Chyťte ho! Je tamhle!
9/9/99d88647.p3d	19689_bwhqb_167	Přiveďte balíček zpátky na základnu.
9/9/99da7cf1.p3d	8288_mar_a_027	Nepřítel v otevřeném prostoru!
9/9/99df7269.p3d	8410_mar_a_150	Odlákej ho od základny!
9/9/99e2362b.p3d	4732_maabr_060	Zaměření v pořádku. Zrůda zlikvidována, přepínám.
9/9/99e64127.p3d	17062_bwtrb_242	Zastřelil jsem Mercera.
9/9/99e6da4b.p3d	12375_nypda_447	Pusťte ho, HNED!
9/9/99e8b41a.p3d	19390_bwhqa_069	Zpráva přijata.
9/9/99eac512.p3d	21785_alex_e01m01_002	Tahle síla...tahle moc...odkud se vzala?
9/9/99ebeb50.p3d	17781_bwtra_138	Dvoučlenné týmy, rozptýlit se, jdem!
9/9/99f1c78b.p3d	1101_bwgsp_339	Snažím se znovu získat kontrolu!
9/9/99f3721b.p3d	16594_bwabr_134	Obranné manévry!
9/9/99fba64c.p3d	19243_p_hlf_163	Prosím, OK? Prosím, prosím tě. Prosím tě, pusť mě.
9/9/99febd36.p3d	21837_alex_e02m02_053	Když budu vypadat úplně jako oni, měl bych se mezi ně vmísit.
9/a/9a02a4c1.p3d	20387_magsp_stab_d	*ááh*
9/a/9a04563a.p3d	355_bwbhk_324	Red Crowne, cíl je na palubě, potřebuju pomoc!
9/a/9a08d98d.p3d	24003_bwhqb_e02m05_008	Red Crown, berte na vědomí, předsunutá základna je ztracena. Všechny jednotky se sbíhejte do oblasti kvůli likvidačním operacím. Uzavřete to. Konec.
9/a/9a0d90a0.p3d	22766_maoff_e06m04_030	Na tyhle kraviny nemáme čas! Zůstaňte u úkolu. Pohyb!
9/a/9a1374e3.p3d	11436_maoff_274	Právě schytal ty střely!
9/a/9a1989dc.p3d	16848_bwtrb_048	To je TO!
9/a/9a1a9c1c.p3d	4149_mar_c_017	Detwillere, hni tou svou ubohou prdelí na špici a prověř tu možnost! Hoď sebou!
9/a/9a277b7a.p3d	17486_bwoff_145	Nikdo se nehýbe!
9/a/9a2802b4.p3d	25423_alex_e06m02_704	Něco je špatně! Nemůžu... Proč ho nemůžu zlomit jako ty ostatní?
9/a/9a377dc9.p3d	10276_mahqb_033	To je vše. Teď přestaňte kecat, lidi. Tenhle kanál je na práci.
9/a/9a397213.p3d	22485_bwtra_e07m01_078	Přední letecký naváděč, cíle označeny, potřebujem blízkou palebnou podporu, nebezpečná blízkost, přepínám.
9/a/9a39b4eb.p3d	13107_p_ctf_096	Nedělej to!
9/a/9a3b94fd.p3d	17326_bwtrb_506	Zachraňte se!
9/a/9a3bc7ab.p3d	10468_mamls_035	Nikdo neopouští vozidlo, zůstaňte na místě.
9/a/9a3d2beb.p3d	10995_mahqa_043	Operace zadržení, přepínám.
9/a/9a3dd45c.p3d	25183_nypda_450	Sundej ho, kreténe!
9/a/9a3e4942.p3d	11718_nydisp_003	Je to 10-10, podezřelý na útěku. Potvrďte.
9/a/9a425c49.p3d	527_bwbra_122	Senzory studené, jsme mimo dosah, přepínám.
9/a/9a4546f3.p3d	2164_bwmls_302	Pod palbou.
9/a/9a4c1803.p3d	19654_bwhqb_132	Všechny jednotky, kontakt je čistý, potvrzujete?
9/a/9a5a6c07.p3d	12340_nypda_412	Zasáhni ho do středu těla!
9/a/9a5b47ba.p3d	18727_susol_115	Zaměřeno, připravit se.
9/a/9a5bf3c6.p3d	14238_p_fdm_055	Bože! To je on! Tamhle!
9/a/9a6a748b.p3d	8107_mabhk_206	Rozumím.
9/a/9a6ff00d.p3d	8972_mar_b_141	Páni, vypadá to tu jak pytel rozdrcenejch kreténů.
9/a/9a70442f.p3d	7447_mabcm_115	Desátníku Teale, máme nepotvrzené hlášení o kontaktu asi dvacet metrů za dopravní kolizí. Je opětovné zaměření negativní, přepínám?
9/a/9a7127d7.p3d	24969_nypda_515	*zasténání* Pomozte mi! Pomoc!
9/a/9a72eff4.p3d	198_bwbhk_167	Jaká je s tím situace, přepínám?
9/a/9a77e556.p3d	320_bwbhk_289	Halo na místě, výsadek probíhá.
9/a/9a82119d.p3d	11279_maoff_150	Tady není nic, co by mariňáci sami nezvládli.
9/a/9a8702a7.p3d	11401_maoff_126	Slož ho, ty parchante!
9/a/9a8d1b98.p3d	16813_bwtrb_013	Jo.
9/a/9a9b0d36.p3d	17451_bwoff_110	Tak tohle je ono. Tohle je ten velký.
9/a/9a9c3383.p3d	829_bwgsp_069	Těžké poškození a trosky, viditelnost je nízká, přepínám.
9/a/9aa0a88d.p3d	11018_mahqa_066	To je potvrzeno.
9/a/9aa35ffa.p3d	8517_mar_a_258	Ruce vzhůru! Všichni!
9/a/9aa623bb.p3d	4839_maabr_167	Připravte se na útok!
9/a/9aa9a043.p3d	22072_alex_e07m02_288	Ti letci nemůžou být všude najednou. Stačí vybrat správný okamžik.
9/a/9aaa2eb7.p3d	17169_bwtrb_349	Pozor, granát! K zemi!
9/a/9aaca1a0.p3d	19497_bwhqa_166	Red Crown ruší primární úderný cíl. Stav bílý, přepínám.
9/a/9aafd8f5.p3d	17888_bwtra_245	Nepřátelé spatřeni, kontakt na spadnutí.
9/a/9ab04eb0.p3d	22745_maoff_e02m05_009	Red Crown, Red Crown, přemáhá nás nějaké... zasraně obrovské zvíře. Snažíme se stáhnout... Aaarrrrgggghhhh!
9/a/9ab0a56f.p3d	25476_alex_e09m03_703	Nikdo tě přede mnou neochrání!
9/a/9ab0bd92.p3d	10960_mahqa_008	Rozkaz zní znovu zaměřit ZEUSE co nejdřív.
9/a/9ab960b4.p3d	22501_bwtrb_e01m02_001	Vážně si myslíš, že by byl tak blbej, aby sem přišel?
9/a/9ac905c1.p3d	12183_nypda_255	Lidi! Prosím, opusťte oblast v klidu!
9/a/9acf8582.p3d	14203_p_fdm_020	Jsou všichni mrtví?
9/a/9ad0ff7a.p3d	15909_p_uem_095	Do prdele!
9/a/9ad9f045.p3d	20293_maabr_scream_b	*výkřik*
9/a/9ae3d360.p3d	7412_mabcm_080	Aktualizace stavu. Nepřátelé zmizeli, přepínám.
9/a/9ae4af31.p3d	24934_nypda_258	Vypadá to na mrtvolu. Radši sem přivezte forenzní tým.
9/a/9ae681b0.p3d	163_bwbhk_132	Red Crown, žádáme povolení ukončit pátrání.
9/a/9aec1e9b.p3d	1915_bwmls_053	Zkontrolujte náš náklad, nechci, abychom šli na záložní.
9/a/9af5a05f.p3d	11244_maoff_088	Dost! Je s tebou konec, kámo!
9/a/9afbff4d.p3d	18990_susol_378	Zastavte palbu, kurva! Jsme na vaší straně!
9/a/9afc4e50.p3d	11969_nypda_044	Negativní.
9/b/9b009526.p3d	9293_mar_b_462	*sténání, lapání po dechu* PUSŤ, hajzle!
9/b/9b0c0d47.p3d	24307_p_haf_131	Podívej se na to.
9/b/9b0e8546.p3d	22661_mabra_e04m01_011	Pane, máme možný cíl. Je na dvanácti, signál sílí.
9/b/9b11511e.p3d	19729_magsp_017	Chalk Tři od letectva. Vypusťte kouř, ať vidíme vaše pozice, slyšíte?
9/b/9b19b577.p3d	4804_maabr_132	Je po všem. Dobrá práce, mariňáci. Ranger, konec.
9/b/9b1dc073.p3d	17134_bwtrb_314	Red Crowne, tady na Dvacítce je nakažený. Čekáme na palebnou podporu.
9/b/9b1e5997.p3d	12447_nypda_519	Pozor!
9/b/9b1f2abd.p3d	22852_mar_a_e06m01_033	Máme Vůdce v pohybu, nahrávám to teď do sítě. Běžci a Rváči negativní.
9/b/9b20335c.p3d	19462_bwhqa_131	Čisto při kontaktu, opakuji, čisto při kontaktu. ZEUS stav bílý.
9/b/9b236ab1.p3d	17853_bwtra_210	To je ale banda sakra blbců.
9/b/9b2c95a9.p3d	14935_p_uwm_058	Ach s-- je v davu!
9/b/9b3a4b17.p3d	13693_p_erm_215	Ne! Ne! Neee!
9/b/9b3d0baf.p3d	13370_p_ctm_127	Pomoc! Někdo!
9/b/9b4419ef.p3d	8780_mar_a_501	Pohyb, pohyb!
9/b/9b4af468.p3d	11508_maoff_361	Kryjte se!
9/b/9b515f31.p3d	23944_alex_072	Víc. Potřebuju víc.
9/b/9b534829.p3d	24777_nypda_033	Potvrzuji.
9/b/9b556671.p3d	14774_p_mtf_130	Musíme jim pomoct!
9/b/9b5efac1.p3d	17558_bwoff_212	Rozumím.
9/b/9b5f7e8f.p3d	19013_susol_401	Ach.
9/b/9b667235.p3d	15287_p_mtm_175	Neviděl jsem, co to bylo.
9/b/9b671204.p3d	22961_mar_c_e06m04_038	Raz, dva, tři. Přesně tak. Raz, dva, tři. BUM!
9/b/9b68b51c.p3d	7609_mabra_049	Připraven! Co bude dál.
9/b/9b6efa4c.p3d	10348_mahqb_085	Hlaste se, přepínám.
9/b/9b6fe016.p3d	11934_nypda_019	10-80 posily, dispečinku. Naše poloha je čistá.
9/b/9b843697.p3d	4641_mar_c_499	K zemi!
9/b/9b858b6f.p3d	8325_mar_a_065	Varoval jsem tě, kámo!
9/b/9b91e8c8.p3d	12412_nypda_484	Tuhle mrchu je čím dál těžší zabít.
9/b/9b92046b.p3d	17696_bwtra_053	Počkej. Jdu se podívat.
9/b/9b97e0a7.p3d	1016_bwgsp_255	Nechte zkontrolovat listy a povolte návrat do zóny, letka Tornado.
9/b/9b9e8098.p3d	16631_bwabr_171	Rudí v zóně, zůstaňte ve střehu.
9/b/9ba02765.p3d	14900_p_uwm_023	Ach sakra. Ne New York. Ne zas.
9/b/9ba1bf69.p3d	19158_p_hlf_080	Udělejte něco! To je tamten!
9/b/9ba729c2.p3d	9870_maf35_158	Zahodit cíl, přepínám.
9/b/9bad0e64.p3d	7999_mabhk_098	Snažím se evakuovat raněné, přepínám.
9/b/9bb20888.p3d	19992_magsp_260	Nemůžu pracovat za těchhle podmínek, nech mě to dokončit.
9/b/9bd289f7.p3d	17523_bwoff_182	Vedlejší škody.
9/b/9bd47683.p3d	22589_bwtrb_e07m01_090	Naše pozice byla odhalena! Přerušte misi!
9/b/9bd9a79a.p3d	22267_bwhqa_e08m03_042	Udržte čerpadlo v provozu. To je jediné, co musíte udělat. Konec.
9/b/9bda03f1.p3d	15252_p_mtm_140	Vidělas to!?
9/b/9be28c46.p3d	10313_mahqb_070	Ano, pokračujte.
9/b/9be3e1e5.p3d	25098_nypda_049	Charlie Nineteen neslyší.
9/b/9be6d628.p3d	10505_mamls_072	Potřebujeme nasadit Paladina na naší dvanáctce, palte naplno.
9/b/9be8d684.p3d	25220_nypda_102	Dispečinku, tady Charlie Nineteen. Tohle místo je negativní.
9/b/9beb6018.p3d	2079_bwmls_227	Spalte to. Spalte úplně všechno.
9/b/9bec2f66.p3d	22831_mar_a_e02m05_013	Co to sakra jsou?
9/b/9bee3fc7.p3d	24115_p_haf_103	Nemůžu dýchat! Pomozte mi někdo. Bože, pomozte mi někdo.
9/b/9bf23147.p3d	19569_bwhqb_067	Povoleno, přepínám.
9/b/9bf2d2f1.p3d	4484_mar_c_342	Nedělej to!
9/b/9bf612bc.p3d	22926_mar_c_e02m02_004	Á, letecká podpora, faktor dobrého pocitu moderního bojiště. K čemu nás sakra potřebují?
9/c/9c00850d.p3d	12255_nypda_327	Je jeden z těch hajzlů.
9/c/9c00f954.p3d	13477_p_ctm_234	Aaa-aaaargh!
9/c/9c059650.p3d	17661_bwtra_038	Rozumím.
9/c/9c096c86.p3d	7872_mabra_292	Status červená, jsme nepohybliví a opouštíme vozidlo, přepínám.
9/c/9c09d02a.p3d	22940_mar_c_e02m05_018	Ani náhodou.
9/c/9c0d1cdd.p3d	16474_bwabr_014	Nemáme cíl. Pošlete nám souřadnice, přepínám.
9/c/9c155112.p3d	19123_p_hlf_047	Myslím, že vidím toho chlapa, co ho hledaj!
9/c/9c1e00fc.p3d	235_bwbhk_204	Máme pod sebou kůže, Red Crown, přepošlete na zem.
9/c/9c20a020.p3d	7964_mabhk_063	Ztratili jsme vizuál.
9/c/9c2bd71c.p3d	15099_p_uwm_222	*dušení, lapání po dechu* Nemůžu dýchat!
9/c/9c2d1fe1.p3d	11316_maoff_172	Jde se na to! Tamhle je ZEUS!
9/c/9c33e877.p3d	23012_ragla_e05m03_032	Tohle budeš potřebovat...
9/c/9c41263c.p3d	17366_bwoff_025	Setkal jsem se s nimi.
9/c/9c43d293.p3d	16038_p_uem_223	Pusť...mě!
9/c/9c471ddb.p3d	20978_p_suf_fallscream_c	*výkřik*
9/c/9c53e50d.p3d	15980_p_uem_165	POMOZTE MI! Ne, ne, prosím! POMOZTE MI!
9/c/9c553d34.p3d	17206_bwtrb_386	Nenech ho přijít moc blízko!
9/c/9c577f9a.p3d	25063_nypda_370	Buď to udrž pod zámkem, nebo o to přijdeš, hošánku!
9/c/9c58720d.p3d	21966_alex_e05m02_182	Jen si pamatuj, byl to tvůj nápad.
9/c/9c5ae772.p3d	17925_bwtra_282	Dobře. Máme ho vyděšeného.
9/c/9c5eef2a.p3d	2044_bwmls_182	Palebná mise ukončena.
9/c/9c626dea.p3d	16738_bwabr_258	Všechny týmy na tento cíl.
9/c/9c65c303.p3d	19534_bwhqb_032	Zrušte konfiguraci pátrání.
9/c/9c68a534.p3d	22152_alex_e10m04_369	To bolelo?
9/c/9c6b1729.p3d	9977_maf35_245	Podepsáno, zapečetěno a doručeno, Red Crown, mise splněna.
9/c/9c6f1ec6.p3d	12098_nypda_169	Toho hajzla cítím na dálku.
9/c/9c74143e.p3d	12220_nypda_292	Hej -- jdi dál, blbče!
9/c/9c748870.p3d	13442_p_ctm_199	Ááách! Někdo! Pomoc!
9/c/9c74f29b.p3d	18607_susol_005	Prošli jsme skrz ty parchanty. Jsme kompletní, přepínám.
9/c/9c899b0d.p3d	8852_mar_b_041	Mám tu situaci. Zabijácká zóna na mý dvanáctý, potřebuju podporu.
9/c/9c8ac771.p3d	24849_nypda_101	Dispečinku, zkontrolujte mou pozici. ID podezřelého. Pošlete úderný tým.
9/c/9c8ce5bb.p3d	14846_p_mtf_200	Zachraňte mě! Prosím!
9/c/9c919018.p3d	200_bwbhk_169	Bojové hodiny říkají, že jsme pro tuhle akci pořád dobří.
9/c/9c96d4e5.p3d	24062_bwoff_events_023	Tohle není žádná procházka.
9/c/9c9bbc2a.p3d	11159_maoff_019	Oddíl čtyřicet pět, ztratili jsme kontakt, přepínám.
9/c/9c9f6638.p3d	15064_p_uwm_187	Běž! Běž! Pohyb!
9/c/9caba38e.p3d	9330_mar_b_499	Připraven ke střelbě!
9/c/9caccc4c.p3d	25327_nypda_465	Zlato, něco se děje!
9/c/9cad5de5.p3d	24048_bwoff_events_009	Zeus?? Co to je... zadržte palbu -- zdá se, že nám pomáhá.
9/c/9cb761af.p3d	16003_p_uem_188	Pohyb! Sakra, hni sebou!
9/c/9cbfce7d.p3d	4719_maabr_047	Jeď na západ, řidiči, dostaň nás na dostřel k těm zrůdám, přepínám.
9/c/9cc3d979.p3d	17049_bwtrb_229	Zahajuji palbu.
9/c/9cc64ca0.p3d	19377_bwhqa_066	Potvrzuji.
9/c/9cc983b7.p3d	17768_bwtra_125	Bravo týme? Kde jste, kluci?
9/c/9cd3ec08.p3d	16991_bwtrb_171	Počkej? Byl to on?
9/c/9cd5ffa6.p3d	16703_bwabr_223	Red Crown, operace dokončena. 
9/c/9ce2b07e.p3d	12063_nypda_130	Až dostanu dalšího, vypadni odsud!
9/c/9ce324cc.p3d	13285_p_ctm_044	Zavolejte poldy!
9/c/9ce61094.p3d	22454_bwtra_e05m01_046	ZEUS spatřen. Zapojuji se.
9/c/9ceb9ac5.p3d	7680_mabra_120	Bulldog hlásí negativní, vidí někdo něco?
9/c/9cf768c1.p3d	24401_maoff_events_029	Máme navrch, chlapi. Jen tak dál.
9/c/9cfb7f77.p3d	14689_p_mtf_045	Někdo, zavolejte 911!
9/c/9cfcbe9e.p3d	670_bwbra_265	Děkujte svým šťastným hvězdám, posádko.
9/c/9cfe55f1.p3d	24814_nypda_015	Tady Charlie Nineteen. Tady je všechno v pořádku.
9/d/9d0074d7.p3d	14811_p_mtf_165	Zamysli se, mladíku! Prosím!
9/d/9d11833d.p3d	15324_p_mtm_212	Tam! Tam!
9/d/9d15aa0f.p3d	18870_susol_258	Zasáhněte ho hned!
9/d/9d16561a.p3d	14381_p_fdm_197	Zavolejte doktora. Doktora!
9/d/9d1a3fe8.p3d	9173_mar_b_342	Běžte, běžte, HNED!!
9/d/9d24d6a2.p3d	8250_mabhk_329	Ó, Kriste, ne!!
9/d/9d2a523d.p3d	4556_mar_c_414	Dobře! Dobře! Prosím, vyklidťe oblast!
9/d/9d2e65a9.p3d	21566_bwabr_258	Všechny týmy na tento cíl.
9/d/9d318d95.p3d	15470_p_suf_126	Sakra! Osvoboď se!
9/d/9d3768aa.p3d	17014_bwtrb_194	Chade?! Seš to ty?!
9/d/9d3801ce.p3d	12327_nypda_399	Myslím, že to padá!
9/d/9d39de5c.p3d	19342_bwhqa_031	Čekejte na rozkaz k přesunu. Možná se zaměříme na širší pátrání, čekejte.
9/d/9d3d12e8.p3d	17733_bwtra_090	Prohledejte oblast na mrtvoly, Sci-tým chce cokoliv, co najdou.
9/d/9d44999e.p3d	16546_bwabr_086	Polní týmy, do krytu, Blackjack zahajuje palbu.
9/d/9d4d42dd.p3d	9785_maf35_073	Nic, nic, ztratil jsem ho.
9/d/9d4d885f.p3d	8959_mar_b_128	Dodělám tě, kurva!
9/d/9d52183e.p3d	20069_magsp_337	Mám oheň v kokpitu, oheň v kokpitu! Argh! Gaa!
9/d/9d53f34e.p3d	13573_p_erm_095	Do prdele!
9/d/9d557dbd.p3d	307_bwbhk_276	Mise přerušena. Vracíme se na základnu.
9/d/9d569878.p3d	972_bwgsp_212	Cíl splněn. Vracíme se na velitelství.
9/d/9d595195.p3d	21897_alex_e03m03_113	No tak, no tak!
9/d/9d5a28d0.p3d	18089_bwtra_446	Kámo, vypadáš přesně tak, jak se cítím.
9/d/9d5dc4ef.p3d	8660_mar_a_401	Hajzl.
9/d/9d5f89d1.p3d	22675_maf35_e08m04_006	Potvrzuji, velitelství, jasný kontakt tam dole. Ne, nedokážu to popsat.
9/d/9d6085e7.p3d	4982_maabr_290	Kryjte nás!
9/d/9d62b39a.p3d	13093_p_ctf_082	Nejsem vrah!
9/d/9d6664ca.p3d	25483_alex_e07m01_702	To je potvrzeno, Romeo Charlie.
9/d/9d7867bf.p3d	14584_p_ham_170	Do prdele! Jsem mrtvej. Jsem sakra mrtvej.
9/d/9d78a2fd.p3d	17438_bwoff_097	Palte na oba!
9/d/9d801cfb.p3d	15167_p_mtm_059	Tamhle je! Tam!
9/d/9d8ef3c4.p3d	25135_nypda_154	Dispečinku, je čas jet. Mám ho zpátky!
9/d/9d9370af.p3d	8093_mabhk_192	Red Crowne, máme pohyb, podíváme se blíž.
9/d/9d966e95.p3d	2116_bwmls_264	Spálený cíl potvrzen. Highball čeká na potvrzení ztrát.
9/d/9d98ebf7.p3d	4399_mar_c_257	Tady! Tenhle!
9/d/9d9d3f86.p3d	19606_bwhqb_084	Kde jsme s tou operací?
9/d/9d9de159.p3d	4521_mar_c_379	Pozor! Tohle je ono!
9/d/9da4e1e1.p3d	20122_bwbhk_stab_c	*ááh*
9/d/9db7ff40.p3d	22190_bwabr_e08m03_31	Máme narušení na severu! Palte!
9/d/9db82b5a.p3d	16511_bwabr_051	Vysílám úderný tým Tango pět nula.
9/d/9dc0d484.p3d	9750_maf35_038	Najíždím, vyčistíme tuhle oblast. Potvrzeno.
9/d/9dc11790.p3d	8924_mar_b_093	Režim pátrání. Po dvou. Vylez, ty posero.
9/d/9dc5a9fa.p3d	20034_magsp_302	Kriste, je to na tý zasraný přídi!
9/d/9dcbb388.p3d	19872_magsp_160	Ok, udržujte.
9/d/9dcdba8c.p3d	18054_bwtra_411	To je ON, ne já!
9/d/9dcdce87.p3d	24368_maoff_e06m03_001	Sigma volá Red Crown. Ani se ho nedotkneme. Stahujeme se na kontrolní bod FIREBALL. Žádáme nasazení Kladiva.
9/d/9dd997b4.p3d	18977_susol_365	Zasáhněte tu zatracenou dodávku, hned!
9/d/9de78c3d.p3d	21901_alex_e03m03_117	Tak tohle je ono. Tohle by mohlo být přesně to, co potřebujeme
9/d/9dec34b9.p3d	17403_bwoff_062	Zóna zajištěna.
9/d/9df3aeb7.p3d	15132_p_mtm_024	Padáme odsud.
9/d/9df9fe29.p3d	15895_p_uem_081	Co? Já? Ne!
9/d/9dfdcbae.p3d	19449_bwhqa_118	Týmy čekají na taktická data. Přepněte na podkanál čtyři.
9/e/9e0c7db3.p3d	4364_mar_c_222	Mariňáci! Zase jsme to dokázali!
9/e/9e1a2fce.p3d	12135_nypda_206	Vezměme si tohohle.
9/e/9e1aa416.p3d	13357_p_ctm_114	Nenech je, aby se tě dotkli!
9/e/9e21afb6.p3d	8767_mar_a_488	Nechte toho, jsme sakra ďábelský psi!
9/e/9e231786.p3d	7752_mabra_192	Red One, tady jednotka Bulldog, jedeme prověřit možnou pozici nepřítele, přepínám.
9/e/9e2da923.p3d	10683_mamls_230	Palte dál, palte dál.
9/e/9e350896.p3d	24293_p_haf_051	Sakra. To je ten chlap, po kterym jdou!
9/e/9e37a933.p3d	115_bwbhk_084	Zasaženi, ale ne mimo kurz, udržujeme směr.
9/e/9e38c3ee.p3d	780_bwgsp_020	Zaměřujeme termovizi, přepínám. Pokud jste spojenci v palebné zóně, spusťte teď dým.
9/e/9e3cc9a1.p3d	13940_p_fdf_223	*kašel* Pusť *kašel*!
9/e/9e42b411.p3d	4790_maabr_118	Prohledáváme oblast posledního spatření, přepínám.
9/e/9e4a7740.p3d	15101_p_uwm_224	T-ty mi ubližuješ! *zasténání*
9/e/9e4d2970.p3d	18942_susol_330	Padá to! Padá to!
9/e/9e4fdb12.p3d	20685_p_erm_gasp_b	*lapání po dechu*
9/e/9e51bf34.p3d	9245_mar_b_414	Pohyb! Přilétá palba!
9/e/9e5d238a.p3d	22647_mabhk_e09m01_016	Red Crowne, kroužíme nad oblastí, přeposíláme vizuál, přepínám.
9/e/9e60b1d3.p3d	24498_alex_e01m01_502	Dobře...nejdřív jeho...
9/e/9e61cefe.p3d	4628_mar_c_486	Zapojujeme se.
9/e/9e690a56.p3d	15542_p_suf_198	Krvácím! *vydechne* Pomoc, krvácím.
9/e/9e6d8fd2.p3d	15860_p_uem_048	Nepleťte se mu do cesty!
9/e/9e715adf.p3d	19414_bwhqa_083	Jaký je stav v zabíjecí zóně? Všechny týmy, hlaste se.
9/e/9e73f2be.p3d	11494_maoff_321	Stáhni se, sakra!
9/e/9e749234.p3d	17805_bwtra_162	Tahle oblast je uzavřená.
9/e/9e7c18ea.p3d	16618_bwabr_158	Hotovo! Palebná mise dokončena.
9/e/9e84c229.p3d	9857_maf35_145	Mám na to zaměření. Vypadá to dobře.
9/e/9e8868ca.p3d	22026_alex_e06m01_242	Dano!
9/e/9e8b729a.p3d	13645_p_erm_167	Rozmysli si to, chlape! Jsem nevinný!
9/e/9e8dbeff.p3d	12100_nypda_171	Je blízko. Hodně blízko. Byli jsme přímo vedle něj!
9/e/9e8e3332.p3d	13322_p_ctm_079	Tamhle! Jsem si celkem jistý!
9/e/9e8e71fd.p3d	10034_maf35_302	Uhni vlevo! Uhni!
9/e/9e8fa0da.p3d	19979_magsp_247	Ne.
9/e/9e91b3cb.p3d	7595_mabra_035	Cíl rozstřílen, dobíjím pás, přepínám.
9/e/9e954172.p3d	8732_mar_a_453	Přilétá to!
9/e/9e9a32e6.p3d	13165_p_ctf_154	Proč po nás střílí!?
9/e/9ea2d7b9.p3d	585_bwbra_180	Rozumím, velitelství, cíl eliminován. ZEUS je mrtvý!
9/e/9ea68df4.p3d	14726_p_mtf_082	Přísahám bohu, to nejsem já!
9/e/9eab635e.p3d	13783_p_fdf_069	Je pryč? Kam zmizel?
9/e/9eaef745.p3d	22872_mar_b_e02m02_002	Mám takový pocit, že až jedna z těch věcí začne pípat, bude už pozdě.
9/e/9eb79c45.p3d	15239_p_mtm_129	Co mu to dělá?
9/e/9ebbc32a.p3d	18785_susol_173	Vyčkejte ho! Vyčkejte ho!
9/e/9ebc71c0.p3d	14296_p_fdm_112	Viděl jsem je! Viděl jsem je přicházet!
9/e/9ec058ee.p3d	9088_mar_b_257	Myslel jsem, že je to on, kluci. Byl jsem si jistej!
9/e/9ec54e50.p3d	9210_mar_b_379	Ještě jsem v tom!
9/e/9ec66c4b.p3d	25207_nypda_089	Dispečinku, tahle oblast je zamořená hořáky.
9/e/9ecaefbd.p3d	8165_mabhk_244	Mise přerušena. Vracíme se na základnu.
9/e/9ed7a6b2.p3d	15385_p_suf_043	To je on, to je on!
9/e/9ee32eb7.p3d	17648_bwtra_025	Ahoj kámo. Ty mi kryješ záda a já budu krýt tvoje.
9/e/9ee704d8.p3d	7859_mabra_279	Veškerá munice spotřebována, nemůžu tu zůstat.
9/e/9eed9708.p3d	16871_bwtrb_071	Najdi to.
9/e/9eeea948.p3d	4172_mar_c_040	Nelíbí se mi, jak vypadaj tihle chlapi. Dávejte pozor.
9/e/9eeeec7b.p3d	24502_alex_e01m01_506	Je čas jít.
9/e/9ef620c3.p3d	25105_nypda_pain_c	*argh*
9/e/9ef853e5.p3d	9822_maf35_110	Podpoříme vás odsud... Sakra.
9/e/9efcb17e.p3d	887_bwgsp_127	Pozor, pozor! Za chvíli to bouchne!
9/e/9eff0456.p3d	13610_p_erm_132	Bude střílet, pozor!
9/f/9f01264a.p3d	11076_mahqa_104	Všechny jednotky se sešly na značce.
9/f/9f0332d4.p3d	19944_magsp_232	Rozumím.
9/f/9f03ddf5.p3d	8575_mar_a_316	Ježiš, to musí být vtip.
9/f/9f05374d.p3d	18126_bwtra_483	ÚÚÚÚ-STUUUUP!
9/f/9f0dc48d.p3d	13130_p_ctf_119	Ať se mě nedotknou!
9/f/9f0fd4c2.p3d	10491_mamls_058	Přepněte na termovizi, získejte vizuál.
9/f/9f166960.p3d	550_bwbra_145	Polní týme, najděte kryt, HNED!
9/f/9f1e80c5.p3d	14499_p_ham_085	Nestřílej po mně, kámo, nestřílej!
9/f/9f2378b2.p3d	14621_p_ham_207	Pozor!
9/f/9f2b2b76.p3d	15204_p_mtm_094	Zaznamenal to někdo?
9/f/9f2f54d1.p3d	18750_susol_138	Hoďte ho psům!
9/f/9f3000dc.p3d	14261_p_fdm_077	Myslím, že je tamhle!
9/f/9f317d74.p3d	15967_p_uem_152	Myslím, že je v tom vozidle!
9/f/9f33eaaa.p3d	9053_mar_b_222	Enriquezi, to seš ty? Mluv se mnou, brácho.
9/f/9f3a9308.p3d	24013_bwhqb_e05m03_018	Tady velitelství Red Crown. ZEUS se zmocnil vojenského vrtulníku s označením na ocasu Lima, Lima sedm. Sestřelte ho na dohled. Konec.
9/f/9f3ae387.p3d	23891_alex_019	Opatrně.
9/f/9f3e4672.p3d	23056_tagga_e09m03_016	Backscratch, dejte mi sakra Backscratch!
9/f/9f43fa74.p3d	4436_mar_c_294	Ty zasranej blbče. Přestaň s tím.
9/f/9f445146.p3d	7470_mabcm_138	Kontakt v drátech! Na stanoviště!
9/f/9f4521c6.p3d	24992_nypda_002	A žena právě zaplatila dvě stě babek za sestřih. Sakra, já bych to udělal za dvacet.
9/f/9f4c9c96.p3d	1973_bwmls_111	Nepřítel, nepřítel. Máme tu dole vyvíjející se situaci.
9/f/9f51ac90.p3d	12207_nypda_279	Tady Adam Three Victor Nine, mám tu stavbu, co vypadá zkorumpovaně.
9/f/9f5220d7.p3d	13429_p_ctm_186	Neohlížej se!
9/f/9f5a9694.p3d	7824_mabra_244	Cíl smazán z mapy, přepínám.
9/f/9f622333.p3d	21744_speci_e04m04_046	Ustup stranou.
9/f/9f62268a.p3d	20388_magsp_scream_a	*výkřik*
9/f/9f65286f.p3d	10755_mamls_302	Vyskočte, do bezpečí!
9/f/9f67335f.p3d	8839_mar_b_028	Někdo by měl jednoho z nich chytit a vymlátit z něj pravdu.
9/f/9f6e0594.p3d	25397_alex_e04m03_705	McMullen přistane, jen když mu tyhle senzory řeknou, že je bezpečno.
9/f/9f7040af.p3d	852_bwgsp_092	Ztratili jsme kontakt, přepínám! Mohou to pozemní jednotky vidět?
9/f/9f71ca2e.p3d	7916_mabhk_015	Red Crowne, čekáme na zelenou!
9/f/9f71cc8e.p3d	19787_magsp_075	Ále, ztratili jsme kontakt se ZEUSem.
9/f/9f724a95.p3d	23018_ragla_e06m02_038	Regeneruje! Rychle!
9/f/9f74b585.p3d	11041_mahqa_079	Negativní, jednotko.
9/f/9f776d26.p3d	8540_mar_a_281	No tak, kámo, to jsem já -- vždyť mě znáš!
9/f/9f7a30e7.p3d	4862_maabr_190	Palte na efekt!
9/f/9f7e3be3.p3d	17192_bwtrb_372	Udržujte palbu!
9/f/9f893bf5.p3d	9317_mar_b_486	Ústup, hned!
9/f/9f8c3a10.p3d	25471_alex_e08m04_707	Elizabeth Greeneová. Před čtyřiceti lety. Všechno to začalo v Hope v Idahu. Všechno to začalo s ní a generálem Randallem.
9/f/9f8d13a4.p3d	14993_p_uwm_116	Tamhle, vidíš je!?
9/f/9f921281.p3d	14464_p_ham_050	Do prdele s nim!
9/f/9f92af16.p3d	22423_bwtra_e03m01_015	Ten stařík to řídí -- osobně. Taggart tady není ten hlavní.
9/f/9f9d4077.p3d	22009_alex_e05m03_225	Je s tebou konec.
9/f/9f9e0839.p3d	22712_mahqa_e04m01_012	To je vše, končíme to. Průzkumné hlídky zpět na základnu, Palace potřebuje nové nasazení co nejdřív.
9/f/9fa50f1c.p3d	15932_p_uem_118	Další! Jdou sem!
9/f/9fa89e69.p3d	25015_nypda_026	Dispečinku, čekejte na možné 10-34. Jdu to prověřit.
9/f/9fafd984.p3d	22208_bwbhk_e01m01_01	Ghoste jedna, mám vizuál na Běžce. Fakt letí. Jakmile mu dojde dech, pošleme na něj zabijácký tým.
9/f/9fb1845a.p3d	16978_bwtrb_158	Ani hnout. Jsi zatčen.
9/f/9fb78c1b.p3d	4401_mar_c_259	Tady je! Dejte mu zabrat.
9/f/9fc93317.p3d	7667_mabra_107	Ok, tvrďáku, ukaž mi aspoň záblesk na termovizi.
9/f/9fcbe27a.p3d	94_bwbhk_063	Ghost Tři Devět pozemním jednotkám, máte cíl na dohled? Přepínám.
9/f/9fccc0be.p3d	8804_mar_a_525	Ó bože můj!
9/f/9fcf3d53.p3d	24372_maoff_e08m03_008	Jackpot má prioritu! Kontrolujte palbu!
9/f/9fd05b49.p3d	11992_nypda_058	Mariňáci!
9/f/9fd1b232.p3d	13237_p_ctf_226	Neee!
9/f/9fd3c267.p3d	10598_mamls_165	Zahřejte pásový systém, možný kontakt.
9/f/9fd8b78b.p3d	10720_mamls_267	Tady Roller sedm tři, žádám o úspěšnost palebné mise.
9/f/9fda5705.p3d	657_bwbra_252	Šéfe úderu, jsme tu slepí, nejde to.
9/f/9fe016c1.p3d	24330_p_haf_069	Co jsem to právě viděl?
9/f/9fe2e2a7.p3d	13855_p_fdf_138	Střelec! Zavolejte policii!
9/f/9fe55e4a.p3d	19752_magsp_040	To vypadá jako nepřítel. Rozhodně aktivní. Přiblížíme se od nula čtyři nula.
9/f/9fe6096a.p3d	8383_mar_a_123	Rozříznu tě!
9/f/9ff09046.p3d	15016_p_uwm_139	Má bouchačku!
9/f/9ff34276.p3d	18857_susol_245	Jo, jsem pořád tady.
9/f/9ff3ee81.p3d	14368_p_fdm_184	Pohyb!
9/f/9ff85ea1.p3d	1074_bwgsp_312	Táhni nahoru. Táhni nahoru!
a/0/a0026f09.p3d	8237_mabhk_316	Ztrácíme výkon!
a/0/a00f25fc.p3d	15457_p_suf_113	Sakra! Pozor!
a/0/a016c8fa.p3d	20665_p_erm_cheer_b	Máš to, ty hajzle!
a/0/a01776ae.p3d	19329_bwhqa_018	Jsme ve stavu žlutá. Cíl je volný. Obrněnce a pěchotu na stanoviště, vzdušné jednotky zahajte prohledávání, přepínám.
a/0/a0251616.p3d	16943_bwtrb_123	S nepřáteli je vyřízeno.
a/0/a0262895.p3d	4244_mar_c_113	Opakuji, nepřibližovat se! Vypadá to na nějaký hnízdo. Střílejte na cokoli, co z toho vyleze.
a/0/a03307d3.p3d	17581_bwoff_230	Zastavte palbu!
a/0/a033d801.p3d	12015_nypda_082	Dispečinku, tady Bravo Twenty-Two. Mám víc nepřátel na svý pozici.
a/0/a03b5ab6.p3d	8647_mar_a_388	Zastav palbu, blbče! OPAKUJI, ZASTAV PALBU!
a/0/a03b7269.p3d	22340_bwhqa_522	Tady věž, jste ve vzdušném prostoru Reagan. Okamžitě změňte vektor.
a/0/a03cc248.p3d	7632_mabra_072	Kdokoli, kdo tu velí? Kdo tu velí? Přepínám.
a/0/a03e1e39.p3d	4969_maabr_277	Rozjeďte ty pásy.
a/0/a03f6ed1.p3d	21868_alex_e03m02_084	Do prdele. Kolik je v tomhle městě vodojemů?
a/0/a0422973.p3d	17299_bwtrb_479	Zásobník!
a/0/a04309ee.p3d	10371_mahqb_108	Všechny naše strategické cíle stále platí.
a/0/a0454163.p3d	13202_p_ctf_191	Zachraňte mě! Prosím!
a/0/a0475423.p3d	10563_mamls_130	Pozemní síly dokončují práci, tanky se přesouvají.
a/0/a04ebe83.p3d	24173_p_haf_228	Ááách!
a/0/a0545f38.p3d	22474_bwtra_e06m05_067	Naskočte na síť -- řekněte Red Crownu, že tu máme vyvíjející se situaci.
a/0/a0567465.p3d	13820_p_fdf_105	*kašel* Někdo! Kdokoli! Pomoc!
a/0/a05a9c74.p3d	25454_alex_e07m01_708	Rozumím. Na cestě.
a/0/a06234dc.p3d	23920_alex_048	Jo.
a/0/a066d432.p3d	18822_susol_210	Kdo tu velí?
a/0/a0678028.p3d	14333_p_fdm_149	Uhni mu z cesty!
a/0/a06b676b.p3d	9125_mar_b_294	Kriste!
a/0/a075cf0b.p3d	19181_p_hlf_103	Nemůžu dýchat! Pomozte mi někdo. Bože, pomozte mi někdo.
a/0/a075fe3a.p3d	8202_mabhk_281	Pozor na projektily zdola.
a/0/a07b79c0.p3d	4508_mar_c_366	Na zem, hned! Hned!
a/0/a07bcde4.p3d	7542_mabcm_196	Polní jednotky, hlaste se. Polní jednotky? Někdo? Pane, myslím, že rádio je mrtvé.
a/0/a07e7c6c.p3d	293_bwbhk_262	Red Crown, mise splněna. Palec nahoru.
a/0/a082b518.p3d	15422_p_suf_078	Policie! Tady!
a/0/a08d9ddc.p3d	11374_maoff_230	Máme špatnýho chlapa. Do prdele.
a/0/a09e6ceb.p3d	9737_maf35_025	Mám záblesk přídavného spalování, Voodoo opouští zónu, přepínám.
a/0/a0a51d5c.p3d	13525_p_erm_047	Hej, chyťte toho chlapa!
a/0/a0a7bffb.p3d	924_bwgsp_164	Červení, červení, máme vícenásobný kontakt, přepínám.
a/0/a0a94bda.p3d	19859_magsp_147	Able Tři, Able Pět, jděte se podívat, co s tím zmůžete.
a/0/a0ac34c7.p3d	11113_mahqa_141	Mám vaši pozici, mám váš cíl, čekejte na potvrzení úderu.
a/0/a0aeec72.p3d	8612_mar_a_353	Vidělas to svinstvo?
a/0/a0b1aff5.p3d	4934_maabr_242	Hrozba zneškodněna. Vracíme se na základnu, přepínám.
a/0/a0b3ddaa.p3d	13045_p_ctf_036	Přestaň s tím!
a/0/a0b5bb2f.p3d	17264_bwtrb_444	Mercere, prosím -- nedělej to!
a/0/a0bb656d.p3d	17983_bwtra_340	Tohle se mi teda vůbec nelíbilo.
a/0/a0bc827b.p3d	465_bwbra_060	*smích* Paráda.
a/0/a0be9d89.p3d	21024_p_uem_fallscream_a	*výkřik*
a/0/a0c2ebe5.p3d	16796_bwabr_316	Vybouchne to!
a/0/a0c63e54.p3d	19592_bwhqb_080	Negativní, ozvěte se.
a/0/a0c991cd.p3d	14536_p_ham_122	Odhoďte je!
a/0/a0d1471e.p3d	15119_p_mtm_011	Hej, co se to tam děje?
a/0/a0e49abd.p3d	8045_mabhk_144	Cíl je aktivní, cíl je AKTIVNÍ!
a/0/a0ea6a61.p3d	7385_mabcm_053	Přenos selhal, opakujte prosím, přepínám.
a/0/a0f2b59c.p3d	1888_bwmls_026	Kontakt přerušen, jsme stále pohybliví a přesouváme se na obrannou pozici.
a/1/a100afd8.p3d	7739_mabra_179	Začneme kanonem, na potvrzení přejdeme na TOW, přepínám.
a/1/a111d632.p3d	729_bwbra_314	Požár motoru!
a/1/a11a6208.p3d	13927_p_fdf_210	K zemi!
a/1/a11cdd96.p3d	19824_magsp_112	Tady prvek Tornado, žádám úderný balík na naše souřadnice co nejdřív.
a/1/a11d862b.p3d	8455_mar_a_195	Rozkaz!
a/1/a11ee20f.p3d	18006_bwtra_363	Dobrý pokus, Mercere. Hele, měl jsi slušnou šňůru.
a/1/a1204c78.p3d	4777_maabr_105	Red Crowne, můžeme dostat prioritní úder do sektoru Zebra, přepínám.
a/1/a12ac1c2.p3d	18929_susol_317	Sledujte ho! Držte se blízko!
a/1/a12c9f46.p3d	20753_p_fdm_cough_b	*kašel*
a/1/a1301422.p3d	430_bwbra_025	Dejte nám pokyn a spustíme palbu, přepínám.
a/1/a13236d9.p3d	21799_alex_e01m02_016	Dana. Snad mi bude schopná něco říct...cokoliv....
a/1/a1367b16.p3d	16761_bwabr_281	Máme zásah, hlaste škody.
a/1/a139bc99.p3d	19288_p_hlf_208	Aach!
a/1/a13d20e9.p3d	14501_p_ham_087	Ne, musíš mi věřit!
a/1/a146a2bd.p3d	15529_p_suf_185	Jen běž!
a/1/a148fff0.p3d	18630_susol_048	Sežeňte sem posily z Blackwatch. Velká skupina se pohybuje, přepínám.
a/1/a14b2839.p3d	15847_p_uem_035	Co to sakra bylo, chlape!?
a/1/a1582c64.p3d	8010_mabhk_109	Cíl zaměřen, žádám úderový balíček na můj povel, přepínám.
a/1/a15da535.p3d	4316_mar_c_173	Zavolejte, potřebujeme sem rychle Medevac.
a/1/a15dfc08.p3d	7350_mabcm_018	Vaše odpalovací rampa je připravena, Red Crowne. Palebná základna na síti.
a/1/a16bcb9a.p3d	13309_p_ctm_067	Něco jsem viděla!
a/1/a16f7459.p3d	25437_alex_e06m03_705	Jestli má Blackwatch techniku na rozlousknutí těch HNÍZD, vem jed, že ji použiju, abych osvobodil Danu.  
a/1/a16fc958.p3d	11182_maoff_044	Echo, vypadá to, že ZEUS míří k vám, přepínám.
a/1/a172d9d9.p3d	8719_mar_a_440	Operace splněna. Jedeme domů.
a/1/a1744194.p3d	7704_mabra_144	Vidíš tohle? Rozstřílej to.
a/1/a174bf57.p3d	20615_p_ctf_pain_d	*argh*
a/1/a1863305.p3d	24245_p_haf_037	Co to sakra JE!?
a/1/a18c226f.p3d	8298_mar_a_037	Nepřítel v otevřeném prostoru!
a/1/a19117e7.p3d	8420_mar_a_160	Rádiové centrálo -- budeme tu potřebovat pár jaderek.
a/1/a193dba9.p3d	4742_maabr_070	Ranger Dvě Sedm, kontakt negativní, přepínám.
a/1/a197e6a5.p3d	17072_bwtrb_252	Kámo, posral jsi to. Pořádně.
a/1/a1987fc9.p3d	12385_nypda_457	Zpátky!
a/1/a19bb716.p3d	22985_ragla_e05m02_005	To je zvláštní. Žádná těla, žádní nakažení.
a/1/a19d90ce.p3d	17791_bwtra_148	Máme vizuální kontakt, zaútočíme.
a/1/a19eff89.p3d	14405_p_fdm_221	Pomoc! Někdo, pomozte!
a/1/a1a90c77.p3d	22915_mar_b_e06m04_044	Red Crown, máme hlášení o ZEUSovi na místě, můžete potvrdit, přepínám?
a/1/a1ad4bca.p3d	19253_p_hlf_173	Pohni se!
a/1/a1b5fbb8.p3d	365_bwbhk_334	Byli jsme zasaženi, vydržte! Tady Ghosthead Tři Sedm Devět, padáme!
a/1/a1c07196.p3d	21803_alex_e01m02_020	Potřebuju jednoho živého. Jen jednoho.
a/1/a1c51a61.p3d	11446_maoff_284	Neser mě!
a/1/a1cb2f5a.p3d	16858_bwtrb_058	Neslyším tě, je tu... asi jsem sakra hluchej.
a/1/a1cc419a.p3d	4159_mar_c_027	Kapitáne!
a/1/a1cccf78.p3d	20414_mamls_scream_c	*výkřik*
a/1/a1d5e9ac.p3d	9809_maf35_097	Red Crown, shromážděte mé ptáky na šestce. Voodoo klesá.
a/1/a1d920f8.p3d	17496_bwoff_155	ZEUS je přímo tady!
a/1/a1e92347.p3d	10286_mahqb_043	Pošlete obraz, potvrďte zásah, přepínám.
a/1/a1eb5cf4.p3d	13117_p_ctf_106	Pomoc! Myslím, že jsem našla tělo!
a/1/a1ed3a7b.p3d	17336_bwtrb_516	Ne, ne, ne, néé!
a/1/a1ed6d29.p3d	10478_mamls_045	Tohle není žádná zkouška, lidi, tohle je ostrá show!
a/1/a1ef7296.p3d	25193_nypda_280	Dispečinku. Mám tu nějaké opevněné zařízení. Vážně, tohle svinstvo prostě nehraje.
a/1/a1efeea2.p3d	11719_nydisp_004	Podezřelý prchá pěšky, opakuji, pěšky.
a/1/a1f401c7.p3d	537_bwbra_132	Zasáhni to pětadvacítkou! Hned!
a/1/a1f6ec71.p3d	2174_bwmls_312	Ztrácíme pohyblivost, sežeňte nám sem pomoc!
a/1/a1f71851.p3d	23967_alex_095	*úlevné vydechnutí*
a/1/a1f9c4ff.p3d	24210_p_haf_022	Na co to všichni čumíte?
a/1/a1fc8d82.p3d	13735_p_fdf_022	Hej! Je někdo zraněný? Mrtvý?
a/1/a1fdbd81.p3d	19664_bwhqb_142	Nasaďte úderné jednotky.
a/2/a2010e8e.p3d	14608_p_ham_194	Někdo mi sakra pomozte!
a/2/a20c1185.p3d	12350_nypda_422	Pod palbou, dispečinku. POD PALBOU!
a/2/a20ced38.p3d	18737_susol_125	Tyhle věci jsou zasraně nechutné.
a/2/a20d9943.p3d	14248_p_fdm_064	Viděl to ještě někdo!?
a/2/a211e451.p3d	22385_bwoff_e03m01_028	DRŽTE TUHLE POZICI! Prvního, kdo uteče, zastřelím sám!
a/2/a2127c31.p3d	23919_alex_047	Zkontrolováno.
a/2/a21be828.p3d	19096_p_hlf_020	A tak to jde dál...
a/2/a21c19ea.p3d	8117_mabhk_206	Rozumím.
a/2/a221958b.p3d	8982_mar_b_151	Vstoupil jste do Zabijácké zóny! Ustupte!
a/2/a221e9ad.p3d	7457_mabcm_125	Je zlikvidován. Polní velitelství hlásí zabití. Přesuneme tělo na základnu a počkáme na vyzvednutí BLACKWATCHEM, konec.
a/2/a222c1d3.p3d	24979_nypda_204	Poručíku, co budeme dělat!?
a/2/a2298ad4.p3d	330_bwbhk_299	Odpoutáváme se, odsud to nejde.
a/2/a233bb3b.p3d	11289_maoff_292	Prevette, jdi na to napřed. Prověř to!
a/2/a238ac08.p3d	11411_maoff_249	Buďte ve střehu, tohle vypadá čerstvě!
a/2/a23d8f72.p3d	21588_magsp_060	Do prdele, s čím to tu bojujeme?
a/2/a23ec116.p3d	16823_bwtrb_023	Cíl nám unikl. Pokusíme se ho znovu zaměřit.
a/2/a24cb2b4.p3d	17461_bwoff_120	Nemůžeš tu být, ty pitomče!
a/2/a24dd901.p3d	839_bwgsp_079	Cíl mise splněn, posilte mou dvacítku.
a/2/a2524dec.p3d	11028_mahqa_066	To je potvrzeno.
a/2/a2542a25.p3d	15190_p_mtm_080	Ten!
a/2/a2550578.p3d	8527_mar_a_268	Tenhle! PALTE!
a/2/a257c939.p3d	4849_maabr_177	Teď to máme!
a/2/a258e09c.p3d	22816_maoff_e10m04_080	Pořád se to hýbe. Tomu nevěřím.
a/2/a25bd435.p3d	17179_bwtrb_359	Ošklivej hajzl, *dávení* pusť mě!
a/2/a25cb4ee.p3d	10251_mahqb_008	Rozšiřte parametry pátrání, přepínám.
a/2/a260c9ac.p3d	17301_bwtrb_481	Dorazte ho.
a/2/a260fee5.p3d	10443_mamls_010	Všem jednotkám, hlaste cíle a zaměřujte laserem pro přesnost.
a/2/a2617e73.p3d	17898_bwtra_255	Nepřátelské opevnění tady.
a/2/a2626310.p3d	10970_mahqa_018	Rozptylte se a prohledejte sektor, nikoho nenechte pozadu! Přepínám.
a/2/a26790e3.p3d	502_bwbra_097	Je tam někdo? Někdo?
a/2/a27aab3f.p3d	12193_nypda_265	Mám tu důkazy. Nesahejte na to, ohraničte to páskou.
a/2/a2807c69.p3d	18702_susol_090	Cizí struktura potvrzena. Virová vektorová struktura Alpha Yankee Tři Sedm Čtyři.
a/2/a2812b00.p3d	14213_p_fdm_030	Neuvěřitelné!
a/2/a282a783.p3d	15919_p_uem_105	*kašel* Někdo! *povzdech, zabrblání* Kdokoliv! *vzlyky* Pomoc!
a/2/a285122d.p3d	9005_mar_b_174	Je to tady! Pošlete posily!
a/2/a29578de.p3d	7422_mabcm_090	Pošlete ten polní tým na Gallagherovu pozici -- zařiďte to!
a/2/a2965bb5.p3d	24944_nypda_428	Šlapej to!
a/2/a298272e.p3d	173_bwbhk_142	Pozor na palbu, nemám tam žádné krytí.
a/2/a29c7432.p3d	21018_p_uem_pain_c	*argh*
a/2/a29dc419.p3d	1925_bwmls_063	Vysoká priorita. Máme prioritní cíl. Nasaďte úderný podpůrný balíček, co nejdřív.
a/2/a2a745dd.p3d	11254_maoff_098	Co se sakra stalo!?
a/2/a2adf3af.p3d	11979_nypda_044	Negativní.
a/2/a2b3e4c1.p3d	24374_maoff_events_002	Mají Mercera -- sundejte ho!
a/2/a2b64ff2.p3d	10707_mamls_254	Couvej, couvej. Zacouvej s tím zmrdem, co nejdál to jde.
a/2/a2bdb2c5.p3d	24317_p_haf_141	Poldové tu budou co nevidět.
a/2/a2c16abd.p3d	804_bwgsp_044	Cíl potvrzen, dej mi povolení a zaútočíme.
a/2/a2c2f69c.p3d	19739_magsp_027	Přesouváme se do bezpečné vzdálenosti, přepínám.
a/2/a2cb5af5.p3d	4814_maabr_142	Cíl je ozbrojený, mějte se na pozoru.
a/2/a2cf65f1.p3d	17144_bwtrb_324	Kryjte se, sakra! KRYT!
a/2/a2cfff15.p3d	12457_nypda_529	Aaaaaaaaarrrrgh!
a/2/a2d1d8da.p3d	19472_bwhqa_141	Posíláme úderný balíček na váš vektor, držte se mimo cílovou zónu, přepínám.
a/2/a2d5102f.p3d	17863_bwtra_220	Není moje práce vás držet za ruku a uklidňovat!
a/2/a2de3b27.p3d	14945_p_uwm_068	To bylo šílený!
a/2/a2df28ca.p3d	22429_bwtra_e04m01_021	Palác je odhalený, pošlete na toho chlapa zásahový tým! Vysoký poplach!
a/2/a2eeb12d.p3d	13380_p_ctm_137	Je ozbrojený! Ozbrojený!
a/2/a2f01416.p3d	20130_bwbra_choke_c	*dušení*
a/2/a2f2e638.p3d	22443_bwtra_e04m04_035	Máme hotovo? Jaký je rozkaz, pane?
a/2/a2f5bf6d.p3d	8790_mar_a_511	Co ode mě chceš?
a/3/a304ed88.p3d	24787_nypda_033	Potvrzuji.
a/3/a306b0da.p3d	22718_mahqa_e05m03_018	Stalker šest nula, v tuto chvíli nemáte povolení k operaci.
a/3/a3070bd8.p3d	14784_p_mtf_138	Střelec! Někdo, zavolejte policii!
a/3/a310a025.p3d	17568_bwoff_217	Negativní, HQ.
a/3/a31817b3.p3d	15297_p_mtm_185	Za mnou!
a/3/a3190abb.p3d	22327_bwhqa_509	Neodpovídá, pane. Máme povolení ho sestřelit.
a/3/a31a5a9a.p3d	7619_mabra_059	Odchylka na cíli, nic nemám, Dva Šest.
a/3/a31d0c88.p3d	46_bwbhk_015	Připraveni k zapojení. Připraveni na výsadek pěšky, dejte nám signál k přistání.
a/3/a3209fca.p3d	10358_mahqb_095	Co se děje na zemi?
a/3/a3218594.p3d	11944_nypda_029	Čekejte na Charlie Nineteen -- vyšetřujeme možné 10-30.
a/3/a326f600.p3d	25265_nypda_482	Zlato, myslím, že máme problém.
a/3/a32b8113.p3d	609_bwbra_204	Rozumím, Razorback Jedna se na to jde podívat.
a/3/a3340a41.p3d	13807_p_fdf_092	Ach bože!
a/3/a335debf.p3d	4651_mar_c_519	Ústup! Hned! Jdeme!
a/3/a336353c.p3d	20989_p_uem_cheer_b	Jo! Dostal jsi ho!
a/3/a3438e46.p3d	12422_nypda_494	Ověřte si cíle! Svoji!
a/3/a34469f9.p3d	18809_susol_197	Já nejsem ten zasranej cíl!
a/3/a3498625.p3d	1026_bwgsp_265	Odpojuji se. Vrátím se! Na to se spolehni!
a/3/a3502616.p3d	16641_bwabr_181	Rozumím, Blackjack provede.
a/3/a351cce3.p3d	14910_p_uwm_033	Uhni, ty debile!
a/3/a351f1d3.p3d	22494_bwtra_e07m01_087	O zbytek se postaráme.
a/3/a35364e7.p3d	19168_p_hlf_090	Naser si! Nejsem tvůj zasranej pachatel!
a/3/a358cf40.p3d	9880_maf35_168	Vlastní jednotky -- uvolněte prostor, křídlo Voodoo přiletí projet ulici.
a/3/a359664b.p3d	7529_mabcm_183	Vydržte, palebný týme. Podívám se, koho vám můžu přidělit, čekejte.
a/3/a3604d80.p3d	15409_p_suf_066	Co? To je on!?
a/3/a38ba96f.p3d	15262_p_mtm_150	Za kryt!
a/3/a39431a5.p3d	10323_mahqb_070	Ano, pokračujte.
a/3/a3987ba6.p3d	10515_mamls_082	Mám signály vpředu i vzadu.
a/3/a39a80c0.p3d	25230_nypda_297	NA ZEM, HNED!
a/3/a39d0596.p3d	2089_bwmls_237	Highball munice červené světlo, přehodnocujeme naše nasazení.
a/3/a39fe27c.p3d	24125_p_haf_093	Utíkej!
a/3/a3a3d6a6.p3d	19579_bwhqb_067	Povoleno, přepínám.
a/3/a3a4786f.p3d	4494_mar_c_352	Všichni zpátky!
a/3/a3aac293.p3d	8300_mar_a_039	Je čas!
a/3/a3b22a8b.p3d	12265_nypda_337	Tam! To je on!
a/3/a3b73baf.p3d	17671_bwtra_038	Rozumím.
a/3/a3bb148f.p3d	7882_mabra_302	Držte se! Držte se!
a/3/a3bec25b.p3d	16484_bwabr_024	Potvrzeno, ZEUS je zpátky na skenerech, přepínám.
a/3/a3c6f690.p3d	19133_p_hlf_057	Tam! Tam, kámo! Vidíš to?
a/3/a3cfa67a.p3d	245_bwbhk_214	Red Crowne, máme pohyb, podíváme se blíž.
a/3/a3d2459e.p3d	7974_mabhk_073	Žádám povolení znovu zaútočit, přepínám.
a/3/a3dec55f.p3d	11326_maoff_182	Zachovejte klid! Musíme to vyřešit!
a/3/a3f2cbba.p3d	17376_bwoff_035	Nic studeného? Zkontrolujte IR.
a/3/a3f57811.p3d	16048_p_uem_233	Aaah!
a/4/a4058a8b.p3d	15990_p_uem_175	Uhni z cesty!
a/4/a406e2b2.p3d	17216_bwtrb_396	Má někdo nějaký C-4?
a/4/a40919bb.p3d	25073_nypda_075	Buďte ve střehu. Může být kdekoliv.
a/4/a40c8cf0.p3d	17935_bwtra_292	Palte! Ser na rukojmí!
a/4/a40d587d.p3d	20503_mar_c_pain_d	*argh*
a/4/a40dac6a.p3d	417_bwbra_002	Red Crown, tady Razorback Jedna, vstupujeme do rudé zóny, přepínám.
a/4/a41094a8.p3d	2054_bwmls_192	Highball Winchester, připravte munici, vracím se.
a/4/a4141368.p3d	16748_bwabr_268	Blackjacku, vracíme se na palebný dostřel.
a/4/a4144328.p3d	21880_alex_e03m02_096	Přizpůsobují se. Mně. Sakra.
a/4/a4176881.p3d	19544_bwhqb_042	Primární cíl splněn. Dostaňme to tělo do laboratoře.
a/4/a417baf3.p3d	20872_p_mtf_cough_a	*kašel*
a/4/a41cbca7.p3d	9987_maf35_255	Balík Whisky Hotel dokončen. Cíl zlikvidován.
a/4/a425bc47.p3d	12230_nypda_302	Stůj, přesně tam!
a/4/a4263079.p3d	13452_p_ctm_209	K zemi!
a/4/a4269857.p3d	18617_susol_035	Sakra. Vidí někdo něco? D-Code, konec.
a/4/a426b993.p3d	21703_speci_e04m04_005	Ten virus ti pomíchal paměť?
a/4/a43b946f.p3d	7337_mabcm_005	Bezpečnostní týmy na místě, palebná základna připravena k akci.
a/4/a43c74b4.p3d	24859_nypda_336	Který z vás jsi ty!?
a/4/a43d8e06.p3d	22656_mabra_e04m01_006	Čekejte, znovu zaměřuji. Tomuhle to chvíli trvá.
a/4/a43e8b39.p3d	14856_p_mtf_210	Už to jde!
a/4/a441a36a.p3d	20844_p_hlf_gasp_a	*lapání po dechu*
a/4/a4433596.p3d	210_bwbhk_179	Rozstřílej to na kusy!
a/4/a44d61bf.p3d	11169_maoff_031	Velení družstva Delta vyžaduje hlavní úder, přepínám.
a/4/a44ee124.p3d	20592_p_ctf_cough_a	*kašel*
a/4/a4510bb6.p3d	15074_p_uwm_197	Kristepane, jsem zraněnej!
a/4/a45d4b97.p3d	9340_mar_b_509	Munici! Potřebuju munici!
a/4/a461f100.p3d	22861_mar_a_e06m04_042	Kontakty na dvanáctý, devítce, třetí hodině -- jsou sakra všude!
a/4/a464935a.p3d	20394_mamls_choke_c	*dušení*
a/4/a469072d.p3d	16013_p_uem_198	Krvácím!
a/4/a46bd456.p3d	22956_mar_c_e06m01_033	Máme Vůdce v pohybu, nahrávám to teď do sítě. Běžci a Rváči negativní.
a/4/a46eb039.p3d	8407_mar_a_147	Potřebuju leteckou podporu hned, desátníku!
a/4/a47173fb.p3d	4729_maabr_057	Ranger Dvě Sedm hlásí zrůdu zlikvidovanou, přepínám.
a/4/a4757ef7.p3d	17059_bwtrb_239	Mercer je mrtvý.
a/4/a475a356.p3d	23032_susol_e07m01_001	Je náš. Zbytek z vás -- zůstaňte vzadu.
a/4/a477f1ff.p3d	19387_bwhqa_066	Potvrzuji.
a/4/a47b2935.p3d	17778_bwtra_135	Kryjte každý roh po dvojicích. Pohyb!
a/4/a4801e97.p3d	17900_bwtra_257	Celá tahle věc musí sakra padnout.
a/4/a487a524.p3d	16713_bwabr_233	ZEUS je nezvěstný, stáhněte úder, přepínám.
a/4/a49455fd.p3d	12073_nypda_141	Jsem na místě. Na místě a reaguju na hlášení.
a/4/a494ca4a.p3d	13295_p_ctm_054	Hej! Hej! Vidíš to!?
a/4/a49d4043.p3d	7690_mabra_130	Jsme sakra moc velcí, nemá šanci.
a/4/a4ad24f5.p3d	14699_p_mtf_055	Někdo, zastavte ho!
a/4/a4ae641c.p3d	680_bwbra_275	Nemůžu odpovědět! Přepínám!
a/4/a4b00a50.p3d	24824_nypda_411	Střílím!
a/4/a4b21a55.p3d	14821_p_mtf_175	Zachraňte mě!
a/4/a4b42d65.p3d	24433_mabra_e08m02_003	Seřadit se, lidi - pohyb!
a/4/a4b64380.p3d	20765_p_fdm_gasp_b	*lapání po dechu*
a/4/a4bbaea2.p3d	17605_bwoff_254	Do prdele, pozor!
a/4/a4c328bb.p3d	15334_p_mtm_222	Může někdo pomoct?
a/4/a4c74f8d.p3d	18880_susol_268	Řekl jsem, vyklidit tu zatracenou oblast.
a/4/a4c7fe23.p3d	14391_p_fdm_207	Pomoc!
a/4/a4cbe566.p3d	9183_mar_b_352	Zvýšené nebezpečí!
a/4/a4d206cb.p3d	25302_nypda_500	*výdech* Těsně.
a/4/a4d67c20.p3d	8260_mabhk_339	*zafunění* Ne! Ne! Oh! Néééééé-e-e....
a/4/a4dbf7bb.p3d	4566_mar_c_424	Zasraný peklo!
a/4/a4e33313.p3d	15480_p_suf_136	Budou střílet!
a/4/a4e910b3.p3d	17024_bwtrb_204	Skoro to vyšlo.
a/4/a4eb83da.p3d	19352_bwhqa_041	Polní jednotky potvrďte, že ZEUS je neutralizován, přepínám.
a/4/a4eebaf1.p3d	17743_bwtra_100	Je čas!
a/4/a4f63f1c.p3d	16556_bwabr_096	Plný útok!
a/4/a4f94418.p3d	22109_alex_e08m04_326	Musím vědět, co ví Greeneová. Musím ji dostat ven.
a/4/a4fe75da.p3d	19205_p_hlf_127	Tohle sakra není v pořádku!
a/4/a4fee85b.p3d	9795_maf35_083	Potvrzuji, máme znovu vizuál. Aktualizuji souřadnice. Je otevřený lov.
a/4/a4ff2ddd.p3d	8969_mar_b_138	Zadržet palbu, zadržet palbu!
a/5/a504af26.p3d	22840_mar_a_e02m05_022	Pozor na ty palivový nádrže! Vyklidit tu zatracenou oblast!
a/5/a5059b57.p3d	13583_p_erm_105	*kašel* Dostaňte mě odsud!
a/5/a505a3fc.p3d	23990_ragla_e05m02_026	Ahhhck!
a/5/a507233b.p3d	317_bwbhk_286	Pokračujte. Pohyb, pohyb!
a/5/a5083df6.p3d	982_bwgsp_222	Mise přerušena, potřebujeme nový obraz, přepínám.
a/5/a5085bf1.p3d	13260_p_ctm_019	Možná bychom měli couvnout!
a/5/a50bce4e.p3d	18099_bwtra_456	Jsem připraven. Do toho.
a/5/a50f6a6d.p3d	8670_mar_a_411	Možná aktivita tady. Prohledáváme oblast úkolu, ozvu se za šedesát.
a/5/a5122df0.p3d	4992_maabr_300	Plnou parou vpřed! Plnou parou vpřed! Dostaňte nás z Rudé zóny.
a/5/a51b3826.p3d	22826_mar_a_e02m05_008	Základno Bravo, tady oddíl Y-Y. Máme tu na ulicích nějaký zasraný divoký zvířata na svobodě. Potřebujeme leteckou podporu.
a/5/a520b6b1.p3d	14664_p_mtf_020	Ach, propána!
a/5/a5261415.p3d	25375_alex_e02m02_705	Nevím, co jsi, ale vím, že tě zabiju.
a/5/a52a0d3d.p3d	14594_p_ham_180	Uhni sakra z cesty!
a/5/a52a4b06.p3d	17448_bwoff_107	Nemají tušení, co je čeká.
a/5/a531c278.p3d	15177_p_mtm_068	Vidí to ještě někdo? Nemůžu tomu uvěřit.
a/5/a538d8ff.p3d	22935_mar_c_e02m05_013	Co to sakra jsou?
a/5/a53ffb77.p3d	10957_mahqa_005	Polní tým hlásí cíl negativní.
a/5/a540959c.p3d	25145_nypda_070	Hele, je to můj rajón a nerad se o něj dělím s těmahle strašidlama.
a/5/a5481413.p3d	2126_bwmls_274	Zasáhněte to znovu, řízení Highball. Zasáhněte to znovu.
a/5/a54ee504.p3d	19616_bwhqb_094	Taktická aktualizace? No tak, lidi!
a/5/a54f86d7.p3d	4531_mar_c_389	Kontakt potvrzen!
a/5/a554d9b6.p3d	23007_ragla_e05m02_027	Bože!
a/5/a55d3908.p3d	12302_nypda_374	Pane -- to STAČÍ!
a/5/a569d0d8.p3d	16521_bwabr_061	Rozumím a provedu, zahajujeme prohledávku cíle.
a/5/a5727a02.p3d	9760_maf35_048	Jsou pryč.
a/5/a572bf99.p3d	8934_mar_b_103	Vyřadili jsme je, Red Crown!
a/5/a5731130.p3d	7409_mabcm_077	Jsme tu čistí, Red Crowne. Všechna palebná stanoviště hlásí zlomený útok nebo zneškodněné nepřátele. Ozveme se s hlášením o ztrátách, konec.
a/5/a5774f78.p3d	20044_magsp_312	Únikové manévry!
a/5/a57d5906.p3d	19882_magsp_170	Řekněte pozemním jednotkám, že budeme za chvíli na místě.
a/5/a57f600a.p3d	18064_bwtra_421	Je čas jít.
a/5/a580975a.p3d	22701_mahqa_e03m01_001	Tady velitelství. Máme několik protichůdných hlášení o poloze ZEUSE.
a/5/a58b3d32.p3d	18987_susol_375	Zastav tu svoji zasranou palbu!
a/5/a59dda37.p3d	17413_bwoff_072	Vypadni.
a/5/a5a55435.p3d	15142_p_mtm_034	Jsi zasranej debil!
a/5/a5ac2be9.p3d	22500_bwtra_e08m03_093	Vše připraveno, pane.
a/5/a5af54a5.p3d	24071_bwoff_events_032	Jde nám to dobře, chlapi, jde nám to dobře.
a/5/a5af712c.p3d	19459_bwhqa_128	Polní velitelé, vydejte příkaz k zastavení palby až do dalšího rozkazu, přepínám.
a/5/a5b432a7.p3d	25110_nypda_347	Do prdele, chlape, přestaň střílet!
a/5/a5be2331.p3d	4374_mar_c_232	Hej! Zůstaň, kde jsi!
a/5/a5c5dda5.p3d	24057_bwoff_events_018	Posily dorazily na místo -- díky, HQ...
a/5/a5cbd54d.p3d	12145_nypda_217	Podezřelý je na zemi!
a/5/a5cc4994.p3d	13367_p_ctm_124	Pomozte jim! Pomoc!
a/5/a5d35534.p3d	8777_mar_a_498	Potřebuju tady pomoc!
a/5/a5df4ea1.p3d	10693_mamls_240	Do krytu, najděte kryt a zaútočte naplno!
a/5/a5e94eb1.p3d	125_bwbhk_094	Ghost Čtyři Pět, kroužíme nad cílem, zařaďte se do formace a potvrďte stav a munici, přepínám.
a/5/a5ea696c.p3d	790_bwgsp_030	Cíl se odpojil, Tornado Five slepý.
a/5/a5f43231.p3d	24697_bwabr_e08m02_15	Kontakt vzadu, pozor.
a/5/a5feceee.p3d	18952_susol_340	Sežeňte tam podporu, hned!
a/6/a60364b2.p3d	9255_mar_b_424	Ten chlap je fakt?
a/6/a60fe881.p3d	24410_maoff_events_038	Dobře, chlapi -- držte se, můžeme to zvrátit.
a/6/a610a576.p3d	25358_alex_e01m01_701	Čas s tím skoncovat.
a/6/a613747c.p3d	4638_mar_c_496	Do krytu! Hned!
a/6/a6151969.p3d	22449_bwtra_e05m01_041	Hotrod Two Eight, jaký je tvůj stav...? Nerozumím ti...
a/6/a61ab25f.p3d	15552_p_suf_208	Pozor!
a/6/a61f3550.p3d	15870_p_uem_058	A je to zas tady!
a/6/a62126ad.p3d	12409_nypda_481	Není možný, že se tohle právě stalo.
a/6/a623005d.p3d	19424_bwhqa_093	Hlášení situace, ozvěte se. Všechny týmy, slyšíte?
a/6/a62637b2.p3d	17815_bwtra_172	Do prdele!
a/6/a62dbe68.p3d	16628_bwabr_168	Dostáváme se na dostřel, Red Crown.
a/6/a63667a7.p3d	9867_maf35_155	Poslední přelet potvrdil, že tam dole něco doutná, ohlaste to veliteli, přepínám.
a/6/a63d1818.p3d	13655_p_erm_177	Běž! Běž! Utíkej!
a/6/a63f647d.p3d	12110_nypda_181	Dispečinku, honíme ho!
a/6/a63fd8b0.p3d	13332_p_ctm_089	Je mezi náma!
a/6/a640177b.p3d	10044_maf35_312	Voodoo padá! Pátrání a záchrana na mou poslední pozici!
a/6/a6414658.p3d	19989_magsp_257	Jsme aktivní, opakuji, aktivní.
a/6/a646e6f0.p3d	8742_mar_a_463	Jsme pod palbou, pod palbou!
a/6/a64bd864.p3d	13175_p_ctf_164	Prosím, pusťte mě. Nezasloužím si zemřít.
a/6/a6547d37.p3d	595_bwbra_190	Jsme volní k zásahu, pusťte nás.
a/6/a6583372.p3d	14736_p_mtf_092	Óóch, bože!
a/6/a65d08db.p3d	13793_p_fdf_078	Tamhle! Přímo tamhle!
a/6/a66941c1.p3d	15249_p_mtm_137	Zavolejte poldy. Hned.
a/6/a66d68a8.p3d	18795_susol_183	To je náš cíl!
a/6/a671fe6c.p3d	9098_mar_b_267	Sežeňte zdravotníka, hned!!
a/6/a676f3ce.p3d	9220_mar_b_389	Mám ho. Mám ho, kurva! Zůstaňte u mě!
a/6/a6781546.p3d	25217_nypda_173	Je tady někde poblíž. Jdeme!
a/6/a67c953b.p3d	8175_mabhk_254	Stahujeme se, Red Crowne, přepínám.
a/6/a682e191.p3d	24701_bwabr_e08m03_45	Máme tu zasraný nakažený na zasraný pumpě.
a/6/a6870638.p3d	4603_mar_c_461	Jsme tu zaneprázdnění. Ozveme se!
a/6/a6894c30.p3d	15395_p_suf_053	To je ten chlap!
a/6/a68e1447.p3d	20152_bwgsp_choke_a	*dušení*
a/6/a694d435.p3d	17658_bwtra_035	Jo, slyším tě.
a/6/a698aa56.p3d	7869_mabra_289	Všichni v pohodě? Hlasitě a jasně.
a/6/a69d70f2.p3d	22551_bwtrb_e06m05_051	Do prdele.
a/6/a69f3c86.p3d	16881_bwtrb_081	Tady čisto. Najděte nám něco k zabití.
a/6/a6a04ec6.p3d	4182_mar_c_050	Máme vizuál ze vzduchu? Tady dole nic nevidíme, přepínám.
a/6/a6a9f963.p3d	9832_maf35_120	Žádost o úder Alfa. Můžeme sem dostat tým hned, rozumíte?
a/6/a6abb472.p3d	13498_p_erm_020	Ále, o tomhle jsem slyšel, víš o tom něco?
a/6/a6ae56fc.p3d	897_bwgsp_137	To je ošklivá zatáčka, přibliž se k tomu blíž.
a/6/a6aee755.p3d	20374_magsp_dying_c	*chroptění*
a/6/a6b0a9d4.p3d	13620_p_erm_142	Bude střílet, pozor!
a/6/a6b2cbc8.p3d	11086_mahqa_114	Hledáme kontakt, přepínám.
a/6/a6b4d833.p3d	19954_magsp_232	Rozumím.
a/6/a6b58373.p3d	8585_mar_a_326	Možná máme přeživší!
a/6/a6b6dccb.p3d	18136_bwtra_493	Pozor!
a/6/a6b6eb05.p3d	7570_mabra_010	Ty jsi venku, my uvnitř, hezký den.
a/6/a6bf6a0b.p3d	13140_p_ctf_129	Zachraňte je!
a/6/a6c80ede.p3d	560_bwbra_155	Klid! Držte odstup, přepínám.
a/6/a6c92484.p3d	22300_bwhqa_e10m04_075	Na signál vysaďte. Čekejte.
a/6/a6cbc519.p3d	14701_p_mtf_057	Vidím toho muže!
a/6/a6d51e30.p3d	14631_p_ham_217	Naser si!
a/6/a6dcd37f.p3d	15214_p_mtm_104	Ach ne. Myslím, že je mrtvá! N-někdo, pomozte mi!
a/6/a6e0fa4f.p3d	18760_susol_148	Vypadněte HNED! Zapomeňte, co jste viděli!
a/6/a6e1a65a.p3d	14271_p_fdm_087	Hej, počkej! Vydrž! Vydrž!
a/6/a6e322f2.p3d	15977_p_uem_162	Co chceš? Peníze? Seženu ti peníze! Ne!
a/6/a6e59028.p3d	9063_mar_b_232	KRYCÍ PALBA!
a/6/a6f5a27d.p3d	4446_mar_c_304	Palte dál! Všichni najednou!
a/6/a6f5f6c4.p3d	7480_mabcm_148	Red Crowne, situace je pod kontrolou, přepínám.
a/6/a6fcddd7.p3d	15360_p_suf_018	Je někdo zraněný?
a/6/a6fe4214.p3d	1983_bwmls_121	Pozemní týmy to musí potvrdit. Já odsud vidím jen hovno.
a/7/a700461e.p3d	21903_alex_e04m01_119	Někdo tu McMullena zná -- a poví mi všechno, co ví.
a/7/a703520e.p3d	12217_nypda_289	Přestaň s tím svinstvem.
a/7/a703c655.p3d	13439_p_ctm_196	Ach bože!
a/7/a707ee11.p3d	23943_alex_071	Další kousky, další útržky.... Je to frustrující....
a/7/a70c3c12.p3d	7834_mabra_254	Žádám nové pokyny, cíl nedostupný, přepínám.
a/7/a70c5b57.p3d	20533_nypda_scream_b	*výkřik*
a/7/a716cded.p3d	10765_mamls_312	Je v naší bezpečné palebné zóně!
a/7/a718d8dd.p3d	8849_mar_b_038	Držte se. Prověříme to. Měli bychom to prověřit.
a/7/a721e8b8.p3d	862_bwgsp_102	Pozor na dvanáctku, možná příchozí!
a/7/a7236fac.p3d	7926_mabhk_025	Připraveni zabít, opakuji, připraveni zabít.
a/7/a723720c.p3d	19797_magsp_085	Mám ho! Cíl, na deseti hodinách, cíl deset.
a/7/a7265ae4.p3d	11051_mahqa_079	Negativní, jednotko.
a/7/a72912a4.p3d	8550_mar_a_291	Není žádný správně nebo špatně, kámo. Jen správně.
a/7/a72a6e72.p3d	18101_bwtra_458	Nikdy jsem si nemyslel, že takhle skončím.
a/7/a72b2cb3.p3d	24521_alex_e03m01_525	Dobře, zaměřovací systém?
a/7/a72bd8f0.p3d	4872_maabr_200	Skoro nás trefili, přepínám.
a/7/a73ae173.p3d	9327_mar_b_496	Jdu do akce!
a/7/a743b7ff.p3d	14474_p_ham_060	Je zpátky! Přímo tam!
a/7/a756b49a.p3d	15942_p_uem_128	Seženu pomoc! Vydrž!
a/7/a75a4c1f.p3d	25025_nypda_292	Hej -- jdi dál, blbče!
a/7/a761beb6.p3d	2006_bwmls_144	Potvrzeno nasazení dezinfekce, uvolněte prostor a dejte Highballu ránu.
a/7/a76329d8.p3d	16988_bwtrb_168	Vytáhněte zbraně, je to Mercer!
a/7/a7693199.p3d	4411_mar_c_269	Sakra! Sakra! Kurva! Sakra!
a/7/a774bab6.p3d	21992_alex_e05m03_208	Bingo.
a/7/a7775811.p3d	13404_p_ctm_161	Vem si moji dodávku! Vem si všechno! Prosím!
a/7/a77ad895.p3d	7677_mabra_117	Prohlédli jsme okolí, není nikde. Balíme to, přepínám.
a/7/a78a5d09.p3d	10730_mamls_277	Připravte druhou baterii.
a/7/a78bfc83.p3d	667_bwbra_262	To bylo o fous. Zůstaňte ve střehu.
a/7/a78fb2bc.p3d	14808_p_mtf_162	Prosím, nedělej to! Pusť mě! Prosím tě!
a/7/a791bf64.p3d	24340_p_haf_128	Dejte mu prostor. Ustupte.
a/7/a7948825.p3d	13865_p_fdf_148	Proč to dělají?
a/7/a79703c8.p3d	19762_magsp_050	Obnovte palbu na to.
a/7/a797aee8.p3d	8393_mar_a_133	Vysvoboďte ho!
a/7/a7a235c4.p3d	15026_p_uwm_149	Uhni mu z cesty!
a/7/a7a4e7f4.p3d	18867_susol_255	Obejděte to. Obklíčte to.
a/7/a7a593ff.p3d	14378_p_fdm_194	Už to necítím. Necítím to...
a/7/a7aa041f.p3d	1084_bwgsp_322	Ne, ne, sakra!
a/7/a7b3d00c.p3d	24574_alex_e06m02_577	Přede mnou neuteceš!
a/7/a7b41487.p3d	8247_mabhk_326	Připravit na náraz, připravit na náraz!
a/7/a7bf97cb.p3d	24254_p_haf_pain_c	*argh*
a/7/a7c0cb7a.p3d	15467_p_suf_123	Nechte je bejt!
a/7/a7c91c2c.p3d	19339_bwhqa_028	Rozumím, týme Whiskey, velitelství žádá návrat na základnu, pátrání zrušeno, přepínám.
a/7/a7d6bb94.p3d	16953_bwtrb_133	Ano, pane.
a/7/a7d7ce13.p3d	4254_mar_c_123	Neztraťte ho! Označte ho, označte ho!
a/7/a7e17624.p3d	9904_maf35_192	Máme tu společnost, spoustu společnosti, a není vítaná.
a/7/a7e4ad51.p3d	17591_bwoff_240	Ne takhle.
a/7/a7e57d7f.p3d	12025_nypda_092	Dispečinku, tady Charlie Nineteen. Mám ID podezřelého. Sešlete to na něj.
a/7/a7e5d648.p3d	969_bwgsp_209	Situace pod kontrolou, slyšíte?
a/7/a7ed0034.p3d	8657_mar_a_398	Ještě jednou, kámo. Ještě jednou.
a/7/a7ee67c6.p3d	7642_mabra_082	Zkontrolujte všechny zbraňové systémy, řekněte mi, co máme a co ne.
a/7/a7efc3b7.p3d	4979_maabr_287	Připravte se na náraz!
a/7/a7f1bd88.p3d	22881_mar_b_e02m05_011	Do prdele! Jsou uvnitř!
a/7/a7f47372.p3d	22374_bwoff_e02m01_017	Tady velitel týmu Delta. Cíl je aktivní. Zahajujeme pozemní útok. Nahlásím Čisto, až bude ZEUS neutralizován. Konec.
a/7/a7f4af6c.p3d	10381_mahqb_118	Okolnosti se stále vyvíjejí.
a/7/a7f6e96c.p3d	13212_p_ctf_201	Pomůže mi někdo!
a/7/a7f8f9a1.p3d	10573_mamls_140	Padouši jsou zpátky, Dogs, vydržte.
a/8/a80060bb.p3d	24183_p_haf_177	Držte se, lidi! Zůstaňte se mnou!
a/8/a8012331.p3d	21834_alex_e02m02_051	Musím najít někoho důležitého, koho použiju, abych se dostal do toho zařízení....
a/8/a80819e3.p3d	13830_p_fdf_115	Běžte dovnitř, hned!
a/8/a80e0451.p3d	4680_maabr_008	Tady velitel Ranger. Ukažte nám ZEUS a zničíme ho, přepínám.
a/8/a81879b0.p3d	18832_susol_220	Tohle je ono. Chvíle pravdy.
a/8/a818cac1.p3d	22846_mar_a_e03m01_028	Hej, kámo, vím, že je to přísně tajný a tak, ale co sakra -- proč nejsme na tom seznamu, kdo to má vědět?
a/8/a81925a6.p3d	14343_p_fdm_159	Rozmysli si to. Nemusíš mě zabíjet!
a/8/a81d0f74.p3d	9135_mar_b_304	Red Crown, tady je celej roj hořáků.
a/8/a8277489.p3d	19191_p_hlf_113	Sakra, vypadni odsud!
a/8/a827a3b8.p3d	8212_mabhk_291	Je na palubě, setřeste ho, setřeste ho!
a/8/a8298e7e.p3d	23996_mar_a_e08m03_001	Poručíku, právě jsme ztratili kapitána! Jste na to sami!
a/8/a82a68ae.p3d	25420_alex_e06m02_701	Vůdcovští LOVCI...  Znám toho, co vzal Danu.   Když ho najdu - a pohltím ho, najdu i ji. 
a/8/a82d1f3e.p3d	4518_mar_c_376	Je čas na akci, mariňáci!
a/8/a82d75ed.p3d	7552_mabcm_206	Pokoušíme se o evakuaci, Red Crowne, sdělte shromaždiště.
a/8/a8345a96.p3d	15432_p_suf_088	Napálil vás!
a/8/a83c5dff.p3d	20132_bwbra_dying_a	*chroptění*
a/8/a83f435a.p3d	11384_maoff_240	Přivolejte místní záchranku. Udržujte své zóny.
a/8/a847692a.p3d	16508_bwabr_048	Tady velitel Blackjacku, žije tam venku ještě někdo z polního týmu?
a/8/a8501269.p3d	9747_maf35_035	Kouřící díry na cestě, pozemní jednotky, kryjte se!
a/8/a856c2da.p3d	13535_p_erm_057	Je tamhle! Jsem si jistý!
a/8/a8596579.p3d	934_bwgsp_174	Tornado Five hledá info o cíli, přepínám.
a/8/a85a0f6f.p3d	20218_bwoff_stab_c	*ááh*
a/8/a85af158.p3d	19869_magsp_157	Co je to?
a/8/a85dda45.p3d	11123_mahqa_151	Informace o stavu úderu, čekejte, přepínám.
a/8/a86091f0.p3d	8622_mar_a_363	Red Crown, nepřátelé spatřeni, přepínám.
a/8/a8635573.p3d	4944_maabr_252	Potvrďte náš stav. Úderný balík byl zásah, přepínám.
a/8/a8658328.p3d	13055_p_ctf_046	Všichni pozor!
a/8/a86760ad.p3d	17274_bwtrb_454	Jsme tu pod palbou.
a/8/a86d0aeb.p3d	17993_bwtra_350	Odprásknout toho hajzla!
a/8/a86e27f9.p3d	475_bwbra_070	Cíl nás ztratil, mějte oči na stopkách!
a/8/a87aa2f3.p3d	21753_speci_e04m04_055	Přebíjím!
a/8/a87b374b.p3d	14546_p_ham_132	Bude střílet, pozor!
a/8/a882ec9c.p3d	15129_p_mtm_021	Hej! N-nemáte s ním hýbat!
a/8/a887136a.p3d	18675_susol_063	Čekáme na velitele zásahu.
a/8/a888ca88.p3d	22613_maabr_e06m04_008	To je teda pořádnej TÁTA! Jo!
a/8/a88aca55.p3d	23027_ragla_e06m02_047	*chroptění*
a/8/a8909e90.p3d	9100_mar_b_269	Nahlaste to! Nahlaste to! Potřebujeme sanitku!
a/8/a8912c08.p3d	21739_speci_e04m04_041	Kravina.
a/8/a896403b.p3d	8055_mabhk_154	Veškerou munici na tuto pozici!
a/8/a89a0bfe.p3d	22801_maoff_e08m04_065	Vypadá to, že jsme mu ublížili. Co to bylo?
a/8/a89c0fdf.p3d	7395_mabcm_063	Perimetr obnoven, Red Crowne. Polní velitelství je připraveno.
a/8/a8a45b1a.p3d	1898_bwmls_036	Kontakt s nepřítelem potvrzen, dejte vědět dvěma sborům a pošlete sem pěšáky.
a/8/a8ac78cc.p3d	24557_alex_e05m02_560	Raglande! Pohyb! Musíme jít!
a/8/a8b25556.p3d	7749_mabra_189	Ještě to ověřím... Na obrazovce jsou červení, přepínám.
a/8/a8c801be.p3d	777_bwgsp_017	Sloučeni na vektoru, čekáme na taktický, přepínám.
a/8/a8ca5496.p3d	13500_p_erm_022	Co je tohle všechno!
a/8/a8cc0786.p3d	13937_p_fdf_220	Osvoboď mě!
a/8/a8ce8314.p3d	19834_magsp_122	Musí to být blízko. Zahajuji prohledávání mřížky.
a/8/a8cf2e34.p3d	8465_mar_a_205	Co je s těma chlapama -- chovaj se, jako by měli koule navíc.
a/8/a8d0878d.p3d	18016_bwtra_373	Sledujte ho! Označte ho!
a/8/a8d1f1f6.p3d	4787_maabr_115	Red Crowne, prohledáváme poslední známé souřadnice, přepínám.
a/8/a8d60689.p3d	20171_bwgsp_stab_d	*ááh*
a/8/a8d914e4.p3d	13020_p_ctf_011	Co je to?
a/8/a8dc6740.p3d	18939_susol_327	Udržujte palbu! Nepřestávejte!
a/8/a8e1b9a0.p3d	440_bwbra_035	Razorback zapojen!
a/8/a8e82094.p3d	16771_bwabr_291	Systémy narušeny!
a/8/a8eb6217.p3d	19298_p_hlf_218	Nemůžu dýchat.
a/8/a8eec667.p3d	14511_p_ham_097	Ježíši!
a/8/a8f8483b.p3d	15539_p_suf_195	Záchranku!
a/8/a8f9cbdc.p3d	21817_alex_e01m02_034	Počkat, mohl bych na sebe vzít jejich podobu a přidat se k nim.
a/8/a8fccdb7.p3d	15857_p_uem_045	Hej, ať někdo zavolá 911!
a/9/a9074a3d.p3d	24446_mcmul_e04m03_108	Sežeňte mi úderný balíček na Mercerovu pozici!
a/9/a909d1e2.p3d	8020_mabhk_119	No tak, ukaž se!
a/9/a90f4ab3.p3d	4326_mar_c_183	Vykopejte to! Je to tu někde.
a/9/a90fa186.p3d	7360_mabcm_028	Nepřátelé v drátech, dostaňte Bird do vzduchu a kola do ulic!
a/9/a9108225.p3d	24882_nypda_386	Moc blízko!
a/9/a911b170.p3d	22520_bwtrb_e04m01_020	ZEUS je v Paláci. Opakuji, ZEUS je V Paláci!
a/9/a916f2d7.p3d	20350_maf35_dying_c	*chroptění*
a/9/a917ecd6.p3d	1863_bwmls_001	Rocketbox volá Red Crown.
a/9/a91d7117.p3d	13319_p_ctm_076	Tamhle, tenhle!
a/9/a9247f57.p3d	8729_mar_a_450	Hajzl.
a/9/a925e712.p3d	7714_mabra_154	Zaplňte tu díru, do toho.
a/9/a9307624.p3d	10645_mamls_192	Balíme to, jedeme domů.
a/9/a9370acc.p3d	704_bwbra_289	Jsme v pohodě, pořád v pohodě. Razor Jedna funkční, přepínám.
a/9/a93f96a2.p3d	13902_p_fdf_185	Jen běž!
a/9/a942bd65.p3d	8430_mar_a_170	Do prdele!
a/9/a9458127.p3d	4752_maabr_080	Cíl znovu zaměřen. Zbraně připraveny, přepínám.
a/9/a947e15c.p3d	22349_bwhqb_e06m04_003	Pěkně zvládnuto! Ještě jeden a máme MATKU všech úlovků!
a/9/a9498c23.p3d	17082_bwtrb_262	Sakra, co teď? Ty lidi se snad neumí sakra naučit řídit?
a/9/a94a2547.p3d	12395_nypda_467	Ježíši, uhni!
a/9/a94ff671.p3d	18904_susol_292	Zasáhni ho vysoce výbušnou.
a/9/a950a507.p3d	14415_p_fdm_231	Argh! Aah! Jaa-haaargh!
a/9/a9548c35.p3d	9207_mar_b_376	Uf, skoro jsem to koupil!
a/9/a95ef148.p3d	19263_p_hlf_183	Prostě utíkej!
a/9/a967a136.p3d	375_bwbhk_344	Ztratil jsem kontrolu. Žádná kontrola, padáme! Tady Ghost Bird Tři Sedm Devět, padáme. Tři Sedm Devět, padáme. SAR na naši polohu. SAR!
a/9/a96bd9f7.p3d	15504_p_suf_160	Pusť mě! Prosím!
a/9/a976c2e7.p3d	11456_maoff_335	Prosím, prosím ne!
a/9/a97cd4d8.p3d	16868_bwtrb_068	Pal, pal, máte cíl, přepínám
a/9/a97de718.p3d	4169_mar_c_037	Oslep jsem? Vidím jenom zasranou tmu.
a/9/a983680d.p3d	22469_bwtra_e06m05_062	Co to sakra je?
a/9/a98791b5.p3d	9819_maf35_107	Nedá se nic dělat, Věži. To se ani nedá slovy popsat.
a/9/a98e4226.p3d	13607_p_erm_129	Jen se uklidni, chlape, jen se uklidni!
a/9/a99ac8c5.p3d	10296_mahqb_053	Ustupte a vytvořte perimetr. Nikoho nepouštějte k pozůstatkům.
a/9/a99d0272.p3d	13127_p_ctf_116	Co-co to je!?
a/9/a99f12a7.p3d	10488_mamls_055	Tanková jednotko, přeskupte se a připravte k boji.
a/9/a9a5a745.p3d	547_bwbra_142	Zasáhni to kanónem! Hned!
a/9/a9ab71c6.p3d	24220_p_haf_217	Prosím, pusť mě.
a/9/a9ae3300.p3d	13745_p_fdf_032	Vadilo by vám to?
a/9/a9af62ff.p3d	19674_bwhqb_152	Úderný balíček má zelenou, opakuji, balíček má zelenou.
a/9/a9b0dd43.p3d	20396_mamls_dying_a	*chroptění*
a/9/a9b159a9.p3d	8273_mar_a_012	Upozorněte všechna stanoviště. Cíl opustil zónu.
a/9/a9b2b697.p3d	14618_p_ham_204	Můžeš pomoct!?
a/9/a9bdb703.p3d	12360_nypda_432	Do prdele s tímhle svinstvem!
a/9/a9be92b6.p3d	18747_susol_135	Přiveďte výtahy, je hotovej!
a/9/a9bf3ec1.p3d	14258_p_fdm_074	Viděl jsem, jak šel tudy!
a/9/a9cef56b.p3d	22052_alex_e06m05_268	Zůstaň, kde jsi.
a/9/a9d33b09.p3d	8992_mar_b_161	Máš dvě vteřiny, kreténe.
a/9/a9d38f2b.p3d	7467_mabcm_135	Máme potvrzené spatření nepřítele. Přejděte na červený poplach, bojový stav, přepínám!
a/9/a9d46b70.p3d	24989_nypda_345	Chyťte ho! Tamten!
a/9/a9db32dd.p3d	340_bwbhk_309	Do prdele, to bylo o fous!
a/9/a9e55c7d.p3d	11299_maoff_163	Ještě krok a střílím.
a/9/a9ea5186.p3d	11421_maoff_259	Co to sakra bylo!?
a/9/a9f06694.p3d	16833_bwtrb_033	Mám toho hajzla. Přímo tady!
a/9/a9fe5832.p3d	17471_bwoff_130	Dolů! Ukaž ruce!
a/9/a9ff7e7f.p3d	849_bwgsp_089	Cíl unikl zaměření, zahajuji prohledávání. Pokud zasáhneš vedlejší škody, ať to stojí za to.
a/a/aa03f36a.p3d	11038_mahqa_076	To je zamítnutí, přepínám.
a/a/aa05ffd5.p3d	19906_magsp_194	Zaměřeno a připraveno ke střelbě, máte povolení k převýchově. Stočte doprava.
a/a/aa06aaf6.p3d	8537_mar_a_278	Zadrž tu zasranou palbu, jsem mariňák!
a/a/aa096eb7.p3d	4859_maabr_187	Zničte to!
a/a/aa0d79b3.p3d	17189_bwtrb_369	Má rukojmí!
a/a/aa0e5a6c.p3d	10261_mahqb_018	Red Crown potvrzuje, přepínám.
a/a/aa126f2a.p3d	17311_bwtrb_491	Zadrž palbu, poleviž!
a/a/aa12a463.p3d	10453_mamls_020	Zkontrolujte všechny zbraňové systémy, přepněte na manuální ovládání.
a/a/aa14088e.p3d	10980_mahqa_028	Rozkaz k pátrání v sektoru zrušen. Poplach šedý, opakuji, poplach šedý.
a/a/aa1938ec.p3d	512_bwbra_107	Úderový balíček, Red Crown! Rychle!
a/a/aa322472.p3d	18712_susol_100	Honíme přeludy, Red Crown. Pokyny?
a/a/aa32d07e.p3d	14223_p_fdm_040	Co to sakra děláte!?
a/a/aa344d01.p3d	15929_p_uem_115	Dovnitř! Hned!
a/a/aa36b7ab.p3d	9015_mar_b_184	S čím máme co dělat?
a/a/aa4720e7.p3d	7432_mabcm_100	Pozorovatelé, máte vizuál na cíl? Bezpečnost negativní, konec.
a/a/aa4801ce.p3d	24954_nypda_488	Zastavte palbu, jsme svoji!
a/a/aa49ccac.p3d	183_bwbhk_152	Rozumím, chápu.
a/a/aa4f6997.p3d	1935_bwmls_073	Můžeme se napojit na místní bezpečnostní síť, RC? Potřebujeme zaměření, přepínám.
a/a/aa58ee40.p3d	11264_maoff_135	Je mrtvý. Nahlaste to nahoru.
a/a/aa5ad7f2.p3d	21963_alex_e05m02_179	Vydrž!
a/a/aa5f992e.p3d	11989_nypda_055	Mohu pomoct?
a/a/aa67f570.p3d	10717_mamls_264	Nevydrží už moc zásahů.
a/a/aa6dd636.p3d	20574_susol_pain_c	*argh*
a/a/aa6f54a6.p3d	24327_p_haf_066	Tak co to sakra proboha bylo?
a/a/aa73103b.p3d	814_bwgsp_054	Všichni Ptáci, udržte odstup a nový obraz, přepínám.
a/a/aa749c1a.p3d	19749_magsp_037	Tornado Oscar volá Chalk Tři. Dobrá práce, máme ho. Pokračujte.
a/a/aa778545.p3d	11003_mahqa_051	Potvrďte zásah. Ozvěte se.
a/a/aa7a3cb2.p3d	8502_mar_a_243	Co to sakra bylo!?
a/a/aa7d0073.p3d	4824_maabr_152	Všichni, stáhnout se!
a/a/aa810b6f.p3d	17154_bwtrb_334	Zmiz, spratku.
a/a/aa837e58.p3d	19482_bwhqa_151	Úderný tým v pohybu. Pozemní týmy, najděte kryt a čekejte na povolení k evakuaci.
a/a/aa86b5ad.p3d	17873_bwtra_230	Přineste pytel na mrtvolu!
a/a/aa8fe0a5.p3d	14955_p_uwm_078	Ne, tamhle! P-počkej! Tamhle!
a/a/aa94e20d.p3d	14426_p_ham_012	Co se to děje?
a/a/aaa056ab.p3d	13390_p_ctm_147	Vozidlo se utrhlo!
a/a/aab436d6.p3d	22994_ragla_e05m02_014	Já vím! Přál bych si, aby to tak nebylo!
a/a/aab696eb.p3d	24797_nypda_158	*kašel* Ježíši, chlape, co to sakra bylo?
a/a/aab8b156.p3d	14794_p_mtf_148	Všichni, uvolněte ulice!
a/a/aac245a3.p3d	17578_bwoff_227	Hlídejte si linii!
a/a/aac2fb3e.p3d	1900_bwmls_038	Mám vizuál. Nastavuji odchylku na bod a zaútočím.
a/a/aacab039.p3d	22337_bwhqa_519	Pozor, nemáte povolení k přiblížení. Okamžitě změňte kurz.
a/a/aacc0018.p3d	7629_mabra_069	Třicet metrů, třicet metrů, cíl přidělen!
a/a/aaceb206.p3d	56_bwbhk_025	Vizuál na cílové zóně, systémy zelené a zbraně aktivní, uvolněte to.
a/a/aad247d3.p3d	10368_mahqb_105	Situace eskaluje, přepínám.
a/a/aad32b12.p3d	11954_nypda_039	Charlie Nineteen, rozumím.
a/a/aad89343.p3d	25275_nypda_233	Ujistěte se, že je ta věc mrtvá.
a/a/aae5b24a.p3d	13817_p_fdf_102	Kdo potřebuje pomoc?
a/a/aae7843d.p3d	4661_mar_c_529	Ty hajzle! Aaahh!
a/a/aae82dd6.p3d	19714_magsp_002	Red Crown, tady letecký prvek, kroužíme a nudíme se. Tady klid, přepínám.
a/a/aae8d66b.p3d	8345_mar_a_085	Velitelství, mám cíl potvrzen, jsme v těsném kontaktu, přepínám!
a/a/aaf17267.p3d	23890_alex_018	To je zatracený mraveniště.
a/a/aaf5364f.p3d	12432_nypda_504	Netrefil mě!
a/a/aaf61202.p3d	18819_susol_207	Protokol říká počkat, vydržte!
a/a/aafb2ba3.p3d	1036_bwgsp_275	Pal.
a/b/ab037261.p3d	14920_p_uwm_043	To je on, to je on!
a/b/ab050cf0.p3d	19178_p_hlf_100	Aaah!
a/b/ab0a0250.p3d	19300_p_hlf_220	Jen mě nechte jít!
a/b/ab0a74be.p3d	9890_maf35_178	Máme jasný obraz, mise úspěšná, Voodoo Sedm se vrací domů.
a/b/ab0b0bc9.p3d	7539_mabcm_193	Dostáváme tu opakované zásahy. Těžké poškození. Máme opustit pozici, přepínám!?
a/b/ab11f2fd.p3d	15419_p_suf_075	To je ten muž, co jsem viděl!
a/b/ab17e60e.p3d	22088_alex_e08m02_306	Asi čtyři, vezmi vedení a jeď dál! Zvládneme to! 
a/b/ab28f596.p3d	4206_mar_c_075	Četa Fox Nula Pět. Tady držíme pevně. Bez kontaktu s nepřítelem, přepínám.
a/b/ab35d77e.p3d	17543_bwoff_202	Nebudu lhát. Tohle je zlé. Červený střed.
a/b/ab3d4eed.p3d	15272_p_mtm_160	Přežil jsem týdny týhle sračky, abych umřel tady? Tohle si nezasloužím.
a/b/ab3e2a57.p3d	8609_mar_a_350	Buďte ve střehu, tohle vypadá čerstvě.
a/b/ab45d723.p3d	10333_mahqb_080	K tomu negativní.
a/b/ab4a2124.p3d	10525_mamls_092	Uh, nic jsme nenašli, odvolat pohotovost a konec.
a/b/ab4c2161.p3d	25240_nypda_112	Tady Charlie Nineteen. Máme dopravní nehodu! Nehodu!
a/b/ab4eab14.p3d	2099_bwmls_247	Musíme se stáhnout, jsme moc blízko, přepínám.
a/b/ab557c24.p3d	19589_bwhqb_077	Zrušte to.
a/b/ab5ba7ab.p3d	21577_maabr_259	Ranger Dvě Sedm se vrací. Mise splněna, přepínám.
a/b/ab5bb78f.p3d	21894_alex_e03m03_110	No skvělé.
a/b/ab5c6811.p3d	8310_mar_a_049	Schytej to! Schytej to! Schytej to!
a/b/ab63d009.p3d	12275_nypda_347	Do prdele, chlape, přestaň střílet!
a/b/ab68e12d.p3d	17681_bwtra_048	Ne, pane.
a/b/ab6cba0d.p3d	7892_mabra_312	sakraaaaa!
a/b/ab6ebd60.p3d	1001_bwgsp_241	Zóna je horká, zopakujte poslední přenos.
a/b/ab7067d9.p3d	16494_bwabr_034	Tady Blackjack Dva, seskupte se u mě.
a/b/ab789c0d.p3d	19143_p_hlf_066	Tak co to sakra proboha bylo?
a/b/ab83eb1c.p3d	7984_mabhk_083	Thunder Pět Čtyři, míříme domů.
a/b/ab906add.p3d	11336_maoff_192	To je on! Ukažte mu!
a/b/aba47138.p3d	17386_bwoff_045	Cíl označen. Netrefte nás, kurva, trefte cíl.
a/b/abb88abb.p3d	17226_bwtrb_406	Pořád stojí!
a/b/abbabebc.p3d	25083_nypda_044	Negativní.
a/b/abbe34f9.p3d	17945_bwtra_302	Skloň se, něco dělá!
a/b/abbf5207.p3d	427_bwbra_022	Připravte pětadvacítku, jsme na pozici.
a/b/abc23cb1.p3d	2064_bwmls_202	Nic tu není, vydržíme a počkáme na potvrzení.
a/b/abc5b8e6.p3d	16758_bwabr_278	Uzavřít kanál, opakuji, uzavřít kanál.
a/b/abc90dff.p3d	19554_bwhqb_052	Tady velitelství. ZEUS je nyní ÚPLNĚ zadržen.
a/b/abcc6481.p3d	24383_maoff_events_011	Mercer?
a/b/abce6225.p3d	9997_maf35_265	Velitel úderu volá Úderný tým Alfa. Ruším misi. Odpoutejte se, přepínám.
a/b/abd761c5.p3d	12240_nypda_312	Našel jsem ho!
a/b/abd7d5f7.p3d	13462_p_ctm_219	Proč? Proč?
a/b/abd83dd5.p3d	18627_susol_045	Aktualizace, aktualizace. Hořáci potvrzeni. Kontakt se blíží!
a/b/abd86e31.p3d	22807_maoff_e09m03_071	MERCERE! Vylez ven!
a/b/abe76a49.p3d	8007_mabhk_106	Pošlete tým na mé souřadnice. Mám vizuál.
a/b/abed39ed.p3d	7347_mabcm_015	Red Crowne. Čekáme na dodávku zdravotnického materiálu, jinak jsme připraveni.
a/b/abee134a.p3d	24869_nypda_195	Tak, dost bylo! Teď si lehni na zem!
a/b/abf030b7.p3d	14866_p_mtf_220	Osvoboď mě!
a/b/abf4db14.p3d	220_bwbhk_189	Stahujeme se a udeříme znovu, přístupové kódy potvrzeny.
a/b/abff073d.p3d	11179_maoff_041	Velení oddílu hlásí, cíl se pohybuje, přepínám.
a/c/ac02b3bf.p3d	15084_p_uwm_207	Pozor!
a/c/ac03fca1.p3d	11301_maoff_165	Ty tam! Stůj, kde jsi!
a/c/ac0ef115.p3d	9350_mar_b_519	Dolů! Lehnout.
a/c/ac1802f4.p3d	17351_bwoff_010	Potřebujeme Údernou podporu, RED CROWN!
a/c/ac1aaf36.p3d	16023_p_uem_208	Pozor!
a/c/ac2055b7.p3d	8417_mar_a_157	Kde je sakra ta podpora!?
a/c/ac21ef0d.p3d	22438_bwtra_e04m04_030	Zapojuji se!
a/c/ac231979.p3d	4739_maabr_067	Tady Ranger Dvě Sedm. Prohledáme oblast.
a/c/ac272475.p3d	17069_bwtrb_249	No jo. Tyhle věci se stávaj.
a/c/ac29977d.p3d	19397_bwhqa_076	Negativní, přepínám.
a/c/ac2cceb3.p3d	17788_bwtra_145	Sakra, on utíká!
a/c/ac31c415.p3d	17910_bwtra_267	Spousta zasraného hnisu, ale jsme v pořádku.
a/c/ac394aa2.p3d	16723_bwabr_243	Pořád dobrý, zůstaňte soustředění!
a/c/ac45fb7e.p3d	12083_nypda_154	Dispečinku, je čas jet. Mám ho zpátky!
a/c/ac47a20f.p3d	22540_bwtrb_e05m01_040	Hotrod Two Two, hlášení situace... Red Crown, nemůžeme zastihnout Hotrod Two Two na síti, přepínám.
a/c/ac60013f.p3d	690_bwbra_015	Stahujeme tuhle bestii, je to tu moc horké, RC.
a/c/ac61a8e7.p3d	24834_nypda_271	Do prdele!
a/c/ac63bfd3.p3d	14831_p_mtf_185	Do bezpečí!
a/c/ac6d5420.p3d	17615_bwoff_264	Polož mě!
a/c/ac78f50b.p3d	18890_susol_278	K zemi!
a/c/ac7d5650.p3d	10405_mahqb_142	Dělostřelci a stíhačky, máte cíl, konec.
a/c/ac7d8ae4.p3d	9193_mar_b_362	Něco chystá.
a/c/ac80faa8.p3d	22489_bwtra_e07m01_082	Jdou ze všech stran! Udržte linii!
a/c/ac83a8e5.p3d	25312_nypda_440	Utíkej!
a/c/ac8902ce.p3d	24207_p_haf_018	Další? *vydechne*
a/c/ac8aceaf.p3d	22023_alex_e06m01_239	No skvělé -- vrtulníky....
a/c/ac8d9d39.p3d	4576_mar_c_434	Nahlaste to. Mají špatnej cíl!
a/c/ac94d891.p3d	15490_p_suf_146	Tank! Střílí!
a/c/ac96ab35.p3d	4704_maabr_032	Ať jich přijde víc, připravte se znovu pálit.
a/c/ac9ab631.p3d	17034_bwtrb_214	Nejsem ZEUS! Nejsem cíl!
a/c/ac9b4f55.p3d	12347_nypda_419	Neslyším vás, dispečinku -- jsme pod palbou!
a/c/ac9d2958.p3d	19362_bwhqa_051	ZEUS je na zemi, opakuji, ZEUS je na zemi. Pokračujte v zásahu zápalnými, pokud je máte, přepínám.
a/c/aca0606f.p3d	17753_bwtra_110	Je mrtvý!
a/c/aca1b9bc.p3d	23889_alex_017	Zabezpečeno.
a/c/aca7e725.p3d	16566_bwabr_106	Zkuste to obejít z boku.
a/c/acacae6a.p3d	24366_maoff_e05m01_003	Lim na kanálu. Co se to tam dole sakra děje? Thunder tři a sedm, přiřaďte podporu.
a/c/acb01b56.p3d	19215_p_hlf_135	Zavolejte policii.
a/c/acb0d35b.p3d	8979_mar_b_148	Nevidím v tomhle vůbec nic.
a/c/acb740d5.p3d	13593_p_erm_115	Dovnitř!
a/c/acb8c8b9.p3d	327_bwbhk_296	Moc horké. Jdu odtud. Tady Evergreen, odpalujeme.
a/c/acb9e374.p3d	992_bwgsp_232	Opakujte? Máme svázané ruce, přepínám.
a/c/acba016f.p3d	13270_p_ctm_029	Chytili toho chlapa?
a/c/acc5d81c.p3d	20322_mabra_choke_c	*dušení*
a/c/acc7e60a.p3d	11408_maoff_133	Buďte si jistí cílem!
a/c/acd25c2f.p3d	14674_p_mtf_030	Tohle je prostě hrozný.
a/c/acdbf084.p3d	17458_bwoff_117	Tahle oblast je uzavřená.
a/c/ace367f5.p3d	15187_p_mtm_077	Ten!
a/c/acebf2d3.p3d	10248_mahqb_005	Máme scénář pátrání podle vzorce hrozby.
a/c/aced232f.p3d	22591_bwtrb_e08m03_092	Hej, hej, hej -- zpomal, šéfe. Nemáš pravomoc spustit tu pumpu. Čekáme na majora.
a/c/acf1a0f5.p3d	10967_mahqa_015	Týmy Bravo a Delta, jste na řadě. Držte kryt, pátrejte a ničte, přepínám.
a/c/acf2458a.p3d	25155_nypda_316	Tam! Tam! To je on!
a/c/acf7d745.p3d	22749_maoff_e02m05_013	Zase jdou! Sežeňte palebnou podporu na ty lávky. Do krytu. POHYB! POHYB! POHYB!
a/c/acf9b8b8.p3d	2136_bwmls_214	Nerozumím, přepínám. Čekejte.
a/d/ad008d0d.p3d	19626_bwhqb_104	I přes ten pokrok máme před sebou ještě kus cesty, lidi. Zůstaňte u cíle.
a/d/ad00e934.p3d	22505_bwtrb_e01m02_005	Zasraný spratci...
a/d/ad012c55.p3d	4541_mar_c_399	To není on! Kurva!
a/d/ad0ede86.p3d	12312_nypda_384	Do prdele!
a/d/ad1b7656.p3d	16531_bwabr_071	Blackjack dva, končíme, po cíli ani stopy.
a/d/ad1f4708.p3d	20366_maf35_scream_c	*výkřik*
a/d/ad241f80.p3d	9770_maf35_058	Tři Pět, Tři Pět, přilétám od východu.
a/d/ad246517.p3d	8944_mar_b_113	Nepřítel v dohledu, palte!
a/d/ad24b6ae.p3d	7419_mabcm_087	Rozumím, přesouváme síly. Ať je ten přesun bleskurychlý, seržante!
a/d/ad28f4f6.p3d	20054_magsp_322	Tornado Jedna ztratil výkon! Padá to zle!
a/d/ad2efe84.p3d	19892_magsp_180	Sakra, ten skoro dostal Chalk Dva. Udělejte co se dá.
a/d/ad310588.p3d	18074_bwtra_431	Ale do prdele!
a/d/ad3ce2b0.p3d	18997_susol_385	Čisto!
a/d/ad3f3953.p3d	21712_speci_e04m04_014	Jsi rychlej, to ti uznám.
a/d/ad4f7fb5.p3d	17423_bwoff_082	Nemohl se dostat daleko.
a/d/ad560dc6.p3d	22665_mabra_e04m01_015	Signál je tu na maximu, Red Crown. Pošlete balík na místo, přepínám.
a/d/ad56f9b3.p3d	15152_p_mtm_044	Přiveďte policii, hned teď!
a/d/ad6116aa.p3d	19469_bwhqa_138	Mise zrušena. Všechny týmy potvrďte uvolnění cíle.
a/d/ad65d89a.p3d	25120_nypda_390	Dej mi pokoj, chlape, jen jsem si dělal svou práci!
a/d/ad6d4b38.p3d	2101_bwmls_249	Stahujeme se, pošleme novou pozici, přepínám.
a/d/ad6fc8af.p3d	4384_mar_c_242	Sledujte dál ten cíl!
a/d/ad706b8e.p3d	25394_alex_e04m03_702	McMullen vede výzkum.  Ví, co se mi stalo - takže ho musím vylákat.
a/d/ad711adc.p3d	22221_bwgsp_e05m03_01	Red Crown, máme jasnou identifikaci vašeho uneseného Ptáka. Žádám povolení k zásahu.
a/d/ad7d7acb.p3d	12155_nypda_227	Ať to dodělá armáda. Já končím.
a/d/ad7def12.p3d	13377_p_ctm_134	Odstřelovač! Odstřelovač!
a/d/ad84fd3d.p3d	8787_mar_a_508	Prosím, nedělej to!
a/d/ad90f9c0.p3d	22856_mar_a_e06m04_037	Bude nám tu pěkně horko... Pojďme to svinstvo prostě zvládnout a zůstat v klidu.
a/d/ad992f74.p3d	24906_nypda_520	Rozprchněte se!
a/d/ad9af6ba.p3d	135_bwbhk_104	Vůbec nic nevidím. Jestli jsi tam dole a schopný, ozvi se.
a/d/ad9fa671.p3d	22006_alex_e05m03_222	Zůstaň naživu, chlapáku -- pak tě zabiju.
a/d/ada9cb94.p3d	22696_magsp_e09m03_006	Whoa! Ta věc má sílu!
a/d/adaa1584.p3d	11216_maoff_066	Zajistili jsme pozici, velitelství.
a/d/adada731.p3d	23966_alex_094	*otrávené zabručení*
a/d/adae9a99.p3d	22965_mar_c_e06m04_042	Kontakty na dvanáctý, devítce, třetí hodině -- jsou sakra všude!
a/d/adb0746c.p3d	18962_susol_350	Bojový plán Bravo! Jdeme dovnitř!
a/d/adb50a30.p3d	9265_mar_b_434	Fakt hodně sakra blízko.
a/d/adc51ca4.p3d	4648_mar_c_516	Vyklidit! Pohyb!
a/d/adc90b11.p3d	23918_alex_046	Hotovo.
a/d/adcc57dd.p3d	15562_p_suf_218	Škrtí mě....
a/d/add0dacd.p3d	15880_p_uem_067	Počkejte, já -- já jsem něco viděl!
a/d/add232f2.p3d	17106_bwtrb_286	Tady rozsekaná mrtvola.
a/d/add4a866.p3d	19434_bwhqa_103	Přepínám na misi zadržení Alfa, všechny Černé týmy připraveny nebo v zásahu.
a/d/add70293.p3d	22363_bwoff_e01m01_006	Kdokoli se pokusí opustit budovu, srazte ho. Rozumíte mi? Střílíme, pálíme.
a/d/add7dd30.p3d	17825_bwtra_182	Píchni do něj vidličkou, je hotový.
a/d/addf63e6.p3d	16638_bwabr_178	Hořáci! Hořáci! Zlikvidujte je!
a/d/ade10ac8.p3d	14907_p_uwm_030	Co se to tu sakra děje?
a/d/ade80d25.p3d	9877_maf35_165	Dorazte ho, pozemní, už to skoro je, přepínám.
a/d/adeebd96.p3d	13665_p_erm_187	Z cesty!
a/d/adf109fb.p3d	12120_nypda_191	Z perimetru! HNED!
a/d/adf17e2e.p3d	13342_p_ctm_099	Argh!
a/d/adf1bcf9.p3d	10054_maf35_322	Padám, padám.
a/d/adf2ebd6.p3d	19999_magsp_267	Red Crown, tady Tornado Dvanáct, mise skončena. Opakuji, mise skončena. Zdrávas Maria.
a/d/adf88c6e.p3d	8752_mar_a_473	Řekl jsem nepřetržitá palba! Nepřetržitá palba!
a/d/adfd6b3a.p3d	22681_maf35_e10m04_012	Startujeme. Uvolněte cestu.
a/d/adfd7de2.p3d	13185_p_ctf_174	Rychleji! Utíkej!
a/e/ae09db7b.p3d	14746_p_mtf_102	Zachraňte mě! Prosím!
a/e/ae0e85d6.p3d	100_bwbhk_069	Zmizel ze scanerů, dejte mi polohu, přepínám.
a/e/ae1ae73f.p3d	15259_p_mtm_147	Zabijou nás všechny
a/e/ae28994c.p3d	9230_mar_b_399	Jo! Pošlete je všechny do pekla!
a/e/ae29b9d2.p3d	25227_nypda_109	Místo je čisté, dispečinku. Odcházíme odsud.
a/e/ae2e3ab9.p3d	8185_mabhk_264	Klidně, klidně, přeskupme se.
a/e/ae33b7e6.p3d	22835_mar_a_e02m05_017	To není možný -- prostě to z něj vysává.
a/e/ae33bd4a.p3d	21865_alex_e03m01_081	Musím nás dostat pryč.
a/e/ae34acf2.p3d	23985_ragla_e05m02_033	Jestli mi seženeš pár minut s těmi mrtvolami, myslím, že seženu, co potřebuješ.
a/e/ae38abb6.p3d	4613_mar_c_471	Pozor, hajzlové!
a/e/ae39a079.p3d	21917_alex_e04m01_133	Poslední skupina.
a/e/ae467994.p3d	17668_bwtra_035	Jo, slyším tě.
a/e/ae4a4fd4.p3d	7879_mabra_299	Přerušit, přerušit! Operace Bulldog je znehybněna.
a/e/ae4ce573.p3d	25377_alex_e03m01_703	Dobře, musíme se držet při zemi - vyhýbat se armádě.
a/e/ae50e204.p3d	16891_bwtrb_091	Něco tu kontroluju.
a/e/ae5158bf.p3d	22944_mar_c_e02m05_022	Pozor na ty palivový nádrže! Vyklidit tu zatracenou oblast!
a/e/ae51f445.p3d	4192_mar_c_061	Velitelský kanál! Hlavní cíl označen. Přiveďte sem svaly, ať mu zatopíme, přepínám.
a/e/ae52f5a2.p3d	16603_bwabr_143	Ustupte, polní týme.
a/e/ae5687e9.p3d	22774_maoff_e08m04_038	Máme tu ztráty, Red Crown, odhaduju to na 80 procent první vlny. Musíte nám poslat podporu a nechat mě dostat mé muže ven.
a/e/ae5b9ee1.p3d	9842_maf35_130	Otočím se a prohlédnu terén na vizuál nepřítele, přepínám.
a/e/ae5d026e.p3d	25451_alex_e07m01_705	Rozumím a pokračuji.
a/e/ae624f52.p3d	13630_p_erm_152	Myslím, že je v tom vozidle!
a/e/ae647146.p3d	11096_mahqa_124	Držte pozice, čekejte na nové rozkazy.
a/e/ae667db1.p3d	19964_magsp_242	Tady negativní.
a/e/ae6884d4.p3d	18146_bwtra_503	Už to jde...
a/e/ae689083.p3d	7580_mabra_020	Jdeme najít něco na odstřel.
a/e/ae710f89.p3d	13150_p_ctf_139	Ono střílí!
a/e/ae729e7a.p3d	24535_alex_e03m02_539	Musím jít dál.
a/e/ae79b45c.p3d	570_bwbra_165	Potrestejte ho! Nepovolujte!
a/e/ae7d6a97.p3d	14711_p_mtf_067	Co jsem to právě viděl?
a/e/ae86c3ae.p3d	14641_p_ham_227	Neeeee!
a/e/ae8e78fd.p3d	15224_p_mtm_114	Uhni! Uhni!
a/e/ae929fcd.p3d	18770_susol_158	Všichni ke mně! Vidím ho!
a/e/ae934bd8.p3d	14281_p_fdm_097	Kámo!
a/e/ae94c870.p3d	15987_p_uem_172	Zpátky!
a/e/ae9735a6.p3d	9073_mar_b_242	Ten hajzl to měl vědět líp.
a/e/aea1cc60.p3d	8150_mabhk_229	Zóna je modrá, hrozba dole, opakuji, hrozba dole.
a/e/aea747fb.p3d	4456_mar_c_314	Kryj!
a/e/aea79c42.p3d	7490_mabcm_158	Přejděte na žlutou. Opakuji, žlutý stav, konec.
a/e/aeae8355.p3d	15370_p_suf_028	Mrtví? Kolik?
a/e/aeafe792.p3d	1993_bwmls_131	Salva připravena, přepínám.
a/e/aeb46fd5.p3d	24033_bwoff_e06m04_107	Vlítnout dovnitř. Vylítnout ven. Žádné kraviny.
a/e/aeb4f78c.p3d	12227_nypda_299	Ukaž mi ruce!
a/e/aeb56e5e.p3d	13449_p_ctm_206	Neee!
a/e/aeb8db73.p3d	24463_bwoff_e01m02_004	Kde sakra je ten cíl?!
a/e/aebde190.p3d	7844_mabra_264	Po tomhle si už nikdy nebudu stěžovat na tuhle starou basu.
a/e/aec0e80a.p3d	22753_maoff_e04m01_017	Ale do prdele!
a/e/aec7d465.p3d	24080_bwoff_events_041	Dobře, tohle ještě můžeme zvrátit, jen do toho jděte!
a/e/aec8736b.p3d	10775_mamls_322	Vydrž!
a/e/aeca7e5b.p3d	8859_mar_b_048	Pozitivní identifikace. Jsme připraveni na úder. Stáhneme se na váš povel.
a/e/aed2737b.p3d	207_bwbhk_176	Žádost o povolení bojového výsadku na blízko, Ghost Sedm Devět tohle dokončí.
a/e/aed38e36.p3d	872_bwgsp_112	Nepřítel na palubě! Dostaňte toho zasranýho nepřítele pryč!
a/e/aed5152a.p3d	7936_mabhk_035	Palte, opakuji, palte.
a/e/aed80062.p3d	11061_mahqa_089	Vyhodnoťte svůj stav.
a/e/aedabaad.p3d	8560_mar_a_301	Jdeme! Jdeme! Jdeme!
a/e/aedc13f0.p3d	18111_bwtra_468	*smích* Dostali jsme je na útěk!
a/e/aedd285e.p3d	22598_dana_e06m01_006	Alexi -- *vzlyká* mám strach!!
a/e/aedd7e6e.p3d	4882_maabr_210	Jo, taky to vidíme. Mrkneme se a ozveme se, přepínám.
a/e/aede5d65.p3d	24066_bwoff_events_027	Ať se ta palebná síla počítá -- můžeme je porazit.
a/e/aeec897c.p3d	9337_mar_b_506	Chcípni, hajzle, chcípni!
a/e/aef55d7d.p3d	14484_p_ham_070	Co to bylo?
a/e/aefb41e8.p3d	24588_alex_e06m03_591	Slábne to. Musím pohltit víc.
a/f/af085a17.p3d	15952_p_uem_137	Někdo má zbraň!
a/f/af0bf0a5.p3d	25035_nypda_222	Máme ho, máme ho. Dobře, zkontroluj mu ruce.
a/f/af14cf56.p3d	16998_bwtrb_178	Zmiz ode mě!
a/f/af15e1b4.p3d	4299_mar_c_156	Je jich víc jako on!
a/f/af1a380d.p3d	19506_bwhqb_004	Znovu zaměřte cíl. Co nejdřív.
a/f/af1ad717.p3d	4421_mar_c_279	Na můj povel. Běžte, běžte, běžte!
a/f/af1eeb29.p3d	22189_bwabr_e08m03_30	Kontakt v severním sektoru! Přicházejí ze severu!
a/f/af268552.p3d	21796_alex_e01m01_013	Přestaňte po mně střílet! Prostě...přestaňte...STŘÍLET!!!
a/f/af28fd8f.p3d	13414_p_ctm_171	BĚŽ!
a/f/af2c7e13.p3d	7687_mabra_127	Tady zjistíme, co tahle mašina vydrží, přepínám.
a/f/af3c0287.p3d	10740_mamls_287	Jsme zpátky ve hře, přátelé.
a/f/af3da201.p3d	677_bwbra_272	Držte tu zasranou linii!
a/f/af3e1017.p3d	8824_mar_b_013	Devil Dog, 8. MEB, pane!
a/f/af3ef156.p3d	24405_maoff_events_033	Nepolevujte, oddíle, máme to.
a/f/af41583a.p3d	14818_p_mtf_172	Utíkej a schovej se!
a/f/af4364a2.p3d	24350_p_haf_116	Nakaženej! Kámo, uhni mi z cesty!
a/f/af462da3.p3d	13875_p_fdf_158	Jsem matka! Mám děti! Prosím!
a/f/af48a946.p3d	19772_magsp_060	Do prdele, s čím to tu bojujeme?
a/f/af53db42.p3d	15036_p_uwm_159	C-co chceš? Přestaň!
a/f/af568d72.p3d	18877_susol_265	Sundejte je, než je ZEUS stihne rozpárat!
a/f/af573c08.p3d	14388_p_fdm_204	Bolí to! Aaah!
a/f/af5ba99d.p3d	1094_bwgsp_332	Tornado Five, jsme ve vývrtce!
a/f/af6018ad.p3d	9302_mar_b_471	Palba na vlastní, pozor!
a/f/af64c3f9.p3d	21848_alex_e02m05_064	Tohle by mělo stačit.
a/f/af65ba05.p3d	8257_mabhk_336	Já-eeeeeeeeže-e-eíši!
a/f/af6b631b.p3d	22602_dana_e06m01_010	Á!
a/f/af71da53.p3d	25434_alex_e06m03_702	Jestli má Blackwatch techniku, co dokáže rozlousknout ta HNÍZDA, mohl bych ji použít, abych se dostal k Daně.  Pojďme se na to podívat.
a/f/af7270f8.p3d	15477_p_suf_133	K zemi!
a/f/af7ac1aa.p3d	19349_bwhqa_038	Pátrací kód Delta jedna pět ukončen. Jednotko Five, zůstaňte na současné pozici, přepínám.
a/f/af7f8a2b.p3d	25000_nypda_417	Situace se zvrtla, dispečinku!
a/f/af886112.p3d	16963_bwtrb_143	Pojďme tu věc přišpendlit.
a/f/af931e2d.p3d	9914_maf35_202	Red Crown, tady Voodoo, jedu prověřit hrozbu. Ozvu se.
a/f/af958dbd.p3d	24518_alex_e02m05_522	Tady to končí...
a/f/af972588.p3d	12035_nypda_102	Dispečinku, tady Charlie Nineteen. Tohle místo je negativní.
a/f/af977bc6.p3d	979_bwgsp_219	Red Crown, likvidace dokončena, přepínám.
a/f/af9799d6.p3d	13257_p_ctm_016	Tohle je prostě divný.
a/f/af99ce9e.p3d	13702_p_erm_224	Ále, nedělej to, chlape!
a/f/af9ea83d.p3d	8667_mar_a_408	Red Crown, mám možnou aktivitu na své pozici. Postupuju.
a/f/afa00d44.p3d	7652_mabra_092	Zkouška vysílačky, zkouška vysílačky, pošlete úderný balík na tuhle pozici.
a/f/afa16935.p3d	4989_maabr_297	Zkontrolujte škody! Plné hlášení. Rychle.
a/f/afa654ea.p3d	10391_mahqb_128	Čekejte na nové rozkazy. Zrušte pátrání.
a/f/afa88eea.p3d	13222_p_ctf_211	Pozor!
a/f/afaa9f1f.p3d	10583_mamls_150	RC, a je po pěkném dni. Naše poloha je označená.
a/f/afaae24a.p3d	22215_bwbhk_e07m04_08	Zahajujeme nasazení. Čekejte.
a/f/afb133a8.p3d	642_bwbra_237	Úspěch! Máme je.
a/f/afb20639.p3d	24193_p_haf_187	Netlačte!
a/f/afb5f0b3.p3d	22560_bwtrb_e06m05_061	Jsme tu sakra jen krmivo pro děla, stáhněte se!
a/f/afb9bf61.p3d	13840_p_fdf_125	Pusť mě, prosím!
a/f/afbfa9cf.p3d	4690_maabr_018	Zaměřujeme cíl laserem. Jsme v dosahu, připraveni vypustit. Čekáme na rozkazy, přepínám.
a/f/afc2d77b.p3d	21800_alex_e01m02_017	Vojáci...jestli vědí, kdo jsem, asi vědí i to, kdo je ona.... Musím najít dobré místo a prohlédnout si okolí.
a/f/afc76cfe.p3d	15001_p_uwm_124	Vydrž!
a/f/afca1f2e.p3d	18842_susol_230	Tak to je hotovka!
a/f/afcacb24.p3d	14353_p_fdm_169	Nesahej na mě! Nedělej to!
a/f/afceb4f2.p3d	9145_mar_b_314	Kluci, tady je nějaký hodně posraný svinstvo.
a/f/afd94bc1.p3d	8222_mabhk_301	Áá -- sakra! Dobrý -- pořád jsme v pohodě.
a/f/afdec4bc.p3d	4528_mar_c_386	Ježíši! Válejte s tím hajzlem!
a/f/afe60014.p3d	15442_p_suf_098	Kriste!
a/f/afee5366.p3d	19314_bwhqa_003	Tady Red Crown, ztratili jsme cíl, přepínám.
a/f/aff0e4a4.p3d	11394_maoff_119	Polož mě!
a/f/aff187f2.p3d	17705_bwtra_062	Oči na stopkách, lidi. Je celý MAZANÝ.
a/f/aff90ea8.p3d	16518_bwabr_058	Pošlete nám úder, RC, ZEUS je v zóně.
b/0/b0019227.p3d	22083_alex_e07m04_301	D-kódy, obrněnci, palebná postavení.... Skvělé.
b/0/b001b7e7.p3d	9757_maf35_045	Salva!
b/0/b0086858.p3d	13545_p_erm_067	To je fakt děsivý, chlape!
b/0/b00ab4a3.p3d	12000_nypda_066	Nezacházej se mnou, jako bych byl tvůj poskok, hajzle.
b/0/b00c96d6.p3d	19879_magsp_167	Prověř tamto.
b/0/b00f7fc3.p3d	11133_mahqa_161	Družstvo Gamma, zrušte nasazení.
b/0/b012376e.p3d	8632_mar_a_373	Proboha -- co se to tam děje?
b/0/b014faf1.p3d	4954_maabr_262	Zásahová jednotka ztratila cíl. Vracíme se domů.
b/0/b01728a6.p3d	13065_p_ctf_056	Tamhle! Tamhle! To je on!
b/0/b019062b.p3d	17284_bwtrb_464	Kontakt. Zahájit palbu.
b/0/b01fcd77.p3d	485_bwbra_080	Zpátky na scanerech, rozsviťme to.
b/0/b02cdcc9.p3d	14556_p_ham_142	Bude střílet!
b/0/b034921a.p3d	15139_p_mtm_031	Co!?
b/0/b038b8e8.p3d	18685_susol_073	Strike Bosse, zdržíme ho, dokud nedorazí vaše zásilka. Vzdálenost boje.
b/0/b039677f.p3d	14196_p_fdm_013	Nic nevidím.
b/0/b03d3b40.p3d	21037_p_uwm_cough_b	*kašel*
b/0/b042440e.p3d	9110_mar_b_279	Hledejte cíle v davu!
b/0/b047e5b9.p3d	8065_mabhk_164	Mise splněna, opakuji, mise splněna.
b/0/b05351cc.p3d	24028_bwoff_e01m01_102	Palte na mou pozici! Palte na mou zatracenou pozi... Ááách!
b/0/b063fad4.p3d	7759_mabra_199	Pamatujte, nedělejte problémy, když tam nic není, přepínám.
b/0/b06a833c.p3d	25417_alex_e05m03_705	Cyklické řízení, kolektiv, směrovka.  Umím tohle létat.  
b/0/b079a73c.p3d	787_bwgsp_027	Můj výhled je zacpaný, ztratil jsem ho.
b/0/b07a1c79.p3d	20006_magsp_274	Red Crown, Red Crown, tady velitel Tornado, nepřátelé poraženi. Míříme domů.
b/0/b07bfa14.p3d	13510_p_erm_032	Hej! Pozor!
b/0/b07dad04.p3d	13947_p_fdf_230	Aaaargh!
b/0/b0802892.p3d	19844_magsp_132	Tornado Jedna volá Red Crown, zóna negativní. Cíl zmizel. Chcete, aby šel na spiker, přepínám?
b/0/b080d3b3.p3d	8475_mar_a_216	Ty! Ani hnout!
b/0/b0822d0b.p3d	18026_bwtra_383	Mám nápad: zvedněte ruku, kdo z vás není ten zasraný cíl.
b/0/b0839774.p3d	4797_maabr_125	Velitelství, to nejde. Ztratili jsme ho.
b/0/b08aba62.p3d	13030_p_ctf_021	Jsou mrtví?
b/0/b08b5aa3.p3d	15108_p_uwm_231	Ahh! Ah, ah. Aaaaahhhh!
b/0/b08e0cbe.p3d	18949_susol_337	V hajzlu, Control, jsme v hajzlu!! Zpoždění komunikace. Konec.
b/0/b0935f1e.p3d	450_bwbra_045	Red Crown, cíl není sundán, přepínám.
b/0/b099c89d.p3d	16781_bwabr_301	Přilétá to!
b/0/b0a06e70.p3d	14521_p_ham_107	Zavolejte 911, potřebujeme tu sanitku!
b/0/b0a9f044.p3d	15549_p_suf_205	Můžeš mi pomoct?
b/0/b0ae7335.p3d	15867_p_uem_055	Zastavte ho! Zastavte ho!
b/0/b0bb7760.p3d	8030_mabhk_129	Thunder volá pozemní jednotku, ukončujeme průzkumný let, přepínám.
b/0/b0c0f031.p3d	4336_mar_c_193	Ustupte!
b/0/b0c14704.p3d	7370_mabcm_038	ZEUS je tady. Opakuji, zahájili jsme boj se ZEUSEM, přepínám.
b/0/b0c222ea.p3d	24892_nypda_216	Do prdele s tímhle svinstvem.
b/0/b0c99254.p3d	1873_bwmls_011	Souřadnice potvrzeny, cíl je horký. Rozsviťte to.
b/0/b0cea24d.p3d	12107_nypda_178	Tady Charlie Nineteen, honím podezřelého!
b/0/b0cf1695.p3d	13329_p_ctm_086	Jsem Newyorčan!
b/0/b0d624d5.p3d	8739_mar_a_460	BĚŽ! BĚŽ! BĚŽ!
b/0/b0d78c90.p3d	7724_mabra_164	Zvládli jsme to, všichni jsme to zvládli. Dobrá práce.
b/0/b0e21e2d.p3d	10655_mamls_202	RC, potvrďte prosím, satelitní snímky potvrzují izolaci mise.
b/0/b0e8b04a.p3d	714_bwbra_299	Mayday! Mayday!
b/0/b0e97e5f.p3d	24265_p_haf_088	Počkejte chvíli! Já nekladu odpor! Prosím!
b/0/b0f13c20.p3d	13912_p_fdf_195	Zavolejte sanitku!
b/0/b0f462e3.p3d	8440_mar_a_180	Ballgame se pohybuje, kontakt na nových souřadnicích, zkontrolujte systém.
b/0/b0f67fc5.p3d	22876_mar_b_e02m02_006	Dovnitř smí jen důstojníci a výš. Barker se tam pokusil jít jenom se vychcat a teď je v base.
b/0/b0f726a5.p3d	4762_maabr_090	Red Crowne, sešlete k nám polní tým, přepínám.
b/0/b0fb31a1.p3d	17092_bwtrb_272	Dobře, co se sakra stalo?
b/1/b1019e7a.p3d	18914_susol_302	Kurva, vrať se do boje!
b/1/b10631b3.p3d	9217_mar_b_386	Utíká! Označte směr!
b/1/b10a3d48.p3d	22890_mar_b_e02m05_020	Vezmu jakoukoliv zasranou pomoc, co se dá sehnat.
b/1/b11d7f75.p3d	15514_p_suf_170	Pusť mě! Nemusíš mě zabíjet!
b/1/b12204f1.p3d	15832_p_uem_020	Do prdele, slyšel jsem o tomhle.
b/1/b1286882.p3d	11466_maoff_353	Mariňáci! Prioritní cíl. PALTE!
b/1/b12e7a56.p3d	16878_bwtrb_078	Pojďme ho zaskočit.
b/1/b13481d8.p3d	4301_mar_c_158	Pěknej zásah, Lime! Dobrá práce!
b/1/b1393733.p3d	9829_maf35_117	Voodoo Sedm žádá o úder. Cíl potvrzen.
b/1/b13cc59d.p3d	22980_mcmul_e04m03_006	Vypadlo nám moc strojů. Něco tu nehraje. Tahle mise se ruší. Opakuji -- misi zrušit.
b/1/b13fe7a4.p3d	13617_p_erm_139	Zachraňte se!
b/1/b142e47c.p3d	10006_maf35_274	Bylo to o fous, Red Crown, pořád akceschopní, přepínám.
b/1/b14628d5.p3d	7567_mabra_007	Vracíme se zpátky, rozumím.
b/1/b14ea7f0.p3d	13137_p_ctf_126	*výkřik* Tomu nemůžu uvěřit.
b/1/b150b825.p3d	10498_mamls_065	Jdeme jim pomoct, chudáci.
b/1/b1574cc3.p3d	557_bwbra_152	Máme kód čtyři! Kód čtyři!
b/1/b15d1058.p3d	24230_p_haf_072	Byl tamhle -- chlape, to je on!
b/1/b15fd87e.p3d	13755_p_fdf_042	To je ten muž! Tamhle, tamhle!
b/1/b161087d.p3d	19684_bwhqb_162	Stáhněte ten balíček zpátky.
b/1/b162ff27.p3d	8283_mar_a_022	Cíl identifikován!
b/1/b1645c15.p3d	14628_p_ham_214	Pohni se!
b/1/b16f5c81.p3d	12370_nypda_442	Do prdele!
b/1/b1703834.p3d	18757_susol_145	Chceš problémy!? Vypadni!
b/1/b170e43f.p3d	14268_p_fdm_084	Počkejte -- přestaňte. Nejsem zločinec.
b/1/b18534a9.p3d	7477_mabcm_145	Poplach odvolán. Uvolněte se, čekejte na aktualizaci.
b/1/b186052a.p3d	24999_nypda_010	Další den ve velkém městě.
b/1/b18c1bbc.p3d	15357_p_suf_015	Co se stalo!?
b/1/b18cd85b.p3d	350_bwbhk_319	Zasáhne to!
b/1/b19322b3.p3d	21762_speci_e04m04_064	Tady Cross, Wisemen do pohotovosti.
b/1/b194324d.p3d	21977_alex_e05m02_193	Raglande, dostaň se ven! Ven!!
b/1/b19bf704.p3d	11431_maoff_269	Ten tank se obrátil proti nám!
b/1/b1a14a48.p3d	22622_maabr_e06m04_017	Jipí-ká-jé, kreténi!
b/1/b1a20c12.p3d	16843_bwtrb_043	Sněz si mou nadávku, mrcho!
b/1/b1a31e52.p3d	4144_mar_c_012	Ať se na to někdo podívá. Tamhle. Pohyb!
b/1/b1a9abc8.p3d	21748_speci_e04m04_050	Naser si.
b/1/b1a9f9b9.p3d	20875_p_mtf_cough_d	*kašel*
b/1/b1affdb0.p3d	17481_bwoff_140	Mění se, začněte střílet!
b/1/b1b123fd.p3d	859_bwgsp_099	Kontakt zmizel, chcete nás vzít dovnitř, Red Crown?
b/1/b1b598c9.p3d	11048_mahqa_076	To je zamítnutí, přepínám.
b/1/b1b5bc1e.p3d	21684_karen_e03m01_001	Dobře.
b/1/b1b7a7de.p3d	19916_magsp_204	Tady podpůrný prvek Tři až Pět, nepřátelé potvrzeni. Nahrávám do sítě.
b/1/b1b85074.p3d	8547_mar_a_288	Jaký je plán?
b/1/b1bb1435.p3d	4869_maabr_197	Příště se víc kryjte!
b/1/b1bf1f31.p3d	17199_bwtrb_379	Připravte se!
b/1/b1bfffea.p3d	10271_mahqb_028	Přesuňte se na svá hlavní stanoviště.
b/1/b1c23721.p3d	13102_p_ctf_091	Ne!
b/1/b1c41733.p3d	17321_bwtrb_501	K zemi!
b/1/b1c449e1.p3d	10463_mamls_030	Střely zadržte, ale mějte je pořád připravené.
b/1/b1c5ae0c.p3d	10990_mahqa_038	Nemáme nové informace o ZEUSOVI. Přeskupte se, přepínám.
b/1/b1cade6a.p3d	522_bwbra_117	ZEUS je v domě, prohledejte a lokalizujte.
b/1/b1e11fea.p3d	20595_p_ctf_cough_d	*kašel*
b/1/b1e3c9f0.p3d	18722_susol_110	Cíl ztracen. Vydržte, rozptylte se.
b/1/b1e475fc.p3d	14233_p_fdm_050	Nechoď mu moc blízko!
b/1/b1e5f27f.p3d	15939_p_uem_125	Pusť mě, chlape!
b/1/b1e85d29.p3d	9025_mar_b_194	Schovává se to... Který z nich?
b/1/b1f2f6c1.p3d	8102_mabhk_201	Rozumím.
b/1/b1f3a83a.p3d	22716_mahqa_e04m02_016	Hlídky, máme omezený počet zbývajících senzorů, Red Crown doporučuje nasadit pěší týmy na jejich pozici.
b/1/b1f86f7e.p3d	4408_mar_c_266	Potřebuju sem nějaký nápady!
b/1/b1f8c665.p3d	7442_mabcm_110	Stáhněte ty jednotky zpět. Pátrání se ruší až do dalších rozkazů, konec.
b/1/b1f9aa0d.p3d	24964_nypda_510	*zasténání* Ať mi někdo pomůže! *zasténání*
b/1/b1fb722a.p3d	193_bwbhk_162	Zaznamenejte to a pošlete to na zpravodajku.
b/2/b2010f15.p3d	1945_bwmls_083	Tenhle sektor vypadá čistě, přepínám.
b/2/b20a93be.p3d	11274_maoff_145	Důstojník na palubě!
b/2/b2113eac.p3d	11999_nypda_065	Hej, odkdy tihle drží zákon?
b/2/b2122205.p3d	20324_mabra_dying_a	*chroptění*
b/2/b2199aee.p3d	10727_mamls_274	Munice odpálena, cíl je pořád mobilní.
b/2/b220fd49.p3d	24337_p_haf_125	Zabije je!
b/2/b224b5b9.p3d	824_bwgsp_064	Je to tam dole bordel, Red Crown, máte můj vizuál?
b/2/b2264198.p3d	19759_magsp_047	Rozumím. A palte.
b/2/b2292ac3.p3d	11013_mahqa_061	Rozkaz, pokračujte.
b/2/b22be230.p3d	8512_mar_a_253	Co to sakra, kámo?
b/2/b22ea5f1.p3d	4834_maabr_162	Pozor, cíl je aktivní!
b/2/b232b0ed.p3d	17164_bwtrb_344	Ten cvok se umí hejbat. Umí se hejbat.
b/2/b23523d6.p3d	19492_bwhqa_161	Rozumím, Strike Bossi Delta, návrat na základnu, slyšíte?
b/2/b2385b2b.p3d	17883_bwtra_240	Dobře, teď s tím musím počítat...
b/2/b2397602.p3d	20825_p_hlf_cheer_b	Přesně tak!
b/2/b23fe1a3.p3d	16696_bwabr_216	Tady Blackjack. Zóna je čistá, přepínám.
b/2/b2418623.p3d	14965_p_uwm_088	Já to nejsem! Jste snad slepý, kurva?
b/2/b246878b.p3d	14436_p_ham_022	Koho si myslej, že to je?
b/2/b25981b0.p3d	15904_p_uem_090	Počkejte, počkejte! Prosím!
b/2/b273eb21.p3d	17588_bwoff_237	Stáhnout se, hned!
b/2/b274a0bc.p3d	1910_bwmls_048	Přeskupit na výchozí pozice, potvrďte.
b/2/b27da596.p3d	7639_mabra_079	Dokončíme to, na to vemte jed, mariňáci.
b/2/b2805784.p3d	66_bwbhk_035	Zbraně aktivní! Zbraně aktivní!
b/2/b283ed51.p3d	10378_mahqb_115	Zapomeňte na vedlejší cíle, potřebujeme ZEUSE.
b/2/b284d071.p3d	11964_nypda_039	Charlie Nineteen, rozumím.
b/2/b28624b1.p3d	13209_p_ctf_198	Taková zima. *vzlyk* Taková zima. *vzlyk*
b/2/b28a357b.p3d	25285_nypda_182	Dispečinku! Právě vyrazil! Charlie Nineteen v honičce!
b/2/b2948c1d.p3d	24302_p_haf_060	Hej -- poznáváš ho!?
b/2/b29757c8.p3d	13827_p_fdf_112	Vidím, že jich přichází víc!
b/2/b2992974.p3d	4671_mar_c_510	Neee!
b/2/b299d354.p3d	19724_magsp_012	Mariňáci od Tornado Jedna. Označte náš cíl. Minimální bezpečná vzdálenost, přepínám.
b/2/b29a7be9.p3d	8355_mar_a_095	Zůstaňte na čele, vyženeme tu věc ven.
b/2/b29be7cd.p3d	22478_bwtra_e06m05_071	To je ale binec -- pořádně jim naložte! Ať krvácej!
b/2/b29d4236.p3d	4677_maabr_005	Red Crowne, tady Ranger Dvě Sedm, jsme v Rudé zóně, přepínám.
b/2/b2a6dbcd.p3d	12442_nypda_514	Policista v nesnázích! Pomoc!
b/2/b2a7204f.p3d	11890_nydisp_155	Je namístě nejvyšší míra síly. Žádán úderný balíček na pozici policisty. Čekejte.
b/2/b2acd121.p3d	1046_bwgsp_285	Zkus jiný systém. Zasáhni to znovu.
b/2/b2b330ef.p3d	20971_p_suf_pain_d	*argh*
b/2/b2b3834e.p3d	22580_bwtrb_e07m01_081	Kde je ta letecká podpora?!
b/2/b2b517df.p3d	14930_p_uwm_053	Zabije zas!
b/2/b2b6b26e.p3d	19188_p_hlf_110	Tohle se vymklo kontrole.
b/2/b2b6e188.p3d	8209_mabhk_288	Cíl je ozbrojen, cíl je ozbrojen!
b/2/b2bba7ce.p3d	19310_p_hlf_230	Aaaáách!
b/2/b2bcb3d2.p3d	7549_mabcm_203	Jsem zasažen... veliteli, posádka je... sakra, silně krvácím, pane....
b/2/b2be7cf1.p3d	23942_alex_070	Nechápu to. Zatím ne.
b/2/b2c125e4.p3d	22244_bwhqa_e08m02_019	Rozumím, palba zahájena. Držte hlavy dole a nesrejte se.
b/2/b2c3987b.p3d	15429_p_suf_085	Co? Co-co? Ne, ne, ne, ne! To nejsem já!
b/2/b2d37645.p3d	11503_maoff_330	Záložní pozice!
b/2/b2da9b14.p3d	4216_mar_c_085	Kluci, máte zdravotní výcvik, prohlédněte ty civilisty!
b/2/b2dbd90c.p3d	24772_nypda_404	K tomu tělu!
b/2/b2e77cfc.p3d	17553_bwoff_212	Rozumím.
b/2/b2ed9291.p3d	22106_alex_e08m03_323	Tohle potřebovalo fungovat....
b/2/b2eef46b.p3d	15282_p_mtm_170	Do prdele! Do prdele s tebou!
b/2/b2efcfd5.p3d	8619_mar_a_360	Ježíši Kriste.
b/2/b2f13752.p3d	7604_mabra_044	Já řeknu ahoj, ty řekneš sbohem.
b/2/b2f77c82.p3d	10343_mahqb_080	K tomu negativní.
b/2/b2f8423c.p3d	24616_alex_e09m03_619	Je to zbytečné, Taggarte
b/2/b2fbc92d.p3d	10535_mamls_102	Přidej plyn, přejeď toho idiota.
b/2/b2fdd2a3.p3d	25250_nypda_467	Ježíši, uhni!
b/3/b30333aa.p3d	24145_p_haf_208	Aach!
b/3/b3072183.p3d	19599_bwhqb_077	Zrušte to.
b/3/b30e0da5.p3d	8320_mar_a_060	Tumáš, packale! Tumáš!
b/3/b3157587.p3d	12285_nypda_357	Střílí po nás!
b/3/b31a868c.p3d	17691_bwtra_048	Ne, pane.
b/3/b31bf547.p3d	14305_p_fdm_121	Osvoboď se!
b/3/b31e5808.p3d	21056_p_uwm_pain_a	*argh*
b/3/b3287a0f.p3d	25372_alex_e02m02_702	No tak!  Jsem tady!  Pojďte si pro mě!
b/3/b32a418a.p3d	19153_p_hlf_075	Kámo, myslím, že to byl on.
b/3/b32ab481.p3d	20712_p_fdf_cough_a	*kašel*
b/3/b335909a.p3d	7994_mabhk_093	Vůbec nic nevidím.
b/3/b34212e6.p3d	11346_maoff_202	Přísahám, to nejsem já! Kurva, to nejsem já!
b/3/b35616b6.p3d	17396_bwoff_055	Zapomeňte na mrtvé, musíme se POHNOUT. HNED!
b/3/b36a3039.p3d	17236_bwtrb_416	Munice! Potřebuju sem sakra munici!
b/3/b36c641b.p3d	25093_nypda_044	Negativní.
b/3/b36f5849.p3d	10500_mamls_067	Red Crown, Red Crown, podporu úderného balíčku, hned.
b/3/b36fda77.p3d	17955_bwtra_312	Zasraný mikrobní zrůdo!
b/3/b370f785.p3d	437_bwbra_032	Zapojuji se hned!
b/3/b373e24e.p3d	2074_bwmls_222	Všichni v terénu potvrďte úpravu odchylky. Jsme tomu blízko.
b/3/b3775e64.p3d	16768_bwabr_288	Dostáváme zásahy, Red Crown.
b/3/b37ab37d.p3d	19564_bwhqb_062	Ano. Jděte.
b/3/b37e044c.p3d	14508_p_ham_094	Do prdele!
b/3/b3890743.p3d	12250_nypda_322	Zmiz ode mě!
b/3/b3897b75.p3d	13472_p_ctm_229	Ó, bože můj!
b/3/b391a1e4.p3d	24021_bwhqb_e07m04_023	Sigma jedna hlásí, že katalyzátorové jednotky Bloodtoxu byly zničeny. Informujte ředitele McMullena, že ZEUS je mezi oběťmi. Tělo je na cestě k němu. Konec.
b/3/b3990fc7.p3d	8017_mabhk_116	Připraveni zahájit pátrání, Red Crowne, nějaká spatření? Přepínám.
b/3/b39edf6b.p3d	7357_mabcm_025	Nepřátelé, nepřátelé, na obranné pozice!
b/3/b39fc00a.p3d	24879_nypda_383	Dobrý bože!
b/3/b3a1d635.p3d	14876_p_mtf_230	Pomoooc!
b/3/b3a68092.p3d	230_bwbhk_199	Zaměřeno, připraven pálit.
b/3/b3b0acbb.p3d	11189_maoff_051	Hořáci! Hořáci! Zůstaňte ve střehu, palebné týmy!
b/3/b3b4593d.p3d	15094_p_uwm_217	Pusť mě!
b/3/b3b5a202.p3d	11311_maoff_167	To je on, ten cíl!
b/3/b3c09693.p3d	9360_mar_b_529	Ne, já, co -- aaaaahhh!!!
b/3/b3c9a872.p3d	17361_bwoff_020	Cíl ZEUS splněn, HQ.
b/3/b3cc54b4.p3d	16033_p_uem_218	Pol... polož mě! *lapání po dechu*
b/3/b3d1fb35.p3d	8427_mar_a_167	Pořád tady, mrcho! Pořád jsem tady!
b/3/b3d4bef7.p3d	4749_maabr_077	Připraveni k boji. Nepřítel spatřen na naší pozici, přepínám.
b/3/b3d8c9f3.p3d	17079_bwtrb_259	...a teď kolemjdoucí naboural svý sakra auta.
b/3/b3dc22d4.p3d	22218_bwbra_e05m01_02	Přilétá to. Rváči nad úrovní ulice. Sledujte rohy.
b/3/b3ddbf6a.p3d	17201_bwtrb_381	Obkličte to!
b/3/b3de7431.p3d	17798_bwtra_155	Ne tak zasraně tvrdě.
b/3/b3e0580c.p3d	22037_alex_e06m03_253	Á, tohle je surreálné. Jako bych viděl, co vidí oni.
b/3/b3e33f96.p3d	22989_ragla_e05m02_009	Skoro jsem hotovej!
b/3/b3e36993.p3d	17920_bwtra_277	Jdi dělat blbce někam jinam.
b/3/b3eaf020.p3d	16733_bwabr_253	Dorazte to.
b/3/b3f3995f.p3d	9972_maf35_240	FIGMO, slyšíte, FIGMO.
b/4/b4023423.p3d	20453_mar_a_pain_b	*argh*
b/4/b4134707.p3d	24844_nypda_096	Mám podezřelého v hrsti, dispečinku. Předejte mou pozici podpoře.
b/4/b4156551.p3d	14841_p_mtf_195	Sežeňte mi sanitku -- hned!
b/4/b41e58e3.p3d	22896_mar_b_e03m01_026	Vidíš ty operativce? Odpověz mi na tohle: proč MY nemáme ochranné obleky proti zbraním hromadného ničení?
b/4/b420530d.p3d	20155_bwgsp_choke_d	*dušení*
b/4/b4243e60.p3d	11154_maoff_014	Máme tu vychladlou stopu, Red Crown, přepínám.
b/4/b42efbce.p3d	10415_mahqb_152	Úderný tým Bravo. Máte povolení, terén je čistý.
b/4/b4354e82.p3d	25322_nypda_460	Co to dělá?
b/4/b43aa84d.p3d	24217_p_haf_029	Držte se dál od tý sračky.
b/4/b43f42b7.p3d	4586_mar_c_444	To bylo sakra o fous!
b/4/b44850b3.p3d	4714_maabr_042	Spatřeni hořáci, velitelství. Přijímáte?
b/4/b44c5baf.p3d	17044_bwtrb_224	Průkaz. Hned. POMALU.
b/4/b44cf4d3.p3d	12357_nypda_429	Do prdele s tímhle!
b/4/b44eced6.p3d	19372_bwhqa_061	Potvrzuji.
b/4/b45205ed.p3d	17763_bwtra_120	Číhá, ale mám ho.
b/4/b4596ce6.p3d	22389_bwoff_e03m01_032	DOSTAŇTE HO DO KŘÍŽOVÉ PALBY!
b/4/b4598ca3.p3d	16576_bwabr_116	Skenery čisté, to sedlo, přepínám.
b/4/b461c0d4.p3d	19225_p_hlf_145	Je ozbrojený!
b/4/b46278d9.p3d	8989_mar_b_158	NEMÁTE povolení.
b/4/b46a70c2.p3d	337_bwbhk_306	Skoro jsme to koupili, Red Crowne, žádáme povolení stáhnout se.
b/4/b46ba6ed.p3d	13280_p_ctm_039	Koukej kam jdeš!
b/4/b4798f6b.p3d	11418_maoff_256	Do prdele!
b/4/b47a5214.p3d	21948_alex_e05m01_164	*bolestivý výkřik*
b/4/b47e6499.p3d	22410_bwtra_e01m02_002	Jasně. No, jestli se ukáže, dostane dvě do hrudi a jednu do hlavy.
b/4/b48401ad.p3d	14684_p_mtf_040	Hej! To stačí!
b/4/b48d9602.p3d	17468_bwoff_127	To je ono. Jsi zatčen.
b/4/b4950d73.p3d	15197_p_mtm_087	Cože? Ne! Ne!
b/4/b49d9851.p3d	10258_mahqb_015	Všem jednotkám, hlaste vizuální kontakt se ZEUSEM.
b/4/b4a1acfa.p3d	17308_bwtrb_488	Zadrž palbu, jsem v dostřelu!
b/4/b4a34673.p3d	10977_mahqa_025	Zrušte pátrání. Přeskupte se na vysazovacích bodech, přepínám.
b/4/b4a3e03c.p3d	25165_nypda_061	Ve střehu, pane!
b/4/b4a5477b.p3d	20977_p_suf_fallscream_b	*výkřik*
b/4/b4a876d1.p3d	509_bwbra_104	ZEUS je tady, žádám prioritní úderový balíček!
b/4/b4ab5ef0.p3d	2146_bwmls_284	Poškozeni, ale funkční, Red Crown.
b/4/b4b2328b.p3d	19636_bwhqb_114	Udržujte obranné pozice a pátrejte.
b/4/b4b2d45e.p3d	4551_mar_c_409	Zadržte palbu, zadržte palbu!
b/4/b4b6e7df.p3d	21561_bwabr_253	Dorazte to.
b/4/b4c08404.p3d	12322_nypda_394	Jen mě nech žít, a už mě nikdy neuvidíš.
b/4/b4c15fb7.p3d	18709_susol_097	D-Code Šest hlásí negativní výsledek, přepínám.
b/4/b4cd1bd4.p3d	16541_bwabr_081	Všechny systémy zelené. Připraveni k palbě.
b/4/b4ce4f80.p3d	22400_bwoff_e09m01_043	Vedoucí letu, dostaňte ty ptáky do vzduchu. HNED!
b/4/b4d5c4fe.p3d	9780_maf35_068	Nepřítel zlikvidován, to je zásah. Bojový příplatek stál za to.
b/4/b4d60a95.p3d	8954_mar_b_123	Zmiz mi sakra z cesty!
b/4/b4d65c2c.p3d	7429_mabcm_097	Ať sanitář ukryje raněné a přiveďte čerstvé mariňáky na zem. Pohyb, pohyb!
b/4/b4da9a74.p3d	20064_magsp_332	Jsme zasaženi! Jsme zasaženi! Mayday, mayday, MAYDAAAY!
b/4/b4ddfff3.p3d	302_bwbhk_271	Šéfe úderu, čas na steak, pivo a medaile. Ghost, konec.
b/4/b4e2ab06.p3d	18084_bwtra_441	Chápeš vůbec, o co si říkáš?!
b/4/b4e4e441.p3d	24392_maoff_events_020	Pomoc dorazila -- do pohybu, pánové.
b/4/b4fb6d41.p3d	24378_maoff_events_006	Červení nejsou náš jediný problém -- je tu i Mercer. Maximální palebná síla.
b/5/b5012533.p3d	17433_bwoff_092	Uvolni se!
b/5/b5089f31.p3d	15162_p_mtm_054	Hej! Hej! Vidíte ho!?
b/5/b50b6f74.p3d	20804_p_ham_gasp_a	*lapání po dechu*
b/5/b512bc28.p3d	19479_bwhqa_148	Úderný tým shromážděn a na cestě. Přijíždíme naplno, přepínám.
b/5/b51775e2.p3d	25130_nypda_146	Podezřelý znovu zaměřen. 10-85! 10-85!
b/5/b51ef0b6.p3d	2111_bwmls_259	Zahajuji palebnou přehradu. Hlavy dole!
b/5/b5216e2d.p3d	4394_mar_c_252	Je si někdo jistej cílem!
b/5/b525c1a7.p3d	19601_bwhqb_079	Negativní, přepínám.
b/5/b52f2049.p3d	12165_nypda_237	Ale ne.
b/5/b52f9490.p3d	13387_p_ctm_144	Lehni na zem!
b/5/b536a2bb.p3d	8797_mar_a_518	Ale ne!
b/5/b54ac5f3.p3d	24916_nypda_135	Vidím je. Vypadá to, že jsou skrčení, rozumíte?
b/5/b54c8735.p3d	5000_maabr_308	Zásah! Pásy vyřazeny! Jsme v koncích!
b/5/b54c9c38.p3d	145_bwbhk_114	Sdělte ETA další podpory. Úder, úder, přepínám.
b/5/b55bbe06.p3d	11226_maoff_113	Tady Delta čtyřicet pět. Vyklouzl nám, přepínám.
b/5/b56219ea.p3d	18972_susol_360	Palebná podpora!
b/5/b566afae.p3d	9275_mar_b_444	Sakra, prosím, chlape, prosím! Nedělej to!
b/5/b570bbd6.p3d	15403_p_suf_060_a	Vidím toho chlapa!
b/5/b5745320.p3d	22607_maabr_e03m03_003	Chrání tu stavbu. Soustřeďte palbu na něj!
b/5/b576c222.p3d	4658_mar_c_526	Neeee!
b/5/b57b2f11.p3d	21879_alex_e03m02_095	Co jsi zač?
b/5/b57dfd5b.p3d	15572_p_suf_228	Nááá!
b/5/b582804a.p3d	15890_p_uem_076	Tamhle, tenhle!
b/5/b583d870.p3d	17116_bwtrb_296	Jejda!
b/5/b5847434.p3d	12429_nypda_501	Hej, hlavně ať z toho vyvázneš.
b/5/b5864de4.p3d	19444_bwhqa_113	Polní týmy na pozicích, omezte vysílání a čekejte na rozkazy.
b/5/b58982ae.p3d	17835_bwtra_192	Tak to chodí.
b/5/b5910964.p3d	16648_bwabr_188	Skenery něco ukazují, potvrdíme.
b/5/b592b046.p3d	14917_p_uwm_040	Hej! Hej! Kurva, couvni!
b/5/b599b2a3.p3d	9887_maf35_175	Cíl zlikvidován! To je potvrzený zásah, přepínám.
b/5/b59e202f.p3d	22282_bwhqa_e10m04_057	Letecké křídlo, máte povolení nasadit plnou výzbroj v zabíjecím boxu, zaútočte na nepřítele, čisto a horko.
b/5/b5a06314.p3d	13675_p_erm_197	Kristepane, trefili mě!
b/5/b5a2b204.p3d	12130_nypda_201	Ó, Ježíši, pomoz mi.
b/5/b5a32637.p3d	13352_p_ctm_109	Zavolejte hasiče! Hned!
b/5/b5aa31ec.p3d	8762_mar_a_483	Zastav palbu!
b/5/b5af2360.p3d	13195_p_ctf_184	Rychleji! Rychleji!
b/5/b5b63606.p3d	24571_alex_e06m02_574	Měl bych začít v nakažené zóně
b/5/b5bb80f9.p3d	14756_p_mtf_112	Vidím další nakažený!
b/5/b5c02b54.p3d	110_bwbhk_079	Dva Pět, tady Dva Šest, cíl znovu v našich zaměřovačích.
b/5/b5cc8cbd.p3d	15269_p_mtm_157	Nic jsem neudělal. Pusťte mě.
b/5/b5ce9cc5.p3d	20135_bwbra_dying_d	*chroptění*
b/5/b5d5fab3.p3d	11916_nypda_001	Nevím proč, ale dneska se to nějak lepší.
b/5/b5da4155.p3d	9240_mar_b_409	To je jedno pěkně usmažený stvoření.
b/5/b5db66ae.p3d	25237_nypda_304	Hej, dej ruce tak, ať na ně vidím!
b/5/b5dfe037.p3d	8195_mabhk_274	Thunder Čtyři Pět, blízko u sebe.
b/5/b5e78268.p3d	22172_bwabr_e08m02_12	Nepřátelé, zóna je horká!
b/5/b5ea5134.p3d	4623_mar_c_481	Prosím. Ne! Bože! Pomoc!
b/5/b5eba5f6.p3d	8307_mar_a_046	Rozstřílejte to!
b/5/b5ecc115.p3d	20991_p_uem_cheer_d	Kurva jo!
b/5/b5f57195.p3d	21831_alex_e02m01_048	Ten důstojník -- kdokoliv za tím stojí, věřil mu. Potřebuju ho.
b/5/b5f81f12.p3d	17678_bwtra_045	To si nemyslím.
b/5/b5fbf7dd.p3d	7889_mabra_309	Rozjeď tuhle bedýnku! Hned!
b/5/b5fd1455.p3d	17800_bwtra_157	Odzbrojit! Vypadá to, že je neutralizovaný.
b/6/b6049b20.p3d	16613_bwabr_153	Red Crown, máme to!
b/6/b60d445f.p3d	9852_maf35_140	ZEUS se ukryl. Voodoo Sedm končí.
b/6/b613f4d0.p3d	13640_p_erm_162	No tak, chlape. Co je s tebou sakra za problém!?
b/6/b6182310.p3d	19974_magsp_242	Tady negativní.
b/6/b61a2a52.p3d	18156_bwtra_513	Chceš to? Tak to udělej!
b/6/b61a3601.p3d	7590_mabra_030	Rozluč se, kreténe.
b/6/b622b507.p3d	13160_p_ctf_149	Uvolněte ulici!
b/6/b62b59da.p3d	580_bwbra_175	Potvrďte zabití, potvrďte zabití, rozumíte?
b/6/b62f1015.p3d	14721_p_mtf_077	Tady to je. Přímo tady!
b/6/b638a47f.p3d	17505_bwoff_164	Odhoďte zbraně! Myslím to vážně! Odhoďte ty svý zasraný zbraně!
b/6/b6401e7b.p3d	15234_p_mtm_124	Zavolám poldy!
b/6/b644454b.p3d	18780_susol_168	Máme měniče!
b/6/b644f3e1.p3d	14291_p_fdm_107	Opusťte tu oblast! Bude to zase padat! Pohyb! Pohyb!
b/6/b6466dee.p3d	15997_p_uem_182	Pohyb! Poohyb! Pohyb!
b/6/b648db24.p3d	9083_mar_b_252	Všichni jsme na něj stříleli. Všichni.
b/6/b64e75e5.p3d	20932_p_mtm_pain_a	*argh*
b/6/b64eee81.p3d	25202_nypda_084	Tady Bravo Sixty-Four. Nepřátelé přímo před mou pozicí.
b/6/b65371de.p3d	8160_mabhk_239	Mise splněna. Vracíme se do Palace, Thunder, konec.
b/6/b657b913.p3d	21721_speci_e04m04_023	Existuje víc způsobů, jak ti ublížit!
b/6/b658ed79.p3d	4466_mar_c_324	Sakra! Zakopejte se! Hodí to!
b/6/b66028d3.p3d	15380_p_suf_038	Kurva, zpátky!
b/6/b6669f95.p3d	12237_nypda_309	To je ten pravý!
b/6/b66713dc.p3d	13459_p_ctm_216	Hej! Hej!
b/6/b66bb0ed.p3d	17643_bwtra_020	Jo.
b/6/b66e4213.p3d	21707_speci_e04m04_009	Seskok, hned, hned!
b/6/b66f870e.p3d	7854_mabra_274	Nemůžeme pokračovat v útoku, dáváme se na úprk, přepínám.
b/6/b670f163.p3d	20927_p_mtm_gasp_d	*lapání po dechu*
b/6/b67b6b9a.p3d	19105_p_hlf_029	Držte se dál od tý sračky.
b/6/b68418f9.p3d	217_bwbhk_186	Mise splněna, opakuji, mise splněna.
b/6/b68533b4.p3d	882_bwgsp_122	Červené světlo na přiblížení!
b/6/b686baa8.p3d	7946_mabhk_045	Opakujte útok, dejte mu další dávku.
b/6/b689a5e0.p3d	11071_mahqa_099	Velitelství potřebuje aktuální stav.
b/6/b68c602b.p3d	8570_mar_a_311	Jsem nadšenej jak kurva!
b/6/b68db96e.p3d	18121_bwtra_478	Nechte vzkaz, konec.
b/6/b69e2efa.p3d	9347_mar_b_516	Sakra.
b/6/b6a702fb.p3d	14494_p_ham_080	Tam! Zastřel ho!
b/6/b6a740c4.p3d	17348_bwoff_007	Leteckou podporu. HNED.
b/6/b6aedeb1.p3d	24554_alex_e05m02_557	Vypadá to, že tu byl před náma ještě někdo, doktore...
b/6/b6b9ff95.p3d	15962_p_uem_147	Pozor na tank! Střílí po nás!
b/6/b6bd9248.p3d	25045_nypda_127	Podezřelý na zemi!
b/6/b6c101fa.p3d	17907_bwtra_264	Teď je všude ticho.
b/6/b6cbdd8b.p3d	19516_bwhqb_014	Zahajte pátrání ve více směrech.
b/6/b6cc7c95.p3d	4431_mar_c_289	Sundal jsem toho hajzla.
b/6/b6da2ec6.p3d	12202_nypda_274	Jak to sakra udělal?
b/6/b6daa30d.p3d	13424_p_ctm_181	Utíkej!
b/6/b6de2391.p3d	7697_mabra_137	Vyfoť to, udrž to na termovizi, přepínám.
b/6/b6e68017.p3d	22207_bwabr_e08m03_48	Red Crown, hlásí Alpha Devět, pumpa je ztracena. Tady jsme skončili. Konec.
b/6/b6eda805.p3d	10750_mamls_297	Dělostřelectvo žádá okamžitou blízkou podporu!
b/6/b6ef3f24.p3d	687_bwbra_012	Razorback se odpoutává HNED TEĎ, sakra, Red Crown.
b/6/b6efb595.p3d	8834_mar_b_023	BLACKWATCH -- co to sakra je?
b/6/b6f2fdb8.p3d	14828_p_mtf_182	Hněte sebou!
b/6/b6f50a78.p3d	24360_p_haf_151	Co to sakra dělá!?
b/6/b6f7d321.p3d	13885_p_fdf_168	Proč já, chlape!? Hej, proč já!? Nechci vám nijak ublížit!
b/6/b6fa4c64.p3d	7911_mabhk_010	Thunder Čtyři Pět, právě v Modré zóně.
b/6/b6fa4ec4.p3d	19782_magsp_070	Máme jednoho, máme jednoho, hezká střelba.
b/6/b6fc31d6.p3d	21814_alex_e01m02_031	To bylo snazší, než jsem čekal...radši zmizím, než si všimnou, že tihle chlapi jsou pryč.
b/6/b6fd99d4.p3d	22372_bwoff_e01m02_015	Hm.
b/7/b70580c0.p3d	15046_p_uwm_169	Prosím! Prosím, nedělej to! Prosím!
b/7/b7060b68.p3d	22358_bwoff_e01m01_001	Měl bys být mrtvý.
b/7/b70832f0.p3d	18887_susol_275	Zasáhněte ho hned, než pustí!
b/7/b708e186.p3d	14398_p_fdm_214	Do krytu!
b/7/b711be2b.p3d	9312_mar_b_481	Jsem zasaženej! Odcházím!
b/7/b712e6b5.p3d	25309_nypda_437	Do krytu!
b/7/b715eafa.p3d	22690_maf35_e10m04_021	Máme ho, ale jsme vystřílení. Status?
b/7/b72248fb.p3d	20177_bwmls_choke_b	*dušení*
b/7/b7241676.p3d	15487_p_suf_143	Kryjte si hlavy!
b/7/b72c6728.p3d	19359_bwhqa_048	Red Crown všem jednotkám, potvrzení zásahu, ZEUS je zlikvidován, přepínám.
b/7/b731209f.p3d	25010_nypda_021	Dispečinku, tady Charlie Nineteen. Prošetřuju 10-10.
b/7/b7337936.p3d	22726_mahqa_e07m01_026	Ghoste dvanáct, jsi další na řadě k brífinku. Vrať se do Palace a hlas se na vyhodnocení v místnosti dvanáct C.
b/7/b73a0690.p3d	16973_bwtrb_153	Vypadni, sem nesmíš.
b/7/b7431c09.p3d	20399_mamls_dying_d	*chroptění*
b/7/b748cb06.p3d	12045_nypda_112	Tady Charlie Nineteen. Máme dopravní nehodu! Nehodu!
b/7/b7492144.p3d	989_bwgsp_229	Rušíme tuhle operaci. Předejte nové souřadnice, nebo nás stáhněte.
b/7/b74b741c.p3d	13712_p_erm_234	Bože, neeee!
b/7/b751b54d.p3d	7662_mabra_102	Mám na obrazovce termovizi, přepínám.
b/7/b753113e.p3d	4999_maabr_307	Ranger znehybněn, jsme tu jak na ráně!
b/7/b75a3468.p3d	13232_p_ctf_221	Rozmačkáváš mě!
b/7/b75c449d.p3d	10593_mamls_160	Přesun, máme přesun.
b/7/b762d926.p3d	652_bwbra_247	Šéf úderu hlásí úspěch v zabíjecí zóně.
b/7/b76b64dd.p3d	13850_p_fdf_133	Skloňte hlavy!
b/7/b76b9d25.p3d	21022_p_uem_stab_c	*ááh*
b/7/b76f07a9.p3d	22783_maoff_e08m04_047	Kontakt, kontakt! Ten velký!
b/7/b7779b3a.p3d	15306_p_mtm_194	Já to nezvládnu.
b/7/b779127c.p3d	15011_p_uwm_134	Tenhle chlap bude střílet!
b/7/b77bc4ac.p3d	18852_susol_240	To není on? Můžeme to potvrdit!
b/7/b77c70a2.p3d	14363_p_fdm_179	Zpátky!
b/7/b7805a70.p3d	9155_mar_b_324	Zrovna to pustí!
b/7/b780617f.p3d	22939_mar_c_e02m05_017	To není možný -- prostě to z něj vysává.
b/7/b78af13f.p3d	8232_mabhk_311	EFIS je mimo a....
b/7/b7906a3a.p3d	4538_mar_c_396	Sakra jo!
b/7/b797a81d.p3d	15452_p_suf_108	Haló! Kdokoliv! Přijďte za mým hlasem!
b/7/b79e1c6b.p3d	12309_nypda_381	Pořád dobrý!
b/7/b79ff8e4.p3d	19324_bwhqa_013	Tady Red Crown, ZEUS se ztratil, stáhněte se a čekejte na další pokyny, přepínám.
b/7/b7a32d70.p3d	17715_bwtra_072	Úderný týme, úderný týme, mám palebný úkol, priorita Bravo Whiskey Jedna Nula Devět.
b/7/b7aab426.p3d	16528_bwabr_068	Otevřít poklop, mrknu se na to.
b/7/b7b35d65.p3d	9767_maf35_055	Cílová oblast vyčištěna, vstupujeme, balík Voodoo ve výšce dvanáct, budeme kroužit nad cílovou oblastí.
b/7/b7ba0dd6.p3d	13555_p_erm_077	Vidíš ho? Tamten, přímo tam!
b/7/b7bc5a22.p3d	12010_nypda_077	Podezřelý unikl z místa. Opakuji, unikl z místa.
b/7/b7be3c54.p3d	19889_magsp_177	Máš povoleno. Máš povoleno, dokud nebudou všichni po smrti.
b/7/b7c3dcec.p3d	8642_mar_a_383	Zničte to vozidlo! Zničte to vozidlo!
b/7/b7c6a06f.p3d	4964_maabr_272	Jsme moc namačkaní, stáhněte nás.
b/7/b7c81fda.p3d	22705_mahqa_e03m01_005	Transportér Foxtrot Lima jedna pět čtyři opouští karanténní zónu! Považujte za nepřítele.
b/7/b7c8ce23.p3d	13075_p_ctf_065	To nemůže být pravda!
b/7/b7caaba9.p3d	17294_bwtrb_474	To je ono.
b/7/b7d172f5.p3d	495_bwbra_090	Přeskupte se a připravte se obejít z boku, přepínám.
b/7/b7de8247.p3d	14566_p_ham_152	Co to sakra dělaj!
b/7/b7e63798.p3d	15149_p_mtm_041	Vidím ho!
b/7/b7ea5e66.p3d	18695_susol_083	Hnízdo nakažených potvrzeno. Budeme potřebovat na to nějakou palebnou sílu.
b/7/b7f3e98c.p3d	9120_mar_b_289	Zdravotníka netřeba. Chudák.
b/7/b7f5166a.p3d	25117_nypda_387	Ne, chlape, mám rodinu!
b/7/b7f6dd25.p3d	24075_bwoff_events_036	Máme tu problémy... potřebujeme víc palebné síly. Zalejte je!
b/7/b7f98b37.p3d	8075_mabhk_174	Jsme v dosahu a chystáme se vypálit!
b/8/b803fbf6.p3d	4503_mar_c_361	Dobře, mám toho sakra dost!
b/8/b824db21.p3d	20386_magsp_stab_c	*ááh*
b/8/b826ef21.p3d	9732_maf35_020	Voodoo Sedm zahajuje počáteční přelet. Skenuji po ZEUSovi, přepínám.
b/8/b8273218.p3d	8906_mar_b_075	Red Crown, ztratili jsme kontakt. Rozkazy?
b/8/b82b4cba.p3d	797_bwgsp_037	Nepřítel znovu zaměřen, posílám souřadnice.
b/8/b82bc1f7.p3d	20016_magsp_284	Tady Terrific Tornado Quebec, ztratili jsme kontakt. Hledání negativní. Vracíme se na základnu.
b/8/b82d9f92.p3d	13520_p_erm_042	Hej, to je on tamhle!
b/8/b831ce10.p3d	19854_magsp_142	Vzduch pozemním, najděte pevný kryt, rychle!
b/8/b8327931.p3d	8485_mar_a_226	Ani hnout, nebo zahájím palbu!
b/8/b833d289.p3d	18036_bwtra_393	Právě jsem na to přišel!
b/8/b83c5fe0.p3d	13040_p_ctf_031	Uh, promiňte!
b/8/b83fb23c.p3d	18959_susol_347	Úderná zóna potvrzena. Sundejte ho.
b/8/b845049c.p3d	460_bwbra_055	Další kůže dole, rozumíte?
b/8/b84b6e1b.p3d	16791_bwabr_311	Ježíši, ne!
b/8/b85213ee.p3d	14531_p_ham_117	Nakažený! Támhle!
b/8/b8540e07.p3d	20151_bwbra_scream_d	*výkřik*
b/8/b85496fe.p3d	20109_bwbhk_dying_b	*chroptění*
b/8/b8577116.p3d	24414_maoff_events_042	Do toho, chlapci, zakopejte se.
b/8/b858489c.p3d	23888_alex_016	Mariňáci. Je jich hodně.
b/8/b85b95c2.p3d	15559_p_suf_215	K zemi!
b/8/b85d3dec.p3d	21960_alex_e05m02_176	Hej, funguje to.
b/8/b86018b2.p3d	15877_p_uem_064	Co to sakra bylo!?
b/8/b86d1cde.p3d	8040_mabhk_139	Blíží se bouře, najděte kryt, hned!
b/8/b872983a.p3d	4346_mar_c_203	Umírá to!?
b/8/b872ec82.p3d	7380_mabcm_048	Přenos velitelství základny vás neslyší, konec.
b/8/b87b37d2.p3d	1883_bwmls_021	Negativní na kontakt. Odvolat, odvolat.
b/8/b88047cb.p3d	12117_nypda_188	Tudy nemůžeš chodit!
b/8/b880bc13.p3d	13339_p_ctm_096	Nedělej to!
b/8/b887ca53.p3d	8749_mar_a_470	Nerozuměl jsem. Jsme pod palbou. Opakuji. Pod palbou.
b/8/b889320e.p3d	7734_mabra_174	Nabít zbraně, použijeme je všechny.
b/8/b893c3ab.p3d	10665_mamls_212	Přerušit, přerušit. Mise na kódu přerušení.
b/8/b8959d84.p3d	22233_bwhqa_e07m01_008	Tomuhle říkáme prostředí bohaté na cíle, Ghost Twelve. Vaším úkolem je bezprostřední pozemní podpora jakýchkoli pozemních sil, které o ni požádají, vaše cíle bude automaticky prioritizovat váš letový systém.
b/8/b89a5853.p3d	724_bwbra_309	Vydrž!
b/8/b89b273c.p3d	24275_p_haf_163	Prosím, OK? Prosím, prosím tě. Prosím tě, pusť mě.
b/8/b8a2e429.p3d	13922_p_fdf_205	Aaah! Sakra práce!
b/8/b8a60861.p3d	8450_mar_a_190	Stáhneme ho z kůže a opečeme.
b/8/b8a76430.p3d	18001_bwtra_358	Mám povolení použít smrtící sílu. A vlastně se na to sakra těším.
b/8/b8a8ceae.p3d	4772_maabr_100	Zahajte prohledávku, hledejte přeživší.
b/8/b8b343f8.p3d	18924_susol_312	Běžec! Chytněte ho! Chytněte ho hned!
b/8/b8b7d731.p3d	9227_mar_b_396	Tenhle je můj!
b/8/b8cf24f3.p3d	15524_p_suf_180	Uhněte z cesty!
b/8/b8d3aa6f.p3d	15842_p_uem_030	Je někomu tady trochu blbě?
b/8/b8da0d46.p3d	11476_maoff_303	Nezachyceno, RC. Probíhá přestřelka!
b/8/b8e01fd4.p3d	16888_bwtrb_088	Elvis opustil budovu.
b/8/b8e13215.p3d	4189_mar_c_058	Jednotka Delta volá Red Crown. Přiveďte úderný balík do sektoru Whiskey Jedenáct, přepínám.
b/8/b8e4f973.p3d	22555_bwtrb_e06m05_056	Postup, jdem, jdem, jdem!
b/8/b8e62756.p3d	4311_mar_c_168	Nepřítel označen!
b/8/b8eadcb1.p3d	9839_maf35_127	Terén je zahlcený, uvidíme, co zachytí přístroje.
b/8/b8f18d22.p3d	13627_p_erm_149	Uhni sakra z cesty tomu vozidlu!
b/8/b8f44dd0.p3d	13304_p_ctm_062	Do svaté prdele!
b/8/b8f489fa.p3d	10016_maf35_284	Pozor na střely!
b/8/b8f7ce53.p3d	7577_mabra_017	Dej mu pár ran, 25, 25.
b/8/b8fb5bfa.p3d	8714_mar_a_435	Tenhle si připište, Red Crown. Jsme v pohodě.
b/9/b9004d6e.p3d	13147_p_ctf_136	Zmiz odsud!
b/9/b908f241.p3d	567_bwbra_162	Ať to olovo lítá dál!
b/9/b90ca87c.p3d	14708_p_mtf_064	Co to bylo!?
b/9/b90eb53b.p3d	24240_p_haf_032	Co to sakra je!?
b/9/b910ad04.p3d	22304_bwhqa_e10m04_079	Nikdy jsem nic takovýho neviděl.
b/9/b9117dfc.p3d	13765_p_fdf_052	Viděl to ještě někdo?
b/9/b912152a.p3d	22137_alex_e09m01_354	Ne, ty sráči....
b/9/b914a4a5.p3d	8293_mar_a_032	Dej do toho!
b/9/b9160193.p3d	14638_p_ham_224	Au, moje hrdlo!
b/9/b91a4c08.p3d	22085_alex_e08m02_303	Ále, nesnáším bloodtox.
b/9/b92101ff.p3d	12380_nypda_452	Zůstaň v klidu, budeš v pořádku!
b/9/b921ddb2.p3d	18767_susol_155	Mám vizuál na primární cíl!
b/9/b92289bd.p3d	14278_p_fdm_094	Zdrávas Maria!
b/9/b92781aa.p3d	14400_p_fdm_216	Pusť mě!
b/9/b9310a45.p3d	8147_mabhk_226	Thunder Čtyři Pět, funkční, letíme domů.
b/9/b9356ec1.p3d	20912_p_mtm_cough_a	*kašel*
b/9/b936da27.p3d	7487_mabcm_155	Palebné týmy, uvolněte se. Rozmístěte hlídky na perimetru, jinak přejděte na žlutou, konec.
b/9/b93dc13a.p3d	15367_p_suf_025	Co se tu děje? Proč je tu sakra armáda?
b/9/b93e7dd9.p3d	360_bwbhk_329	Nepřítel na palubě, setřes ho! Zapni uhýbací manévry!
b/9/b9481265.p3d	20292_maabr_scream_a	*výkřik*
b/9/b94d9c82.p3d	11441_maoff_279	Přestaň s tím.
b/9/b953b190.p3d	16853_bwtrb_053	Pošlete sem pytle na mrtvoly. Sakra krveprolití.
b/9/b954c3d0.p3d	4154_mar_c_022	Dobrý den, pane.
b/9/b95e1d74.p3d	21891_alex_e03m03_107	Srovnají celý blok se zemí!
b/9/b95e6be2.p3d	9804_maf35_092	Všichni ptáci, přiblížit se. Udržujte pozici a připravte se na další zásah. Sto sedm na dvanácti, přepínám.
b/9/b961a32e.p3d	17491_bwoff_150	Vytáhněte průkazy HNED TEĎ!
b/9/b962cc06.p3d	869_bwgsp_109	Chystá se to hodit, ustupte.
b/9/b9643611.p3d	23965_alex_093	*otrávené zabručení*
b/9/b9673e47.p3d	11058_mahqa_086	Aktualizace situace?
b/9/b9694d5c.p3d	19926_magsp_214	Red Crown, pořád jsme akceschopní, přepínám.
b/9/b969f5f2.p3d	8557_mar_a_298	Šlápni na to!
b/9/b96b51d5.p3d	18108_bwtra_465	Palte, Blackwatchi! Palte do toho!
b/9/b96c94f2.p3d	20632_p_ctm_cough_a	*kašel*
b/9/b96c9cf6.p3d	20157_bwgsp_dying_b	*chroptění*
b/9/b96cbc3e.p3d	4879_maabr_207	Vidíte něco na východní straně? Máme slabý signál na skeneru.
b/9/b971a568.p3d	10281_mahqb_038	Přeskupte se a přesuňte.
b/9/b973df2a.p3d	13112_p_ctf_101	Haló!? *kašel* Haló!? Haló!? Je tu někdo? *kašel*
b/9/b975bcb1.p3d	17331_bwtrb_511	Vyklidit oblast!
b/9/b975ef5f.p3d	10473_mamls_040	Odešlete data o cíli do počítače, hned!
b/9/b97c83e8.p3d	532_bwbra_127	Polní týme, nějaký vizuál, přepínám.
b/9/b97f99f1.p3d	23917_alex_045	Jeden ze seznamu je pryč.
b/9/b980acbd.p3d	22730_mahqb_e04m01_002	Přesměrujte týmy Delta, Echo a Foxtrot. Přibližte se k oblasti.
b/9/b9850fa3.p3d	13730_p_fdf_017	Ježíši, tyhle ulice už vůbec nejsou bezpečné!
b/9/b98990af.p3d	14603_p_ham_189	Běž! Běž! Běž!
b/9/b9956f6e.p3d	18732_susol_120	Máme cíl.
b/9/b9961b7a.p3d	14243_p_fdm_060	Uhněte od něj!
b/9/b99797fc.p3d	15949_p_uem_134	Střelec!
b/9/b99a0532.p3d	9035_mar_b_204	Máme ho! Střílejte!
b/9/b9a49c20.p3d	8112_mabhk_201	Rozumím.
b/9/b9aa14fc.p3d	4418_mar_c_276	Jdeme na to! Pohyb! Pohyb!
b/9/b9aa6be3.p3d	7452_mabcm_120	Velitelství základny potvrzuje nepřítele zlikvidovaného, konec.
b/9/b9ab4169.p3d	24974_nypda_199	Tohle je fakt zlý svinstvo.
b/9/b9b2b493.p3d	1955_bwmls_093	Prohledejte celou tu oblast, nevěřím tam ničemu, ani hovno.
b/9/b9bc3d5c.p3d	11284_maoff_287	Za mnou! Prověřte ten pohyb!
b/9/b9c0b11c.p3d	7806_mabra_226	Zahnal nás do kouta, potřebuju pomoc, přepínám.
b/9/b9cb406c.p3d	10737_mamls_284	Takhle mu ukážeme, co v nás je.
b/9/b9d2a287.p3d	24347_p_haf_113	Sakra, vypadni odsud!
b/9/b9d65b37.p3d	834_bwgsp_074	Cíl v dohledu, žádám palebnou podporu. Umlčte ho.
b/9/b9d7e716.p3d	19769_magsp_057	Ukloň se na dva tři pět, to je dobré.
b/9/b9dad022.p3d	11023_mahqa_061	Rozkaz, pokračujte.
b/9/b9dd87ae.p3d	8522_mar_a_263	Mám ho, mám ho! Je to tenhle!
b/9/b9e04b6f.p3d	4844_maabr_172	Přebít a pálit!
b/9/b9e4566b.p3d	17174_bwtrb_354	Do prdele.
b/9/b9ea00a9.p3d	17893_bwtra_250	Udržujte kázeň palby.
b/9/b9f32ba1.p3d	14975_p_uwm_098	Ale ne!
b/9/b9f82d09.p3d	14446_p_ham_032	Dávej si pozor!
b/a/ba0b29b9.p3d	15914_p_uem_100	Whoa, chlape!
b/a/ba0d944e.p3d	9000_mar_b_169	Rozejděte se, nebo budete zastřeleni!
b/a/ba12f226.p3d	22068_alex_e07m02_284	Bloodtox rozkládá vše, co je nakaženo virem. Rozptýlený ve vzduchu, je to jako moderní agent orange.
b/a/ba1a1883.p3d	22351_bwhqb_e07m01_005	Poslouchej mě. Tohle je Red Crown a jako takový ti dávám poslední varování! Otočíš toho Ptáka a vrátíš se na místo, jinak přistaneš rovnou před zatraceným vojenským soudem!
b/a/ba25909f.p3d	17598_bwoff_247	Zpátky!
b/a/ba26463a.p3d	1920_bwmls_058	Zastavte palbu, čekáme na jasný obraz.
b/a/ba2f4b14.p3d	7649_mabra_089	Tak to bylo naše překvapivé přepadení...
b/a/ba31fd02.p3d	76_bwbhk_045	Kontrolo, cíl není sundán. Sesypte na to ještě něco, přepínám.
b/a/ba3592cf.p3d	10388_mahqb_125	Nová situace, nová situace, vše čisté. Přehodnoťte strategii.
b/a/ba3675ef.p3d	11974_nypda_049	Charlie Nineteen neslyší.
b/a/ba37ccba.p3d	13219_p_ctf_208	Pozor!
b/a/ba394608.p3d	22885_mar_b_e02m05_015	Podívej se nahoru, dalších je tam víc!
b/a/ba3be21f.p3d	25295_nypda_363	To je mimo kontrolu!
b/a/ba3ed213.p3d	10702_mamls_249	Red Crown, máme velké poruchy, nemůžeme zůstat v terénu, přepínám.
b/a/ba40718d.p3d	639_bwbra_234	S tímhle bojem jsme se vypořádali.
b/a/ba4634e6.p3d	24312_p_haf_136	Pohyb!
b/a/ba48fd46.p3d	13837_p_fdf_122	Stůj! Zahoď to!
b/a/ba4a1388.p3d	22378_bwoff_e02m02_021	Jdu kolem.
b/a/ba4b78d2.p3d	19734_magsp_022	Nemůžu s vámi zůstat, vracím se do kroužení.
b/a/ba4c23f2.p3d	8365_mar_a_105	Vypadá to, že jsme ho minuli.
b/a/ba4ee7b4.p3d	4687_maabr_015	Red Crowne, jsme připraveni k boji. Potvrďte nasazení, přepínám.
b/a/ba58814b.p3d	12452_nypda_524	K zemi!
b/a/ba595cfe.p3d	18839_susol_227	Takže jsme tu hotoví?
b/a/ba5e769f.p3d	1056_bwgsp_295	Nahlaste zásah z červené zóny.
b/a/ba66bd5d.p3d	14940_p_uwm_063	Co se to právě stalo!
b/a/ba6857ec.p3d	19198_p_hlf_120	Vidím další! Pohyb! Pohyb!
b/a/ba688706.p3d	8219_mabhk_298	Ó, sakra. Je na nás, je na nás!
b/a/ba6bce72.p3d	22975_mcmul_e04m03_001	Sakra, to je můj tým tam dole! Dostaňte je ven!
b/a/ba6e5950.p3d	7559_mabcm_213	Alfa Charlie Tři Dva volá Red Crown. Máme hotovo! Opěrný bod dobyt! Yankee se odhlašuje!
b/a/ba753df9.p3d	15439_p_suf_095	Do prdele!
b/a/ba851c07.p3d	11513_maoff_366	Stáhnout se!
b/a/ba8c4092.p3d	4226_mar_c_095	Netřeba čumět, chlapi. Připravte se k odchodu.
b/a/ba8d34a9.p3d	22020_alex_e06m01_236	Vydrž, Dano! Vydrž!
b/a/ba8d6fc8.p3d	24782_nypda_038	Slyším vás, dispečinku.
b/a/ba992260.p3d	17563_bwoff_217	Negativní, HQ.
b/a/baa099e9.p3d	15292_p_mtm_180	Utíkej, utíkej a nepřestávej!
b/a/baa17553.p3d	8629_mar_a_370	Pozor, Red Crown, máme tu spoustu červených, přepínám.
b/a/baa18cf1.p3d	22322_bwhqa_504	Pozor! Opouštíte karanténní vzdušný prostor! Okamžitě se vraťte!
b/a/baa2dcd0.p3d	7614_mabra_054	Oči na stopkách! Cokoli se hne, rozstřílejte to.
b/a/baa92200.p3d	10353_mahqb_090	Podejte hlášení o situaci.
b/a/baaba273.p3d	21771_speci_e04m04_073	Kurva! *výdech* Stahuju se.
b/a/baad6eab.p3d	10545_mamls_112	Zastavte palbu a přesuňte se!
b/a/baaf7821.p3d	25260_nypda_477	Jak to sakra udělal!?
b/a/bab400a9.p3d	604_bwbra_199	Máme tu Chodce a Běžce, na mé dvacítce.
b/a/babc8c62.p3d	13802_p_fdf_087	Věřte mi, prosím! Já to nejsem!
b/a/babfb323.p3d	8330_mar_a_070	DO PRDELE S TÍM!
b/a/bac22b73.p3d	21757_speci_e04m04_059	Zásobník prázdný!
b/a/bac71b05.p3d	12295_nypda_367	Rozflákám tě!
b/a/baccec2f.p3d	18804_susol_192	Ne, ne, počkat, já nejsem ten zasranej chlap!
b/a/bacd9ac5.p3d	14315_p_fdm_131	Sakra, je ozbrojený!
b/a/bace3bdf.p3d	21693_karen_e03m01_011	Ach, můj bože.
b/a/bad0531d.p3d	22617_maabr_e06m04_012	Kanón připraven.
b/a/bad181f3.p3d	9107_mar_b_276	Situace je pod kontrolou! Nemějte obavy!
b/a/bad2085b.p3d	1021_bwgsp_260	Tornado Five, potvrzuji, že jsme skoro do prdele havarovali, přepínám.
b/a/badbe708.p3d	19163_p_hlf_085	Poslyš, děláš tu chybu.
b/a/bae1e86c.p3d	7524_mabcm_178	Jaký je stav obrněnců, potřebujeme je v ulicích už včera!
b/a/bae496f4.p3d	275_bwbhk_244	Útočíme, opakuji, útočíme.
b/a/bae8cfb6.p3d	15404_p_suf_061	Do prdele!
b/a/baf3b864.p3d	11356_maoff_212	Někdo! Potřebuju jistou identifikaci!
b/b/bb0b37e4.p3d	13507_p_erm_029	Věděl jsem, že armáda věští nic dobrýho!
b/b/bb0dda83.p3d	906_bwgsp_146	Red Crown, nepřítel sestřelen, udržíme kontrolu zóny.
b/b/bb19f832.p3d	13027_p_ctf_018	Co je to? Co je to?
b/b/bb1bd5b7.p3d	17246_bwtrb_426	Nedotýkej se toho. Nepřibližuj se.
b/b/bb20fdc7.p3d	10510_mamls_077	Infračervené senzory sledují bezprostřední okolí, přepínám.
b/b/bb217ff5.p3d	17965_bwtra_322	Musí ho to bolet, jinak by se sakra neschovával!
b/b/bb229d03.p3d	447_bwbra_042	Dobře, zkusíme to znovu.
b/b/bb2587cc.p3d	2084_bwmls_232	Je tu příšerný bordel, rozjeďte ty pásy!
b/b/bb286766.p3d	24120_p_haf_108	Lindsey!? Kde sakra jsi, holka!?
b/b/bb2903e2.p3d	16778_bwabr_298	Nemůžu pokračovat!
b/b/bb2c58dc.p3d	19574_bwhqb_062	Ano. Jděte.
b/b/bb2fac55.p3d	14518_p_ham_104	Hej! Hej! Hej! Duane, slyšíš mě, brácho!?
b/b/bb3aacc1.p3d	12260_nypda_332	Sakra. Všichni ani hnout!
b/b/bb4ab545.p3d	8027_mabhk_126	Rozumím, přerušujeme průzkum, přepínám.
b/b/bb5084e9.p3d	7367_mabcm_035	Velitelství základny Manhattan Charlie Nula Sedm hlásí kontakt, aktualizace Yankee Zulu Tři, jak bylo domluveno.
b/b/bb5160cf.p3d	24889_nypda_213	Tenhle hajzl musí jít k zemi.
b/b/bb58289b.p3d	240_bwbhk_209	Hlaste spatření nepřátel, přepínám.
b/b/bb64ba09.p3d	25391_alex_e04m02_701	Síť detektorů; jestli dokážou vystopovat mě, dokážou i Danu.
b/b/bb674780.p3d	11321_maoff_177	Zkontrolujte cíl. Ujistěte se.
b/b/bb6ee015.p3d	20270_bwtrb_scream_c	*výkřik*
b/b/bb7568f2.p3d	22524_bwtrb_e04m03_024	Do prdele -- jsou všude.
b/b/bb7b4df0.p3d	17371_bwoff_030	Buďte ve střehu, najděte toho hajzla!
b/b/bb7dfa32.p3d	16043_p_uem_228	Nááá!
b/b/bb807a05.p3d	13909_p_fdf_192	Pomozte mi! Někdo!
b/b/bb82f593.p3d	19806_magsp_094	Teď ve formaci. Udržujeme kroužení, přepínám.
b/b/bb83a0b3.p3d	8437_mar_a_177	Red Crown, on je... je v pohybu!
b/b/bb866475.p3d	4759_maabr_087	Polní veliteli, dostaň svůj tým ven a zbytek nech na obrněncích, přepínám.
b/b/bb8a6f71.p3d	17089_bwtrb_269	Jsem od vlády. Uklidni se sakra.
b/b/bb8f64e8.p3d	17211_bwtrb_391	Rozptylte se!
b/b/bb950f11.p3d	17930_bwtra_287	Hej, MIKROBE! To mě má vyděsit?
b/b/bb9c959e.p3d	16743_bwabr_263	Red Crown, přesouváme se na nové místo, přepínám.
b/b/bba53edd.p3d	9982_maf35_250	Případ uzavřen, Red Crown. Žádám povolení k návratu.
b/b/bbaf1a4f.p3d	18612_susol_010	Stav mise Zelená. Jsme tu hotoví, přepínám.
b/b/bbb142c1.p3d	15829_p_uem_017	Ukaž, ukaž mi to!
b/b/bbc4f6ea.p3d	24854_nypda_331	Jak to sakra dělá?
b/b/bbc70d5a.p3d	14851_p_mtf_205	Ach, bože! Pomoc!
b/b/bbc71841.p3d	20121_bwbhk_stab_b	*ááh*
b/b/bbd1f717.p3d	22148_alex_e10m04_365	Asi tě budu muset zabít znovu!
b/b/bbd5e3df.p3d	11164_maoff_025	Máme ho, máme ho, zaujměte pozice.
b/b/bbe0a14c.p3d	10425_mahqb_162	Podle vlastního uvážení.
b/b/bbe28c0e.p3d	22575_bwtrb_e07m01_076	Neidentifikovaná osoba! Sejměte ho!
b/b/bbe7bd25.p3d	22253_bwhqa_e08m03_028	Zpravodajství ukazuje pohyb nepřítele severně od vaší pozice.
b/b/bbec5529.p3d	24227_p_haf_224	*lapnutí po dechu, zasténání* Můj krk!
b/b/bbf0e835.p3d	4596_mar_c_454	Nezachyceno! Opakujte!
b/b/bbf7326f.p3d	8402_mar_a_142	Střelte ho!
b/b/bbf9f631.p3d	4724_maabr_052	Zploštili jsme dalšího rudého, RC.
b/b/bbfe012d.p3d	17054_bwtrb_234	Vidíš, co vidím já?
b/b/bbfe9a51.p3d	12367_nypda_439	Co to sakra je!?
b/c/bc007435.p3d	19382_bwhqa_061	Potvrzuji.
b/c/bc03ab6b.p3d	17773_bwtra_130	Celá tahle sakra ulice je v hajzlu.
b/c/bc0b3221.p3d	16586_bwabr_126	Pozor! Pozor!
b/c/bc136652.p3d	19235_p_hlf_155	Pomoc!
b/c/bc141e57.p3d	8999_mar_b_168	Neslyšels mě? Řekl jsem VYPADNI ODSUD!
b/c/bc1c1640.p3d	347_bwbhk_316	Ale do prdele!
b/c/bc1d4c6b.p3d	13290_p_ctm_049	Sleduj ho! Drž se dál!
b/c/bc2b34e9.p3d	11428_maoff_266	To se podívejme! Sakra děsivý svinstvo!
b/c/bc35a72b.p3d	14694_p_mtf_050	Tady je!
b/c/bc36232f.p3d	21862_alex_e03m01_078	Nastup.
b/c/bc3c0673.p3d	21914_alex_e04m01_130	Další.
b/c/bc3f3b80.p3d	17478_bwoff_137	Támhle je Mercer!
b/c/bc4430c3.p3d	17600_bwoff_249	Skloňte hlavy!
b/c/bc4f3dcf.p3d	10268_mahqb_025	Rozumím.
b/c/bc535278.p3d	17318_bwtrb_498	Hni prdelí!
b/c/bc54ebf1.p3d	10987_mahqa_035	Přerušte pronásledování a přeskupte se.
b/c/bc559063.p3d	25175_nypda_322	Zmiz ode mě!
b/c/bc5a1c4f.p3d	519_bwbra_114	Polní týme, hlaste spatření, přepínám.
b/c/bc5d046e.p3d	2156_bwmls_294	Prozrazeni! Opakuji, prozrazeni!
b/c/bc63d809.p3d	19646_bwhqb_124	Povoleno přejít na neutrál, přepínám.
b/c/bc66ecf3.p3d	24532_alex_e03m01_536	Musím vzít Karen a zmizet odsud
b/c/bc721172.p3d	20684_p_erm_gasp_a	*lapání po dechu*
b/c/bc722c0d.p3d	12332_nypda_404	K tomu tělu!
b/c/bc7307c0.p3d	18719_susol_107	Rozdělte se, zkontrolujte úhel. Jdeme, jdeme!
b/c/bc7ec152.p3d	16551_bwabr_091	Spusťte palbu na cíl!
b/c/bc86f810.p3d	19200_p_hlf_122	Utíkej!
b/c/bc876a7c.p3d	9790_maf35_078	Pohled z výšky neukazuje nic, dejte mi cíl.
b/c/bc87b013.p3d	8964_mar_b_133	Jasně!
b/c/bc880435.p3d	7439_mabcm_107	To je negativní, všechny týmy základny hlásí ztrátu vizuálu.
b/c/bc8fa571.p3d	312_bwbhk_281	Přepošlete úderovému balíčku, mise přerušena, přepínám.
b/c/bcb2cd3c.p3d	17443_bwoff_102	Ano, pane?
b/c/bcba44ae.p3d	15172_p_mtm_063	J-j-já jsem nic neviděl.
b/c/bcbb2015.p3d	8509_mar_a_250	Co to sakra bylo?
b/c/bcc461a6.p3d	19489_bwhqa_158	Strike Bossi, nasaďte se a potvrďte. Nahlaste příjezd a zásah, přepínám.
b/c/bcc917bd.p3d	25140_nypda_065	Hej, odkdy tihle drží zákon?
b/c/bcd09634.p3d	2121_bwmls_269	Nic tam nežije, žádný pohyb.
b/c/bcd76725.p3d	19611_bwhqb_089	Hlášení o stavu operace.
b/c/bcdf8e58.p3d	22595_dana_e06m01_003	Pusť mě!
b/c/bce0c5c7.p3d	12175_nypda_247	Všichni se uklidněte! Uklidněte se!
b/c/bce13a0e.p3d	13397_p_ctm_154	Proč po nás střílí!?
b/c/bce9555e.p3d	22736_mahqb_e05m03_008	Rozumím -- zbraně volné, palte podle uvážení. Sestřelte tu neznámou stopu.
b/c/bcfb9366.p3d	7404_mabcm_072	Ztratili jsme jeho pozornost, Red Crowne. Pár ztrát a sanitář se stará o raněné, konec.
b/c/bcfbbf56.p3d	22998_ragla_e05m02_018	Jsou tady! Pomoc!
b/c/bcfc7a51.p3d	24926_nypda_530	Pomozte mi!
b/c/bcfda7cd.p3d	24585_alex_e06m03_588	Slyším je. Každého nakaženého tvora ve městě. Vidím jejich mysli.
b/c/bcfe41b6.p3d	155_bwbhk_124	Zahajujeme prohledávací a likvidační akci.
b/d/bd03dea1.p3d	1907_bwmls_045	Všechny Blackwatch HB s municí, na mou pozici, přepínám.
b/d/bd0d607a.p3d	11236_maoff_080	Postupujte, postupujte! Udržte tlak na cíl!
b/d/bd13bf68.p3d	18982_susol_370	Jsme prozrazeni! Pohyb!
b/d/bd18552c.p3d	9285_mar_b_454	Nemůžeme dělat nic jinýho než držet pozici, Red Crown!
b/d/bd185723.p3d	25104_nypda_pain_b	*argh*
b/d/bd20dcae.p3d	22186_bwabr_e08m02_26	Jackpot kriticky poškozen!
b/d/bd286744.p3d	4668_mar_c_507	Aaah!
b/d/bd28eb4c.p3d	21793_alex_e01m01_010	Musím se dostat někam, kde je hodně lidí...kde po mně nemůžou jen tak pořád střílet....
b/d/bd358079.p3d	17126_bwtrb_306	Blíží se a jsou prašiví.
b/d/bd3619b2.p3d	12439_nypda_511	*zasténání* Hajzle!
b/d/bd37f362.p3d	19454_bwhqa_123	Red Crown, snižujeme stupeň pohotovosti. Zabíjecí zóna je prozatím klidná, přepínám.
b/d/bd3b2ab7.p3d	17845_bwtra_202	Říká se tomu STOP ZNAČKA, ty zasraný blbče!
b/d/bd3d7a7f.p3d	20463_mar_a_scream_d	*výkřik*
b/d/bd3ffc45.p3d	20603_p_ctf_disgust_d	Hnus!
b/d/bd4455c4.p3d	14927_p_uwm_050	Ach sakra, tamhle je!
b/d/bd4ae59e.p3d	19307_p_hlf_227	Aach!
b/d/bd4b5821.p3d	9897_maf35_185	Skloňte hlavy, bude tu hluk.
b/d/bd520b1d.p3d	13685_p_erm_207	Pozor! Pozor! Pozor!!
b/d/bd545782.p3d	12140_nypda_211	Žádám zdravotníky, přepínám.
b/d/bd54cbb5.p3d	13362_p_ctm_119	Nenechte je přiblížit se!
b/d/bd5bd76a.p3d	8772_mar_a_493	Ustupte! USTUPTE!
b/d/bd6628ee.p3d	25431_alex_e06m02_712	Ty zůstaň přesně tady.
b/d/bd6729f3.p3d	21845_alex_e02m05_061	Sakra, není tu dost vojáků, aby je zpomalili. 
b/d/bd6b16f1.p3d	24769_nypda_401	Ten hajzl jde k zemi!
b/d/bd6d2677.p3d	14766_p_mtf_122	Přestaň s tím!
b/d/bd6dad1f.p3d	24515_alex_e02m02_519	Dobře, on je můj lístek dovnitř...
b/d/bd71d0d2.p3d	120_bwbhk_089	Převodovka poškozena, jinak funkční. Zkontrolujte stav, přepínám.
b/d/bd773c0a.p3d	19005_susol_393	Vyprosti mě!
b/d/bd7e323b.p3d	15279_p_mtm_167	Tohle není správný. Prosím, nemusíš to dělat. Máš na výběr.
b/d/bd82c139.p3d	22357_bwhqb_e08m03_011	Vynikající, vynikající! Nádrž je vyprázdněná a pozice stále zajištěná. Vypadá to, že nasazení bylo úspěšné. Čekejte na nové rozkazy.
b/d/bd87a031.p3d	11926_nypda_011	Dispečinku, tady Charlie Nineteen. Máme podezřelého.
b/d/bd8be6d3.p3d	9250_mar_b_419	HNĚTE SEBOU!
b/d/bd8d04af.p3d	25247_nypda_119	Ježíši, ehm, dispečinku -- potřebuju pomoc. Nehoda! Nehoda!
b/d/bd9bf6b2.p3d	4633_mar_c_491	Jdem! Jdem!
b/d/bd9d4b75.p3d	8317_mar_a_057	*smích* Tumáš, ty svině!
b/d/bda9a8ce.p3d	12404_nypda_476	Pozor!
b/d/bda9c471.p3d	17688_bwtra_045	To si nemyslím.
b/d/bdad9d5b.p3d	7899_mabra_319	Neeeee!
b/d/bdaeb9d3.p3d	17810_bwtra_167	Musíte odsud vypadnout. Tohle je válečná zóna.
b/d/bdafa0ae.p3d	1008_bwgsp_248	Začíná to selhávat. Roztrhejte to na kusy!
b/d/bdb6409e.p3d	16623_bwabr_163	Red Crown, Blackjack zahajuje palbu, přepínám.
b/d/bdbee9dd.p3d	9862_maf35_150	Situace kritická, ustupte!
b/d/bdc59a4e.p3d	13650_p_erm_172	Couvni! Couvni!
b/d/bdc9c88e.p3d	19984_magsp_252	Pod útokem, vydržte.
b/d/bdcbcfd0.p3d	18166_bwtra_523	Sakra!
b/d/bdd45a85.p3d	13170_p_ctf_159	Nezabíjejte mě! Nezabíjejte mě!
b/d/bddcff58.p3d	590_bwbra_185	Razorback, zapojuje nepřítele.
b/d/bde0b593.p3d	14731_p_mtf_087	Věřte mi! To nejsem já!
b/d/bdea49fd.p3d	17515_bwoff_174	Jdu přímo středem.
b/d/bdf1c3f7.p3d	15244_p_mtm_132	Zpátky, zpátky!
b/d/bdf5eac9.p3d	18790_susol_178	Je to jeden z těchhle hajzlů!
b/d/bdfa4c4c.p3d	10305_mahqb_062	Rozumím, přepínám.
b/d/bdfa80a2.p3d	9093_mar_b_262	Potřebuju sem zdravotníka -- HNED!
b/e/be009767.p3d	25212_nypda_168	Buďte ve střehu -- musí být přímo pod námi.
b/e/be05175c.p3d	8170_mabhk_249	Přepošlete úderovému balíčku, mise přerušena, přepínám.
b/e/be0a92f7.p3d	4476_mar_c_334	Pusť, kreténe!
b/e/be11ce51.p3d	15390_p_suf_048	Zpátky!
b/e/be13ed01.p3d	24387_maoff_events_015	Posily na cestě. Už bylo na čase!
b/e/be184513.p3d	12247_nypda_319	Na tohle není žádnej kód!
b/e/be18b95a.p3d	13469_p_ctm_226	Neee!
b/e/be1d566b.p3d	17653_bwtra_030	Myslíš, že to ty 'Semper Fido' pochopili?
b/e/be212c8c.p3d	7864_mabra_284	Je někdo zraněný? Řekni mi to hned.
b/e/be24dce3.p3d	16466_bwabr_006	Máme to na dohled. Žádáme rozkazy.
b/e/be2d1118.p3d	19115_p_hlf_039	Hajzle!
b/e/be343693.p3d	13493_p_erm_015	Hej, ví někdo, co se stalo?
b/e/be35be77.p3d	227_bwbhk_196	Jsme v dosahu a chystáme se vypálit!
b/e/be36d932.p3d	892_bwgsp_132	To je tepelný záblesk -- je to porucha přístrojů?
b/e/be386026.p3d	7956_mabhk_055	Veliteli, způsobujeme těžké ztráty, přepínám.
b/e/be3b4de9.p3d	11081_mahqa_109	Strategické rozmístění dokončeno.
b/e/be3e05a9.p3d	8580_mar_a_321	Kurva, ne. NE!
b/e/be3f5eec.p3d	18131_bwtra_488	Taktický ústup! Sakra, taktický ústup!
b/e/be44e72f.p3d	11308_maoff_348	Souřadnice cíle Alfa Hotel pět tři. Udržujte palbu.
b/e/be4fd478.p3d	9357_mar_b_526	Pomoc!
b/e/be523853.p3d	20895_p_mtf_pain_d	*argh*
b/e/be58e642.p3d	17358_bwoff_017	Potvrzuji zabití ZEUSE.
b/e/be6ba513.p3d	15972_p_uem_157	Bože můj, ne! Co jsem udělal? Ach do prdele...
b/e/be6ce936.p3d	25414_alex_e05m03_702	Ghost Eye startuje, Red Crown.  Letíme nahlas a rychle, konec.
b/e/be6f3ba1.p3d	25055_nypda_242	Tohle není v pořádku, prostě to není v pořádku!
b/e/be72a778.p3d	17917_bwtra_274	Kolikrát můžu sakra říct 'jdi do prdele'.
b/e/be750bbc.p3d	23941_alex_069	Co to znamená?
b/e/be7d8309.p3d	19526_bwhqb_024	Stáhněte se a reorganizujte. Všechny týmy.
b/e/be7e2213.p3d	4441_mar_c_299	Co je to s tebou sakra za problém?
b/e/be82d72f.p3d	9969_maf35_237	Zapojuji se, zapojuji se, uvolněte kanál.
b/e/be8bd444.p3d	12212_nypda_284	Myslíte, že vylezli odtamtud, dispečinku?
b/e/be8c488b.p3d	13434_p_ctm_191	Zachraňte mě! Prosím!
b/e/be8f2a8f.p3d	22544_bwtrb_e05m01_044	Hotrod Leader volá Red Crown, žádám instrukce, přepínám.
b/e/be9f500e.p3d	10760_mamls_307	Dej mi jeden pořádný zázrak!
b/e/bea0ecde.p3d	697_bwbra_282	Pořád v tom jedeme, posádko, vydržte!
b/e/bea15b13.p3d	8844_mar_b_033	Kluci, počkejte chvíli. Vidíte to svinstvo?
b/e/bea4a336.p3d	14838_p_mtf_192	Jsem zraněná! Někdo, pomozte mi!
b/e/bea9789f.p3d	13895_p_fdf_178	Zachraňte se!
b/e/beabf1e2.p3d	7921_mabhk_020	Thunder útočí a pronásleduje, přepínám.
b/e/beabf442.p3d	19792_magsp_080	Vzduch pozemním. Skenery negativní. Nemám to.
b/e/beb69fef.p3d	22291_bwhqa_e10m04_066	Autentizace pro bojovou pohotovost. Zbrojnice otevřeny, palebné týmy na horní palubu. Nasadit rovnou do boje.
b/e/beb7263e.p3d	15056_p_uwm_179	Prostě utíkej!
b/e/beb9d86e.p3d	18897_susol_285	No tak!
b/e/bec363a9.p3d	9322_mar_b_491	Jsem na pozici!
b/e/bec48c52.p3d	25319_nypda_457	Zpátky!
b/e/bed5bbf4.p3d	15497_p_suf_153	Uhni, nebo tě zabijou!
b/e/bede0ca6.p3d	19369_bwhqa_058	Rozumím, žádám hazmat tým na vaši pozici pro sběr odpadu, přepínám.
b/e/bee2ce40.p3d	25020_nypda_287	Hej, zkus to jinde!
b/e/beea40d7.p3d	2001_bwmls_139	Připravte se na odpal.
b/e/beebac0e.p3d	16983_bwtrb_163	Dobře, sejměte to smraďocha.
b/e/bef58bf3.p3d	25467_alex_e08m04_703	Co to sakra je? --Elizabeth? Co je zač?
b/e/befa7084.p3d	12055_nypda_122	Dispečinku, nevím, jak tohle popsat!
b/e/befac6c2.p3d	999_bwgsp_239	Přepněte na stručnost, zapojuji cíl, přepínám.
b/e/befae4d2.p3d	13277_p_ctm_036	Dávej pozor, jo?
b/f/bf017ec2.p3d	22273_bwhqa_e09m01_048	Je tady! Dostaňte naše křídla do vzduchu! Uhněte, uhněte!
b/f/bf035acb.p3d	7672_mabra_112	Couvám, něco jsme přehlídli. Prohledejte to cestou zpátky, přepínám.
b/f/bf147ea4.p3d	662_bwbra_257	Red Crown, žádná stopa po cíli, balíme to.
b/f/bf161612.p3d	24806_nypda_013	Dispečinku, oblast je čistá. Jsme venku.
b/f/bf1834dd.p3d	14803_p_mtf_157	Ach, bože! Nezabíjej mě! Prosím!
b/f/bf1d0a5b.p3d	13860_p_fdf_143	Zbraň! Zavolejte policii!
b/f/bf210c95.p3d	22918_mar_b_e08m04_047	Zase to jde, ven z ulice. Pozor!
b/f/bf294343.p3d	15316_p_mtm_204	911. Zavolejte 911. Zavolejte 911. Někdo.
b/f/bf2ab7fa.p3d	15021_p_uwm_144	Tenhle chlap je ozbrojenej!
b/f/bf2d6a2a.p3d	18862_susol_250	Hlaste stav!
b/f/bf2e1620.p3d	14373_p_fdm_189	Hni sebou!
b/f/bf31ffee.p3d	9165_mar_b_334	Nemám jistou ránu!
b/f/bf3c96bd.p3d	8242_mabhk_321	Úhybný manévr, úhybný manévr!
b/f/bf421243.p3d	4548_mar_c_406	Nedělej nic hloupýho!
b/f/bf494d9b.p3d	15462_p_suf_118	Přiveďte mariňáky!
b/f/bf4f28b0.p3d	17006_bwtrb_186	Buď paranoidní, nějak se sakra mění.
b/f/bf4fc1e9.p3d	12319_nypda_391	No tak, chlape, dej mi pokoj!
b/f/bf519e62.p3d	19334_bwhqa_023	Všechny zóny čisté. Čekejte na nové přidělení.
b/f/bf54d2ee.p3d	17725_bwtra_082	Někdo z vojáků ho musel minout.
b/f/bf5c59a4.p3d	16538_bwabr_078	Negativní, cíl byl ztracen, přepínám.
b/f/bf6502e3.p3d	9777_maf35_065	Zásah v zóně, opakuji, zásah v zóně, konec.
b/f/bf6bb354.p3d	13565_p_erm_087	Hej, koukej -- já nejsem ten!
b/f/bf6dffa0.p3d	12020_nypda_087	Dispečinku, tahle čtvrť se hemží hořáky.
b/f/bf6e587e.p3d	964_bwgsp_204	Nepřátelé zadrženi, přepínám.
b/f/bf6fe1d2.p3d	19899_magsp_187	Podpůrná mise vypadá dokončeně. Čekáme na potvrzení od pozemních.
b/f/bf7038d3.p3d	21730_speci_e04m04_032	Soustřeďte veškerou palbu na cíl ZEUS. Opakuji, veškerá palba na ZEUS.
b/f/bf75826a.p3d	8652_mar_a_393	Co to sakra děláš?
b/f/bf7845ed.p3d	4974_maabr_282	Pozor!
b/f/bf7a73a0.p3d	13085_p_ctf_074	On! V davu!
b/f/bf86c1d3.p3d	21716_speci_e04m04_018	Pusť!
b/f/bf9027c5.p3d	14576_p_ham_162	No tak, kámo! No tak, přestaň!
b/f/bf969847.p3d	21974_alex_e05m02_190	Pojďme to dokončit.
b/f/bf96f5b7.p3d	20614_p_ctf_pain_c	*argh*
b/f/bf97dd16.p3d	15159_p_mtm_051	Je tamhle!
b/f/bfa460cb.p3d	20327_mabra_dying_d	*chroptění*
b/f/bfa58f0a.p3d	9130_mar_b_299	Co se to sakra stalo!?
b/f/bfa6b3c7.p3d	25127_nypda_143	Všechny jednotky, zase ho mám!
b/f/bfab30b5.p3d	8085_mabhk_184	Zrůdy spatřeny, řádí venku. Kryjte si záda, pozemní jednotko.
b/f/bfae2e9b.p3d	2108_bwmls_256	Odpaluji podle uvážení. Zásah pozitivní.
b/f/bfb5a174.p3d	4513_mar_c_371	Ještě krok a jsi mrtvej!
b/f/bfcfeb60.p3d	16503_bwabr_043	Město je v hajzlu, RC, totálně v hajzlu.
b/f/bfd8949f.p3d	9742_maf35_030	Voodoo Sedm volá Citadelu, musíme se odpoutat, přepínám.
b/f/bfd8d796.p3d	8916_mar_b_085	Red Crown, cíl je pryč, přepínám.
b/f/bfdb20c9.p3d	22120_alex_e09m01_337	Dokud má Taggart přístup k vrtulníkům, může kdykoliv zmizet. To můžu napravit.
b/f/bfdd6775.p3d	20026_magsp_294	Byli jsme zasaženi. Lehká zranění, ale znovu nasazujeme.
b/f/bfdf4510.p3d	13530_p_erm_052	Hej, je přímo tady!
b/f/bfe3738e.p3d	19864_magsp_152	Dej si na tamten pochodeň.
b/f/bfe41eaf.p3d	8495_mar_a_236	Rozdělte se, rozdělte se, to je ten zasranej Mercer!
b/f/bfe57a92.p3d	18046_bwtra_403	Jsem BLACKWATCH! Jsem jeden z vás, ty zasraný idiote!
b/f/bfee055e.p3d	13050_p_ctf_041	Terorista!
b/f/bff157ba.p3d	18969_susol_357	Kolik toho vydržíš!?
b/f/bff6aa1a.p3d	470_bwbra_065	Máme tu útěk s ocasem staženým.
c/0/c003b96c.p3d	14541_p_ham_127	Braň se!
c/0/c00b6ebd.p3d	15124_p_mtm_016	Děje se to zas. Myslel jsem, že je po tom.
c/0/c00d3b40.p3d	15569_p_suf_225	Polož mě!
c/0/c011be2f.p3d	15887_p_uem_073	On! To je on!
c/0/c01e8b28.p3d	22367_bwoff_e01m01_010	Chyťte ho, než se dostane do hustě obydlené civilní oblasti!
c/0/c01ec25c.p3d	8050_mabhk_149	Pozemní jednotko, informujte skupiny, ať udělají prostor, přepínám.
c/0/c0243db9.p3d	4356_mar_c_214	Vytvořte perimetr, to je standardní postup!
c/0/c0249200.p3d	7390_mabcm_058	Můžete to znovu potvrdit, konec. Slyším jen šum....
c/0/c02cdd50.p3d	1893_bwmls_031	Zaměření obnoveno, přepínám.
c/0/c031ed49.p3d	12127_nypda_198	Mám rozkaz střílet!
c/0/c032641c.p3d	13349_p_ctm_106	Všude jsou mrtvoly!
c/0/c0396fd1.p3d	8759_mar_a_480	Rozjeďte to svinstvo!
c/0/c03ad78c.p3d	7744_mabra_184	Jestli tohle není peklo, tak to má stejný poštovní směrovací číslo.
c/0/c03af198.p3d	20413_mamls_scream_b	*výkřik*
c/0/c044f3ba.p3d	22685_maf35_e10m04_016	Jsou sakra v cestě. Sakra, hořáky zapnuty, jedu skrz!
c/0/c0456929.p3d	10675_mamls_222	Postoupit vpřed? Nemůžu se hnout ani o píď.
c/0/c04bfdd1.p3d	734_bwbra_319	Dostaňte nás ven!
c/0/c04cc89c.p3d	24285_p_haf_043	Nechci žádný problémy.
c/0/c04f6939.p3d	107_bwbhk_076	Místní tým Ghost hlásí vizuál na Nula Devět Šest, přepínám.
c/0/c05083f4.p3d	772_bwgsp_012	Hlásíme se do služby, Red Crown, povolení k palbě?
c/0/c053a64e.p3d	22099_alex_e08m02_317	Cíl označen. Pal dle vlastního uvážení.
c/0/c05489a7.p3d	13932_p_fdf_215	Schovej se!
c/0/c057b06a.p3d	8460_mar_a_200	Echo One Alpha hlásí připravenost, pane!
c/0/c058d88e.p3d	20746_p_fdm_cheer_c	Jo, pěkná práce!
c/0/c05909ae.p3d	18011_bwtra_368	ZEUS se právě prozradil!
c/0/c05a742c.p3d	4782_maabr_110	Pošlete nám úder, RC. Sem s ním!
c/0/c06274d7.p3d	22460_bwtra_e06m05_052	To si ze mě sakra děláš srandu.
c/0/c064e976.p3d	18934_susol_322	Zabijte tu zasranou věc!
c/0/c0697f3a.p3d	9237_mar_b_406	Zavolejte BLACKWATCH. Nesahat na to.
c/0/c073e44d.p3d	19293_p_hlf_213	Ale do prdele!
c/0/c07b407b.p3d	22839_mar_a_e02m05_021	Sakra -- ta zasraná základna hoří!
c/0/c07c3551.p3d	23989_ragla_e05m02_025	Ahhhh!
c/0/c080ca71.p3d	15534_p_suf_190	Nepřestávej!
c/0/c0854fed.p3d	15852_p_uem_040	No tak! Z cesty!
c/0/c0878769.p3d	22792_maoff_e08m04_056	Sundejte to!
c/0/c0891ae5.p3d	19406_bwhqa_075	Negativní.
c/0/c08bb2c4.p3d	11486_maoff_313	Zabijte ho! Zabijte tu zasranou věc!
c/0/c091c552.p3d	16898_bwtrb_098	Vyšetřuju.
c/0/c092d793.p3d	4199_mar_c_068	Red Crown, Chalk Tři. Ten hajzl nám proklouzl. Žádáme ukončit pátrání a pokračovat dalším slavným dnem u sboru, přepínám.
c/0/c097ccd4.p3d	4321_mar_c_178	Pozor na sutiny. Pořád to tu padá.
c/0/c09c822f.p3d	9849_maf35_137	Ukončuji vyhledávací vzorec Zulu. Pozemní jednotky, jste na to samy.
c/0/c09e107e.p3d	22778_maoff_e08m04_042	Zalezlo to pod zem. Kontrolujte půdu pod nohama... pokud se zdá nestabilní, POHYB!
c/0/c0a332a0.p3d	13637_p_erm_159	Prosím, bože, ne! Proč já!?
c/0/c0a5f34d.p3d	13314_p_ctm_071	To je on!
c/0/c0a62f78.p3d	10026_maf35_294	Potvrzený zásah! To bylo zhasnutí motoru? Mám světla.
c/0/c0a973d1.p3d	7587_mabra_027	Berte na vědomí, máme palbu na cíl, Wolverine Tři prohledej vlevo.
c/0/c0ad0178.p3d	8724_mar_a_445	Do prdele, jsem tady.
c/0/c0b1f2ec.p3d	13157_p_ctf_146	Ale do prdele!
c/0/c0b8f845.p3d	10640_mamls_187	Zadržte palbu, zadržte, prohledávejte a vydržte.
c/0/c0ba97bf.p3d	577_bwbra_172	Držte odstup, polní týme, počkejte na hazmat na vyzvednutí.
c/0/c0bcf347.p3d	20715_p_fdf_cough_d	*kašel*
c/0/c0be4dfa.p3d	14718_p_mtf_074	To je ten muž!
c/0/c0beaa92.p3d	21017_p_uem_pain_b	*argh*
c/0/c0c32379.p3d	13775_p_fdf_061	Co se to sakra stalo!?
c/0/c0d2a77d.p3d	12390_nypda_462	Stůj!
c/0/c0d38330.p3d	18777_susol_165	Mercere, to je sakra Mercer!
c/0/c0d431c6.p3d	14288_p_fdm_104	Mám tu zraněné! Jsou tu zranění lidi!
c/0/c0d92728.p3d	14410_p_fdm_226	Aaaaah!
c/0/c0dd0e6b.p3d	9202_mar_b_371	Ohh, do prdele.
c/0/c0de7934.p3d	24613_alex_e09m01_616	Nikdo se na tenhle ostrov nedostane ani z něj neodejde.
c/0/c0e2afc3.p3d	8157_mabhk_236	Tady vedoucí balíčku, nepřítel dole, to je hotovo.
c/0/c0ef66b8.p3d	15377_p_suf_035	Hej! Vypadni sakra od něj!
c/0/c0eff88b.p3d	22103_alex_e08m03_320	Když jsi v Římě....
c/0/c0f02357.p3d	370_bwbhk_339	Drž to. Ovládni to. Drž to. Padáme!
c/0/c0ff421c.p3d	11451_maoff_296	Do prdele práce! Jsem v pohodě.
c/1/c10063f3.p3d	24467_bwoff_e01m02_008	Máme tu narušení první třídy a ty tu sedíš se zaraženým palcem v prdeli?!
c/1/c105570e.p3d	16863_bwtrb_063	Polož tohle na stůl svýho šéfa a sežeň mi sem nějakej sakra dělostřelectvo.
c/1/c106694e.p3d	4164_mar_c_032	Nevěřím těm tajnůstkářskym hajzlům.
c/1/c10f5ce5.p3d	24084_bwoff_events_045	No tak, jsme už tak blízko.
c/1/c11013eb.p3d	9814_maf35_102	To je bordel... Red Crown, je to tam dole peklo.
c/1/c1147184.p3d	879_bwgsp_119	Zadrž palbu, pozemní, setřesu ho!
c/1/c116c45c.p3d	13602_p_erm_124	Sakra, on ho zabije!
c/1/c118e3c5.p3d	11068_mahqa_096	Můžu dostat hlášení situace? Přepínám.
c/1/c11af2da.p3d	19936_magsp_224	Tornado Šest, vidím rušení. Přibližuji se na pohled.
c/1/c11b9dfb.p3d	8567_mar_a_308	To je můj zásah!
c/1/c11cf753.p3d	18118_bwtra_475	Jsme v tom po kolena.
c/1/c1234ae6.p3d	10291_mahqb_048	Sežeňte mi na to satelitní záběr a předejte to WATCHi.
c/1/c12584a8.p3d	13122_p_ctf_111	Pozor! Mají ten virus!
c/1/c12794dd.p3d	10483_mamls_050	Nikdy nejsme poražení, pamatuj si to.
c/1/c12e2966.p3d	542_bwbra_137	Chystá se to!
c/1/c136b521.p3d	13740_p_fdf_027	Hej -- víš, co se to tady děje?
c/1/c13b362d.p3d	14613_p_ham_199	Pomozte, prosím, někdo!
c/1/c13bc911.p3d	22513_bwtrb_e03m01_013	Viděl jsem hodně sraček, ale nikdy jsem neviděl, aby virus dělal tohle.
c/1/c14714ec.p3d	18742_susol_130	No tak, hejbni kostrou!
c/1/c147c0e2.p3d	14253_p_fdm_069	Viděls, co právě udělal!?
c/1/c1493d7a.p3d	15959_p_uem_144	Ten posranej cvok bude střílet!
c/1/c14baab0.p3d	9045_mar_b_214	Ne -- ne-ne-ne-ne-NE!!
c/1/c15bba7a.p3d	4428_mar_c_286	Zásah potvrzen!
c/1/c15c1161.p3d	7462_mabcm_130	Uzavřít! Nic dovnitř ani ven. Máte povoleno zaútočit na nepřátele okamžitě po spatření.
c/1/c15ceda6.p3d	24984_nypda_340	Tady je -- SUNDEJTE HO!
c/1/c1645c9c.p3d	1965_bwmls_103	Sekundární, sekundární. Pozice šestnáct.
c/1/c16dde9e.p3d	11294_maoff_158	Do téhle oblasti je potřeba povolení.
c/1/c16ff0d6.p3d	24423_maoff_events_051	Držte se, chlapi.
c/1/c172569a.p3d	7816_mabra_236	Na mé dvacítce je čisto, Red Crown. Zvládli jsme to.
c/1/c17ce5ea.p3d	10747_mamls_294	Trup poškozen, přesouváme se.
c/1/c1844848.p3d	24357_p_haf_148	Vyklidit!
c/1/c18679d6.p3d	24409_maoff_events_037	Potřebujeme víc palebné síly.
c/1/c18800b5.p3d	844_bwgsp_084	Primární sken čistý, rozšiřuji vyhledávací mřížku.
c/1/c1898c94.p3d	19779_magsp_067	No tak. Tady to je. Nádhera.
c/1/c18c75a0.p3d	11033_mahqa_071	Negativní.
c/1/c18e81f6.p3d	19901_magsp_189	Zásah potvrzen. To je pozitivní.
c/1/c18f2d2c.p3d	8532_mar_a_273	Hej, brácho -- to jsem já!
c/1/c191f0ed.p3d	4854_maabr_182	Pal jedna! Připravit dvě.
c/1/c195fbe9.p3d	17184_bwtrb_364	Co to sakra
c/1/c1a0fbfb.p3d	9309_mar_b_478	STŮJ, MARIŇÁKU!
c/1/c1a4d3aa.p3d	14985_p_uwm_108	Pomozte zraněným!
c/1/c1a9d287.p3d	14456_p_ham_042	Hej! To je on, přímo tam!
c/1/c1b2b2c8.p3d	20683_p_erm_disgust_d	Fujtajbl!
c/1/c1bccf37.p3d	15924_p_uem_110	Haló! Slyší mě někdo!?
c/1/c1bf39cc.p3d	9010_mar_b_179	Je to přímo přede mnou!
c/1/c1c06d8e.p3d	25007_nypda_424	Mám plné ruce práce, dispečinku!
c/1/c1d4a685.p3d	22034_alex_e06m02_250	Poslouchej! Prostě mi řekni, jak zasadit smrtící ránu.
c/1/c1d7ebb8.p3d	1930_bwmls_068	Aktivujte plán Charlie. Sežeňte nám sem úderný balíček, nasaďte na naší pozici. Časově kritické, přepínám.
c/1/c1d863c7.p3d	22242_bwhqa_e07m04_017	Polní velitelství, podejte mi hlášení situace. Letecký průzkum ukazuje narušení. Aktualizace, přepínám?
c/1/c1dab201.p3d	13709_p_erm_231	Ááách!
c/1/c1e0f092.p3d	7659_mabra_099	Zastavil se, zaměřte GPS a pošlete to Red Crown.
c/1/c1e3a280.p3d	86_bwbhk_055	Ghost hlásí početný dav hořáků, pohyb na pozicích spojenců.
c/1/c1e7384d.p3d	10398_mahqb_135	Pronásledování ZEUSE už není nutné.
c/1/c1e81b4e.p3d	11984_nypda_049	Charlie Nineteen neslyší.
c/1/c1e97238.p3d	13229_p_ctf_218	Škrtíš mě!
c/1/c1f07791.p3d	10712_mamls_259	To je zásah. Postupná palba.
c/1/c1f2170b.p3d	649_bwbra_244	Mise dokončena, šéf úderu končí.
c/1/c1f791f7.p3d	22973_mar_c_e08m04_050	Co se to sakra stalo!?
c/1/c1f7d6dc.p3d	24322_p_haf_061	Já tomu sakra nevěřím!
c/1/c1faa686.p3d	13847_p_fdf_233	Ty zasranej vrahu!
c/1/c1fd1e50.p3d	19744_magsp_032	Tornado Jedna mariňákům. Cíl označen. Palte naplno, opakuji, naplno.
c/1/c1fd7933.p3d	22564_bwtrb_e06m05_065	Nemám tušení, co to sakra je, ale právě to vykuchalo tým McMillana, aniž by se zapotilo.
c/1/c1fdc970.p3d	8375_mar_a_115	Zaujměte pozice!
c/2/c2085061.p3d	15008_p_uwm_131	Pozor na něj, je ozbrojenej!
c/2/c20a26c9.p3d	12462_nypda_534	Jeeeeežíši!
c/2/c20a6b0f.p3d	11892_nydisp_157	Red Crown, policisté jsou v přímém kontaktu s vašimi cíli. Potřebují vaše týmy hned!
c/2/c20b027c.p3d	18849_susol_237	Máme tu nějaké vedlejší škody!
c/2/c2101ea8.p3d	1066_bwgsp_305	Utrpěli jsme poškození. Udržujeme výšku! Vizuál na škodu?
c/2/c2182c15.p3d	20922_p_mtm_disgust_c	Úúách!
c/2/c21862db.p3d	14950_p_uwm_073	Musí to být... on!
c/2/c21a2f0f.p3d	8229_mabhk_308	Máme velké poškození, přepínám.
c/2/c226e602.p3d	15449_p_suf_105	Jsou tam uvěznění lidé! Pomoc!
c/2/c22f8edd.p3d	20502_mar_c_pain_c	*argh*
c/2/c233abc8.p3d	22652_mabra_e02m01_002	Máme povolen útok. Primární je Runner, vedlejší škody druhořadé. Otevřete plechovku.
c/2/c23de89b.p3d	4236_mar_c_105	Hořáci, opakuji, hořáci. Můžeme se krýt a držet pozici, nebo ustoupit, žádám instrukce, přepínám.
c/2/c23f1527.p3d	24792_nypda_038	Slyším vás, dispečinku.
c/2/c24ac7d9.p3d	17573_bwoff_222	Soustředěná palba, hned! Palte!
c/2/c24b9807.p3d	12007_nypda_074	Dispečinku, podezřelý zmizel. Nelíbí se mi to.
c/2/c2531ad1.p3d	8639_mar_a_380	Sakra. Prostě... myslím... sakra.
c/2/c253326f.p3d	22332_bwhqa_514	Sestřelte ten letoun. Nemůžeme dovolit, aby prolomil karanténu.
c/2/c254824e.p3d	7624_mabra_064	Takže jsi toho ještě neměl dost, co?
c/2/c257343c.p3d	51_bwbhk_020	Žádám povolení zaútočit, přepínám.
c/2/c25aca09.p3d	10363_mahqb_100	Jaký je váš stav, přepínám?
c/2/c25f1429.p3d	10555_mamls_122	Uh, Red Crown, na tohohle parchanta byste se měli podívat.
c/2/c26016f0.p3d	22632_mabhk_e06m04_001	ZEUS potvrzen. Probíhá sledování.
c/2/c2611563.p3d	25270_nypda_227	Ať to dodělá armáda. Já končím.
c/2/c265a8b2.p3d	614_bwbra_209	Jo, vidíme to taky. Přiblížíme se na bližší pohled, přepínám.
c/2/c2667e60.p3d	24165_p_haf_200	Umím chodit! Jen mi pomozte vstát.
c/2/c26e31e0.p3d	13812_p_fdf_097	Ježíši!
c/2/c27158a1.p3d	8340_mar_a_080	Evakuaci raněných! Potřebujeme evakuaci raněných!
c/2/c27cb80e.p3d	21945_alex_e05m01_161	Co to sakra bylo?
c/2/c27e9438.p3d	18814_susol_202	Vydrž. Vydrž!
c/2/c27f4043.p3d	14325_p_fdm_141	Zbláznil se!
c/2/c2832771.p3d	9117_mar_b_286	Ále, kámo. To udělali psi? Ohh.
c/2/c283add9.p3d	1031_bwgsp_270	Stahuju se, zkusím poslat náhradu!
c/2/c28d8c86.p3d	19173_p_hlf_095	Sakra!
c/2/c2938dea.p3d	7534_mabcm_188	Red Crowne, vypadá to tu bledě. Nevím, jak dlouho ještě vydržíme.
c/2/c2963c72.p3d	285_bwbhk_254	Hrozba zneškodněna, Ghost Čtyři Pět, vracíme se na základnu.
c/2/c2a55de2.p3d	11366_maoff_222	Stáhněte se. Myslím, že ho máme.
c/2/c2b177cc.p3d	4201_mar_c_070	Chalk Tři, tady Red Crown. Navrhuju počkat, až se ZEUS znovu objeví, přepínám.
c/2/c2b62cf1.p3d	9729_maf35_017	Klesám a prst mě svrbí na spoušti. Pošlete souřadnice, přepínám.
c/2/c2bcdd62.p3d	13517_p_erm_039	Vážně, co si to sakra myslíš, co!?
c/2/c2bf8001.p3d	916_bwgsp_156	Tornado Five, střelec zasažen, stabilní. Říkám stabilní.
c/2/c2c3f4cd.p3d	11105_mahqa_133	Zastavte palbu, kryjte se a čekejte, přepínám.
c/2/c2c6ac78.p3d	8604_mar_a_345	Hmm, řekl bych, že ten chlap zapomněl na vitamíny.
c/2/c2c96ffb.p3d	4926_maabr_234	Nerozuměl jsem, opakuji, opakuji.
c/2/c2cd7b35.p3d	17256_bwtrb_436	Mami!
c/2/c2d2a345.p3d	10520_mamls_087	Máme hotovo, otočte to, vypadneme odsud.
c/2/c2d32573.p3d	17975_bwtra_332	Bylo to o fous, ale pořád stojím.
c/2/c2d44281.p3d	457_bwbra_052	Hořák dole, hořák dole!
c/2/c2d72d4a.p3d	2094_bwmls_242	Rocketbox ztrácí půdu pod nohama, jdeme pryč.
c/2/c2d879e0.p3d	20764_p_fdm_gasp_a	*lapání po dechu*
c/2/c2da0a1b.p3d	24130_p_haf_098	Kriste!
c/2/c2daabeb.p3d	16788_bwabr_308	Zakopejte se!
c/2/c2db66b1.p3d	22017_alex_e05m03_233	To byla moje jediná šance.
c/2/c2ddfe5a.p3d	19584_bwhqb_072	Zamítnuto.
c/2/c2e151d3.p3d	14528_p_ham_114	Sakra, roztrhaj nás!
c/2/c2e429e1.p3d	21572_maabr_254	Ranger Dvě Sedm volá Red Crown, úder Bravo dokončen.
c/2/c2ec523f.p3d	12270_nypda_342	Mám podezřelého přímo tady!
c/2/c2fc5ac3.p3d	8037_mabhk_136	Pozemní, dostaňte své lidi z oblasti pryč!
c/3/c3022a67.p3d	7377_mabcm_045	Nezachytil jsem to. Polní týme, přenos znovu, konec.
c/3/c30306ac.p3d	24899_nypda_255	Lidi! Prosím, opusťte oblast v klidu!
c/3/c304e9d4.p3d	20272_maabr_choke_a	*dušení*
c/3/c309ce19.p3d	250_bwbhk_219	Rozumím, mrkneme se na to, konec.
c/3/c309df68.p3d	22761_maoff_e06m01_025	Pohybuje se na východ! Cíl míří na východ!
c/3/c318ecfe.p3d	11331_maoff_187	Uzavřete tu oblast! Nikdo neodejde!
c/3/c32cf36e.p3d	17381_bwoff_040	Je mimo naši zónu.
c/3/c332220e.p3d	13919_p_fdf_202	Neee! Aaah!
c/3/c3349d9c.p3d	19816_magsp_104	Pozemní, ozvěte se. Dejte nám aktuální info.
c/3/c3354631.p3d	8447_mar_a_187	Já tu věc fakt nesnáším.
c/3/c33809f3.p3d	4769_maabr_097	Přes kouř a sutiny je špatně vidět, Red Crowne. Ulice jsou sakra zóna katastrofy, přepínám.
c/3/c33c14ef.p3d	17099_bwtrb_279	Pouliční maso.
c/3/c343f43b.p3d	20865_p_mtf_cheer_b	Jóóóo!
c/3/c346b48f.p3d	17940_bwtra_297	Odprásknout oba! Jinak to nejde!
c/3/c347d409.p3d	422_bwbra_007	Red Crown, tady Razor Jedna, čekáme na zelenou, rozumíte?
c/3/c34e3b1c.p3d	16753_bwabr_273	Narážíme na odpor.
c/3/c351c5c8.p3d	22894_mar_b_e02m05_024	Vyklidit oblast! Vypadněte odsud!!
c/3/c356e45b.p3d	9992_maf35_260	Red Crown, mise splněna. Velitel úderu, konec.
c/3/c360c00b.p3d	18622_susol_040	Tady D-Three. Nevidím žádný cíl v okolí, přepínám.
c/3/c362e83f.p3d	15839_p_uem_027	Na co se to vlastně díváme?
c/3/c36fec7f.p3d	8002_mabhk_101	Vizuál potvrzen, vyšlete tým.
c/3/c375653b.p3d	4308_mar_c_165	Jdeme na to! Zaměřte ten cíl laserem!
c/3/c375bc23.p3d	7342_mabcm_010	Rota Fox v pohotovosti. Družstva na rotaci. Obrněnci připraveni vyrazit. Fox, konec.
c/3/c3769580.p3d	24864_nypda_190	Stůj a VRAŤ SE! HNED!
c/3/c378b2d8.p3d	14861_p_mtf_215	Ach, prosím tě!
c/3/c37b1a6c.p3d	20585_p_ctf_cheer_b	Ou! Ó, děkuju!
c/3/c37d950b.p3d	21876_alex_e03m02_092	Tyhle věci mají nervy na drátě....
c/3/c387895e.p3d	11174_maoff_036	Delta žádá úderný balíček. Priorita India tři devět.
c/3/c39df3a6.p3d	24237_p_haf_079	Zastavte ho!
c/3/c39e860c.p3d	22740_maoff_e02m01_004	Stáhnout se! Dostaňte nás sakra odsud!
c/3/c3a8d7ed.p3d	8412_mar_a_152	Dejte na to trhavou munici, honem!
c/3/c3ab9baf.p3d	4734_maabr_062	Red Crowne, ozvěte se. Ranger Dvě Sedm varuje všechny body. Cíl opustil zónu.
c/3/c3afa6ab.p3d	17064_bwtrb_244	Potvrď to. Je dole.
c/3/c3b03fcf.p3d	12377_nypda_449	Máme tě na mušce, kreténe!
c/3/c3b219b3.p3d	19392_bwhqa_071	Na to negativní.
c/3/c3b550e9.p3d	17783_bwtra_140	Každou chvíli se ukáže.
c/3/c3bcd79f.p3d	16596_bwabr_136	Zasáhněte to před uvolněním!
c/3/c3c42233.p3d	21780_speci_e04m04_082	Aha.
c/3/c3c50bd0.p3d	19245_p_hlf_165	Pomozte mi! Někdo, pomozte mi!!
c/3/c3cdbbbe.p3d	357_bwbhk_326	Snad si ze mě neděláš prdel. Uhni, uhni!
c/3/c3daab33.p3d	21766_speci_e04m04_068	ZEUS je dole, vyčistěte zbytek stavby, jdeme!
c/3/c3dcda67.p3d	11438_maoff_276	Kurva, to vozidlo je zrádce!
c/3/c3e8d2dd.p3d	22626_maabr_e06m04_021	S námi si nikdo nezahrává! Jupí!
c/3/c3f0e0fe.p3d	17488_bwoff_147	Ztratil jsem ho v davu!
c/3/c3f5d641.p3d	17610_bwoff_259	Hýbat seeeee!
c/3/c3fd449e.p3d	21688_karen_e03m01_005	Bože. Bože. Bože. Bože.
c/4/c400e34d.p3d	10278_mahqb_035	Každé spatření ZEUSE mělo být nahlášeno už včera. Držte se standardních potvrzovacích postupů.
c/4/c4031a6f.p3d	13109_p_ctf_098	Do pr...!
c/4/c404fa81.p3d	17328_bwtrb_508	Vypadni!
c/4/c405d871.p3d	10400_mahqb_137	Taktické pronásledování se přehodnocuje. Čekejte.
c/4/c406916f.p3d	10997_mahqa_045	Zatím bez potvrzení, ale vypadá to, že ZEUS je sundaný.
c/4/c40739e0.p3d	25185_nypda_452	Zůstaň v klidu, budeš v pořádku!
c/4/c40bc1cd.p3d	529_bwbra_124	Sbalte to a vezměte nás dovnitř, Red Crown, cíl tu není.
c/4/c40eac77.p3d	2166_bwmls_304	Polní děla to trochu schytávají.
c/4/c40ed77c.p3d	23887_alex_015	Předsunutý pozorovatel žádá o tanec deště, zalijte to v Kill Boxu. Cíl označen, konec!
c/4/c4118503.p3d	24202_p_haf_012	Co to všechno je?
c/4/c4144d88.p3d	13727_p_fdf_014	Hej, o co tady jde?
c/4/c4157d87.p3d	19656_bwhqb_134	Všechny jednotky, úroveň zásahu byla snížena.
c/4/c4161f5a.p3d	4571_mar_c_429	Sakra práce!
c/4/c423d18b.p3d	12342_nypda_414	Ochutnej tohle!
c/4/c42419af.p3d	11880_nydisp_145	10-16 a 10-54! Máme raněné policisty a žádáme okamžitý vojenský zásah proti nepřátelským podezřelým.
c/4/c424ad3e.p3d	18729_susol_117	Přibliž se k němu!
c/4/c42bf2a2.p3d	24344_p_haf_130_b	Kámo, já tohle nechci vidět.
c/4/c430695b.p3d	16561_bwabr_101	Cíl nesplněn, přepínám.
c/4/c433a82e.p3d	19088_p_hlf_012	Co to všechno je?
c/4/c433da0f.p3d	8109_mabhk_208	Rozumím, Red Crowne.
c/4/c4395591.p3d	8974_mar_b_143	Vypadá to tu na pořádný svinstvo!
c/4/c439a9b3.p3d	7449_mabcm_117	Polní velitelství. Můžete potvrdit to hlášení. Je náš cíl zlikvidován, konec.
c/4/c4414aef.p3d	322_bwbhk_291	Nasazení v terénu probíhá, pohyb, pohyb. Pohyb!
c/4/c450682b.p3d	11403_maoff_128	Má někoho!
c/4/c456811c.p3d	16815_bwtrb_015	Přineste pytel na mrtvoly.
c/4/c46472ba.p3d	17453_bwoff_112	Co je to za sračku?
c/4/c46bea2b.p3d	15182_p_mtm_072	To je ten chlap z televize!
c/4/c46cc593.p3d	8519_mar_a_260	Stáhněte se! Všichni!
c/4/c4760724.p3d	19499_bwhqa_168	Zabíjecí box neplatný, přerušte akci a vraťte se. Stav úderu neutrální, přepínám.
c/4/c478beeb.p3d	10435_mamls_002	Jsme sbalení a nabití, ukažte nám cíl, přepínám.
c/4/c47a232b.p3d	10962_mahqa_010	Všechny jednotky nemají o cíli žádné zprávy.
c/4/c47ac7c0.p3d	25150_nypda_311	To je ta mrcha, přesně tam!
c/4/c4823bb2.p3d	2131_bwmls_279	Tři zelená světla, máte povoleno další.
c/4/c48842b0.p3d	22519_bwtrb_e04m01_019	Sledují červenou, najdou Mercera. Toho hajzla brzo najdeme.
c/4/c4890ca3.p3d	19621_bwhqb_099	Všechny jednotky, ohlaste se a podejte hlášení.
c/4/c4926b45.p3d	12185_nypda_257	Sakra, ten už toho zažil dost.
c/4/c498eb06.p3d	14205_p_fdm_022	Nepřibližuj se k tomu! Není to bezpečné!
c/4/c49c0033.p3d	22533_bwtrb_e04m04_033	Máme čisto.
c/4/c4a32d2a.p3d	24551_alex_e05m01_554	Kde je váš velící důstojník? Kde je Lim?
c/4/c4ad38e4.p3d	7414_mabcm_082	Polní veliteli, mariňáci míří k vám, přepínám.
c/4/c4ae14ca.p3d	24936_nypda_260	Pozor -- ať to zabíjelo, co chtělo, může to tu pořád být.
c/4/c4afe734.p3d	165_bwbhk_134	Pátrání dokončeno, ztratili jsme cíl, přepínám.
c/4/c4b5841f.p3d	1917_bwmls_055	Tomu nemůžu uvěřit.
c/4/c4bf05f8.p3d	11246_maoff_090	Rozluč se se svými zuby.
c/4/c4c564e6.p3d	18992_susol_380	Zastavit palbu! ZASTAVIT PALBU! ZASTAVIT KURVA PALBU!
c/4/c4c9faaa.p3d	9295_mar_b_464	*dušení* Dusím se... *dušení, kašel*
c/4/c4d572cb.p3d	24309_p_haf_133	Kámo, pozor.
c/4/c4e31afb.p3d	4806_maabr_134	Mise úspěšná. Nepřítel zlikvidován, přepínám.
c/4/c4e725f7.p3d	17136_bwtrb_316	Kontaminovaná budova. Instrukce prosím?
c/4/c4e7bf30.p3d	12449_nypda_521	Uhněte z cesty!
c/4/c4e998e0.p3d	19464_bwhqa_133	Situace ze žluté na bílou. Žádný potvrzený cíl, jsme čistí, přepínám.
c/4/c4ecd035.p3d	17855_bwtra_212	JEDEN z vás. Zhluboka se nadechni a řekni mi, co se děje.
c/4/c4f5fb42.p3d	14937_p_uwm_060	Vrátil se!
c/4/c4fb0bce.p3d	22584_bwtrb_e07m01_085	Díky, Ghoste Dvanáct. Tady jsme v pohodě.
c/4/c4fe97bb.p3d	21811_alex_e01m02_028	Co se mi to sakra stalo?
c/5/c5003ce5.p3d	22262_bwhqa_e08m03_037	Nepřátelé na západě, berte to jako jediné varování.
c/5/c503b09b.p3d	13695_p_erm_217	Pusť mě!
c/5/c505fd01.p3d	12150_nypda_222	Máme ho, máme ho. Dobře, zkontroluj mu ruce.
c/5/c5067133.p3d	13372_p_ctm_129	Musíme pomoct!
c/5/c508ae79.p3d	22248_bwhqa_e08m02_023	Rozpusťte formaci! Okamžitě se stáhněte!
c/5/c50d7f73.p3d	8782_mar_a_503	Prosím, ne, prosím!
c/5/c50ef375.p3d	20391_magsp_scream_d	*výkřik*
c/5/c51ac4f1.p3d	23964_alex_092	*otrávené zabručení*
c/5/c51cadad.p3d	24779_nypda_035	Tady Charlie Nineteen, slyším vás, dispečinku.
c/5/c5237650.p3d	130_bwbhk_099	Dobře, skupino Ghost, připravte se na další průlet.
c/5/c528e413.p3d	19015_susol_403	Aahhh!
c/5/c52fd7b9.p3d	15289_p_mtm_177	Páni, páni, proč všichni utíkaj?
c/5/c530cad6.p3d	22319_bwhqa_501	Pozor, piloti, máme vás na radaru, opouštíte bezpečnou letovou zónu. Okamžitě se vraťte, jinak BUDE použita smrtící síla.
c/5/c53628d1.p3d	23916_alex_044	Ty...jsi u konce.
c/5/c53945af.p3d	11936_nypda_021	Dispečinku, tady Charlie Nineteen. Prošetřuju 10-10.
c/5/c53d8c51.p3d	9260_mar_b_429	Vypadni!
c/5/c53eb606.p3d	25257_nypda_474	Zabijte to!
c/5/c54d9ebb.p3d	4643_mar_c_501	Dolů! Hned!
c/5/c54ef0f3.p3d	8327_mar_a_067	Chceš si se mnou zahrávat, brácho?
c/5/c55772d8.p3d	22900_mar_b_e03m01_030	Nenechte je projít přes perimetr!
c/5/c55ab528.p3d	17101_bwtrb_281	Našel jsem rozčtvrceného chlapa.
c/5/c55b4e4c.p3d	12414_nypda_486	Ále, to prostě není fér.
c/5/c55b69ef.p3d	17698_bwtra_055	Co to je? Nepolevuj v ostražitosti.
c/5/c5605f51.p3d	17820_bwtra_177	Zaměřuji.
c/5/c561462b.p3d	1018_bwgsp_257	Pořád v boji! Pořád jsme v tom!
c/5/c567e61c.p3d	16633_bwabr_173	Hořáci. Na mé pozici. Zaútočte!
c/5/c5698ce9.p3d	14902_p_uwm_025	*výdech* Oni... měli by... měli by zavřít tuhle zatracenou ulici.
c/5/c5708f5b.p3d	9872_maf35_160	Red Crown, ZEUS začíná být nebezpečný, přepínám.
c/5/c5773fcc.p3d	13660_p_erm_182	Utíkej! Rychle!
c/5/c57a7d77.p3d	20532_nypda_scream_a	*výkřik*
c/5/c57b6e0c.p3d	19994_magsp_262	Je konec. Mise úspěšná. Nic nezbylo.
c/5/c5860003.p3d	13180_p_ctf_169	Vzdej se hned. Ještě není pozdě.
c/5/c5925b11.p3d	14741_p_mtf_097	Pomoc!
c/5/c59bef7b.p3d	17525_bwoff_184	Sakra, Mercer nás napálil.
c/5/c5a36975.p3d	15254_p_mtm_142	Je ozbrojený!
c/5/c5abf1ab.p3d	10315_mahqb_062	Rozumím, přepínám.
c/5/c5b03bac.p3d	10507_mamls_074	Zóna zásahu, zóna zásahu, přepínám. Úderný balíček naléhavě!
c/5/c5b23c08.p3d	25222_nypda_104	Dispečinku, to je marný.
c/5/c5b4f312.p3d	21046_p_uwm_disgust_c	Sakra!
c/5/c5b6bcda.p3d	8180_mabhk_259	Stahujeme se do bezpečné vzdálenosti, přepínám.
c/5/c5b7a54b.p3d	24117_p_haf_105	Seženu ti pomoc, jen tu počkej.
c/5/c5bc3875.p3d	4486_mar_c_344	Ustupte, mariňáci, hned!
c/5/c5c9ea91.p3d	12257_nypda_329	Nechápu to.
c/5/c5cefbe9.p3d	17663_bwtra_040	Potvrzuji.
c/5/c5d2d20a.p3d	7874_mabra_294	Ále, Kriste, ven, hned! Ven!
c/5/c5d3f345.p3d	24043_bwoff_events_004	Tady Red 4 -- zahlédli jsme Zeuse mezi nakaženými. Sundejte ho.
c/5/c5d68261.p3d	16476_bwabr_016	Zkontrolujte všechny úhly. Oči na stopkách.
c/5/c5deb696.p3d	19125_p_hlf_049	Počkat!! To je on!
c/5/c5e1ce2b.p3d	24253_p_haf_pain_b	*argh*
c/5/c5e76680.p3d	237_bwbhk_206	Zrůdy spatřeny, řádí venku. Kryjte si záda, pozemní jednotko.
c/5/c5ea05a4.p3d	7966_mabhk_065	Kam to zmizelo? Vidíte to?
c/5/c5ea41a6.p3d	22630_maabr_e08m04_025	Viděl to někdo?
c/5/c5ecf367.p3d	11091_mahqa_119	Vstoupili jsme do bojového prostoru.
c/5/c5efab27.p3d	8590_mar_a_331	Ustupte, pamatujte, proč tu jsme.
c/5/c5f1046a.p3d	18141_bwtra_498	Hlídej si tu svou zatracenou palbu!
c/5/c5f68565.p3d	11318_maoff_174	Neztraťte ho!
c/6/c60a8bc0.p3d	17368_bwoff_027	Jsem na místě nasazení.
c/6/c61d4a91.p3d	15982_p_uem_167	Prosím, nezabíjej mě. Prosím tě!
c/6/c61ea2b8.p3d	17208_bwtrb_388	Rozdělit se!
c/6/c620e51e.p3d	25065_nypda_372	Jsi ZATČEN!
c/6/c6244cf6.p3d	17927_bwtra_284	Není to jen práce, je to dobrodružství.
c/6/c62854ae.p3d	2046_bwmls_184	Tady všechno klidné, Red Crown.
c/6/c62f2887.p3d	19536_bwhqb_034	Vraťte se na základnu. Pátrání je zrušeno.
c/6/c62fca1c.p3d	4451_mar_c_309	Potřebuju trvalou palbu na tenhle cíl! UDĚLEJTE TO!!
c/6/c6347cad.p3d	9979_maf35_247	Voodoo Sedm hlásí úspěch mise, je to v suchu, Red Crown.
c/6/c63d79c2.p3d	12222_nypda_294	Pane -- PANE! Neopakuj to.
c/6/c63df094.p3d	13444_p_ctm_201	Hej! Zachraň mě!
c/6/c63e581f.p3d	18609_susol_007	Dobrá práce! Nikdo si nezahrává s 'WATCH! Konec.
c/6/c6438a88.p3d	24004_bwhqb_e03m01_009	Velitelské jednotky, narušení kategorie jedna v zóně nákazy zadrženo. Nyní platí protokoly Blacklight úrovně 2.
c/6/c650f58c.p3d	10770_mamls_317	Nepřítel v otevřeném prostoru!
c/6/c6530091.p3d	8854_mar_b_043	Máme to! Pošlete Úderný tým. Pošlete sem zasranej Úderný tým!
c/6/c6564b3f.p3d	14848_p_mtf_202	Ne! Ááách! Ne, ne, ne. Nenechávej mě tu!
c/6/c65af5b1.p3d	202_bwbhk_171	Pozemní jednotko, informujte skupiny, ať udělají prostor, přepínám.
c/6/c65d9760.p3d	7931_mabhk_030	Dodáváme maximální palbu na cíl.
c/6/c668cbbc.p3d	15066_p_uwm_189	Běž! Hned!
c/6/c6750bb2.p3d	9332_mar_b_501	Palte!
c/6/c67c45cf.p3d	20217_bwoff_stab_b	*ááh*
c/6/c680c748.p3d	16005_p_uem_190	Nepřestávej!
c/6/c68fb224.p3d	19379_bwhqa_068	Rozumím.
c/6/c69472c6.p3d	25030_nypda_217	Podezřelý je na zemi!
c/6/c694a75d.p3d	19501_bwhqa_170	Úderný týme, stáhněte se a ukončete pohotovost. Čekejte na další rozkazy.
c/6/c69be655.p3d	2011_bwmls_149	Virové cíle, zadáváme odpalovací kódy, pozor.
c/6/c69d518c.p3d	16993_bwtrb_173	Počkej moment, to musí být on!
c/6/c69f652a.p3d	16705_bwabr_225	Mise splněna, velitelství.
c/6/c6ac1602.p3d	12065_nypda_132	Dispečinku. Tady Charlie Nineteen na místě.
c/6/c6ac8a50.p3d	13287_p_ctm_046	Všichni pozor!
c/6/c6b50049.p3d	7682_mabra_122	Vydrž, nabij to rychle, přepínám.
c/6/c6c5ed19.p3d	22414_bwtra_e01m02_006	Kdy se to lidi naučí...?
c/6/c6c62422.p3d	672_bwbra_267	Otřesení, ale běžíme stabilně.
c/6/c6c7ad87.p3d	20915_p_mtm_cough_d	*kašel*
c/6/c6c7bbb5.p3d	24816_nypda_039	Charlie Nineteen, rozumím.
c/6/c6c9da5b.p3d	14813_p_mtf_167	Prosím vás! Nezabíjejte mě! Udělám cokoli!
c/6/c6ceafd9.p3d	13870_p_fdf_153	Pozor! Pozor! To vozidlo!
c/6/c6dae8c1.p3d	15326_p_mtm_214	Pozor!
c/6/c6dc5d78.p3d	15031_p_uwm_154	Na čí jsou straně?
c/6/c6de0c99.p3d	21988_alex_e05m03_204	Tenhle ne.
c/6/c6df0fa8.p3d	18872_susol_260	Pozor!
c/6/c6dfbb9e.p3d	14383_p_fdm_199	Haló? Pomoc! Prosím!
c/6/c6e3a56c.p3d	9175_mar_b_344	Palebná skupino, hlavy dolů!
c/6/c6ee3c3b.p3d	8252_mabhk_331	Ztrácíme kontrolu, opakuji, ztrácíme kontrolu!
c/6/c6f3b7c1.p3d	4558_mar_c_416	Může někdo prosím vystoupit a říct mi, co se děje!
c/6/c6f7cb42.p3d	21568_bwabr_260	Je slabý. Pal! Pal!
c/6/c6f83ce9.p3d	20170_bwgsp_stab_c	*ááh*
c/6/c6faf319.p3d	15472_p_suf_128	Vydrž!
c/6/c6fed3b8.p3d	20635_p_ctm_cough_d	*kašel*
c/7/c700ce2e.p3d	17016_bwtrb_196	Hlaste se! Heslo dne!
c/7/c70169f2.p3d	12329_nypda_401	Ten hajzl jde k zemi!
c/7/c70343e0.p3d	19344_bwhqa_033	Ozvěte se, ozvěte se. Potvrďte stav pátracího vzorce, přepínám.
c/7/c706786c.p3d	17735_bwtra_092	Palte, palte, palte!
c/7/c70dff22.p3d	16548_bwabr_088	V plné pohotovosti. Čekáme na zelenou, Red Crown.
c/7/c7147b24.p3d	22134_alex_e09m01_351	Sakra.
c/7/c716a861.p3d	9787_maf35_075	Nic na radaru, Voodoo ho ztratilo, jsem slepý.
c/7/c71d58d2.p3d	13575_p_erm_097	Ježíši!
c/7/c71ee341.p3d	309_bwbhk_278	Ztratili jsme cíl, úderový balíček se vrací na základnu.
c/7/c71fa51e.p3d	12030_nypda_097	Pošlete úderný tým, dispečinku. Mám ID podezřelého.
c/7/c71ffdfc.p3d	974_bwgsp_214	Mise splněna. Tenhle let je u konce. Rozumíte?
c/7/c7201c0c.p3d	13252_p_ctm_011	Co vidíš?
c/7/c7272a73.p3d	8662_mar_a_403	Myslím, že tu něco mám. Čekejte.
c/7/c729eb6b.p3d	4984_maabr_292	Utrpěli jsme poškození, Red Crowne, máme ustoupit? Přepínám.
c/7/c72c191e.p3d	13095_p_ctf_084	Máte špatnou ženskou!
c/7/c72c6cc1.p3d	24396_maoff_events_024	Alfa 4 hlásí... mohlo by to dopadnout tak i tak.
c/7/c7320702.p3d	22404_bwoff_e09m03_047	Máme potvrzeno ZEUSE na zemi. Čekejte na rozkazy.
c/7/c73876b7.p3d	14656_p_mtf_012	Ví někdo, co se stalo?
c/7/c741cd43.p3d	14586_p_ham_172	Kurva, zpátky!
c/7/c74ea817.p3d	20300_mabhk_dying_a	*chroptění*
c/7/c7573713.p3d	9140_mar_b_309	Mám vizuál na pár Chodců, přepínám.
c/7/c75855a2.p3d	25137_nypda_062	Rád bych viděl, jak tvrdí ti chlapi jsou, když se neschovávají za tou uniformou.
c/7/c75cd633.p3d	8095_mabhk_194	Možné spatření, přepošlete polohu pozemní jednotce.
c/7/c75fd419.p3d	2118_bwmls_266	Red Crown, palba SELHALA, opakuji, selhala, přepínám.
c/7/c766a50a.p3d	19608_bwhqb_086	Tady velitelství. Chci hlášení situace. Hned.
c/7/c76746f2.p3d	4523_mar_c_381	Pohyb a palba, pohyb a palba!
c/7/c77a0a13.p3d	17700_bwtra_057	Počkat, co to bylo? Jdu se podívat.
c/7/c78190de.p3d	16513_bwabr_053	Pošlete úderný balíček. Nahrávám souřadnice.
c/7/c783b8ea.p3d	22642_mabhk_e09m01_011	Veliteli letky! Jsme v otevřeném prostoru!
c/7/c78a3a1d.p3d	9752_maf35_040	Voodoo aktivní, mám vizuál, uvolněte zónu, přepínám.
c/7/c78a7d14.p3d	8926_mar_b_095	Standardní prohledávka, udržujte odstup. Běžte, běžte!
c/7/c78f0f7e.p3d	20036_magsp_304	Sundejte to ze mě!
c/7/c790ea8e.p3d	13540_p_erm_062	Do svaté prdele!
c/7/c795190c.p3d	19874_magsp_162	Valor Dva Devět odmlčel, přepínám. Můžete se ozvat?
c/7/c7972010.p3d	18056_bwtra_413	Tak tohle je něco, do čeho se pustím!
c/7/c79faadc.p3d	13060_p_ctf_051	Zavolejte policii!
c/7/c7a2fd38.p3d	18979_susol_367	Zmiz odsud!
c/7/c7a84f98.p3d	480_bwbra_075	Vizuál na cíl. Přeposílám souřadnice, přepínám.
c/7/c7b55eea.p3d	14551_p_ham_137	Někdo má zbraň!
c/7/c7b59a3d.p3d	17405_bwoff_064	Zvládli jsme to, pane.
c/7/c7bd143b.p3d	15134_p_mtm_026	Kámo, viděl jsem něco takovýho kousek odsud.
c/7/c7be334f.p3d	22539_bwtrb_e05m01_039	Jednotko Hotrod, tohle je obecný rozkaz k evakuaci, pohyb, pohyb na všech místech a shromážděte se dle plánu. Pokud jste dosud nebyli sami, teď jste. Konec.
c/7/c7c13b09.p3d	18680_susol_068	Jen nám ukažte správný směr, nechte nás jít.
c/7/c7c363ad.p3d	15897_p_uem_083	Ne! Ne! Prosím! Prosím!
c/7/c7d067da.p3d	8060_mabhk_159	Nepřítel padá, dokončete to!
c/7/c7d5e337.p3d	4366_mar_c_224	Ani hnout!
c/7/c7e39552.p3d	12137_nypda_208	Padly výstřely.
c/7/c7e4099a.p3d	13359_p_ctm_116	Zmiz odsud!
c/7/c7e5a8c4.p3d	22286_bwhqa_e10m04_061	Pozemní týmy, okamžité upozornění na blížící se letecký úder, stáhněte se a přikrčte se. Letecká složko, zahajte útočný průlet.
c/7/c7eb154f.p3d	8769_mar_a_490	Počkat, počkat, počkat, máme raněného!
c/7/c7ec7d0a.p3d	7754_mabra_194	Máme pohyb. 100 metrů na devíti hodinách, přepínám.
c/7/c7f70ea7.p3d	10685_mamls_232	Vidíme účinek. Pozorovateli, můžete potvrdit?
c/7/c7fe6e1a.p3d	24295_p_haf_053	Řekli, že je ozbrojenej. Držte se dál!
c/8/c8010eb7.p3d	117_bwbhk_086	Ghost Čtyři Pět zasažen, udržujeme výšku, přepínám.
c/8/c8022972.p3d	782_bwgsp_022	Ztratili jsme cíl, opakuji, ztratili jsme cíl.
c/8/c8029e9a.p3d	20001_magsp_269	Tornado Juliet Trio, všichni nepřátelé zlikvidováni.
c/8/c8062f25.p3d	13942_p_fdf_225	Proč *kašel* já!?
c/8/c807409f.p3d	22065_alex_e07m01_281	Příliš pozdě....
c/8/c80955e8.p3d	8470_mar_a_210	Tihle hajzlové mají vždycky nejlepší vybavení, kámo. Co to má bejt?
c/8/c80aaf2c.p3d	18021_bwtra_378	Nemysli si, že můžeš utéct.
c/8/c80c19aa.p3d	4792_maabr_120	Aktivuji palubní skenery, oči na stopkách, přepínám.
c/8/c813dcc4.p3d	15103_p_uwm_226	Neee!
c/8/c8168ef4.p3d	18944_susol_332	Zabíjím tu, teď nemůžu reagovat!
c/8/c81b24b8.p3d	9247_mar_b_416	Přineste protipancéřovku na tu zatracenou věc!
c/8/c832727a.p3d	15544_p_suf_200	Nemůžu zastavit krvácení!
c/8/c836f56b.p3d	15862_p_uem_050	Whoa, drž se od toho chlapa dál!
c/8/c83ac063.p3d	19416_bwhqa_085	Všechny týmy, Red Crown žádá informace, přepínám.
c/8/c83d5842.p3d	11496_maoff_323	Nestřílejte!
c/8/c83df7b8.p3d	17807_bwtra_164	Toto místo je v karanténě.
c/8/c8497252.p3d	4331_mar_c_188	Důkladné pročesání. Nenechte kámen na kameni!
c/8/c84e27ad.p3d	9859_maf35_147	Sbal si špenát a sedni si na ten cíl. Zero, potvrďte.
c/8/c854d81e.p3d	13647_p_erm_169	Hele, pusť mě, chlape! Prosím, pusť mě!
c/8/c8572483.p3d	12102_nypda_173	Je tady někde poblíž. Jdeme!
c/8/c85798cb.p3d	13324_p_ctm_081	Nebuď blbej!
c/8/c857d781.p3d	10036_maf35_304	Palba ze země. Prověřte to.
c/8/c85b194f.p3d	7597_mabra_037	Přímý úhel, na cíli.
c/8/c85ea6f6.p3d	8734_mar_a_455	DO KRYTU!
c/8/c863986a.p3d	13167_p_ctf_156	Prosím, nedělejte to.
c/8/c864dbd2.p3d	23051_tagga_e09m03_011	To je ZEUS. Neuvěřitelné...
c/8/c86a9dc3.p3d	10650_mamls_197	Operace je tady dole u konce, nezbylo nic než hlína.
c/8/c86c3d3d.p3d	587_bwbra_182	Tady Razor Jedna, máme cíl zaměřen.
c/8/c86ff378.p3d	14728_p_mtf_084	Děláte velkou chybu!
c/8/c8720095.p3d	24260_p_haf_083	Kámo, radši mi zmiz z ksichtu, nebo ti nakopu prdel.
c/8/c88528ae.p3d	18787_susol_175	Počkat! Všichni, jen počkat.
c/8/c885d744.p3d	14298_p_fdm_114	Pomoc! Jdou si pro mě!
c/8/c88eb3e9.p3d	9212_mar_b_381	Nenechte to utéct!
c/8/c88fd1e4.p3d	25209_nypda_091	Dispečinku, tady Adam Seventy-One. Mám ty nahý zrůdy na svý pozici.
c/8/c8900c96.p3d	20573_susol_pain_b	*argh*
c/8/c8945541.p3d	8167_mabhk_246	Ztratili jsme cíl, úderový balíček se vrací na základnu.
c/8/c898dff5.p3d	23013_ragla_e06m02_033	Až budeš připravenej, přijď za mnou a dám ti tu jehlu!
c/8/c89f4193.p3d	21725_speci_e04m04_027	Pozor na tohle.
c/8/c8a10c36.p3d	15387_p_suf_045	Zavolejte 911! Hned!
c/8/c8a1c8d5.p3d	380_bwbhk_349	Připravte se na náraz! Drž se, drž se!
c/8/c8b0ea9b.p3d	11461_maoff_340	Prosím, prosím, PROSÍM mě nezabíjejte!
c/8/c8b6fc8c.p3d	16873_bwtrb_073	Nenech se toho sakra dotknout.
c/8/c8b80ecc.p3d	4174_mar_c_042	Red Crown, tady Chalk Tři. Ztratili jsme oko. Máte pro nás nějaký update?
c/8/c8c1b969.p3d	9824_maf35_112	Hlášení situace, máme potvrzený vizuál, žádám úderný balík, přepínám.
c/8/c8c61702.p3d	889_bwgsp_129	Nevidím, co dělá, přepínám.
c/8/c8c869da.p3d	13612_p_erm_134	Střelec! Střelec!
c/8/c8ca8bce.p3d	11078_mahqa_106	Čekáme na nasazení, přepínám.
c/8/c8cb669d.p3d	10001_maf35_269	Red Crown, navrhuji odvolat úder. Cíl nezvěstný.
c/8/c8cc9858.p3d	19946_magsp_234	Zapojeno.
c/8/c8cd4379.p3d	8577_mar_a_318	On to nevěděl, desátníku.
c/8/c8ce9cd1.p3d	18128_bwtra_485	Seru na tohle, JDU PRYČ.
c/8/c8ceab0b.p3d	7562_mabra_002	Slyšel jsem, že tomuhle se říká "prostředí bohaté na cíle".
c/8/c8d72a26.p3d	13132_p_ctf_121	Pomozte mu!
c/8/c8d93a5b.p3d	10493_mamls_060	Nízká viditelnost, všude je zasranej prach a sutiny.
c/8/c8dfcee4.p3d	552_bwbra_147	K zemi!
c/8/c8e85a9f.p3d	13750_p_fdf_037	Kurva, dávej pozor!
c/8/c8ecde36.p3d	14623_p_ham_209	Do prdele, sakra!
c/8/c8f490fa.p3d	15206_p_mtm_096	Sakra. Budu potřebovat čisté kalhoty.
c/8/c8f8ba6a.p3d	18752_susol_140	Cíl dole! Jsme hotoví!
c/8/c8f96660.p3d	14263_p_fdm_079	Tamhle!
c/8/c8fae2f8.p3d	15969_p_uem_154	Armáda po nás střílí!
c/8/c8fd502e.p3d	9055_mar_b_224	Já nevím, já-já-já prostě nevím!
c/9/c90d5ff8.p3d	4438_mar_c_296	Co to sakra je!?
c/9/c90db6df.p3d	7472_mabcm_140	Máme kontakt v perimetru základny, uzavřete to, uzavřete celou základnu.
c/9/c90e874a.p3d	24994_nypda_004	Jak to jde, šéfe?
c/9/c916021a.p3d	1975_bwmls_113	Je to scénář Echo. Sestřelte ho hned tamhle.
c/9/c91b1229.p3d	12209_nypda_281	Nevím, co to je, ale vím, že to není dobré. Nějaké opevnění.
c/9/c923fc18.p3d	7826_mabra_246	Ohřejte kávu, vracíme se, přepínám.
c/9/c92e8df3.p3d	10757_mamls_304	Padá to, už to nemůžeme ovládat.
c/9/c939a633.p3d	854_bwgsp_094	Žádná stopa po cíli, ukončujeme pátrací misi.
c/9/c93b2fb2.p3d	7918_mabhk_017	Pozor dole, hajzlové.
c/9/c93b3212.p3d	19789_magsp_077	Pozorovatelé, co se sakra stalo? Ztratili jsme vizuál.
c/9/c93e1aff.p3d	11043_mahqa_071	Negativní.
c/9/c9402774.p3d	19911_magsp_199	Tohle bude dnes třetí. Víc paliva než munice. Zmáčkni spoušť.
c/9/c940d2aa.p3d	8542_mar_a_283	Sakra, kámo!
c/9/c943966b.p3d	4864_maabr_192	Setřes to, posádko!
c/9/c947a167.p3d	17194_bwtrb_374	Ježíši, McMillane, ty sakra debile!
c/9/c952a179.p3d	9319_mar_b_488	Došla munice!
c/9/c9567928.p3d	14995_p_uwm_118	Míří sem!
c/9/c95b7805.p3d	14466_p_ham_052	Tady! Mám ho!
c/9/c95ce31b.p3d	25366_alex_e01m02_708	Tohle se nemůže dít.
c/9/c96e74b5.p3d	15934_p_uem_120	Do prdele. Schovej se! Schovej se!
c/9/c970df4a.p3d	9020_mar_b_189	Ať mu někdo zkontroluje doklady!
c/9/c97203ed.p3d	25017_nypda_028	Blížím se na bližší pohled, dispečinku. Čekejte.
c/9/c980f1b4.p3d	4403_mar_c_261	Tamhle ten. Zabijte ho!
c/9/c9899136.p3d	1940_bwmls_078	Dejte nám signál, skenery jsou mrtvé, přepínám.
c/9/c992989b.p3d	7669_mabra_109	Neodešlo to a my taky ne. Vydržte do kontaktu, přepínám.
c/9/c99547fe.p3d	96_bwbhk_065	Dejte nám novou pozici, ztratili jsme vizuál, přepínám.
c/9/c9962642.p3d	8806_mar_a_527	Někdo, pomoc!
c/9/c999c0e2.p3d	11994_nypda_060	Znám ty ulice. Můžu vám pomoct.
c/9/c99b17b6.p3d	13239_p_ctf_228	Ne-ne-ne-Neeee-aaahhh!
c/9/c9a21d0f.p3d	10722_mamls_269	Roller devět pět, žádost o stav cíle, pozorovateli, ohlaste se, přepínám.
c/9/c9a3bc89.p3d	659_bwbra_254	Ztratili jsme stopu, Red Crown.
c/9/c9ac4840.p3d	13857_p_fdf_140	Sakra! K zemi!
c/9/c9aec3ce.p3d	19754_magsp_042	Palba-palba-palba! Zasáhni to.
c/9/c9af6eee.p3d	8385_mar_a_125	Zabiju tě, kurva!
c/9/c9b116ea.p3d	20127_bwbhk_scream_d	*výkřik*
c/9/c9b6903e.p3d	22787_maoff_e08m04_051	Viděls to, kurva?
c/9/c9b9f5df.p3d	15018_p_uwm_141	Pozor! Zbraň!
c/9/c9bc106f.p3d	11893_nydisp_158	Red Crown, Red Crown, zkontrolujte příchozí, máte informace o možném pachateli.
c/9/c9bca7fa.p3d	18859_susol_247	Jsem dobrej! Pořád v pohodě!
c/9/c9c0e657.p3d	24436_speci_e04m04_102	Kdo tě sem poslal, Alexi?
c/9/c9c1c425.p3d	1076_bwgsp_314	Utrpěli jsme těžké poškození, systémy selhávají!
c/9/c9c429d5.p3d	21959_alex_e05m02_175	Dobře, dobře...potřebuju něco, čím Raglanda odvezu. Někde tady musí být vojenská základna....
c/9/c9c863d9.p3d	16691_bwabr_211	Tady Blackjack, jsme čistí a vracíme se na základnu.
c/9/c9ca0859.p3d	14960_p_uwm_083	V žádným případě! Já to nejsem!
c/9/c9cbd48d.p3d	8239_mabhk_318	Rozpadá se to na kusy! Sakra práce!
c/9/c9cf09ac.p3d	14431_p_ham_017	Hej, ukaž mi to!
c/9/c9d88b80.p3d	15459_p_suf_115	Je jich víc! Tam!
c/9/c9ee7b9a.p3d	16945_bwtrb_125	Tady na místě to utichlo, přepínám.
c/9/c9ef8e19.p3d	4246_mar_c_115	Smůla pro ně, že je tu sbor amerických mariňáků. Zaujměte pozice kolem budovy!
c/9/c9fc6d57.p3d	17583_bwoff_232	Nestřílejte!
c/9/c9fd3d85.p3d	12017_nypda_084	Tady Bravo Sixty-Four. Nepřátelé přímo před mou pozicí.
c/a/ca04c04f.p3d	8649_mar_a_390	Hlas se do sítě, jsme svoji! Svoji, kurva!
c/a/ca04d7ed.p3d	22342_bwhqa_524	Piloti, vraťte se do karanténní zóny. Nemáte povolení k přistání.
c/a/ca0627cc.p3d	7634_mabra_074	Na naší pozici žádný personál, 200 metrů na východ.
c/a/ca08d9ba.p3d	61_bwbhk_030	Zbraně připraveny. Zapojujeme se. Vydržte.
c/a/ca0c6f87.p3d	10373_mahqb_110	Pokračujte podle standardního postupu.
c/a/ca0ea6e7.p3d	13204_p_ctf_193	Jsem zraněná! *vzlykání* Jsem zraněná!
c/a/ca10b9a7.p3d	10565_mamls_132	Zastavte palbu, přestaňte střílet. Potvrďte cíl.
c/a/ca12b79c.p3d	25280_nypda_177	Tady Charlie Nineteen, podezřelý je na útěku!
c/a/ca18241c.p3d	24175_p_haf_230	Aaaáách!
c/a/ca1fd9e9.p3d	13822_p_fdf_107	Zavolejte záchranku!
c/a/ca22fe1f.p3d	8350_mar_a_090	Red Crown. Echo One Alpha má potvrzenou identifikaci nepřítele. Žádám podporu úderného týmu.
c/a/ca27dca5.p3d	24093_bwoff_events_054	No tak! Musíme je pořádně zasáhnout, nebo je po nás.
c/a/ca2b9a9c.p3d	23940_alex_068	Máš něco, co potřebuju.
c/a/ca3039b6.p3d	18824_susol_212	D-Code, nasazuji se, kryjte mě.
c/a/ca30e5c1.p3d	14335_p_fdm_151	Bude to střílet!
c/a/ca34ccef.p3d	9127_mar_b_296	Páni!
c/a/ca355357.p3d	1041_bwgsp_280	Zapojujeme se právě teď. Mám úhel... teď!
c/a/ca3e65ba.p3d	24079_bwoff_events_040	Utrpěli jsme značné škody... musíme je začít bít víc. Rychle.
c/a/ca3e6c58.p3d	21911_alex_e04m01_127	Ne!
c/a/ca3f348f.p3d	19183_p_hlf_105	Seženu ti pomoc, jen tu počkej.
c/a/ca3f63be.p3d	8204_mabhk_283	Hodí to! Ustupte!
c/a/ca453368.p3d	7544_mabcm_198	Rota Fox má těžké ztráty. Sežeňte nám sem hned leteckou podporu!
c/a/ca47e1f0.p3d	295_bwbhk_264	Cíl zničen, Ghost se vrací do Paláce.
c/a/ca4c1ab1.p3d	15424_p_suf_080	Musí to bejt on!
c/a/ca570360.p3d	11376_maoff_232	To není on!? To se nemůže dít!
c/a/ca631d4a.p3d	4211_mar_c_080	Tady Fire Team Charlie z Darkhorse. Zóna je naše. Konec.
c/a/ca67d26f.p3d	9739_maf35_027	Voodoo ustupuje, problémy s hlavním motorem. Dvě dvě nula, přepínám.
c/a/ca6e82e0.p3d	13527_p_erm_049	To je tamten chlap!
c/a/ca71257f.p3d	926_bwgsp_166	Zóna má zápalné, zahajte zadržení.
c/a/ca759a4b.p3d	11115_mahqa_143	Přiveďte na ten cíl leteckou podporu, naplno, přepínám.
c/a/ca7851f6.p3d	8614_mar_a_355	Vyfoťte to! Vyfoťte to!
c/a/ca7b1579.p3d	4936_maabr_244	Je čisto, posádko. Jedeme domů.
c/a/ca7d432e.p3d	13047_p_ctf_038	Kde máš vychování!
c/a/ca7f20b3.p3d	17266_bwtrb_446	Nezabíjej mě! Řeknu ti všechno!
c/a/ca8448c3.p3d	10530_mamls_097	Připravte se na pořádnou jízdu.
c/a/ca84caf1.p3d	17985_bwtra_342	Sundejte ho!
c/a/ca85e7ff.p3d	467_bwbra_062	Ztracen vizuál na ZEUSe, přepínám.
c/a/ca8c5169.p3d	16798_bwabr_318	Blackjacku, konec!
c/a/ca8fa3b9.p3d	19594_bwhqb_072	Zamítnuto.
c/a/ca92f751.p3d	14538_p_ham_124	Pusť mě sakra!
c/a/ca9df7bd.p3d	12280_nypda_352	Nestřílejte! Podívejte se na můj odznak!
c/a/ca9ef996.p3d	24418_maoff_events_046	Alfa 4 hlásí -- máme to pod kontrolou.
c/a/caa0d99e.p3d	24736_alex_e01m01_803	A oni za to zaplatí!
c/a/caa47768.p3d	14300_p_fdm_116	Slyšel někdo vrtulníky? Viděl vojáky? Bože!
c/a/caae0041.p3d	8047_mabhk_146	Pozemní, vidíte to taky?
c/a/cab3cfe5.p3d	7387_mabcm_055	Zpravodajský přenos žádá vyjasnění, vaše zpráva je neúplná.
c/a/caca927c.p3d	11341_maoff_197	Spoutejte ho!
c/a/cacfa1c2.p3d	22910_mar_b_e06m04_039	Potvrzeno, Red Crown, FIREBALL byl přemožen. Opakuji, FIREBALL byl přemožen. Vypadá to, že nikdo nepřežil.
c/a/cade98ec.p3d	17391_bwoff_050	Všichni ustupte od mého cíle. Dělostřelectvo to rozmetá na prach. Zahajte Palebnou akci OKAMŽITĚ!
c/a/cae3c78c.p3d	13929_p_fdf_212	Ach ne!
c/a/cae6431a.p3d	19826_magsp_114	Cíl zaměřen. Na tohle budeme potřebovat podporu, přepínám.
c/a/cae6ebaf.p3d	8457_mar_a_197	Důstojníku, připraven k službě!
c/a/cae84793.p3d	18008_bwtra_365	To je ten cíl! Střelte ho, vy blbci!
c/a/cae9b1fc.p3d	4779_maabr_107	Potřebujeme sem těžkou palbu, RC. Žádáme těžký úder, přepínám.
c/a/caeb3d9a.p3d	22237_bwhqa_e07m02_012	Toxický týme čtyři, máme tu červené světlo, přepínám. Toxický týme čtyři, prosím odpovězte, přepínám.
c/a/caf1f646.p3d	24582_alex_e06m02_585	Dávej pozor!
c/a/caf2b26f.p3d	17231_bwtrb_411	Do prdele s tímhle!
c/a/caf85467.p3d	22668_mabra_e06m04_018	SVATÁ PROSTĚLENÁ PRDEL! ZEUS BYL SPATŘEN! OPAKUJI, ZEUS JE PŘÍMO PŘED NAŠIMA HUBAMA!!! RED CROWN, POŠLETE POSILY -- HNED!
c/a/caf85c98.p3d	17950_bwtra_307	Uh, asi jsem lhal, že hůř už nebude.
c/a/caf979a6.p3d	432_bwbra_027	Rozumím, Razorback je bojeschopný.
c/a/caffe09a.p3d	16763_bwabr_283	Pancíř zatím drží....
c/b/cb06866d.p3d	14503_p_ham_089	Nezabíjej mě, sakra!
c/b/cb0a2560.p3d	20103_bwabr_scream_d	*výkřik*
c/b/cb0b22d7.p3d	20111_bwbhk_dying_d	*chroptění*
c/b/cb126589.p3d	18632_susol_050	Nepřátelé v otevřeném prostoru, míří na mou pozici, přepínám.
c/b/cb148dbd.p3d	15849_p_uem_037	Hej! Dávej pozor!
c/b/cb15f8f3.p3d	22573_bwtrb_e06m05_074	Zavři tu svou hubu a střílej!
c/b/cb2191fd.p3d	8012_mabhk_111	Thunder Čtyři Pět udržuje pátrací dráhu.
c/b/cb2342a8.p3d	22183_bwabr_e08m02_23	Jackpot pod útokem! Backscratch!
c/b/cb270ab9.p3d	4318_mar_c_175	Jdi za mým hlasem!
c/b/cb2761a1.p3d	7352_mabcm_020	Zabezpečená základna je online, Red Crowne. Čeká na taktické pokyny, konec.
c/b/cb28422b.p3d	24874_nypda_378	Ty hajzle!
c/b/cb2a5856.p3d	14871_p_mtf_225	Škrtí...mě....
c/b/cb2b5131.p3d	21790_alex_e01m01_007	Když poběžím dost rychle, možná vyběhnu rovnou po téhle zdi....
c/b/cb2c8208.p3d	22559_bwtrb_e06m05_060	Najděte palebnou pozici!
c/b/cb3879b1.p3d	22380_bwoff_e03m01_023	Taggartovy rozkazy jsou jasné -- nic dovnitř, nic ven. Mějte oči na stopkách.
c/b/cb392edc.p3d	11184_maoff_046	Polní velení volá Red Crown, máme hořáky!
c/b/cb3da718.p3d	7706_mabra_146	Máte povolení rozstřílet to na kusy, přepínám.
c/b/cb42623f.p3d	20600_p_ctf_disgust_a	Fuj!
c/b/cb4f9889.p3d	24247_p_haf_039	Hajzle!
c/b/cb583599.p3d	22308_bwhqa_e10m04_083	Zbývají tři minuty.
c/b/cb5a7d6b.p3d	8422_mar_a_162	Udržujte bezpečnou vzdálenost!
c/b/cb5d412d.p3d	4744_maabr_072	Ranger Dvě Sedm Bravo má znovu vizuální kontakt s nepřítelem, slyšíte?
c/b/cb614c29.p3d	17074_bwtrb_254	Sakra. To je škoda.
c/b/cb61e54d.p3d	12387_nypda_459	Ó, přichází nějaký svinstvo!
c/b/cb66f667.p3d	17793_bwtra_150	Utíká, odřízněte ho!
c/b/cb68650d.p3d	14407_p_fdm_223	*lapnutí po dechu* Nemůžu dýchat...
c/b/cb698fd8.p3d	21842_alex_e02m05_058	Dobře, budu potřebovat pomoc -- nebo aspoň rozptýlení. Pár bloků odsud jsem viděl vojenskou základnu.
c/b/cb701319.p3d	24512_alex_e02m02_516	Kolem těchhle věcí musím být opatrný...
c/b/cb76b14e.p3d	19255_p_hlf_175	Všichni sakra umřeme!
c/b/cb7f613c.p3d	367_bwbhk_336	Padáme! Ghost Dog Šest Sedm, padáme do města!
c/b/cb7f75e7.p3d	22811_maoff_e10m04_075	Letecká jednotko -- právě nakládáme na výtah. Uvolněte muže z dráhy a dejte nám čas na vzlet!
c/b/cb8d6928.p3d	20365_maf35_scream_b	*výkřik*
c/b/cb8e8001.p3d	11448_maoff_293	Pořád dobrý! Pořád dobrý!
c/b/cb9f8a86.p3d	24014_bwhqb_e06m02_019	Berte na vědomí, berte na vědomí, v kontrolní zóně došlo k několika zpozorováním ZEUSe. Rozkazy jsou následující: ZEUS je prioritní cíl. Konec.
c/b/cba2867c.p3d	17498_bwoff_157	Cíl je přímo tady!
c/b/cba77bbf.p3d	17620_bwoff_269	Nenech ho, ať si mě vezme!
c/b/cbb288cb.p3d	10288_mahqb_045	To je fáze jedna. Předejte to WATCHi.
c/b/cbb4c278.p3d	13119_p_ctf_108	Nic nevidím!
c/b/cbb69fff.p3d	17338_bwtrb_518	Sakra!
c/b/cbb77def.p3d	10410_mahqb_147	Zajistěte těm lidem leteckou podporu.
c/b/cbb8d81a.p3d	25195_nypda_282	Vypadá to jako hnízdo hořáků nebo tak něco.
c/b/cbbd674b.p3d	539_bwbra_134	Polní týme, najděte kryt!
c/b/cbc051f5.p3d	2176_bwmls_314	Ztrácíme to, ztrácíme to, vyskočte!
c/b/cbc32a83.p3d	24212_p_haf_024	Kámo, je to tam úplně v prdeli.
c/b/cbc5f306.p3d	13737_p_fdf_024	Ježíši, tohle město jde k čertu!
c/b/cbc72305.p3d	19666_bwhqb_144	Žádost o úder přijata. Vyšlete tým.
c/b/cbc7c4d8.p3d	4581_mar_c_439	Předejte to velení, cíl je v jedný z našich jednotek.
c/b/cbd57709.p3d	12352_nypda_424	Mám plné ruce práce, dispečinku!
c/b/cbd5bf0f.p3d	11881_nydisp_146	Policisté v kontaktu s prioritními vojenskými podezřelými, žádají nasazení úderného týmu na jejich pozici, přepínám.
c/b/cbd652bc.p3d	18739_susol_127	Solidní práce, chlapi!
c/b/cbdbe1f1.p3d	23939_alex_067	Ty...jsi můj.
c/b/cbe20ed9.p3d	16571_bwabr_111	Hořák sražen. Opakuji, hořák sražen!
c/b/cbe54dac.p3d	19098_p_hlf_022	Na co to všichni čumíte?
c/b/cbe57f6e.p3d	8119_mabhk_208	Rozumím, Red Crowne.
c/b/cbea430a.p3d	19220_p_hlf_140	Nechci bejt postřelená.
c/b/cbeafb0f.p3d	8984_mar_b_153	Hej, ty! Tahle oblast je ZAKÁZANÁ.
c/b/cbeb4f31.p3d	7459_mabcm_127	Nepřítel v drátech. Velitelé skupin, seřaďte se a hlaste kontakty.
c/b/cbf1318e.p3d	25481_alex_e09m03_708	Potřebuju toho hajzla Taggarta celého.
c/b/cbf2f2f8.p3d	332_bwbhk_301	Vydrž! Hledáme čistý vzduch.
c/b/cbf42092.p3d	22019_alex_e06m01_235	Už jdu, Dano! VYDRŽ!
c/b/cbf8b672.p3d	24565_alex_e05m03_568	Teď...
c/c/cc0211a1.p3d	11413_maoff_251	Nahlaste tohle.
c/c/cc08269a.p3d	16825_bwtrb_025	Ztratil jsem ho. Varujte posily.
c/c/cc0dae7d.p3d	20085_bwabr_dying_b	*chroptění*
c/c/cc161838.p3d	17463_bwoff_122	Tento perimetr je zakázaný. Zůstaneš, zemřeš.
c/c/cc1d8fa9.p3d	15192_p_mtm_082	Počkej, po-po-po-počkej! Vzdávám se!
c/c/cc1e6b11.p3d	8529_mar_a_270	Přímo tady! Tenhle! Sundejte ho!
c/c/cc261a87.p3d	10253_mahqb_010	Dostaňte ty lidi přes zónu, poručíku.
c/c/cc2a2f30.p3d	17303_bwtrb_483	Palebná kázeň!
c/c/cc2a6469.p3d	10445_mamls_012	Haló, tam venku, jsme připraveni nakopat zadky.
c/c/cc2bc8a9.p3d	10972_mahqa_020	Je to důkladné prohledání sektoru. Buďte ve střehu. Potvrďte.
c/c/cc2c625d.p3d	25160_nypda_056	Jsem přidělený k tomuhle sektoru. Nechte mě pomoct.
c/c/cc30f667.p3d	504_bwbra_099	Budeme potřebovat zdravotníky... a pytle na mrtvoly, Red Crown.
c/c/cc33e057.p3d	2141_bwmls_219	Žádná zjevná cesta ven.
c/c/cc37f216.p3d	21825_alex_e01m02_042	Ty budeš stačit.
c/c/cc38e83d.p3d	22756_maoff_e06m01_020	Palte dle uvážení.
c/c/cc3ab4ac.p3d	19631_bwhqb_109	Držte se brífinku. Bojový plán Bravo.
c/c/cc4410c3.p3d	12195_nypda_267	Vážně?
c/c/cc49e1ed.p3d	18704_susol_092	Nic tu není, šéfe. D-Code, konec.
c/c/cc4a9084.p3d	14215_p_fdm_032	Dost!
c/c/cc4ca5ab.p3d	22770_maoff_e06m04_034	RED CROWN! ZEUS narušil Kladivo! Žádám instrukce, přepínám.
c/c/cc4e77b1.p3d	9007_mar_b_176	Nepřítel v otevřeném prostoru! NEPŘÍTEL!
c/c/cc532030.p3d	25411_alex_e05m01_701	Jak upoutat pozornost důstojníka? Začnu zabíjet jeho lidi.
c/c/cc5ede62.p3d	7424_mabcm_092	Velitelství základny potvrzuje. Vysíláme podporu do terénu, konec.
c/c/cc5fc14e.p3d	24946_nypda_430	Došla mi munice!
c/c/cc618cb2.p3d	175_bwbhk_144	Zkus tam sletět, mrkni se na to.
c/c/cc67299d.p3d	1927_bwmls_065	Čas uzavřít případ. Pošlete Zabíjecí tým, prioritní kód se nahrává.
c/c/cc70ae01.p3d	11256_maoff_100	Palebné týmy! Hlaste se!
c/c/cc7fb576.p3d	10709_mamls_256	Jů hů! Vypusťte to celý zasraný sklad!
c/c/cc80ce88.p3d	22889_mar_b_e02m05_019	Tomu, kurva, nevěřím.
c/c/cc871849.p3d	24319_p_haf_143	Co to dělá?
c/c/cc8ad041.p3d	806_bwgsp_046	Zbraň na obloze. Připraveni zapojit. Zapni auto a ulož.
c/c/cc94c079.p3d	4816_maabr_144	Kryjte nás!
c/c/cc98cb75.p3d	17146_bwtrb_326	Stůj.
c/c/cc9964ae.p3d	12459_nypda_531	Neeee-heeee!
c/c/cc9b3e5e.p3d	19474_bwhqa_143	Red Crown, potvrzuji nasazení úderného balíčku, přepínám.
c/c/cc9e75b3.p3d	17865_bwtra_222	Tělo tady!
c/c/cca7a0c0.p3d	14947_p_uwm_070	Viděl to někdo!?
c/c/ccaaf1a2.p3d	16800_bwabr_320	Mayday! Mayday!
c/c/ccb356f2.p3d	22979_mcmul_e04m03_005	ZEUS je na zemi na souřadnicích Alfa tři nula čtyři, čárka, Delta šest jedna! Máte svou informaci.
c/c/ccb7a27f.p3d	12160_nypda_232	Vidíš to? Hýbe se to?
c/c/ccb816b1.p3d	13382_p_ctm_139	Ono střílí!
c/c/ccbf24f1.p3d	8792_mar_a_513	Páni!
c/c/ccce530c.p3d	24789_nypda_035	Tady Charlie Nineteen, slyším vás, dispečinku.
c/c/ccd07171.p3d	14786_p_mtf_140	Ach, můj bože, on bude střílet!
c/c/ccd35713.p3d	24911_nypda_525	Pozor!
c/c/ccd51e59.p3d	140_bwbhk_109	Pošlete SAR ptáka, máme zraněného z BLACKWATCH, přepínám....
c/c/cce17d37.p3d	15299_p_mtm_187	Uhni mi z cesty, idiote!
c/c/cce27054.p3d	22329_bwhqa_511	To je ono. Sestřelte ho.
c/c/cce43d38.p3d	11221_maoff_071	Delta čtyřicet pět drží taktickou pozici, slyšíte?
c/c/cce6720c.p3d	48_bwbhk_017	Zahajuji obletovou dráhu nad oblastí cíle C Deset, přepínám.
c/c/cce9da6d.p3d	25464_alex_e08m03_701	Dobře, uvidíme, co se dá rozvolnit.
c/c/cceaeb2d.p3d	11946_nypda_031	10-4.
c/c/ccef31cf.p3d	9270_mar_b_439	Ještě žije!
c/c/ccf05b84.p3d	25267_nypda_484	Tuhle mrchu je čím dál těžší zabít.
c/c/ccf32af3.p3d	21775_speci_e04m04_077	Na co čekáš?
c/c/ccfd6fc5.p3d	13809_p_fdf_094	Do prdele!
c/c/ccff4458.p3d	4653_mar_c_521	Jsme moc blízko! Stáhnout se!
c/d/cd009671.p3d	8337_mar_a_077	Hlaste se! Hlaste se!
c/d/cd03711b.p3d	20976_p_suf_fallscream_a	*výkřik*
c/d/cd0c5aa6.p3d	17111_bwtrb_291	Kurva!
c/d/cd0cf3ca.p3d	12424_nypda_496	Zbraně dolů! Hlídejte si palebnou linii!
c/d/cd1204cf.p3d	17830_bwtra_187	Dole, je dole. Vypadá to dobře.
c/d/cd12eba9.p3d	1028_bwgsp_267	Tornado Five, uvolněn ze zásahu.
c/d/cd15c45f.p3d	21697_karen_e03m01_015	Díky. Podívej, tady budu v bezpečí. Měl bys brzo přijít, budu pro tebe něco mít.
c/d/cd198b9a.p3d	16643_bwabr_183	Skenery negativní, ale projedeme a mrkneme se na vlastní oči.
c/d/cd1b3267.p3d	14912_p_uwm_035	Za co to bylo!?
c/d/cd2234d9.p3d	9882_maf35_170	Tady je to skoro hotovo, Věži. Je to na čtrnáctou hodinu golf?
c/d/cd28e54a.p3d	13670_p_erm_192	Pomozte mi!
c/d/cd37a581.p3d	13190_p_ctf_179	Pohyb!
c/d/cd44031a.p3d	14751_p_mtf_107	Zavolejte záchranku!
c/d/cd4d94f9.p3d	17535_bwoff_194	Kůže! Máme tu kůže!
c/d/cd550ef3.p3d	15264_p_mtm_152	Vidíš to teď? Vidíš to sakra?
c/d/cd5d9729.p3d	10325_mahqb_072	Negativní. Potvrďte?
c/d/cd61e12a.p3d	10517_mamls_084	Uh, dejte mi hodnoty pro celou oblast, přepínám.
c/d/cd63e644.p3d	25232_nypda_299	Ukaž mi ruce!
c/d/cd686258.p3d	8190_mabhk_269	Ježíši, byl to zásah, nějaké škody?
c/d/cd694800.p3d	24127_p_haf_095	Sakra!
c/d/cd6dddf3.p3d	4496_mar_c_354	Mám toho sakra dost!
c/d/cd7367c6.p3d	21569_maabr_251	Všechny cíle splněny. Útok dokončen. Ranger, konec.
c/d/cd74282c.p3d	8302_mar_a_041	Teď ho máme!
c/d/cd7b900f.p3d	12267_nypda_339	Chyťte toho chlapa -- přesně tamtoho!
c/d/cd80a148.p3d	17673_bwtra_040	Potvrzuji.
c/d/cd847a13.p3d	7884_mabra_304	Úhybný manévr -- dostaň nás odsud hned!
c/d/cd8827df.p3d	16486_bwabr_026	Máme to, máme to, poloha nepřítele potvrzena, přepínám.
c/d/cd905c14.p3d	19135_p_hlf_059	To je ten vrah!
c/d/cd98fe2c.p3d	21971_alex_e05m02_187	Raglande!
c/d/cd990bfe.p3d	247_bwbhk_216	Možné spatření, přepošlete polohu pozemním jednotkám.
c/d/cd9bab22.p3d	7976_mabhk_075	Thunder hlásí vizuál na Nula Devět Šest, přepínám.
c/d/cda2ac73.p3d	18151_bwtra_508	Zpátky, zpátky!
c/d/cda82ae3.p3d	11328_maoff_184	Jen nepanikařte! Pořád je tady!
c/d/cdbc313e.p3d	17378_bwoff_037	Sakra. Je pryč.
c/d/cdbcf172.p3d	22528_bwtrb_e04m03_028	Soustřeďte se! Uvnitř toho je hromada pohybu!
c/d/cdc126a0.p3d	17500_bwoff_159	To nejsem já, jsem BLACKWATCH!
c/d/cdc65451.p3d	25447_alex_e07m01_701	Ghost Twelve, Ghost Twelve... sakra, to je můj volací znak.
c/d/cdcef00f.p3d	15992_p_uem_177	Běž! Utíkej!
c/d/cdd04836.p3d	17218_bwtrb_398	Zakopal se. Čeká nás obležení.
c/d/cdd27f3f.p3d	25075_nypda_077	Podezřelý unikl z místa. Opakuji, unikl z místa.
c/d/cdd5f274.p3d	17937_bwtra_294	Myslíš, že se zastavím kvůli rukojmí? Seš sakra magor.
c/d/cdd711ee.p3d	419_bwbra_004	Vjíždíme dovnitř, stabilně a pomalu, pošlete nám cíl, rozumíte?
c/d/cdd9fa2c.p3d	2056_bwmls_194	C tři se přesouvá na základnu, přepínám.
c/d/cde0ce05.p3d	19546_bwhqb_044	Scénář ZEUS skončil. Informujte generála.
c/d/cde16f9a.p3d	4461_mar_c_319	Je někdo zasažen!?
c/d/cde6222b.p3d	9989_maf35_257	Voodoo Sedm, velitel úderu potvrzuje splnění mise.
c/d/cdef21cb.p3d	12232_nypda_304	Hej, dej ruce tak, ať na ně vidím!
c/d/cdef9612.p3d	13454_p_ctm_211	Dávejte pozor!
c/d/cdeffddb.p3d	18619_susol_037	Přišli jsme od západu, ale ztratili jsme ho. Ozveme se.
c/e/ce029b0a.p3d	10780_mamls_327	Nic nezbylo, jsme v hajzlu.
c/e/ce03edd0.p3d	19100_p_hlf_024	Kámo, je to tam úplně v prdeli.
c/e/ce04f9f3.p3d	7339_mabcm_007	Polní a zbraňové zásoby dorazily. Polní velitelství Delta je připraveno k nasazení jednotek.
c/e/ce07f0bd.p3d	14858_p_mtf_212	Ach neee!
c/e/ce0c9b2f.p3d	212_bwbhk_181	Nepřítel padá, dokončete to!
c/e/ce0f3cde.p3d	7941_mabhk_040	Cíl není zlikvidován, opakuji, NENÍ ZLIKVIDOVÁN.
c/e/ce18bca5.p3d	22271_bwhqa_e08m03_046	Čerpadlo Bloodtoxu bylo zničeno. Přeskupujeme se na pozici Alfa Oscar Hotel tři devět.
c/e/ce1a713a.p3d	15076_p_uwm_199	Jsem raněnej! Pomozte mi!
c/e/ce26b130.p3d	9342_mar_b_511	Kryjte se!
c/e/ce2a14a3.p3d	22579_bwtrb_e07m01_080	OPAKUJI, NEBEZPEČNÁ BLÍZKOST NA MÉ POZICI, UDRŽUJTE PALBU. CÍLE OZNAČENY INFRAČERVENÝM A LASEREM, PŘEPÍNÁM.
c/e/ce2f45ba.p3d	22257_bwhqa_e08m03_032	Přední pozorovatel hlásí pohyb nepřítele u východního vstupu. Východ, konec.
c/e/ce326f51.p3d	16015_p_uem_200	Sakra, krvácím!
c/e/ce3815bd.p3d	8409_mar_a_149	Kde je kapitán? KAPITÁNE!?
c/e/ce415783.p3d	19389_bwhqa_068	Rozumím.
c/e/ce4211c9.p3d	20883_p_mtf_disgust_d	Ach, Ježíši....
c/e/ce46147e.p3d	25040_nypda_122	Dispečinku, nevím, jak tohle popsat!
c/e/ce49841b.p3d	17902_bwtra_259	Pušky v pohotovosti, vojáci.
c/e/ce510aa8.p3d	16715_bwabr_235	Tady Blackjack, přerušujeme úder, přepínám.
c/e/ce545fac.p3d	19511_bwhqb_009	Rozumím. Nezůstane to skryté dlouho. Pokračujte v tom.
c/e/ce560c48.p3d	22096_alex_e08m02_314	Almighty, Almighty, projeďte ulice a vyčistěte je. Prioritní žádost, máte moje souřadnice.
c/e/ce5dbb81.p3d	12075_nypda_143	Všechny jednotky, zase ho mám!
c/e/ce5e2fce.p3d	13297_p_ctm_056	Tamhle! Tamhle! To je on!
c/e/ce5f6e4a.p3d	22930_mar_c_e02m05_008	Bravo base, tady oddíl Y-Y. Máme tu na ulicích nějaká zasraná divoká zvířata. Potřebujeme leteckou podporu.
c/e/ce66a5c7.p3d	7692_mabra_132	Rozdrť to. Přejeď to a rozdrť.
c/e/ce77c9a0.p3d	682_bwbra_277	Přerušit spojení. Přerušit spojení.
c/e/ce796fd4.p3d	24826_nypda_413	Udržujte palbu!
c/e/ce7b6f16.p3d	23002_ragla_e05m02_022	Alexi!
c/e/ce7b7fd9.p3d	14823_p_mtf_177	Běž! Utíkej!
c/e/ce805557.p3d	13880_p_fdf_163	Ne. Proboha, ne. Ne, pro-proč takhle? Prosím.
c/e/ce851426.p3d	17607_bwoff_256	Pohni se!
c/e/ce8c8e3f.p3d	15336_p_mtm_224	Pusť. Pusť. Zabiješ mě.
c/e/ce8e02f6.p3d	15041_p_uwm_164	Prosím, nedělej to! Prosím! Nezabíjej mě!
c/e/ce90b526.p3d	18882_susol_270	Nedovolte, aby ho to pohltilo!
c/e/ce9163a7.p3d	14393_p_fdm_209	Vypadni odtamtud!
c/e/ce954aea.p3d	9185_mar_b_354	Vraž do něj čtyřicítku!
c/e/ce9b6c4f.p3d	25304_nypda_502	*zasténání* Moje zasraná noha. Ježíši, moje noha.
c/e/cea55d3f.p3d	4568_mar_c_426	Ježíši Kriste!
c/e/ceac9897.p3d	15482_p_suf_138	Utíkej, nebo tě zastřelí!
c/e/ceb27637.p3d	17026_bwtrb_206	Odhalení!
c/e/ceb30f70.p3d	12339_nypda_411	Střílím!
c/e/ceb4e95e.p3d	19354_bwhqa_043	Red Crown žádá potvrzení zásahu? Slyšíte?
c/e/ceb82075.p3d	17745_bwtra_102	Ten hajzl je maso!
c/e/cebfa4a0.p3d	16558_bwabr_098	Zahajte palbu
c/e/cec7db5e.p3d	19207_p_hlf_129	Páni, páni, kámo. Sakra svatá.
c/e/cec84ddf.p3d	9797_maf35_085	Tady Voodoo, cíl se znovu objevil na vektoru nula jedna šest.
c/e/cecf00db.p3d	13585_p_erm_107	Ozvi se, jestli mě slyšíš!
c/e/ced088bf.p3d	319_bwbhk_288	Zahajujeme nasazení pěchoty na cíl.
c/e/ced14d27.p3d	12040_nypda_107	Čistíme oblast, dispečinku. Je pryč.
c/e/ced1a37a.p3d	984_bwgsp_224	Veliteli, cíl unikl pátrání. Vracíme se na základnu.
c/e/ced1c18a.p3d	13262_p_ctm_021	Jsou mrtví?
c/e/cedb9374.p3d	4994_maabr_302	Ranger Dvě Sedm sestřelen. MAYDAY! MAYDAY!
c/e/cee0df2e.p3d	24610_alex_e09m01_613	Tady je druhý vrtulník.
c/e/ceea1c35.p3d	14666_p_mtf_022	Je někdo zraněný?
c/e/ceec7305.p3d	24052_bwoff_events_013	Vybral si správnou stranu... Sundejte ho, jestli změní stranu!
c/e/cef372c1.p3d	14596_p_ham_182	Pohni se!
c/e/cefb2811.p3d	15179_p_mtm_070	Nemůžu tomu uvěřit.
c/f/cf001d5b.p3d	15301_p_mtm_189	Nestůjte tu jen tak!
c/f/cf08dc91.p3d	9150_mar_b_319	Celé hnízdo těch parchantů... Ježíši...
c/f/cf0960fb.p3d	10959_mahqa_007	Rozumím. Polní jednotky ztratily kontakt, přepínám.
c/f/cf0a0590.p3d	25147_nypda_308	Mám ho!
c/f/cf117997.p3d	2128_bwmls_276	Tango zasažen, přebít a znovu zaměřit.
c/f/cf184a88.p3d	19618_bwhqb_096	Hlášení situace, jednotka po jednotce.
c/f/cf18ec70.p3d	4533_mar_c_391	Kurva! Tady je to!
c/f/cf251ebd.p3d	20181_bwmls_dying_b	*chroptění*
c/f/cf269e8c.p3d	12304_nypda_376	Na zem!
c/f/cf2baf91.p3d	17710_bwtra_067	Člověk by čekal, že za sebou nechá slizkou stopu.
c/f/cf33365c.p3d	16523_bwabr_063	Rozumím. Prohledáváme zónu. Nahlásíme kontakt, přepínám.
c/f/cf3bdf9b.p3d	9762_maf35_050	To je hustá skupina. Výborně.
c/f/cf3c251d.p3d	8936_mar_b_105	Devil Dogs vyhrávají ZASE! Zkurvenej postupový FLUŠ!
c/f/cf40b4fc.p3d	20046_magsp_314	Ale sakra!
c/f/cf42900c.p3d	13550_p_erm_072	To je ten chlap, tamhle!
c/f/cf46be8a.p3d	19884_magsp_172	Došly nám hellfiry? Dej tomu velkýmu ochutnat.
c/f/cf48c58e.p3d	18066_bwtra_423	Nepřítel za volantem!
c/f/cf51577f.p3d	13070_p_ctf_231	Držte se dál!
c/f/cf52d505.p3d	20735_p_fdf_pain_d	*argh*
c/f/cf54a2b6.p3d	18989_susol_377	Nestřílejte!
c/f/cf59f516.p3d	490_bwbra_085	Seskupte se na mé dvacítce.
c/f/cf670468.p3d	14561_p_ham_147	Tank! Sakra, střílí!
c/f/cf673fbb.p3d	17415_bwoff_074	To je ono!
c/f/cf6eb9b9.p3d	15144_p_mtm_036	Ach, promiň, to jsem byl já?
c/f/cf72e087.p3d	18690_susol_078	Kill box identifikován. Máte mé souřadnice. Perimetr patnáct yardů.
c/f/cf7d9843.p3d	25112_nypda_352	Nestřílejte! Podívejte se na můj odznak!
c/f/cf820d58.p3d	8070_mabhk_169	Povolejte úklidovou četu, ZEUS je mrtvý, přepínám.
c/f/cf8788b5.p3d	4376_mar_c_234	Do boje! Zaútočte na něj!
c/f/cf953ad1.p3d	12147_nypda_219	Tak, a je to!
c/f/cf95af18.p3d	13369_p_ctm_126	Osvoboď se!
c/f/cf9cbd58.p3d	8779_mar_a_500	BĚŽ!
c/f/cfa8b425.p3d	10695_mamls_242	To bylo sakra o fous.
c/f/cfb2b435.p3d	127_bwbhk_096	Ghost volá Red Crown, čekáme na rozkaz k leteckému úderu, přepínám.
c/f/cfb3cef0.p3d	792_bwgsp_032	Tady na druhé straně, je to tady! Přisuňte linii!
c/f/cfb44418.p3d	20011_magsp_279	Palebná podpora, mise Tiger Sedm, návrat na základnu. Mise splněna.
c/f/cfb518c2.p3d	20680_p_erm_disgust_a	Fujtajbl!
c/f/cfbafb67.p3d	8480_mar_a_221	Stůj!
c/f/cfbc54aa.p3d	18031_bwtra_388	Pro lásku boží...
c/f/cfc5665c.p3d	23886_alex_014	Žádám těžký úder na Kill Box. Cíl označen, konec!
c/f/cfc83472.p3d	18954_susol_342	Mám cíl. Řeším to.
c/f/cfccca36.p3d	9257_mar_b_426	Myslíš, že tahle práce je zasraná přehlídka?
c/f/cfd23e0e.p3d	20509_mar_c_scream_b	*výkřik*
c/f/cfd70c6a.p3d	22031_alex_e06m02_247	Raglande! Sérum!
c/f/cfe417f8.p3d	15554_p_suf_210	K zemi!
c/f/cfe89ae9.p3d	15872_p_uem_060	Uvolněte ulice!
c/f/cfec65e1.p3d	19426_bwhqa_095	Žádám hlášení o podmínkách na zemi! Uposlechněte.
c/f/cfef9d36.p3d	17817_bwtra_174	Nesnáším tohle.
c/f/cff4f5ee.p3d	22409_bwtra_e01m02_001	Vážně si myslíš, že by byl tak blbej, aby sem přišel?
c/f/cffb17d0.p3d	4341_mar_c_198	Nepřítel je aktivní!
c/f/cfffcd2b.p3d	9869_maf35_157	ZEUS se stal nepřátelským!
d/0/d0067d9c.p3d	13657_p_erm_179	No tak, hni sebou!
d/0/d008ca01.p3d	12112_nypda_183	Podezřelý je mobilní, dispečinku. Podezřelý je mobilní!
d/0/d0093e49.p3d	13334_p_ctm_091	Do prdele!
d/0/d0097cff.p3d	10046_maf35_314	Mayday, Mayday! Padám! Míří to na nos k řece!
d/0/d0104c74.p3d	8744_mar_a_465	Přestřelka. Jsme v přestřelce! Přelet a letecká podpora vítány!
d/0/d0153de8.p3d	13177_p_ctf_166	Jen mi neubližujte! Udělám cokoli řeknete!
d/0/d01c45cc.p3d	10660_mamls_207	Uh, Dogs, mise se přerušuje, kód devět pět Charlie, žádáme evakuační trasu a leteckou podporu, přepínám.
d/0/d01de2bb.p3d	597_bwbra_192	Hořáci. Máme hořáky.
d/0/d02198f6.p3d	14738_p_mtf_094	Zachraňte mě!
d/0/d023a95d.p3d	24270_p_haf_158	Nezabíjej mě. Prosím.
d/0/d0266e74.p3d	13795_p_fdf_080	Tamhle! Jsem si jistej.
d/0/d036ce2c.p3d	18797_susol_185	Zabijte ho, kurva, ať to máme jistý!
d/0/d036d7f2.p3d	22511_bwtrb_e02m01_011	Nebyl jsi u polního týmu?
d/0/d0405967.p3d	9222_mar_b_391	Hotovo. Je s ním konec!
d/0/d0417aca.p3d	25219_nypda_175	Myslel jsem, že byl právě tady? Rozprostíráme se, prohledáváme.
d/0/d045fabf.p3d	8177_mabhk_256	Red Crowne -- odpoutáváme se z boje.
d/0/d0506bbc.p3d	4605_mar_c_463	Přestaňte střílet! Přestaňte střílet!
d/0/d052b1b4.p3d	15397_p_suf_055	Zavolejte pomoc! On je tady!
d/0/d0629021.p3d	11471_maoff_358	Chci veškerou palbu na ten cíl! HNED!
d/0/d068a20a.p3d	16883_bwtrb_083	Cíl je dávno pryč.
d/0/d069b44b.p3d	4184_mar_c_053	Palebná skupina Bravo volá Red Crown. Lokalizovali jsme ZEUSE. Žádáme Úderný tým, rychle, přepínám.
d/0/d0735ee7.p3d	9834_maf35_122	Čas nad cílem se blíží, nepřestávejte skenovat.
d/0/d077bc80.p3d	899_bwgsp_139	ZEUS je volný, ZEUS je volný, přepínám.
d/0/d07a0f58.p3d	13622_p_erm_144	Do prdele! Zbraň!
d/0/d07c314c.p3d	11088_mahqa_116	Jednotky jsou ve stabilních zónách, přepínám.
d/0/d07d0c1b.p3d	10011_maf35_279	Sakra, to bylo o fous!
d/0/d07e3db7.p3d	19956_magsp_234	Zapojeno.
d/0/d07ee8f7.p3d	8587_mar_a_328	Potřebujeme lékaře hned!
d/0/d07f1df3.p3d	21942_alex_e05m01_158	Hmmm.... Hlava, jako by mi měla prasknout.
d/0/d080424f.p3d	18138_bwtra_495	To je sakra nepřítel!
d/0/d0805089.p3d	7572_mabra_012	Bulldog nabitý a připraven na medvěda.
d/0/d088cfa4.p3d	13142_p_ctf_131	To je zbraň!
d/0/d0917462.p3d	562_bwbra_157	Polní týme, dejte tomu prostor!
d/0/d0952a9d.p3d	14703_p_mtf_059	Ach, můj bože, to je on!
d/0/d097289a.p3d	20275_maabr_choke_d	*dušení*
d/0/d09a001d.p3d	13760_p_fdf_047	Bože. Jsme mrtví, všichni.
d/0/d09e83b4.p3d	14633_p_ham_219	Nedělej to!
d/0/d0a63903.p3d	15216_p_mtm_106	Prosím tě, bože, dostaň mě odsud.
d/0/d0aa5fe8.p3d	18762_susol_150	Zmiz, ty debile.
d/0/d0ab0bde.p3d	14273_p_fdm_089	Prosím, bože, ne, nestřílejte! Neudělal jsem VŮBEC nic špatného!
d/0/d0ac8876.p3d	15979_p_uem_164	Nemusíš tohle dělat, no tak!
d/0/d0aef5ac.p3d	9065_mar_b_234	Kryj mě!
d/0/d0b2c1aa.p3d	22637_mabhk_e09m01_006	Veliteli letky, jsme ve vzduchu!
d/0/d0b98c7b.p3d	8142_mabhk_221	Všechny cíle zlikvidovány, pozemní jednotky potvrďte, přepínám.
d/0/d0bf0801.p3d	4448_mar_c_306	Pokračujte ve střelbě!
d/0/d0bf5c5d.p3d	7482_mabcm_150	Palebné týmy, návrat na základnu. Poddůstojníci, rozmístěte pozorovatele na vyvýšených pozicích až do odvolání. Jsme mimo poplach, konec.
d/0/d0c64370.p3d	15362_p_suf_020	Volal někdo o pomoc?
d/0/d0c7a798.p3d	1985_bwmls_123	Potvrzený zásah, pozemní týmy, jděte na to.
d/0/d0c9530e.p3d	11790_nydisp_065	Rozumím.
d/0/d0ccb7a7.p3d	12219_nypda_291	Vypadni sakra odsud!
d/0/d0d153d1.p3d	23963_alex_091	Do prdele.
d/0/d0d5674f.p3d	20970_p_suf_pain_c	*argh*
d/0/d0d5a196.p3d	7836_mabra_256	Red Crown, přidělený cíl opustil oblast, přepínám.
d/0/d0ddccab.p3d	22014_alex_e05m03_230	Tohle nejde....
d/0/d0e03371.p3d	10767_mamls_314	Sakra! Máme příchozí!
d/0/d0e9fbbd.p3d	22226_bwhqa_e06m04_001	Negativní. Všechny dostupné jednotky jsou v tuto chvíli nasazeny. Budete si muset vystačit s tím, co máte, četo Delta.
d/0/d0eb4e3c.p3d	864_bwgsp_104	Manévr, skrčit se, vyskočit.
d/0/d0ecb7b1.p3d	23915_alex_043	Tak tohle je ono.
d/0/d0ecd530.p3d	7928_mabhk_027	Rozumím. Vidíme vaše označení.
d/0/d0ecd790.p3d	19799_magsp_087	Nejsem si jistý, co dělá, ale vypadá to na něj. Střílej.
d/0/d0efc07d.p3d	11053_mahqa_081	Shrň nám informace?
d/0/d0f1cf7d.p3d	19921_magsp_209	Red Crown, Tornado November. Nepřátelé vpředu. Žádám povolení k zásahu.
d/0/d0f27828.p3d	8552_mar_a_293	Jdeme na to!
d/0/d0f2e211.p3d	22548_bwtrb_e05m03_048	Blbá hlídková služba.
d/0/d0f3d40b.p3d	18103_bwtra_460	OH BOŽE, NE, PROSÍM, NEDĚLEJ TO -- SMILUJ SE!
d/0/d0f53e74.p3d	4874_maabr_202	Máme něco na infračerveném. Jdeme se podívat, přepínám.
d/0/d0f5cd98.p3d	20959_p_suf_disgust_d	Fujtajbl!
d/0/d0fe2884.p3d	22295_bwhqa_e10m04_070	Start. Start na vlastní uvážení. Dostaňte se tam nahoru. Jeďte, jeďte!
d/1/d10446f7.p3d	9329_mar_b_498	Kryju! Kryju!
d/1/d10d1d83.p3d	14476_p_ham_062	Do prdele, do prdele!
d/1/d1201a33.p3d	15944_p_uem_130	Někdo, pomozte jim!
d/1/d12284c8.p3d	9030_mar_b_199	Ten hajzl je mazanej!
d/1/d123b1a3.p3d	25027_nypda_294	Pane -- PANE! Neopakuj to.
d/1/d12b243a.p3d	2008_bwmls_146	Highball sleduje. Zlikvidujte ten zasranej cíl.
d/1/d1329732.p3d	4413_mar_c_271	Ty parchante! A co teď?
d/1/d13b36b4.p3d	1950_bwmls_088	Tohle jsme vyprázdnili.
d/1/d140bd95.p3d	13406_p_ctm_163	Prosím ne. NĚKDO POMOZTE! Nezabíjej mě!
d/1/d1420cb2.p3d	22119_alex_e09m01_336	Pořád jsou funkční.
d/1/d1443e19.p3d	7679_mabra_119	Balte to, kluci, je konec, přepínám.
d/1/d1493352.p3d	7801_mabra_221	Vydrž, máme tu pořádnou porci problémů.
d/1/d153c28d.p3d	10732_mamls_279	Nabijte, udržujte cíl.
d/1/d1556207.p3d	669_bwbra_264	Jo. Potvrzeno, jsme tu.
d/1/d15b24fd.p3d	24342_p_haf_130	Padám odsud.
d/1/d15d00e5.p3d	22950_mar_c_e03m01_028	Hele, chápu, že je to přísně tajný, ale proč nejsme na seznamu těch, co to smí vědět?
d/1/d15dedbe.p3d	13867_p_fdf_150	Zachraňte se!
d/1/d160694c.p3d	19764_magsp_052	Útok dokončen. Cíl beze změny, přepínám.
d/1/d161146c.p3d	8395_mar_a_135	On se nezastaví!
d/1/d1653659.p3d	22277_bwhqa_e09m03_052	Máme událost. Zdroj? Někdo?
d/1/d16b9b5d.p3d	15028_p_uwm_151	Tank střílí!
d/1/d16e4d78.p3d	18869_susol_257	Do toho! Hoď to, kurva!
d/1/d17369a3.p3d	1086_bwgsp_324	Co to sakra je!?
d/1/d17badd7.p3d	14970_p_uwm_093	Ale do prdele!
d/1/d17d5b92.p3d	23060_tagga_e09m03_020	Zasáhněte tuhle pozici! To je ROZKAZ!
d/1/d17d7a0b.p3d	8249_mabhk_328	Z tohohle se nedostaneme.
d/1/d17ffaf0.p3d	21873_alex_e03m02_089	Tyhle věci jsou čím dál rychlejší....
d/1/d185de34.p3d	21925_alex_e04m02_141	Dobře, vypadá to na posledního.
d/1/d18a30fe.p3d	15469_p_suf_125	Zahoďte to!
d/1/d18b0bad.p3d	25385_alex_e03m01_711	Ať už je ta červená hmota cokoliv, rychle se šíří.  Nic na ni nepůsobí.  Když ji nezastaví zbraně, co teda? 
d/1/d193e492.p3d	23046_tagga_e09m03_006	Tady Delivery Boy. Zásilka na místě. Jsme v pohodě?
d/1/d1a02118.p3d	16955_bwtrb_135	POZOR!
d/1/d1a13397.p3d	4256_mar_c_125	Běžte! Udržte s tím krok!
d/1/d1aadba8.p3d	9906_maf35_194	Radar hlásí více hrozeb, nabít a připravit.
d/1/d1ae12d5.p3d	17593_bwoff_242	Prosím tě.
d/1/d1aee303.p3d	12027_nypda_094	Two Oscar Nineteen -- podezřelý nalezen. Potřebujeme úderný tým -- HNED!
d/1/d1b15fb5.p3d	23022_ragla_e06m02_042	Druhá ampule, Mercere! Pojď si ji vzít!
d/1/d1b66858.p3d	8659_mar_a_400	Dávám ti pět vteřin, ať vypadneš.
d/1/d1b7c153.p3d	21734_speci_e04m04_036	Kryj mě! Kryj mě!
d/1/d1b7cd4a.p3d	7644_mabra_084	Podívej se na tohle místo...
d/1/d1ba7f38.p3d	71_bwbhk_040	Nasazujeme, uvolněte cíl.
d/1/d1be1505.p3d	10383_mahqb_120	Eskalace je tvrdší, než jsme čekali.
d/1/d1c04ef0.p3d	13214_p_ctf_203	Ať to přestane!
d/1/d1c25f25.p3d	10575_mamls_142	Tank zahajuje palbu, držte se.
d/1/d1c46440.p3d	25290_nypda_358	Nepřítel!
d/1/d1c9c63f.p3d	24185_p_haf_179	Nepřestávej!
d/1/d1d17f67.p3d	13832_p_fdf_117	Vidím je tamhle!
d/1/d1d4a628.p3d	8360_mar_a_100	Ať se někdo hlásí do sítě -- žádejte satelitní přenos.
d/1/d1d769ea.p3d	4682_maabr_010	Jaký je plán, velitelství, Ranger Dvě Sedm je připraven, přepínám.
d/1/d1e1df34.p3d	18834_susol_222	Je po všem.
d/1/d1e28b3f.p3d	14345_p_fdm_161	Můžete si vzít všechno, co mám u sebe. Seženu hotovost. Chcete hotovost?
d/1/d1e674f8.p3d	9137_mar_b_306	Nacházíme si tu nový přátele, přepínám.
d/1/d1e6f8d5.p3d	1051_bwgsp_290	Thunder Five hlásí neúspěšný útočný nálet, přepínám.
d/1/d1f0da0d.p3d	19193_p_hlf_115	Pomoc! Už jdou!
d/1/d1f1093c.p3d	8214_mabhk_293	Gáá! Uch! Snažím se to setřást!
d/1/d1f6db71.p3d	7554_mabcm_208	Nic se nedostane skrz, všechno jde do háje. Všechny jednotky jsou....
d/1/d1fdc02f.p3d	15434_p_suf_090	Jsem nevinná!
d/2/d208a8de.p3d	11386_maoff_242	Lidi, prosím! Nepanikařte! Co se to děje!
d/2/d214c2c8.p3d	4221_mar_c_090	Potřebuju sem zdravotníka!
d/2/d21977ed.p3d	9749_maf35_037	Zbraňový systém zaměřen na cíl, přibližně tisíc stop, přepínám.
d/2/d220285e.p3d	13537_p_erm_059	Hej! Tamhle! Vidíš ho!
d/2/d222cafd.p3d	936_bwgsp_176	Letím se podívat do křoví, přepínám.
d/2/d2246a83.p3d	20452_mar_a_pain_a	*argh*
d/2/d2273fc9.p3d	11125_mahqa_153	Zbraně volné a připravené k nasazení, žádám povolení, pane.
d/2/d229f774.p3d	8624_mar_a_365	Nepřátelé vpředu. Čekáme na rozkazy.
d/2/d22cbaf7.p3d	4946_maabr_254	Ranger Dvě Sedm volá Red Crown, úder Bravo dokončen.
d/2/d22ddf9d.p3d	24441_mcmul_e04m03_103	Držte se Mercera! Buďte u něj!
d/2/d22ee8ac.p3d	13057_p_ctf_048	Je tady!
d/2/d230c631.p3d	17276_bwtrb_456	Jsme přišpendlení!
d/2/d235f0cc.p3d	10540_mamls_107	Dostaň nás do krytu -- HNED.
d/2/d2378d7d.p3d	477_bwbra_072	Máme to, máme to!
d/2/d23d5b5e.p3d	24150_p_haf_213	Ale do prdele!
d/2/d2449ccf.p3d	14548_p_ham_134	Střelec!
d/2/d24f9d3b.p3d	12290_nypda_362	Uhni z cesty!
d/2/d25078ee.p3d	18677_susol_065	Dobrý zprávy, brácho?
d/2/d2561ce6.p3d	14310_p_fdm_126	Tohle je hrozné!
d/2/d256edc9.p3d	20705_p_fdf_cheer_b	Hůůů! Ó, jo!
d/2/d25a0429.p3d	9102_mar_b_271	Vše je pod kontrolou. Klid!
d/2/d25d114e.p3d	22197_bwabr_e08m03_38	Na displeji mám nakažené na západě! Jedem-jedem-jedem!
d/2/d25fa5bf.p3d	8057_mabhk_156	Dejte do toho všechno! Pal! Pal!
d/2/d2657563.p3d	7397_mabcm_065	Red Crowne, tady polní velitelství. Pozemní cíl negativní, přepínám.
d/2/d27c3a85.p3d	11351_maoff_207	Ujistěte se! Žádná palba na vlastní!
d/2/d283b474.p3d	25368_alex_e02m01_701	Vidím jeho myšlenky, teď jsou součástí mě. Znám všechno, co kdy viděl.
d/2/d28c7c4f.p3d	22689_maf35_e10m04_020	Negativní na dokončení, Red Crown. Potřebujeme tu víc zbraní.
d/2/d2916742.p3d	779_bwgsp_019	Tady Tornado Five, čekám na cíle na IDF.
d/2/d293ba1a.p3d	13502_p_erm_024	Uh, je to ten zasranej virus, že jo?
d/2/d2956d0a.p3d	13939_p_fdf_222	Prosím! Přestaň!
d/2/d2965cb9.p3d	901_bwgsp_141	Buďte ve střehu, kontakt zmizel z radaru.
d/2/d297e898.p3d	19836_magsp_124	Jestli najdeš toho zloducha, koupím ti k večeři zmrzlinu, přepínám.
d/2/d29893b8.p3d	8467_mar_a_207	Ježiš, já vím o boji víc než ty kancelářský krysy.
d/2/d299ed11.p3d	18018_bwtra_375	Radši to na mě nezkoušej.
d/2/d29b577a.p3d	4789_maabr_117	Ranger Dvě Sedm. Zahajujeme pátrání po cíli.
d/2/d2a457ed.p3d	17241_bwtrb_421	Udržujte, udržujte!
d/2/d2a9fd58.p3d	22464_bwtra_e06m05_057	Taktický přesun, do toho.
d/2/d2aa0216.p3d	17960_bwtra_317	Vymazat ho!
d/2/d2ab1f24.p3d	442_bwbra_037	Vypusť to!
d/2/d2b18618.p3d	16773_bwabr_293	Jednotka dole!
d/2/d2b82beb.p3d	14513_p_ham_099	Sakra!
d/2/d2c6333b.p3d	15859_p_uem_047	Hej, zastavte toho chlapa!
d/2/d2cc2f72.p3d	25442_alex_e06m05_702	Další z nich. Musím dodělat toho velkýho.
d/2/d2cf0ffe.p3d	22796_maoff_e08m04_060	Máme nepřátele všude. Tohle je mimo kontrolu.
d/2/d2d3377b.p3d	8022_mabhk_121	Red Crown, žádáme povolení ukončit pátrání.
d/2/d2d8b037.p3d	4328_mar_c_185	Vyhledat a zničit. ZEUS je blízko!
d/2/d2d9071f.p3d	7362_mabcm_030	Nasadit, nasadit. Pozorovatelé hlásí nepřátele v drátech!
d/2/d2d9e2ef.p3d	24884_nypda_207	Dobře, sundejme ho.
d/2/d2e1525a.p3d	1865_bwmls_003	Střely aktivní. Obrněnec zničen. Připraveni na palebnou misi.
d/2/d2eb4c0b.p3d	22201_bwabr_e08m03_42	Dostaňte ty nepřátele pryč! Backscratch, hned!
d/2/d2ef4c96.p3d	7716_mabra_156	Je dole, ať jde rovnou do pekla.
d/2/d2f9dba8.p3d	10647_mamls_194	Je konec, Red Crown, dokázali jsme to, zvládli jsme to.
d/3/d3007065.p3d	706_bwbra_291	Razor hoří -- hoříme!
d/3/d308fc26.p3d	13904_p_fdf_187	Rychle! Rychle!
d/3/d30b77b4.p3d	19801_magsp_089	Úderný týme, cíl přemístěn. Oči na něm, blížíme se.
d/3/d30c22e9.p3d	8432_mar_a_172	Red Crown, cíl se pohybuje, nahrávám trajektorii!
d/3/d30ee6ab.p3d	4754_maabr_082	Všechny jednotky, seřaďte se za Rangerem Two Seven, přepínám.
d/3/d312f1a7.p3d	17084_bwtrb_264	Poslyš, Crowne, jsem BLACKWATCH. Nedělám sakra dopravní policii! Sežeňte na to mariňáka.
d/3/d3138acb.p3d	12397_nypda_469	Co je to za kravinu?
d/3/d3195bf5.p3d	18906_susol_294	Boj zblízka!
d/3/d31df1b9.p3d	9209_mar_b_378	Právě mě do zadku kousnul čert. Heh.
d/3/d32856cc.p3d	19265_p_hlf_185	Prostě běž! Běž!
d/3/d33106ba.p3d	377_bwbhk_346	Je to červené světlo? Co to je?
d/3/d3353f7b.p3d	15506_p_suf_162	Co ode mě chcete!
d/3/d339c4f7.p3d	15824_p_uem_012	Hej, ty, c-co se děje?
d/3/d340286b.p3d	11458_maoff_337	Ne, prosím tě! Já...
d/3/d356e565.p3d	24088_bwoff_events_049	Už jsou skoro hotoví -- moc toho nezbývá.
d/3/d357a7bf.p3d	13609_p_erm_131	Bouchačka! Bouchačka!
d/3/d3642e49.p3d	10298_mahqb_055	Jste si jistí, pozemní síly? Potvrďte, opakuji, potvrďte stav zapojení do boje.
d/3/d36667f6.p3d	13129_p_ctf_118	Ty věci se blíží!
d/3/d369236d.p3d	10420_mahqb_157	Úderný balíček povolen.
d/3/d36f0cc9.p3d	549_bwbra_144	Ten hajzl se chystá vypustit, ustupte!
d/3/d374d74a.p3d	24222_p_haf_219	Ubližuješ mi.
d/3/d3779884.p3d	13747_p_fdf_034	Uhni mi z cesty.
d/3/d378c883.p3d	19676_bwhqb_154	Jednotky, připravte se na zásah úderného týmu.
d/3/d3796a56.p3d	4591_mar_c_449	Už v tom jedeme naplno!
d/3/d37abf2d.p3d	8275_mar_a_014	Všichni oči na stopkách. Cíl unikl zajetí.
d/3/d3835191.p3d	22517_bwtrb_e03m01_017	Jo, je to jako mámin slaninovej kanál.
d/3/d3871c87.p3d	12362_nypda_434	Sakra, chlape, BĚŽ!
d/3/d387646f.p3d	11882_nydisp_147	Red Crown, Red Crown, máme kontakt vojenské úrovně, žádáme pomoc v terénu.
d/3/d387f83a.p3d	18749_susol_137	Operace dokončena!
d/3/d393b457.p3d	16581_bwabr_121	Zasáhněte to teď, do toho!
d/3/d39be888.p3d	19230_p_hlf_150	Zasranej idiot!
d/3/d39ca08d.p3d	8994_mar_b_163	Chceš snad umřít?
d/3/d39cf4af.p3d	7469_mabcm_137	Bojová stanoviště! Bojová stanoviště!
d/3/d3a49876.p3d	342_bwbhk_311	Všichni vzadu v pohodě? Dlužíte mi pivo.
d/3/d3b3b71f.p3d	11423_maoff_261	Zasraný peklo!
d/3/d3b77956.p3d	24427_maoff_events_055	No tak! No tak!
d/3/d3b9cc18.p3d	16835_bwtrb_035	Z-man. Čisto!
d/3/d3c7bdb6.p3d	17473_bwoff_132	To je Mercer!
d/3/d3cf6559.p3d	19908_magsp_196	Pohyb v ulici, prověřte to, co se dá dělat.
d/3/d3d0108f.p3d	8539_mar_a_280	Ne, jsem jeden z vás!
d/3/d3d46414.p3d	22905_mar_b_e06m01_034	Míří do Rudé zóny. Žádám povolení zasáhnout.
d/3/d3dbd4ae.p3d	17313_bwtrb_493	Kryjte se!
d/3/d3dc09e7.p3d	10455_mamls_022	Palebná mise probíhá, začínáme bonusové kolo.
d/3/d3dd6e27.p3d	10982_mahqa_030	Polní tým na to nic nemá, pane.
d/3/d3de1284.p3d	25170_nypda_317	Do prdele!
d/3/d3e29e70.p3d	514_bwbra_109	Máme potvrzené spatření, žádáme úder.
d/3/d3e5868f.p3d	2151_bwmls_289	Highball devět prozrazen, máme požár v kabině.
d/3/d3ec5a2a.p3d	19641_bwhqb_119	Operace je v pohotovostním režimu.
d/3/d3fb89f6.p3d	18714_susol_102	Vytvořte perimetr, prohledejte oblast.
d/3/d3fc3602.p3d	14225_p_fdm_042	Je hledaný!
d/3/d3fd2250.p3d	22396_bwoff_e07m04_039	Do prdele. Je mrtvý?
d/4/d4001d2f.p3d	9017_mar_b_186	Počkat! Zná někdo toho chlapa!?
d/4/d410866b.p3d	7434_mabcm_102	Red Crowne, opevnění roty Fox ztratilo vizuál na ZEUSE. Opustil naši zónu, konec.
d/4/d4116769.p3d	24956_nypda_492	Hej -- svoji! Zasraný svoji!
d/4/d4133230.p3d	185_bwbhk_154	Musíte to tam zajistit, přepínám.
d/4/d418cf1b.p3d	1937_bwmls_075	Kdo má kontakt, my ho nemáme, přepínám?
d/4/d421799e.p3d	22868_mar_a_e08m04_049	Jo, takhle je to správně!
d/4/d42253c4.p3d	11266_maoff_137	Přivolejte Blackwatch. Jdou po tomhle harampádí.
d/4/d4315af4.p3d	10719_mamls_266	Palebná mise žádá opakovaný zásah.
d/4/d438ba2a.p3d	24329_p_haf_068	Podívej se na to.
d/4/d43c75bf.p3d	816_bwgsp_056	Udržujte kroužení. Připravte se znovu zapojit.
d/4/d440eac9.p3d	11005_mahqa_053	Pokud máte vizuál, Red Crown žádá okamžité hlášení.
d/4/d443a236.p3d	8504_mar_a_245	Zmiz ode mě, kurva.
d/4/d44501b3.p3d	22568_bwtrb_e06m05_069	Soustřeďte palbu na toho velkýho!
d/4/d44665f7.p3d	4826_maabr_154	Vydržte!
d/4/d44a70f3.p3d	17156_bwtrb_336	Mobilně, jděte po něm mobilně.
d/4/d44ce3dc.p3d	19484_bwhqa_153	Žádost o balíček potvrzena. Posíláme tým Delta na vaši pozici, přepínám.
d/4/d4501b31.p3d	17875_bwtra_232	Jak to sakra vůbec dělá?
d/4/d454f023.p3d	22224_bwgsp_e06m03_04	Potvrzuji, máme tu sakra bouři nepřátel. Opakuji, jsme obklíčeni těmi zasranými nakaženými.
d/4/d459463e.p3d	14957_p_uwm_080	Jsem si jistá, že je to on!
d/4/d45e4791.p3d	14428_p_ham_014	Co je s tim davem?
d/4/d46947fd.p3d	12170_nypda_242	Tohle není v pořádku, prostě to není v pořádku!
d/4/d469bc2f.p3d	13392_p_ctm_149	Uhni z cesty tomu vozidlu!
d/4/d470b559.p3d	22317_bwhqa_e10m04_092	Jakékoli vrtulníky s volným místem, přistaňte a naberte posádku a raněné na horní palubě. Přivezte je domů, lidi.
d/4/d47ffc84.p3d	24799_nypda_160	Potřebujeme tu pomoc! *zadýchaně* Ó, bože, všechny složky. Pošlete je všechny.
d/4/d48216ef.p3d	14796_p_mtf_150	Uhněte z cesty tanku!
d/4/d484eda8.p3d	24921_nypda_141	Jsem na místě. Na místě a reaguju na hlášení.
d/4/d486c3d7.p3d	150_bwbhk_119	Sešlete úderný balíček. Cíl zaměřen a označen.
d/4/d48c60d7.p3d	1902_bwmls_040	Nový cíl, nový cíl, ukažte mu, kdo je tu šéf.
d/4/d49327c3.p3d	20926_p_mtm_gasp_c	*lapání po dechu*
d/4/d49415d2.p3d	22339_bwhqa_521	Věž hlásí, že nemáte povolení. Otočte se.
d/4/d495e29b.p3d	11231_maoff_075	Zaujměte pozice, palte na povel!
d/4/d498178a.p3d	58_bwbhk_027	Ghost Čtyři Pět v zabíjecí zóně, přepínám.
d/4/d49c908c.p3d	11956_nypda_031	10-4.
d/4/d4a0d74d.p3d	9280_mar_b_449	Nikomu neřeknu, že jsem tě viděl, přísahám.
d/4/d4a1f8c7.p3d	25277_nypda_235	Nedůvěřuju tomu. UHNI.
d/4/d4af17ce.p3d	13819_p_fdf_104	Pomoc! Točí se mi hlava! Pomozte mi!
d/4/d4af69c2.p3d	25408_alex_e04m04_707	Parkerová mě zradila.  Zaplatíš - a pak ona.
d/4/d4b0e9d6.p3d	4663_mar_c_531	Augh! Zabijte to!
d/4/d4b1935a.p3d	19716_magsp_004	Světla zelená. Senzory v pořádku. Zbraně v pořádku. Motory v pořádku. Palivo na osmdesáti pěti. Připraveni zahájit hlídkový přelet.
d/4/d4b23bef.p3d	8347_mar_a_087	Mám cíl, velitelství. Potřebuju palbu na svou pozici, podporu hned!
d/4/d4be02af.p3d	17121_bwtrb_301	Máme tu hořáky.
d/4/d4be9bd3.p3d	12434_nypda_506	Sakra, to bylo o fous!
d/4/d4c3aa4d.p3d	17840_bwtra_197	Do prdele.
d/4/d4c49127.p3d	1038_bwgsp_277	Pal! Pal!
d/4/d4ccd7e5.p3d	14922_p_uwm_045	Nenechte ho se k vám přiblížit!
d/4/d4d367d4.p3d	19302_p_hlf_222	Zavolejte poldy!
d/4/d4d3da57.p3d	9892_maf35_180	To je grandslam, připravte domácí metu na náš návrat, přepínám.
d/4/d4da8d53.p3d	13680_p_erm_202	Někdo mě zachraňte!
d/4/d4e07293.p3d	21985_alex_e05m03_201	Ne.
d/4/d4e0e6dd.p3d	20303_mabhk_dying_d	*chroptění*
d/4/d4f25b1a.p3d	4208_mar_c_077	Palebná skupina Echo. Máme čisto. Opakuji, čisto. Můžete poslat fotografa z novin, přepínám.
d/4/d4f5a898.p3d	14761_p_mtf_117	Jdou další!
d/4/d4f73e12.p3d	22729_mahqb_e04m01_001	Co se to sakra děje!? Jaká je situace!? Hlaste se!
d/4/d4ff3d02.p3d	17545_bwoff_204	TAMHLETO, vojáci, je nepřátelská pevnost. Zbraně nahoru!
d/4/d4ffbe2b.p3d	19000_susol_388	Přilétá to!
d/5/d506b471.p3d	15274_p_mtm_162	Vezmi si všechno, co mám, cokoliv chceš. Nebudu ti bránit.
d/5/d50f3c88.p3d	10335_mahqb_072	Negativní. Potvrďte?
d/5/d5102252.p3d	11921_nypda_006	Mám hlad jak hajzl.
d/5/d5117068.p3d	24567_alex_e06m01_570	Přesně to jsem potřeboval...
d/5/d51386a8.p3d	10527_mamls_094	Žádný nepřítel, nejde to. Vypněte to.
d/5/d51586e5.p3d	25242_nypda_114	Dispečinku, pošlete záchranku na mou pozici -- mám tu 10-53.
d/5/d516e109.p3d	22131_alex_e09m01_348	V žádném případě.
d/5/d525cdab.p3d	8312_mar_a_052	Mám jednoho!
d/5/d53246c6.p3d	17683_bwtra_050	Ne, opakuji, ne. Jinak řečeno zapomeň na to.
d/5/d5361f91.p3d	7894_mabra_314	Jsme v prdeli! Sakra, jsme v prdeli!
d/5/d53822e4.p3d	1003_bwgsp_243	Udržujte palbu! Pochopte, tohle je blízko cíle.
d/5/d539cd5d.p3d	16496_bwabr_036	Red Crowne, sešlete k nám polní tým, přepínám.
d/5/d53a6cd7.p3d	22433_bwtra_e04m03_025	Držte je dál od těch šílenců.
d/5/d5420191.p3d	19145_p_hlf_068	Podívej se na to.
d/5/d54cb0ea.p3d	24002_bwhqb_e02m02_007	Red Crown všem velitelským jednotkám. Berte na vědomí, že jsme ve stavu červená v zařízení Gentek, centrum. Blacklight je na svobodě. Konec.
d/5/d54d50a0.p3d	7986_mabhk_085	Thunder volá Red Crown, čeká na povel k leteckému úderu, přepínám.
d/5/d550d436.p3d	22168_bwabr_e08m02_08	Nic tam není, kámo. Uklidni se.
d/5/d55451f1.p3d	18161_bwtra_518	TY HAJZLE! TOHLE TI NEPROJDE!
d/5/d559d061.p3d	11338_maoff_194	To je on!
d/5/d56d96ea.p3d	22765_maoff_e06m03_029	Co to sakra je? Ono to zase doroste!? Vítej v pekle.
d/5/d56dd6bc.p3d	17388_bwoff_047	Potřebuju sakra hodně ostré munice na tenhle cíl, zasáhněte ho hned, nebezpečně blízko!
d/5/d572cc1e.p3d	17510_bwoff_169	Zapojujeme živé cíle... teď.
d/5/d581f03f.p3d	17228_bwtrb_408	Začíná bejt nervózní!
d/5/d582ce6d.p3d	10300_mahqb_057	Přepněte na zadržení ZEUSE, autorizační kód Charlie Lama, a hned, desátníku!
d/5/d5842440.p3d	25085_nypda_046	Negativní, dispečinku, negativní.
d/5/d5879a7d.p3d	17947_bwtra_304	Chyťte ho hned, než to DOKONČÍ!
d/5/d588b78b.p3d	429_bwbra_024	Vyčistěte oblast, polní týme, pozor na silnou palbu.
d/5/d58ba235.p3d	2066_bwmls_204	Cíl nepřítomen. Přerušujeme.
d/5/d58dd385.p3d	21021_p_uem_stab_b	*ááh*
d/5/d5927383.p3d	19556_bwhqb_054	Přesuňte zaměření na virové zadržení. ZEUS už není faktorem.
d/5/d5931518.p3d	4471_mar_c_329	Běžte! Běžte! Hned!
d/5/d597c7a9.p3d	9999_maf35_267	Jsme mimo. Týme Delta, odpoutejte se a mažte domů.
d/5/d5a0c749.p3d	12242_nypda_314	Podívej, přesně tam!
d/5/d5a1130f.p3d	11870_nydisp_135	Situace vyřešena, jsme na kódu nula.
d/5/d5a13b90.p3d	13464_p_ctm_221	Rozmačkáváš mě!
d/5/d5a1a359.p3d	18629_susol_047	Hořáci v otevřeném prostoru, poraďte.
d/5/d5a78ff3.p3d	22484_bwtra_e07m01_077	Podpůrná mise, podpora! Označíme cíle lasery, prosíme o pomoc, přepínám.
d/5/d5a8ec20.p3d	24343_p_haf_130_a	Ach ne!
d/5/d5ad5f19.p3d	16461_bwabr_001	Blackjack vstupuje do cílové zóny, přepínám.
d/5/d5b0cfcd.p3d	8009_mabhk_108	Pošlete úder. Mám zaměřený cíl.
d/5/d5b5934e.p3d	19110_p_hlf_034	Ustup, synku!
d/5/d5b69f71.p3d	7349_mabcm_017	Red Crowne, jsme tu připraveni. Obrněné a pěší čety připraveny, konec.
d/5/d5b9963b.p3d	14868_p_mtf_222	Prosím! Přestaň!
d/5/d5be40ad.p3d	222_bwbhk_191	Pozemní týmy potvrďte, souřadnice zaznamenány v síti, potvrďte stav cíle, nebezpečí Černá.
d/5/d5c0e25c.p3d	7951_mabhk_050	Thunder Čtyři Pět hlásí zabití, přepínám.
d/5/d5cc1943.p3d	15086_p_uwm_209	K zemi!
d/5/d5cd6965.p3d	11303_maoff_343	Palte na můj cíl, souřadnice Zulu jedna tři devět. Palte naplno!
d/5/d5d856ae.p3d	9352_mar_b_521	Neeeee!
d/5/d5de3dd0.p3d	20843_p_hlf_disgust_d	Uch!
d/5/d5e16878.p3d	17353_bwoff_012	Je to plný Úderný protokol.
d/5/d5e37283.p3d	20277_maabr_dying_b	*chroptění*
d/5/d5e414cf.p3d	16025_p_uem_210	K zemi!
d/5/d5e9bb3b.p3d	8419_mar_a_159	Proberte to, mířte na oči, musí mít nějaký slabý místo!
d/5/d5f2fd01.p3d	19399_bwhqa_078	Negativní, potvrzujete?
d/5/d5f7bdc2.p3d	25050_nypda_237	Ale ne.
d/5/d5fb2999.p3d	17912_bwtra_269	Tady je uklizeno.
d/6/d602b026.p3d	16725_bwabr_245	Pozor na ten oheň!
d/6/d606052a.p3d	19521_bwhqb_019	Zapojte se do pátrací taktiky.
d/6/d60b5965.p3d	9964_maf35_232	Uzavřít kanál, pozdržet komunikaci, přepínám.
d/6/d60f6102.p3d	12085_nypda_156	*odkašlání* Jste všichni v pořádku?
d/6/d61e6c90.p3d	22744_maoff_e02m05_008	Buldoci jsou dole -- prorvalo se to přímo skrz naše brnění!
d/6/d62966c3.p3d	692_bwbra_017	Stáhněte se, nebo skončíte jako Darwin. Vaše volba. My jsme pryč.
d/6/d62b0e6b.p3d	24836_nypda_273	To je kravina!
d/6/d62d2557.p3d	14833_p_mtf_187	Zmizte! Rychle!
d/6/d631fad5.p3d	13890_p_fdf_173	Zachraňte si životy!
d/6/d636b9a4.p3d	17617_bwoff_266	Sundejte ho ze mě!
d/6/d639d04c.p3d	22114_alex_e08m04_331	Ještě jednoho.
d/6/d63fa874.p3d	15051_p_uwm_174	Zmizte!
d/6/d6425aa4.p3d	18892_susol_280	Stáhnout se!
d/6/d646bbd4.p3d	10407_mahqb_144	Úderný balíček je autorizován.
d/6/d646f068.p3d	9195_mar_b_364	Sežeňte nám tankovou podporu!
d/6/d6471181.p3d	20385_magsp_stab_b	*ááh*
d/6/d64d0e69.p3d	25314_nypda_442	Do prdele!
d/6/d6526868.p3d	24209_p_haf_021	Přestaň strkat.
d/6/d65702bd.p3d	4578_mar_c_436	K zemi! To vozidlo je mimo kontrolu!?
d/6/d65e3e15.p3d	15492_p_suf_148	Střílí po nás!
d/6/d66010b9.p3d	4706_maabr_034	ZEUS je pořád na nohou, Red Crowne.
d/6/d6641bb5.p3d	17036_bwtrb_216	To jsem já! Zadrž tu sakra palbu!
d/6/d664b4ee.p3d	12349_nypda_421	Neslyším vás, dispečinku -- POŠLETE POSILY!
d/6/d6668edc.p3d	19364_bwhqa_053	ZEUS na zemi, ZEUS na zemi. Posíláme vědecký tým na potvrzení, přepínám.
d/6/d669c5f3.p3d	17755_bwtra_112	Přibližuju se. Vidím ho.
d/6/d6714ca9.p3d	16568_bwabr_108	Pořád zaznamenáváme pohyb, Red Crown.
d/6/d67980da.p3d	19217_p_hlf_137	Zmiz odsud, kurva. Hned.
d/6/d67ca326.p3d	22660_mabra_e04m01_010	Sweep Delta, je to něco na skenu? Ověřte to znovu -- vypadá to, že něco zachytáváme, přepínám.
d/6/d680a659.p3d	13595_p_erm_117	Nakažený! Támhle!
d/6/d6822e3d.p3d	329_bwbhk_298	Má na nás někdo vizuál, jsme čistí?
d/6/d682f2a5.p3d	12050_nypda_117	Potřebuju hasiče a záchranku, lehká zranění.
d/6/d68348f8.p3d	994_bwgsp_234	Zapojeni, Red Crown, přerušte spojení, přepínám.
d/6/d6836708.p3d	13272_p_ctm_031	Ustupte!
d/6/d68d489d.p3d	22851_mar_a_e06m01_032	Pane!
d/6/d69bc1b3.p3d	14676_p_mtf_032	Vadilo by vám to?
d/6/d69e9ca8.p3d	24801_nypda_162	*sténání* Potřebuju pohotovost, hasiče, záchranu, zdravotníky -- všechno sem. *zasténání* Máme zranění všeho druhu, možná plyn, elektřina, přepínám.
d/6/d6accd79.p3d	15189_p_mtm_079	J-j-jsem si jistej, že je to on -- přímo tam!
d/6/d6b1c2d9.p3d	15311_p_mtm_199	Ach bože, pomozte mi někdo. Nemůžu se hnout.
d/6/d6ba820f.p3d	9160_mar_b_329	Dolů, dolů, dolů!!
d/6/d6bb0679.p3d	10969_mahqa_017	Rozviňte se, důkladné pátrání muž proti muži. Najděte to. Red Crown, konec.
d/6/d6bba042.p3d	25157_nypda_053	Vždy věrní, mariňáci.
d/6/d6c23027.p3d	20150_bwbra_scream_c	*výkřik*
d/6/d6c31e3c.p3d	2138_bwmls_216	Red Crown, jak slyšíte. Opakujte prosím, přepínám.
d/6/d6c9f291.p3d	19628_bwhqb_106	ZEUS na svobodě. Pošlete týmy na poslední souřadnice -- hned.
d/6/d6ca9479.p3d	4543_mar_c_401	Kuuurva! Ty hajzle.
d/6/d6d52fe4.p3d	22960_mar_c_e06m04_037	Bude nám tu pěkně horko... Pojďme to svinstvo prostě zvládnout a zůstat v klidu.
d/6/d6d7aae6.p3d	17001_bwtrb_181	Co -- kdo sakra jsi?!
d/6/d6d8440a.p3d	12314_nypda_386	Moc blízko!
d/6/d6dd550f.p3d	17720_bwtra_077	Palba sem, palebná akce sem, nebezpečně blízko. Přiveďte to blízko.
d/6/d6e388b3.p3d	22537_bwtrb_e04m04_037	Máme hotovo?
d/6/d6e4dbda.p3d	16533_bwabr_073	Nic jsme nenašli. ZEUS je pryč, přepínám.
d/6/d6ed8519.p3d	9772_maf35_060	Deset bod nula, stočte na sto osmdesát, doprava.
d/6/d6edca9b.p3d	8946_mar_b_115	Běžte, běžte! Trefte tu zasranou věc!
d/6/d6f25a7a.p3d	20056_magsp_324	Ale do prdele. Tady letecká podpora, letíme dovnitř, opakuji, dovnitř!
d/6/d6f4358a.p3d	13560_p_erm_082	Já-já-já to nejsem, přísahám!
d/6/d6f86408.p3d	19894_magsp_182	Potvrďte zásah, přepínám.
d/6/d6fa6b0c.p3d	18076_bwtra_433	Dost!
d/7/d702f5d7.p3d	13080_p_ctf_070	Já... *lapnutí po dechu* Mám vidiny.
d/7/d7064834.p3d	18999_susol_387	Ále, do háje!
d/7/d7090d70.p3d	14775_p_mtf_130b	Odhoďte je!
d/7/d718a9e6.p3d	14571_p_ham_157	Nedělej to, sakra, kámo! Prosím tě! No tak.
d/7/d718e539.p3d	17425_bwoff_084	Všichni, můj cíl, do něj!
d/7/d7205f37.p3d	15154_p_mtm_046	Sakra, je tady!
d/7/d72f3e1e.p3d	25122_nypda_392	Mám ženu a děti, chlape. Mám ženu a děti!
d/7/d733b2d6.p3d	8080_mabhk_179	Thunder Čtyři Pět útočí na nepřítele, přepínám.
d/7/d736b0d1.p3d	2103_bwmls_251	Tamhle není nic než hlína. Potvrďte přeživší, zasáhneme to znovu.
d/7/d7392e33.p3d	4386_mar_c_244	Který z nich? Ví někdo, který to je?
d/7/d73aad48.p3d	22045_alex_e06m05_261	Co sakra jsi?
d/7/d73d289e.p3d	24607_alex_e08m04_606	Je čas s tím skoncovat.
d/7/d742944e.p3d	22588_bwtrb_e07m01_089	Plný poplach! ZEUS je v Paláci! Opakuji, ZEUS je v Paláci!!
d/7/d746e04f.p3d	12157_nypda_229	Myslím, že ten hajzl je vyřízenej.
d/7/d7475496.p3d	13379_p_ctm_136	Budou střílet!
d/7/d747c57a.p3d	22266_bwhqa_e08m03_041	Všechny polní jednotky, prioritou vaší mise je udržet to čerpadlo v provozu, dokud dodává náklad. Všechno ostatní má prioritu dva.
d/7/d74e62d6.p3d	8789_mar_a_510	Ještě nejsem připravenej umřít, kámo. Prosím.
d/7/d75a4d46.p3d	22830_mar_a_e02m05_012	Adios, hajzle!
d/7/d75f4915.p3d	25363_alex_e01m02_705	Co to sakra...?
d/7/d76159cc.p3d	8911_mar_b_080	Mám ho! Počkat... ne. Negativní. Sakra, negativní, nemám ho. Čekejte.
d/7/d76294f8.p3d	24908_nypda_522	K zemi!
d/7/d764309c.p3d	22925_mar_c_e02m02_003	Radši rakovina za deset let než dneska nějaká vyrážka, co žere maso. Klidně si dám i tu fialovou hnátu s koňskejma sračkama navrch.
d/7/d7645c3e.p3d	137_bwbhk_106	Ten ZEUS by měl být fakt mrtvý, to je vše, co říkám.
d/7/d765e996.p3d	20021_magsp_289	Útočná síla volá Red Crown, nemůžeme znovu najít nepřítele. Rozkazy?
d/7/d76ca0e5.p3d	8490_mar_a_231	Ani krok, nebo jsi MRTVEJ!
d/7/d76dfa28.p3d	18041_bwtra_398	Tady je ten hnusák! Tady je ZEUS!
d/7/d7737b08.p3d	11218_maoff_068	Potlačili jsme nepřátelskou aktivitu.
d/7/d779d9f0.p3d	18964_susol_352	Chutná ti to?
d/7/d77e6fb4.p3d	9267_mar_b_436	Jo, nic na tom, co?
d/7/d79270d1.p3d	23938_alex_066	Ty jsi další.
d/7/d793eed6.p3d	23011_ragla_e05m02_031	A... děkuju.
d/7/d795bd76.p3d	15564_p_suf_220	Pomoc!
d/7/d79a4051.p3d	15882_p_uem_069	Sakra, proměnilo se to!
d/7/d79b9876.p3d	17108_bwtrb_288	Co!?
d/7/d79e0dea.p3d	19436_bwhqa_105	Jsme ve stavu modrá. Všechny týmy, čekejte na taktické pokyny.
d/7/d7a142b4.p3d	17827_bwtra_184	ZEUS právě zaklepal bačkorama.
d/7/d7aa704c.p3d	14909_p_uwm_032	Hej, uh -- Dost!
d/7/d7acbfd9.p3d	4351_mar_c_208	Přineste na to trhavinu, hned!
d/7/d7b172a9.p3d	9879_maf35_167	Palte ze všech pozic, já to sejmu odsud shora znovu.
d/7/d7b8231a.p3d	13667_p_erm_189	Dostaňte mě ven!
d/7/d7b8784e.p3d	21956_alex_e05m01_172	Necítím se dobře....
d/7/d7ba6f7f.p3d	12122_nypda_193	Dál už nepůjdeš. Zpátky!
d/7/d7bae652.p3d	13344_p_ctm_101	Nevidím přes ten kouř!
d/7/d7bb227d.p3d	10056_maf35_324	Ztrácím výkon! Nemám nic.
d/7/d7c1f1f2.p3d	8754_mar_a_475	Dejte do toho všechno, kurva!
d/7/d7c6e366.p3d	13187_p_ctf_176	Ustup! Hned!
d/7/d7cdeb4a.p3d	10670_mamls_217	Soustředíme se na omezení škod, přepínám.
d/7/d7d340ff.p3d	14748_p_mtf_104	Přes ten prach nevidím!
d/7/d7d54edb.p3d	24280_p_haf_168	Nejsem připravená umřít. Prosím, dobře? Prosím, jen mě pusť. Prosím, jen mě nech bejt, prosím.
d/7/d7d7eb6f.p3d	102_bwbhk_071	Mám to! Jedem. Zadejte to.
d/7/d7f20170.p3d	9232_mar_b_401	Mám to! Mám to, kurva! Sakra! Mám to, ne?
d/7/d7f31f6b.p3d	25229_nypda_111	Stav místa je negativní, dispečinku. Čekáme na nové přidělení.
d/7/d7f7a03d.p3d	8187_mabhk_266	Do prdele, to bylo o fous!
d/8/d802113a.p3d	4615_mar_c_473	Ne, prosím, Mercere, nedělej to!
d/8/d804f2c5.p3d	24061_bwoff_events_022	Je to půl na půl, chlapci... zmlaťte je!
d/8/d8119d3a.p3d	19401_bwhqa_080	Zamítnuto, přepínám.
d/8/d81434e5.p3d	11481_maoff_308	Všechny týmy, pokračujte!
d/8/d81a4788.p3d	16893_bwtrb_093	Podívejme se, co je tamhle.
d/8/d81b59c9.p3d	4194_mar_c_063	Red Crown, tady četa Charlie. Mise neúspěšná. Cíl je pryč, přepínám.
d/8/d81b7bc5.p3d	24047_bwoff_events_008	Máme posily? Ale... to je... Zeus?
d/8/d81c5b26.p3d	16605_bwabr_145	Potlačovací palba! HNED!
d/8/d8250465.p3d	9844_maf35_132	Voodoo Sedm, balí to. Hledání negativní.
d/8/d82bb4d6.p3d	13632_p_erm_154	Armáda po nás střílí!
d/8/d82dd6ca.p3d	11098_mahqa_126	Jste v čistém sektoru, odpovězte prosím?
d/8/d82eb199.p3d	10021_maf35_289	Tomuhle neuvěříš, přepínám.
d/8/d82fe335.p3d	19966_magsp_244	Na to negativní.
d/8/d8308e75.p3d	8597_mar_a_338	Kdo viděl, co se stalo? Někdo?
d/8/d831ea58.p3d	18148_bwtra_505	Pohyb-pohyb-pohyb!
d/8/d83a7522.p3d	13152_p_ctf_141	Pozor! Pozor!
d/8/d84319e0.p3d	572_bwbra_167	Zlikvidujte to!
d/8/d846d01b.p3d	14713_p_mtf_069	Je pryč? Kam zmizel?
d/8/d84ba59b.p3d	13770_p_fdf_057	Volně pobíhá po ulicích!
d/8/d8502932.p3d	14643_p_ham_229	Nááá!
d/8/d8542e74.p3d	22453_bwtra_e05m01_045	Red Crowne, Red Crowne. Tady Racecar Leader. Blížíme se k cíli.
d/8/d857de81.p3d	15226_p_mtm_116	Zavolejte poldy! Jsou to ty věci!
d/8/d85c0566.p3d	18772_susol_160	Mercer! Potvrzeno!
d/8/d85cb15c.p3d	14283_p_fdm_099	Páni!
d/8/d85e2df4.p3d	15989_p_uem_174	Zmizte!
d/8/d8609b2a.p3d	9075_mar_b_244	Jóóóhóóó!! *smích*
d/8/d861a809.p3d	20905_p_mtm_cheer_b	*smích*
d/8/d86586a1.p3d	24400_maoff_events_028	Tuhle bandu vředů zvládneme -- do nich!
d/8/d86b31f9.p3d	8152_mabhk_231	Red Crowne, cíl je zlikvidován a je konec.
d/8/d870ad7f.p3d	4458_mar_c_316	Přilétá to!
d/8/d87101db.p3d	7492_mabcm_160	Ruším červený stav. Přejděte na žlutou a čekejte na rozkazy, konec.
d/8/d8794d16.p3d	1995_bwmls_133	Připravuji palebnou přehradu.
d/8/d87af86e.p3d	11791_nydisp_066	Potvrzuji, jednotko.
d/8/d87e5fb0.p3d	12229_nypda_301	Na zem, hajzle!
d/8/d88370f3.p3d	17635_bwtra_012	Rozkaz, seržo. *smích*
d/8/d8874714.p3d	7846_mabra_266	Nesnáším to. Fakt to nesnáším.
d/8/d891d8ef.p3d	10777_mamls_324	Vydržte, chlapi. Jen se modlete, ať to zvládneme.
d/8/d898ce3a.p3d	20625_p_ctm_cheer_b	Jasně! Máš to, ty hajzle!
d/8/d89bd8ff.p3d	209_bwbhk_178	Dejte do toho všechno! Pal! Pal!
d/8/d89cf3ba.p3d	874_bwgsp_114	Ztraťte to, ztraťte to!
d/8/d89e7aae.p3d	7938_mabhk_037	Bum, ty mrcho!
d/8/d8a165fb.p3d	11063_mahqa_091	Informujte průběžně Red Crown.
d/8/d8a374fb.p3d	19931_magsp_219	Donkey Dvanáct, to bude naše nové krycí jméno.
d/8/d8a42031.p3d	8562_mar_a_303	O tomhle mluvím!
d/8/d8a57989.p3d	18113_bwtra_470	Dochází mi munice!
d/8/d8b5ef00.p3d	9339_mar_b_508	Jóóó! *smích*
d/8/d8b957d6.p3d	21887_alex_e03m02_103	Ještě jeden nebo dva....
d/8/d8bec301.p3d	14486_p_ham_072	Já myslim tamten. Tam!
d/8/d8cda7b1.p3d	22674_maf35_e08m04_005	Red Crown, vidíte to taky? Mám kontakt. Velký.
d/8/d8d1bf9b.p3d	15954_p_uem_139	Hej! Má bouchačku! Má sakra bouchačku!
d/8/d8d42cd1.p3d	9040_mar_b_209	Střílej TEĎ! Než se to změní!
d/8/d8d55629.p3d	25037_nypda_224	Hotovo!
d/8/d8e39d91.p3d	19508_bwhqb_006	Zahajte prohledávání na všech frontách.
d/8/d8e43cb0.p3d	4423_mar_c_281	Uhni! Uhni!
d/8/d8ecdc32.p3d	1960_bwmls_098	Zničte to, všechno. Na vedlejší škody kašlete.
d/8/d8f26313.p3d	13416_p_ctm_173	Zachraňte si životy!
d/8/d8f5e397.p3d	7689_mabra_129	Máme pět vteřin, abychom vypadli k čertu.
d/8/d8fad8d0.p3d	7811_mabra_231	Kouř se rozplynul a jsme tu všichni, přepínám.
d/9/d905680b.p3d	10742_mamls_289	Hej hej -- to jsme slyšeli až sem, pozorovateli.
d/9/d9070785.p3d	679_bwbra_274	Opakuji. Opakuji. Zapojeni!
d/9/d907759b.p3d	8826_mar_b_015	Ano, pane strážníku!
d/9/d90cca26.p3d	24352_p_haf_118	Vypadni sakra odsud!
d/9/d90f933c.p3d	13877_p_fdf_160	Ne. Ne, ne takhle. Prosím, ne takhle!
d/9/d9120eca.p3d	19774_magsp_062	Přímo tam. Přímo tam. Hlavní boj.
d/9/d91d40db.p3d	15038_p_uwm_161	N-nedělej, nedělej to, vem si všechno, co mám, prosím.
d/9/d91f5b44.p3d	11895_nydisp_160	Red Crown, ozvěte se, Red Crown. Policisté hlásí nepřátelský kontakt s nepřáteli vojenské úrovně, žádáme okamžitou vojenskou podporu, přepínám.
d/9/d91ff2f6.p3d	18879_susol_267	Je mrtvej, stejně. Zabijte je!
d/9/d9221f1c.p3d	20487_mar_b_scream_d	*výkřik*
d/9/d9250f21.p3d	1096_bwgsp_334	Drž ji stabilně! Drž ji stabilně!
d/9/d925a8a2.p3d	22180_bwabr_e08m02_20	Kůže přicházejí z boku! Backscratch na každý průnik!
d/9/d9297e31.p3d	9304_mar_b_473	Co to sakra děláte!?
d/9/d92d55e0.p3d	14980_p_uwm_103	Zavolal už někdo hasiče!
d/9/d92f1f89.p3d	8259_mabhk_338	Sakra práce. Nemůžu udržet výšku!
d/9/d93254a8.p3d	14451_p_ham_037	Vstávej, hajzle!
d/9/d93bd67c.p3d	15479_p_suf_135	Sakra! Zbraň!
d/9/d948efaf.p3d	25002_nypda_419	Neslyším vás, dispečinku -- jsme pod palbou!
d/9/d951c696.p3d	16965_bwtrb_145	Nenech se od těch tupců srazit.
d/9/d95c83b1.p3d	9916_maf35_204	Mám na radaru divnýho brouka, přibližuju se na vizuál.
d/9/d9608b0c.p3d	12037_nypda_104	Dispečinku, to je marný.
d/9/d960ff5a.p3d	13259_p_ctm_018	Co je to? Co je to?
d/9/d9633422.p3d	13704_p_erm_226	Neee!
d/9/d9680dd6.p3d	8669_mar_a_410	Hlášení, Echo One Alpha. Jednotky na místě.
d/9/d96972c8.p3d	7654_mabra_094	Vyšlete úder na náš povel, jestli chcete udržet tuhle zónu, přepínám.
d/9/d96c24b6.p3d	81_bwbhk_050	Šest Čtyři, Šest Čtyři, uniform je připraven na podpůrné nasazení.
d/9/d96fba83.p3d	10393_mahqb_130	Zrušte všechny rozkazy. Stáhněte se a přeskupte.
d/9/d971f46e.p3d	13224_p_ctf_213	Uhněte!
d/9/d97404a3.p3d	10585_mamls_152	Roller dva jedenáct, Roller dva jedenáct, předáváme informace o kontaktu RC.
d/9/d9798f97.p3d	22408_bwoff_e09m03_051	Mariňáci -- dostaňte to pod kontrolu! POHYB!
d/9/d97a992c.p3d	644_bwbra_239	ONI se už nevrátí.
d/9/d97b6bbd.p3d	24195_p_haf_189	Rychle!
d/9/d98324e5.p3d	13842_p_fdf_127	Pomozte jim se osvobodit!
d/9/d9864ba6.p3d	8370_mar_a_110	Nový přehled, nic. Tohle místo je čisté. Echo, konec.
d/9/d9890f68.p3d	4692_maabr_020	Nepřítel potvrzen, Red Crowne. Jen řekněte slovo.
d/9/d990d282.p3d	15003_p_uwm_126	Odražte ho!
d/9/d99384b2.p3d	18844_susol_232	Negativní na ZEUS, náš cíl je pořád tady.
d/9/d99430bd.p3d	14355_p_fdm_171	Utíkej!
d/9/d9981a76.p3d	9147_mar_b_316	To je fakt ošklivý svinstvo!
d/9/d998a0de.p3d	1061_bwgsp_300	Červený cíl eliminován.
d/9/d9a2b145.p3d	8224_mabhk_303	Sakra! Vážné poškození, systémy funkční!
d/9/d9af6838.p3d	15444_p_suf_100	Pomoc!
d/9/d9b7b8ea.p3d	19316_bwhqa_005	Polní týmy, potvrďte. Jsme na černé se zrakovým kontaktem cíle, přepínám.
d/9/d9ba4a3d.p3d	11396_maoff_121	*zabručení* Sakra, střelte ho!
d/9/d9baed76.p3d	17707_bwtra_064	Ztratili jsme ho. Nemáme snad oči na obloze?
d/9/d9c66ad1.p3d	4231_mar_c_100	Mrtvola! Zůstaňte ve střehu.
d/9/d9cb1d6b.p3d	9759_maf35_047	Palba pod kontrolou!
d/9/d9cb416a.p3d	22646_mabhk_e09m01_015	Velitelství, tady Ghost Tři Šest Sedm Pět, jsme mimo Rudou zónu!
d/9/d9d1cddc.p3d	13547_p_erm_069	Páni! Co se to právě stalo!?
d/9/d9d41a27.p3d	12002_nypda_068	Pfft. BLACKWATCH. Mělo by to být Růžová hlídka. Bando děvek.
d/9/d9d8e547.p3d	11135_mahqa_163	Úderná mise zrušena, návrat a doplnění munice.
d/9/d9db9cf2.p3d	8634_mar_a_375	Páni, vidělas to svinstvo?
d/9/d9de6075.p3d	4956_maabr_264	Cíl je zastaralý, žádám instrukce.
d/9/d9e08e2a.p3d	13067_p_ctf_058	To je ten, koho hledá policie!
d/9/d9e26baf.p3d	17286_bwtrb_466	Trefte ho!
d/9/d9e7964a.p3d	10550_mamls_117	Je to na záznamu, přepínám?
d/9/d9e932fb.p3d	487_bwbra_082	Setkání na slabém místě.
d/9/d9e94ea1.p3d	20120_bwbhk_stab_a	*ááh*
d/9/d9eefdf6.p3d	24160_p_haf_195	Nemůžu se hnout.
d/9/d9f6424d.p3d	14558_p_ham_144	Lehni si, kurva!
d/9/d9fb1c6c.p3d	24562_alex_e05m03_565	Budu potřebovat nějakou techniku, abych našel, co hledám. Vojenskou techniku.
d/a/da021e6c.p3d	18687_susol_075	ETA potvrzena. Úderný týme, držíme cíl tady, dokud nedorazíte, přepínám.
d/a/da02cd03.p3d	14198_p_fdm_015	Co se tady stalo?
d/a/da07c264.p3d	14320_p_fdm_136	Pomoc!
d/a/da0ba9a7.p3d	9112_mar_b_281	Co to sakra je?
d/a/da114b3d.p3d	8067_mabhk_166	Nepřítel zlikvidován! Jůůůůhůůů!
d/a/da1d1525.p3d	22871_mar_b_e02m02_001	Ty zasraný špióni tam rozjíždí nějakou novou detekční síť. Vsadím se, že nám z toho bude rakovina.
d/a/da1ebe93.p3d	280_bwbhk_249	Vydržte, Red Crowne, útočíme na nepřítele, přepínám.
d/a/da2de003.p3d	11361_maoff_217	Všichni dovnitř. Zahajte palbu, jakmile je čisto!
d/a/da3a57fb.p3d	21822_alex_e01m02_039	Radši se rychle dostanu k Daně.... Jestli ji přesunou, možná už jinou šanci nedostanu.
d/a/da3eaf27.p3d	9724_maf35_012	Tady Voodoo, letím tvrdě a rychle, sehněte hlavy, pozemní.
d/a/da430cc0.p3d	789_bwgsp_029	Cíl úspěšně uniká, pořád ho sledujeme.
d/a/da4381fd.p3d	20008_magsp_276	Zásah ukončen, mise splněna, návrat na základnu.
d/a/da455f98.p3d	13512_p_erm_034	Hej, hajzle, z cesty.
d/a/da480237.p3d	911_bwgsp_151	Cíl je ÚPLNĚ neutralizován, přepínám. Máme plný zásah.
d/a/da498e16.p3d	19846_magsp_134	Chladno. Výsledky negativní. Oblast vyčištěna, připraveni přijímat, přepínám.
d/a/da4a3937.p3d	8477_mar_a_218	Stůj! Stůj!
d/a/da4b928f.p3d	18028_bwtra_385	Který! Který sakra z vás!
d/a/da4c76ee.p3d	11100_mahqa_128	Čekejte na přeřazení cíle, přepínám.
d/a/da4cfcf8.p3d	4799_maabr_127	Negativní, Red Crowne. ZEUS negativní, přepínám.
d/a/da541fe6.p3d	13032_p_ctf_023	Co se to děje?
d/a/da55fd6b.p3d	17251_bwtrb_431	Prohledáno a zničeno.
d/a/da5ba794.p3d	17970_bwtra_327	Rozptylte se, hledejte slabé místo!
d/a/da5cc4a2.p3d	452_bwbra_047	Bude to chtít ještě pár ran.
d/a/da632e21.p3d	16783_bwabr_303	K zemi!
d/a/da69d3f4.p3d	14523_p_ham_109	Někdo...! Sežeňte pomoc!
d/a/da77d8b9.p3d	15869_p_uem_057	Je tamhle! J-já jsem si jistej!
d/a/da84dcf9.p3d	8032_mabhk_131	Pozemní jednotko, do krytu, hned!
d/a/da8a55b5.p3d	4338_mar_c_195	Zpátky!
d/a/da8aac9d.p3d	7372_mabcm_040	Velitelství Charlie volá Red Crown. Základna má těžké ztráty a poškození. Navrhuji obklíčit z východu, konec.
d/a/da8b88e2.p3d	24894_nypda_250	Lidi, uklidněte se! Potřebujeme trochu pořádku, než budeme moct pomoct!
d/a/da92f7d8.p3d	1875_bwmls_013	Highball sedm, hlavní stanice. Dejte nám směr palby, jsme připraveni na palebnou misi.
d/a/da9807e6.p3d	12109_nypda_180	Podezřelý je mobilní -- a HÝBE se!
d/a/da9a9967.p3d	24012_bwhqb_e05m02_017	Všechny jednotky Harlem, přesuňte se a obnovte základnu AE-1. Připravte se na výrazný odpor nakažených. Konec.
d/a/daa0f214.p3d	7726_mabra_166	Sakra práce, teď už můžu jet domů.
d/a/daab83b1.p3d	10657_mamls_204	Roller potvrzuje, všechno v pořádku, vracíme se na základnu, hned.
d/a/daac6452.p3d	23055_tagga_e09m03_015	SUNDEJTE TU VĚC ZE MĚ!
d/a/dab2186e.p3d	716_bwbra_301	Do prdele!
d/a/dab2e3f8.p3d	24267_p_haf_090	Naser si! Nejsem tvůj zasranej pachatel!
d/a/dabaa1a4.p3d	13914_p_fdf_197	Kriste, jsem zraněná!
d/a/dabd1d32.p3d	19811_magsp_099	Volá Tornado Whiskey. Odpoutat se. Přeskupit na souřadnicích Zulu Bravo.
d/a/dabdc867.p3d	8442_mar_a_182	To je ZEUS, psi! Rozešlete to po síti!
d/a/dac08c29.p3d	4764_maabr_092	Red Crowne, Red Crowne, potřebujeme okamžitě evakuaci raněných, přepínám.
d/a/dac49725.p3d	17094_bwtrb_274	Může mi JEDEN člověk říct, co se sakra stalo?
d/a/dac5f9f4.p3d	20673_p_erm_cough_b	*kašel*
d/a/dac9df75.p3d	23031_ragla_e06m02_051	Dobrá práce.
d/a/dacb03fe.p3d	18916_susol_304	Jsem operační!
d/a/dacf9737.p3d	9219_mar_b_388	Sakra. Nemůžeme pronásledovat!
d/a/dad04113.p3d	21743_speci_e04m04_045	Čisto!
d/a/dad36ee6.p3d	14895_p_uwm_018	Co to bylo? Víš to?
d/a/dade28e9.p3d	25461_alex_e08m02_701	Jestli napumpujou dost toho toxinu do země, možná se jim podaří vypláchnout nákazu. Vytlačte to do ulic - bojujte s tím.
d/a/dae06875.p3d	23017_ragla_e06m02_037	Rychle! Než se znova zorientuje!
d/a/dae6ca28.p3d	21729_speci_e04m04_031	Posily!
d/a/dae6e4f9.p3d	15516_p_suf_172	Sakra, utíkej!
d/a/daeb6a75.p3d	15834_p_uem_022	Ježiš, chlape.
d/a/daf1ce06.p3d	11468_maoff_355	Cíl je označen. Palte!
d/a/daf53d0f.p3d	20368_magsp_choke_a	*dušení*
d/a/dafde771.p3d	4303_mar_c_160	Je to dole! Pozor na další!
d/b/db00ccf6.p3d	22422_bwtra_e03m01_014	I my ne víme, co to je. Mají v cestě bio-jednotku.
d/b/db01dc99.p3d	24545_alex_e04m04_549	Kdo sakra JE tenhle chlap?
d/b/db094d3d.p3d	13619_p_erm_141	Schovej se za auto!
d/b/db0c2619.p3d	22711_mahqa_e04m01_011	Máme potvrzeno. Předáváme to taktickému velení. Zůstaňte v bezpečí, letecký úder bude brzy na místě.
d/b/db0c4a00.p3d	10008_maf35_276	Ustupuji! Bylo to o fous. Pořád dobrý.
d/b/db0f8e59.p3d	7569_mabra_009	Mám cíl a zaujímám pozici.
d/b/db180d74.p3d	13139_p_ctf_128	Policie!
d/b/db1ac8eb.p3d	10430_mahqb_167	Návrat povolen. Zrušte to.
d/b/db20b247.p3d	559_bwbra_154	Cíl horký, opakuji, ZEUS horký!
d/b/db2675dc.p3d	24232_p_haf_074	ON! TEN!
d/b/db293e02.p3d	13757_p_fdf_044	Ať někdo zavolá policii!
d/b/db2a6e01.p3d	19686_bwhqb_164	Vraťte se na základnu, úderný týme.
d/b/db2c64ab.p3d	8285_mar_a_024	Nepřítel znovu zaměřen!
d/b/db38c205.p3d	12372_nypda_444	Dolů! Dolů!
d/b/db3909cf.p3d	11883_nydisp_148	Red Crown, žádáme vojenský personál a techniku na prioritní podezřelé, policisté v terénu hlásí kontakt.
d/b/db399db8.p3d	18759_susol_147	Běž hned -- nebo zaplať životem!
d/b/db3a8d83.p3d	25103_nypda_pain_a	*argh*
d/b/db3d5b33.p3d	24371_maoff_e08m03_007	Připravte palebnou podporu na naši pozici, blízké nebezpečí, opakuji, blízké nebezpečí. Pokud teď padneme, pal i bez potvrzení.
d/b/db4559d5.p3d	16591_bwabr_131	Zaměřit hlavní zbraň.
d/b/db4d8e06.p3d	19240_p_hlf_160	Pusť mě, kámo! Nikomu nic neřeknu, OK!?
d/b/db4e9a2d.p3d	7479_mabcm_147	Poddůstojníci ve službě, dostavte se na velitelství k hlášení. Všechny palebné týmy, uvolněte se.
d/b/db52248e.p3d	24598_alex_e07m01_601	Míříme k místu nakládky, přepínám! 
d/b/db558140.p3d	15359_p_suf_017	Vidí to někdo?
d/b/db563df4.p3d	352_bwbhk_321	Vycouvat!
d/b/db655c9d.p3d	11433_maoff_271	Nepřítel! To je nepřítel!
d/b/db6b7196.p3d	16845_bwtrb_045	Teď jsi to udělal.
d/b/db6c83d6.p3d	4146_mar_c_014	Nasedat, projít a vyčistit. Brandte, hni tou prdelí na pozici!
d/b/db796334.p3d	17483_bwoff_142	Je to Mercer, říkám vám! Palte!
d/b/db7bf53c.p3d	23885_alex_013	Zahajte palbu na ten cíl. Veškerá munice, konec.
d/b/db810d62.p3d	19918_magsp_206	Vyřiďte pozemním, cíle na vektoru nula dva devět.
d/b/db81b60d.p3d	8549_mar_a_290	Jaký je rozkaz!?
d/b/db896583.p3d	10273_mahqb_030	Pátrání zrušeno, opakuji, zrušeno.
d/b/db8b9ca5.p3d	13104_p_ctf_093	Aaah!
d/b/db8d7cb7.p3d	17323_bwtrb_503	Pohyb, všichni!
d/b/db8daf65.p3d	10465_mamls_032	Uh, na cíli negativní.
d/b/db8f13a5.p3d	10992_mahqa_040	Čekejte, čekejte. Ozveme se.
d/b/db8fbc01.p3d	25180_nypda_447	Pusťte ho, HNED!
d/b/db9443ee.p3d	524_bwbra_119	Razorback na lovu, Red Crown.
d/b/db972c0d.p3d	2161_bwmls_299	Žádná energie, tahle věc je celá v hajzlu.
d/b/db9dffa8.p3d	19651_bwhqb_129	Jsme ve stavu snížené hrozby.
d/b/db9f7512.p3d	21858_alex_e03m01_074	Hej -- neví někdo, kde je McCormick?
d/b/dbab9c9f.p3d	20462_mar_a_scream_c	*výkřik*
d/b/dbad2f74.p3d	18724_susol_112	Znovu zaměřeno!
d/b/dbaddb80.p3d	14235_p_fdm_052	Je nebezpečný! Držte se dál!
d/b/dbb1c2ad.p3d	9027_mar_b_196	Zahrává si s náma.
d/b/dbbc5c45.p3d	8104_mabhk_203	Slyším vás hlasitě a jasně.
d/b/dbc22be9.p3d	7444_mabcm_112	ZEUS zmizel z dohledu. Stáhněte pátrací týmy zpět, přepínám.
d/b/dbc27d18.p3d	22473_bwtra_e06m05_066	Bože můj... co to je?
d/b/dbc30f91.p3d	24966_nypda_512	Hej, co si sakra myslíš, že děláš!?
d/b/dbc4d7ae.p3d	195_bwbhk_164	Tady Ghost, můžete nahlásit, co se to tam dole děje?
d/b/dbca7499.p3d	1947_bwmls_085	Tato mřížka vyčištěna. Pokračujeme dál.
d/b/dbd03ed6.p3d	24528_alex_e03m01_532	Potřebuju víc informací, než tam půjdu.
d/b/dbd3f942.p3d	11276_maoff_147	Měli by být na naší straně.
d/b/dbd9062c.p3d	22459_bwtra_e06m05_051	Ale ne.
d/b/dbdf0352.p3d	16810_bwtrb_010	Je pryč.
d/b/dbe30072.p3d	10729_mamls_276	Rozumím, rozumím, budete to muset zasáhnout znovu.
d/b/dbea62cd.p3d	24339_p_haf_127	Tohle sakra není v pořádku!
d/b/dbee1b3d.p3d	826_bwgsp_066	Varujte pozemní jednotky, situace je pořád horká.
d/b/dbf29047.p3d	11015_mahqa_063	Potvrzuji, přepínám.
d/b/dbf547b4.p3d	8514_mar_a_255	Tohle je v hajzlu.
d/b/dbf80b75.p3d	4836_maabr_164	Nepřítel ostrý! Pozor!
d/b/dbfc1671.p3d	17166_bwtrb_346	Co to sakra je!?
d/b/dbfe895a.p3d	19494_bwhqa_163	Ruším úderný balíček Golf Devět. Všechny jednotky se rozptylte a čekejte na nové rozkazy, přepínám.
d/c/dc01c0af.p3d	17885_bwtra_242	Máme tu hnidí kámoše.
d/c/dc094727.p3d	16698_bwabr_218	Vracíme se na základnu, situace klidná.
d/c/dc0aa5bd.p3d	24602_alex_e07m04_609	Potřebuju lepší představu o tom, čemu čelím.
d/c/dc0aebbc.p3d	14967_p_uwm_090	Počkejte, počkejte! Prosím!
d/c/dc0fed0f.p3d	14438_p_ham_024	Souvisí to s tim virem a tak?
d/c/dc19ccd9.p3d	21999_alex_e05m03_215	Tak...hotovo.
d/c/dc1aed7b.p3d	12180_nypda_252	Viděl někdo, co se stalo? Někdo?
d/c/dc216d27.p3d	14200_p_fdm_017	Ježíši Kriste!
d/c/dc22e734.p3d	15906_p_uem_092	Co?!?
d/c/dc36a1f0.p3d	24931_nypda_535	Jeeeeežíši!
d/c/dc386955.p3d	160_bwbhk_129	Zahajujeme prohledávání, hledáme jehlu v kupce sena.
d/c/dc3e0655.p3d	1912_bwmls_050	Přenašeči -- stáhněte se a přeskupte se, přepínám.
d/c/dc4477c3.p3d	20880_p_mtf_disgust_a	Fuj!
d/c/dc478819.p3d	11241_maoff_085	Potvrďte ten zásah.
d/c/dc49bd08.p3d	68_bwbhk_037	Zásah. Další zásah. Zásah. Sériová palba.
d/c/dc4e360a.p3d	11966_nypda_041	Negativní, dispečinku.
d/c/dc527ccb.p3d	9290_mar_b_459	Red Crown, teď není vhodná doba.
d/c/dc539aff.p3d	25287_nypda_184	Do prdele, hejbe se!
d/c/dc587242.p3d	22093_alex_e08m02_311	Asi jedna. Zadrž je. Musíme udržet cestu!
d/c/dc60bd4c.p3d	13829_p_fdf_114	Nenechte je přiblížit se!
d/c/dc6338d8.p3d	19726_magsp_014	Red Crown, jsme v červené zóně. Pokoušíme se zaměřit cíl.
d/c/dc63e16d.p3d	8357_mar_a_097	Prohledejte svou zónu, sledujte dav. Kontakt může být kdekoliv.
d/c/dc66a7ba.p3d	4679_maabr_007	Ranger Dvě Sedm vstupuje do zabijácké zóny -- dejte nám cíl, přepínám.
d/c/dc6b9d1c.p3d	4801_maabr_129	Nic jsme nenašli. ZEUS je pryč, přepínám.
d/c/dc6c6a66.p3d	22145_alex_e09m03_362	*frustrované zavrčení* Bez Taggarta se nedostanu k Randallovi.
d/c/dc6fa82d.p3d	17131_bwtrb_311	Právě jsme narazili na centrálu kůží.
d/c/dc704151.p3d	12444_nypda_516	Zastřel toho hajzla!
d/c/dc746eb3.p3d	20894_p_mtf_pain_c	*argh*
d/c/dc755256.p3d	17850_bwtra_207	Mám tu dopravní nehodu, kdyby to někoho zajímalo.
d/c/dc7636a5.p3d	1048_bwgsp_287	Nepřetržitě, prosím, a zapojte se.
d/c/dc7e7d63.p3d	14932_p_uwm_055	Zastavte ho! Zastavte ho!
d/c/dc87e2b1.p3d	23962_alex_090	I když změním podobu, vycítí mě.
d/c/dc8c32d1.p3d	13690_p_erm_212	Páni!
d/c/dc923d1a.p3d	21789_alex_e01m01_006	Musím se odsud sakra dostat pryč...tohle nemůžu dělat věčně.
d/c/dc9cdbc9.p3d	11505_maoff_332	Zpátky, hoďte sebou!
d/c/dca34691.p3d	23914_alex_042	Jste všichni mrtví.
d/c/dca40098.p3d	4218_mar_c_087	Zdravotníku! Zdravotníku! Pojď sem!
d/c/dca53e90.p3d	24774_nypda_406	Miřte na hlavu!
d/c/dca74e16.p3d	14771_p_mtf_127	Pomozte jim osvobodit se!
d/c/dcb0e280.p3d	17555_bwoff_214	Rozkaz, přepínám.
d/c/dcb163a9.p3d	19010_susol_398	Ahh, jsem hotovej! Zabijte to!
d/c/dcb859ef.p3d	15284_p_mtm_172	Co to sakra bylo za věc!?
d/c/dcba9cd6.p3d	7606_mabra_046	Tango na zemi. Jedeme.
d/c/dcc0e206.p3d	10345_mahqb_082	Situace, přepínám.
d/c/dcc1c7d0.p3d	11931_nypda_016	Dispečinku, 10-80 ta žádost o posily. Zvládli jsme to.
d/c/dcc52eb1.p3d	10537_mamls_104	Ukažte mu, jak jsme nadšení.
d/c/dcc73827.p3d	25252_nypda_469	Co je to za kravinu?
d/c/dccc9943.p3d	24147_p_haf_210	Pohyb!
d/c/dccf7abc.p3d	25427_alex_e06m02_708	Klid, chlapče. Pšš....
d/c/dcd61e82.p3d	20948_p_suf_cough_a	*kašel*
d/c/dcd77329.p3d	8322_mar_a_062	Chceš to? Tak to máš, brácho!
d/c/dcdedb0b.p3d	12287_nypda_359	Ta věc střílí!
d/c/dce3ec25.p3d	17693_bwtra_050	Ne, opakuji, ne. Jinak řečeno zapomeň na to.
d/c/dce55acb.p3d	14307_p_fdm_123	Bože, je s ním konec!
d/c/dce9c861.p3d	1013_bwgsp_252	Fůů, jsme čistí, jsme čistí!
d/c/dcf3a70e.p3d	19155_p_hlf_077	Chyťte ho! Je tamhle!
d/c/dcfef61e.p3d	7996_mabhk_095	Těla všude kolem!
d/d/dd05f76f.p3d	18171_bwtra_528	Neee!!
d/d/dd09d4f6.p3d	22984_ragla_e05m02_004	Dobrý. Jsem v pohodě.
d/d/dd0b786a.p3d	11348_maoff_204	Jak si to sakra můžeš myslet? Stáhni se, do prdele!
d/d/dd172a57.p3d	22914_mar_b_e06m04_043	Doprovoďte ten zasranej tank, řekli... A KDO BUDE KRÝT NÁS!? Do prdele...
d/d/dd1f7c3a.p3d	17398_bwoff_057	Potřebujeme posily a potřebujeme evakuaci!
d/d/dd24719c.p3d	17520_bwoff_179	Vyklidit zónu, to byl Mercer!
d/d/dd3395bd.p3d	17238_bwtrb_418	Nesměkčuj to tak brzo!
d/d/dd3473eb.p3d	10310_mahqb_067	Potvrzuji, přepínám.
d/d/dd35c99f.p3d	25095_nypda_046	Negativní, dispečinku, negativní.
d/d/dd38bdcd.p3d	10502_mamls_069	Zaměřujeme laserem cíl pro úderný tým, žádáme Beamridery na vizuál.
d/d/dd393ffb.p3d	17957_bwtra_314	Držte pozici, vojáci!
d/d/dd3a5d09.p3d	439_bwbra_034	25 pryč.
d/d/dd3d47d2.p3d	2076_bwmls_224	Skoro nám dochází, kurva!
d/d/dd441901.p3d	19566_bwhqb_064	Potvrzuji.
d/d/dd44ba96.p3d	4481_mar_c_339	Zadržte palbu, mariňáci!
d/d/dd511861.p3d	22076_alex_e07m02_293	Sakra doufám, že zastavit tohle je správná věc.
d/d/dd526cc7.p3d	12252_nypda_324	Svatá prdel!
d/d/dd52b86f.p3d	11871_nydisp_136	10-80, honička podezřelého. Taktický kód z Tři na Nula.
d/d/dd52e10e.p3d	13474_p_ctm_231	Ouu!
d/d/dd5d4891.p3d	20344_maf35_choke_a	*dušení*
d/d/dd5f0497.p3d	16471_bwabr_011	Proklouzl sítí, Red Crown.
d/d/dd62754b.p3d	8019_mabhk_118	Zahajujeme prohledávání, hledáme jehlu v kupce sena.
d/d/dd6738cc.p3d	19120_p_hlf_044	To je ten chlap! Ten, po kterym jdou!
d/d/dd6844ef.p3d	7359_mabcm_027	Red Crowne, rota Fox je pod útokem. Opakuji, jsme pod útokem.
d/d/dd6fe8b6.p3d	232_bwbhk_201	Ghost Čtyři Pět zapojuje nepřítele, přepínám.
d/d/dd7287da.p3d	7961_mabhk_060	Red Crowne, ztratili jsme vizuál na cíl, přepínám.
d/d/dd7dbec1.p3d	15096_p_uwm_219	Nezabíjej mě!
d/d/dd7f0786.p3d	11313_maoff_169	Mám ho na očích.
d/d/dd800231.p3d	22384_bwoff_e03m01_027	Velení! Sežeňte mi letecký úder na tuhle pozici HNED!
d/d/dd930df6.p3d	17363_bwoff_022	Vědecký tým dovnitř. Máme čerstvé maso.
d/d/dd95ba4d.p3d	16035_p_uem_220	Pusť... pusť mě... na svobodu!
d/d/dd9b60b9.p3d	8429_mar_a_169	Viděls to svinstvo?
d/d/dda724ee.p3d	17203_bwtrb_383	Ustup! Pořád máme dostřel!
d/d/dda9673f.p3d	25060_nypda_367	Rozflákám tě!
d/d/ddaccf17.p3d	17922_bwtra_279	Zmiz. Dýcháš mi vzduch.
d/d/ddb455a4.p3d	16735_bwabr_255	Pokračujte v útoku, je slabý!
d/d/ddb7aaa8.p3d	19531_bwhqb_029	Dobře, přerušte to. Potvrďte.
d/d/ddb92c17.p3d	20613_p_ctf_pain_b	*argh*
d/d/ddbcfee3.p3d	9974_maf35_242	Na mé dvacítce je čisto, Red Crown. Zvládli jsme to.
d/d/ddc10680.p3d	12095_nypda_166	Musí být tady... někde.
d/d/ddc6da55.p3d	18604_susol_002	Dostali jsme je VŠECHNY, Red Crown, přepínám.
d/d/ddc6fe67.p3d	22815_maoff_e10m04_079	To snad není možný, že ta věc je pořád v tom. Můžete to trefit znovu?
d/d/dddcac8b.p3d	24846_nypda_098	Dispečinku, mám pozitivní na podezřelého. Žádám podporu úderného týmu.
d/d/dddecad5.p3d	14843_p_mtf_197	Kriste, jsem zraněná! Jsem zraněná!
d/d/dde56636.p3d	20997_p_uem_cough_b	*kašel*
d/d/ddeda3e4.p3d	11156_maoff_016	Ztratili jsme ho z očí, rozumíte?
d/d/ddf14df2.p3d	15061_p_uwm_184	Vyklidit!
d/d/ddf86152.p3d	10417_mahqb_154	Máte povoleno. Vybírejte si cíle, nechci opakování minula.
d/d/ddfeb406.p3d	25324_nypda_462	Stůj!
d/e/de04152f.p3d	24219_p_haf_216	Nezabíjej mě.
d/e/de08a83b.p3d	4588_mar_c_446	Zasraný peklo!
d/e/de094969.p3d	16000_p_uem_185	Jen běž!
d/e/de11b637.p3d	4716_maabr_044	Máme nepřátele. Potvrzeno, zrůdy spatřeny, přepínám.
d/e/de15c133.p3d	17046_bwtrb_226	Kdo jsi?!
d/e/de165a6c.p3d	12359_nypda_431	Vypadni sakra pryč!
d/e/de18345a.p3d	19374_bwhqa_063	Rozumím.
d/e/de1b6b71.p3d	17765_bwtra_122	Tady je fůra mrtvejch. Instrukce prosím?
d/e/de2202a1.p3d	24373_maoff_events_001	Cíl spatřen -- dejte do toho všechno.
d/e/de22f227.p3d	16578_bwabr_118	Blackjack dva volá Red Crown, nepřítel sražen, přepínám.
d/e/de27e760.p3d	16700_bwabr_220	Skenery čisté, mise dokončena, přepínám.
d/e/de2b2658.p3d	19227_p_hlf_147	Co to sakra je!?
d/e/de33d646.p3d	339_bwbhk_308	Whoa! Tentokrát jsme měli štěstí!
d/e/de349823.p3d	12060_nypda_127	Podezřelý na zemi!
d/e/de350c86.p3d	13282_p_ctm_041	Terorista! Terorista!
d/e/de4d46aa.p3d	22428_bwtra_e04m01_020	ZEUS je v Paláci. Opakuji, ZEUS je V Paláci!
d/e/de4d6731.p3d	14686_p_mtf_042	To je ten muž!
d/e/de503db1.p3d	24811_nypda_018	Je po všem, dispečinku. Čas na 10-61.
d/e/de5e72f7.p3d	15199_p_mtm_089	Máte špatnýho člověka. Jsem nevinnej.
d/e/de610418.p3d	22442_bwtra_e04m04_034	Kde je?
d/e/de636ae2.p3d	15321_p_mtm_209	Pozor!
d/e/de6c278d.p3d	9170_mar_b_339	Klid! KLID!
d/e/de6cabf7.p3d	10979_mahqa_027	Obranné formace. Pátrání zrušeno. Polní jednotky, hlaste se.
d/e/de74c474.p3d	2148_bwmls_286	Jednu jsem schytal, další už neustojím.
d/e/de7b980f.p3d	19638_bwhqb_116	Jsme slepí. Cíl je nezvěstný.
d/e/de7c39f7.p3d	4553_mar_c_411	Nedělejte to, kluci! Vy mě znáte!
d/e/de804d63.p3d	21563_bwabr_255	Pokračujte v útoku, je slabý!
d/e/de895064.p3d	17011_bwtrb_191	Najdu ho, nebo zabiju úplně všechny!
d/e/de89e988.p3d	12324_nypda_396	Prosím, nezabíjejte mě, PROSÍM!
d/e/de8efa8d.p3d	17730_bwtra_087	Pojďme tam, kde je co dělat.
d/e/de968158.p3d	16543_bwabr_083	Velká zbraň je na zemi. Připravit kanón.
d/e/de9f2a97.p3d	9782_maf35_070	Oranžová síla dostane jednu do zad. Promiňte za ten binec, děcka.
d/e/de9f7019.p3d	8956_mar_b_125	AAAAAA!!!!!
d/e/dea3fff8.p3d	20066_magsp_334	Thunder Jedna, padá! Na nos!
d/e/dea5db08.p3d	13570_p_erm_092	Co?!?
d/e/dea76577.p3d	304_bwbhk_273	Veliteli úderu, hlásím, cíl mimo dohled. Prosím o pokyny.
d/e/dea913b8.p3d	20412_mamls_scream_a	*výkřik*
d/e/deac108a.p3d	18086_bwtra_443	Hm. To vážně vypadalo jako smrt.
d/e/deb49b3f.p3d	13090_p_ctf_079	To musí být on!
d/e/debab2d0.p3d	14776_p_mtf_130c	Vrahu!
d/e/dec00fb3.p3d	22493_bwtra_e07m01_086	Ghoste Dvanáct, myslím, že ti dlužíme bednu piva. Díky.
d/e/deca4f64.p3d	14581_p_ham_167	Stůj! Počkej! Jen mě nech jít!
d/e/deca8ab7.p3d	17435_bwoff_094	Zastřelte je oba, je mi to u prdele!
d/e/ded204b5.p3d	15164_p_mtm_056	Tam! Tam!
d/e/dee03290.p3d	22011_alex_e05m03_227	*zuřivý řev*
d/e/dee0db66.p3d	25132_nypda_148	Dispečinku, tady Charlie Nineteen. Vypátral jsem podezřelého na nové pozici!
d/e/dee0e0f2.p3d	21016_p_uem_pain_a	*argh*
d/e/dee55854.p3d	8090_mabhk_189	Zrůdy, opakuji, zrůdy.
d/e/dee8564f.p3d	2113_bwmls_261	Vypadá to jako maso a hlína, Red Crown. Potvrďte stav cíle?
d/e/deead3b1.p3d	4396_mar_c_254	Tam! Sundejte ho hned!
d/e/deef2740.p3d	19603_bwhqb_081	Dejte mi informace.
d/e/def83392.p3d	20956_p_suf_disgust_a	Fuj!
d/e/def885cd.p3d	12167_nypda_239	Myslel jsem, že byl právě tady.
d/e/def8fa14.p3d	13389_p_ctm_146	Co je s tím tankem!
d/f/df000854.p3d	8799_mar_a_520	Pohni se!
d/f/df101d51.p3d	22156_alex_e10m04_373	Vezmi si to!
d/f/df12ff4a.p3d	8921_mar_b_090	Přesouváme se prohledat další sektor.
d/f/df142b77.p3d	24918_nypda_137	Až budeš mít oči na místě, posunu se dopředu.
d/f/df151761.p3d	22739_maoff_e02m01_003	Sežeňte nám sem sakra nějakou podporu!
d/f/df15ecce.p3d	5002_maabr_310	Ven! Ven! Hned!
d/f/df1601bc.p3d	147_bwbhk_116	Žádost o úder, cíl spatřen, pošlete úderový balíček na vektor Nula Jedna Devět.
d/f/df178f14.p3d	20031_magsp_299	Jsme zasaženi! Jsme zasaženi. Nevidím -- co tam vzadu máme?
d/f/df1fa231.p3d	18051_bwtra_408	To nejsem já, je to ON!
d/f/df25238a.p3d	11228_maoff_115	Všem jednotkám, vraťte se na svá stanoviště. Stopa je studená, přepínám.
d/f/df2b7f6e.p3d	18974_susol_362	Ta věc je nepřátelská!
d/f/df301532.p3d	9277_mar_b_446	Nechci umřít! Do prdele!
d/f/df3ab388.p3d	21779_speci_e04m04_081	Sedni si... Odpočiň si.
d/f/df3e1c5e.p3d	17400_bwoff_059	RED CROWN, tohle se nám vymyká z rukou!
d/f/df4472ac.p3d	22116_alex_e09m01_333	Nic nezbylo.
d/f/df4762f4.p3d	15574_p_suf_230	Vá-úú, ó, óóóóhhh!
d/f/df4be5ce.p3d	15892_p_uem_078	Tamhle! Přímo tamhle!
d/f/df4d3df4.p3d	17118_bwtrb_298	Blíží se rudí nepřátelé.
d/f/df4fb368.p3d	19446_bwhqa_115	Red Crown s aktualizací, všechny týmy mají zelenou k zásahu, přepínám.
d/f/df52e832.p3d	17837_bwtra_194	Sakra.
d/f/df5c15ca.p3d	14919_p_uwm_042	Terorista!
d/f/df5e6558.p3d	4361_mar_c_219	Držte se dál od těla!
d/f/df631827.p3d	9889_maf35_177	Red Crown, je hotovo, ZEUS zlikvidován. Všichni ptáci se seskupte a zpátky na základnu, přepínám.
d/f/df69c898.p3d	13677_p_erm_199	Ááách! Někdo! Pomoc!
d/f/df6c1788.p3d	12132_nypda_203	Tak jo, co to sakra je!?
d/f/df6c8bd0.p3d	13354_p_ctm_111	Pozor! Mají ten virus!
d/f/df739770.p3d	8764_mar_a_485	Zastav palbu, mariňáku!
d/f/df7888e4.p3d	13197_p_ctf_186	Vypadni!
d/f/df7f90c8.p3d	10680_mamls_227	Vítejte v pekle, hajzlové.
d/f/df8260ea.p3d	21870_alex_e03m02_086	Tohle potřebuju.
d/f/df84e67d.p3d	14758_p_mtf_114	Nakaženej! Držte se z dohledu!
d/f/df86f03b.p3d	24290_p_haf_048	Poldové po něm sakra jdou!
d/f/df884419.p3d	21922_alex_e04m02_138	Další z nich.
d/f/df8990ed.p3d	112_bwbhk_081	Auh -- do prdele! Dobrý, jsme pořád v pohodě.
d/f/df8d7192.p3d	25382_alex_e03m01_708	Další nákaza. Stejně jako v Genteku. Kriste, musím dostat Karen odsud!
d/f/df94d773.p3d	21702_speci_e04m04_004	Další zasranej Běžec. Vždycky si myslej, že jsou jiní.
d/f/df9f6037.p3d	11918_nypda_003	Teď je něco ve vzduchu. Cítím to.
d/f/dfa3a6ee.p3d	9242_mar_b_411	Nepřítel ovládl naše vozidlo!
d/f/dfa4cc32.p3d	25239_nypda_306	K zemi, hajzle!
d/f/dfa945bb.p3d	8197_mabhk_276	Rozumím, jsme v polovině náletu, přerušte spojení, přerušte spojení.
d/f/dfababe6.p3d	22655_mabra_e04m01_005	Signál kolísá, jeďte dál. Přeměříme to cestou.
d/f/dfb3b6b8.p3d	4625_mar_c_483	Pal! Pal!
d/f/dfb50b7a.p3d	8309_mar_a_048	Udržujte palbu!
d/f/dfc34299.p3d	19411_bwhqa_080	Zamítnuto, přepínám.
d/f/dfc5da63.p3d	11491_maoff_318	Kontrolujte své cíle!
d/f/dfc679d9.p3d	17802_bwtra_159	Mise splněna.
d/f/dfce00a4.p3d	16615_bwabr_155	ZEUS je dole, připravte sběrný tým.
d/f/dfd00ee0.p3d	22860_mar_a_e06m04_041	KURVA! JSOU POŘÁD TADY!! POHYB! POHYB!!
d/f/dfd68dab.p3d	20784_p_ham_cheer_a	Jo! Tumáš, hajzle!
d/f/dfd6a9e3.p3d	9854_maf35_142	Jaké jsou info na cíl!
d/f/dfd9f236.p3d	22955_mar_c_e06m01_032	Pane!
d/f/dfdd5a54.p3d	13642_p_erm_164	Ne-ne-ne-ne-ne! Ne! Ušetři mě! Prosím!
d/f/dfe05717.p3d	10031_maf35_299	Držím pozici, můžete zkontrolovat kouř?
d/f/dfe18894.p3d	19976_magsp_244	Na to negativní.
d/f/dfe1c182.p3d	20801_p_ham_disgust_b	Sakra....
d/f/dfe38fd6.p3d	18158_bwtra_515	Vzdej se. Bude to rychlé.
d/f/dfe39b85.p3d	7592_mabra_032	Objeď to a zaútoč. Dej mi jeden na pravou stranu.
d/f/dfe881a2.p3d	24022_bwhqb_e08m02_003	Rozumím, Sigmo. Pěkná práce.
d/f/dfec1aa0.p3d	13162_p_ctf_151	Bože můj!
d/f/dff4bf5e.p3d	582_bwbra_177	Rozumím. Provedu. RC chce s tímhle rychle skoncovat.
d/f/dff87599.p3d	14723_p_mtf_079	To je on! On je ten pravej!
d/f/dffd4b18.p3d	13780_p_fdf_066	Schovává se!
e/0/e0020a03.p3d	17507_bwoff_166	Jsem v pozici, palte.
e/0/e00983ff.p3d	15236_p_mtm_126	Padáme odsud.
e/0/e00aa274.p3d	20655_p_ctm_pain_d	*argh*
e/0/e00daae4.p3d	18782_susol_170	Sledujte to!
e/0/e00ddcd2.p3d	25487_alex_e07m01_706	Potvrzuji, Red Crown. Jdu na to 
e/0/e00e5965.p3d	14293_p_fdm_109	Tomu nemůžu uvěřit. Bože můj! Ježíši!
e/0/e00fd372.p3d	15999_p_uem_184	Hni nohama!
e/0/e01240a8.p3d	9085_mar_b_254	To není on. Pořád jsme v boji.
e/0/e0185405.p3d	25204_nypda_086	Spatřil jsem hořáky, dispečinku. Nepřátelé na mé pozici.
e/0/e01cd777.p3d	8162_mabhk_241	Velitel úderu hlásí, že cíl není na dohled. Poraďte.
e/0/e0224b45.p3d	24432_mabra_e08m02_002	Přeskupit! Pohyb!
e/0/e02252fd.p3d	4468_mar_c_326	Dejte mu prostor!
e/0/e0298e6c.p3d	15382_p_suf_040	Naser si!
e/0/e02c9dce.p3d	11792_nydisp_067	10-4.
e/0/e030052e.p3d	12239_nypda_311	To je ta mrcha, přesně tam!
e/0/e0351671.p3d	17645_bwtra_022	Tihle blbí vojáci mě dohánějí k šílenství.
e/0/e038ec92.p3d	7856_mabra_276	Konec hry, dej mi ještě pár mincí.
e/0/e044d133.p3d	19107_p_hlf_031	Ustupte!
e/0/e047cb17.p3d	24609_alex_e09m01_612	Musím najít všechna Taggartova letadla.
e/0/e049e588.p3d	24593_alex_e06m04_596	Musím to dokončit.
e/0/e04d7e7d.p3d	219_bwbhk_188	Dostali jsme ho? Nevidím to, přepínám.
e/0/e04e9938.p3d	884_bwgsp_124	Cíl nabírá na síle! Pozor!
e/0/e050202c.p3d	7948_mabhk_047	Nejde to, veliteli, co ještě bude potřeba?
e/0/e051c53d.p3d	20501_mar_c_pain_b	*argh*
e/0/e0530e04.p3d	11073_mahqa_101	Všechny týmy jsou na pozicích.
e/0/e0551a79.p3d	19941_magsp_229	Vidím tam dole něco divného. Klesám na pohled.
e/0/e055c5af.p3d	8572_mar_a_313	Ne, kámo, to není správné!
e/0/e0571f07.p3d	18123_bwtra_480	Máme tu sakra válku!
e/0/e05f0f83.p3d	22825_mar_a_e02m02_007	Tam smějí jen papaláši. Vsadím se, že uvnitř je to samá dobrota a kundičky.
e/0/e05f7748.p3d	22194_bwabr_e08m03_35	Posilte východní stranu!
e/0/e067947e.p3d	9349_mar_b_518	SAKRA.
e/0/e070687f.p3d	14496_p_ham_082	Nejsem to já, přísahám!
e/0/e07d1330.p3d	15201_p_mtm_091	Ale, kámo.
e/0/e0836519.p3d	15964_p_uem_149	Uhni z cesty tomu vozidlu!
e/0/e085d24f.p3d	9050_mar_b_219	No tak, prosím! Nestřílejte!
e/0/e086f7cc.p3d	25047_nypda_129	Zásobník do pistole! Potřebuju zásobník do pistole!
e/0/e08a677e.p3d	17909_bwtra_266	Právě jsme vyhráli den.
e/0/e095430f.p3d	19518_bwhqb_016	Vzduch i zem, pronásledujte.
e/0/e095e22e.p3d	4433_mar_c_291	Je dole. Nahlaste to!
e/0/e09e843b.p3d	1970_bwmls_108	Tři hodiny, tři hodiny, máte cílovou zónu označenou na displeji -- vlna, vlna.
e/0/e0a09419.p3d	25355_alex_e10m04_702	Nemůžu zůstat ve vzduchu - nebo jsem grilovaný.
e/0/e0a3944a.p3d	12204_nypda_276	Jak to sakra je?
e/0/e0a40891.p3d	13426_p_ctm_183	Jak nejrychleji můžeš!
e/0/e0a6f6df.p3d	22934_mar_c_e02m05_012	Adios, hajzle!
e/0/e0a78915.p3d	7699_mabra_139	Rozsviťte ho, přepínám.
e/0/e0ac7e4e.p3d	7821_mabra_241	Ok, kluci, semkněte řady a mažeme domů, přepínám.
e/0/e0b70d89.p3d	10752_mamls_299	Pásy v pořádku, ústup, ústup!
e/0/e0b8a4a8.p3d	689_bwbra_014	Razor Jedna končí, jsme pryč, jste na sebe sami, polní týme.
e/0/e0b91b19.p3d	8836_mar_b_025	Už nám řekli, co tu ti chlapi dělaj? Co tu doopravdy dělaj?
e/0/e0be6ffc.p3d	24362_p_haf_153	Střílí po nás!
e/0/e0c138ba.p3d	13887_p_fdf_170	Ach bože. Néé! Ježiši. Prosím!
e/0/e0c3b1e8.p3d	7913_mabhk_012	Je to tam dole fakt hovnobouře, Red Crowne.
e/0/e0c3b448.p3d	19784_magsp_072	Vzduch pozemním, nevidíme ho. Máte vizuál?
e/0/e0cee659.p3d	15048_p_uwm_171	Utíkej!
e/0/e0d100a4.p3d	11896_nydisp_161	Záchranné služby jsou na cestě. Vydržte tam, nebude to dlouho trvat.
e/0/e0d19874.p3d	18889_susol_277	Palte po něm!
e/0/e0db23af.p3d	9314_mar_b_483	Pozice prozrazena!
e/0/e0defb5e.p3d	14990_p_uwm_113	V-v-vidím nakažený!
e/0/e0e3fa26.p3d	14461_p_ham_047	Zastavte toho hajzla!
e/0/e0ed7bfa.p3d	15489_p_suf_145	Střelba!
e/0/e0fa8623.p3d	25012_nypda_023	Tady Charlie Nineteen. Možné 10-34 na mé pozici. Ozvu se s aktualizací.
e/1/e1036c14.p3d	16975_bwtrb_155	Platí stanné právo. Tahle oblast je zakázaná.
e/1/e112308a.p3d	12047_nypda_114	Dispečinku, pošlete záchranku na mou pozici -- mám tu 10-53.
e/1/e112a4d8.p3d	13269_p_ctm_028	Něco tady vůbec nesedí.
e/1/e11b1ad1.p3d	7664_mabra_104	Pořádně se dívejte, video i termovize hlásí negativní, přepínám.
e/1/e11d7285.p3d	24070_bwoff_events_031	Trpí... bijte je dál.
e/1/e11dca34.p3d	91_bwbhk_060	A já myslel, že Somálsko mělo cílů dost, ale to bylo proti tomuhle houby.
e/1/e11ea878.p3d	8801_mar_a_522	Co to sakra je?
e/1/e12399ec.p3d	13234_p_ctf_223	Někdo, pomozte.
e/1/e125aa21.p3d	10595_mamls_162	Možný kontakt, další přesun. Přidejte plyn.
e/1/e12c3eaa.p3d	654_bwbra_249	Tady Razor Jedna, přebírám velení úderu, balíček úspěšný.
e/1/e133fb85.p3d	24056_bwoff_events_017	Tohle je jeden z těch nových supervojáků? Uvidíme, jak si povede...
e/1/e134ca61.p3d	13852_p_fdf_135	Je to zatracený masakr!
e/1/e137f124.p3d	8380_mar_a_120	Utíkej!
e/1/e14100be.p3d	15308_p_mtm_196	*vzlykání*
e/1/e1427800.p3d	15013_p_uwm_136	Všichni se kryjte!
e/1/e1452a30.p3d	18854_susol_242	Takhle neumírám!
e/1/e145d63b.p3d	14365_p_fdm_181	Pohni se!
e/1/e149869b.p3d	20981_p_suf_cheer_b	Wóóóó!
e/1/e149bff4.p3d	9157_mar_b_326	Něco to má!
e/1/e14a46ba.p3d	1071_bwgsp_341	Ani škrábnutí.
e/1/e15456c3.p3d	8234_mabhk_313	Mayday! Mayday!
e/1/e160d2fb.p3d	22629_maabr_e08m04_024	Hlavní cíl negativní. Prohledáme okolí.
e/1/e1610db6.p3d	15454_p_suf_110	Tohle se nemůže dít!
e/1/e1695e68.p3d	19326_bwhqa_015	Velitelství, polní týmy žádají pátrací vzorec Oscar.
e/1/e16c92f4.p3d	17717_bwtra_074	Je v hledáčku, dej mu ránu. Úderný týme, slyšíte mě?
e/1/e176fdd0.p3d	16940_bwtrb_120	Klid, jen malé ztráty.
e/1/e178104f.p3d	4241_mar_c_110	Nepřátelé jsou na nás, jdou na zem. Zahájíme zadržení, přepínám.
e/1/e17cc2e9.p3d	9769_maf35_057	Pozemní pozorovatelé, žádám aktualizaci stavu, přepínám.
e/1/e1833749.p3d	22448_bwtra_e05m01_040	Hotrod Two Two, hlášení situace... Red Crown, nemůžeme zastihnout Hotrod Two Two na síti, přepínám.
e/1/e183735a.p3d	13557_p_erm_079	Já-já-já nevím. Vsadil bych na něj!
e/1/e185bfa6.p3d	12012_nypda_079	Tady Charlie Eleven. Ztratil jsem kontakt s podezřelým.
e/1/e18d4270.p3d	8644_mar_a_385	ZEUS má to vozidlo, srovnejte ho se zemí!
e/1/e19005f3.p3d	4966_maabr_274	Red Crowne, stahujeme se.
e/1/e19233a7.p3d	13077_p_ctf_067	Něco jsem viděla!
e/1/e194112d.p3d	17296_bwtrb_476	Vypusť to!
e/1/e1993bc8.p3d	10560_mamls_127	Red Crown, ZEUS je na naší pozici.
e/1/e19ad879.p3d	497_bwbra_092	Máme tu velký bordel, Red Crown, a já ho uklízet nebudu.
e/1/e1a0a5ff.p3d	24170_p_haf_205	Jak moc je to zlý? Sakra, to bolí!
e/1/e1a47c19.p3d	24506_alex_e01m02_510	Co to sakra...
e/1/e1a7e7cb.p3d	14568_p_ham_154	Je v tom tanku!
e/1/e1b3c3ea.p3d	18697_susol_085	Pošlete ženisty a palebnou podporu, potvrzeno nepřátelské postavení.
e/1/e1b967e2.p3d	14330_p_fdm_146	Střílí to přímo na nás!
e/1/e1bd4f25.p3d	9122_mar_b_291	Ježíši!
e/1/e1be7bee.p3d	25119_nypda_389	Mějte trochu slitování!
e/1/e1c2f0bb.p3d	8077_mabhk_176	Zaměřili jsme cíl.
e/1/e1c86808.p3d	20643_p_ctm_disgust_d	Fuj!
e/1/e1cd617a.p3d	4505_mar_c_363	Jsi sakra slepej!? Stůj!
e/1/e1d06411.p3d	290_bwbhk_259	Ghost volá Red Crown, jsme čistí.
e/1/e1df8581.p3d	11371_maoff_227	Ohlaste velitelství, že máme zásah.
e/1/e1f054a5.p3d	9734_maf35_022	Vidíš ho? Já ne. Bandito, čekej.
e/1/e1f0979c.p3d	8908_mar_b_077	Ne, nevidíme ho, velitelství. Podám hlášení.
e/1/e1f4b23e.p3d	799_bwgsp_039	Tady je to. Přibližuji se k cíli na stejném místě, přepínám.
e/1/e1f5277b.p3d	20018_magsp_286	Podpůrné hlášení, kvadrant čistý. Žádám návrat do paláce.
e/1/e1f70516.p3d	13522_p_erm_044	Chyťte ho, to je on!
e/1/e1f9a7b5.p3d	921_bwgsp_161	Ustalte se na tom, zabijte ho.
e/1/e1fb3394.p3d	19856_magsp_144	Vystup nad tři sta, konec.
e/1/e1fbdeb5.p3d	8487_mar_a_228	Stůj, nebo tě zabiju!
e/1/e1fd380d.p3d	18038_bwtra_395	Ach, já přesně vím, kdo to je...
e/1/e1fe1c6c.p3d	11110_mahqa_138	Všem jednotkám, podmínky v terénu jsou v pořádku.
e/2/e203979a.p3d	4931_maabr_239	Nerozumím -- jsme v boji!
e/2/e205c564.p3d	13042_p_ctf_033	Za co to bylo!
e/2/e207a2e9.p3d	17261_bwtrb_441	Do sedel, hoši, máme to!
e/2/e20b738e.p3d	20298_mabhk_choke_c	*dušení*
e/2/e20b8ed2.p3d	22550_bwtrb_e06m05_050	A sakra -- máme tu novýho.
e/2/e20d4d12.p3d	17980_bwtra_337	Pořád lepší než se nakazit.
e/2/e20e6a20.p3d	462_bwbra_057	Ten po sobě nechal skvrnu.
e/2/e214d39f.p3d	16793_bwabr_313	Požár na palubě! Skákejte!
e/2/e21b7972.p3d	14533_p_ham_119	Je jich tam víc, těch nemocnejch hajzlů!
e/2/e228b869.p3d	22499_bwtra_e08m03_092	Hej, nemáš pravomoc spustit tu pumpu. Čekáme na majora.
e/2/e2297e36.p3d	15879_p_uem_066	Já nevím!
e/2/e2368277.p3d	8042_mabhk_141	Cíl zesílil, kryjte si záda!
e/2/e23bfdbe.p3d	4348_mar_c_205	ZEUS v defenzivě!
e/2/e23c521b.p3d	7382_mabcm_050	Váš přenos se přerušil, polní týme. Opakujte.
e/2/e2449d56.p3d	1885_bwmls_023	Pozemní síly, odpojujeme se, přepínám.
e/2/e2464c8d.p3d	11780_nydisp_065	Rozumím.
e/2/e249ad64.p3d	12119_nypda_190	Stůj a VRAŤ SE! HNED!
e/2/e2529792.p3d	7736_mabra_176	Dávejte pozor, projíždím, přepínám.
e/2/e25d292f.p3d	10667_mamls_214	Ztratili jsme přidělený cíl. Opouštíme sektor.
e/2/e263bdec.p3d	726_bwbra_311	Vyskočte! No tak, vyskočte!
e/2/e2648cc0.p3d	24277_p_haf_165	Pomozte mi! Někdo, pomozte mi!!
e/2/e26c49ad.p3d	13924_p_fdf_207	Pozor!
e/2/e26ec53b.p3d	19821_magsp_109	Tornado Alfa pozemním, jaké jsou ztráty, přepínám.
e/2/e26f6de5.p3d	8452_mar_a_192	Pane!
e/2/e270c9c9.p3d	18003_bwtra_360	Dobře. Byl jsi varován. Ještě jeden krok a sakra tě zabiju.
e/2/e2723432.p3d	4774_maabr_102	Ranger žádá úder na mou pozici, přepínám.
e/2/e27ca97c.p3d	18926_susol_314	ZEUS utíká! Za ním!
e/2/e2813cb5.p3d	9229_mar_b_398	Chcípni, ty ošklivej hajzle!
e/2/e2988a77.p3d	15526_p_suf_182	Uhni! Uhni!
e/2/e29d0ff3.p3d	15844_p_uem_032	Hej! Pozor!
e/2/e2a372ca.p3d	11478_maoff_305	Zopakujte poslední. Opakujte, přepínám.
e/2/e2af8cef.p3d	4313_mar_c_170	ZEUS se vynořil, najděte si kryt!
e/2/e2b1cfbc.p3d	25405_alex_e04m04_704	Čekal jsi na mě? Karen Parkerová mě zradila.
e/2/e2baf2bb.p3d	13629_p_erm_151	Hej, uhněte mu sakra z cesty!
e/2/e2bdb354.p3d	13306_p_ctm_064	Co to bylo!?
e/2/e2bdef7e.p3d	10018_maf35_286	Možný odpal, přepínám.
e/2/e2c133d7.p3d	7579_mabra_019	Za vteřinu je pryč, máš cíl.
e/2/e2c4c17e.p3d	8716_mar_a_437	Hlásím likvidaci nepřítele. Máme úspěch.
e/2/e2c6294e.p3d	7701_mabra_141	Uhni dozadu, dej mi prostor na výstřel, přepínám.
e/2/e2c9b2f2.p3d	13149_p_ctf_138	Zmiz odsud, hned.
e/2/e2d257c5.p3d	569_bwbra_164	Všechny jednotky, na tenhle cíl!
e/2/e2d4be6c.p3d	21982_alex_e05m02_198	Neeee!
e/2/e2d81abf.p3d	24242_p_haf_034	Ustup, synku!
e/2/e2dae380.p3d	13767_p_fdf_054	Hej! Hej! Vidíte ho!?
e/2/e2de0a29.p3d	8295_mar_a_034	Tak DO TOHO!
e/2/e2ea6783.p3d	12382_nypda_454	Nepanikař, chlape!
e/2/e2eaaf2f.p3d	11884_nydisp_149	Red Crown, Red Crown, mobilizujte se pro nejvyšší nasazení! Máme potvrzený prioritní cíl v Ohnivé zóně.
e/2/e2eb4336.p3d	18769_susol_157	Právě jsi ztratil iniciativu.
e/2/e2f0e72e.p3d	14402_p_fdm_218	Ty hajzle!
e/2/e2fa6fc9.p3d	8149_mabhk_228	Všechny zrůdy zlikvidovány. Dobrá práce, mariňáci.
e/2/e2ff3384.p3d	19250_p_hlf_170	Pomoc! Pomoc! Zavolejte poldy! Někdo, zavolejte poldy!
e/3/e3003fab.p3d	7489_mabcm_157	Velitelství základny do terénu. Přejděte na čistý stav. Zrušte červený poplach, konec.
e/3/e30726be.p3d	15369_p_suf_027	To je sakra hrozný!
e/3/e307e372.p3d	362_bwbhk_331	Pozor na přátelskou palbu, cíl se přichytil! Backscratch na to!
e/3/e317021b.p3d	11443_maoff_281	Co to kurva je, blbečku!?
e/3/e31d1714.p3d	16855_bwtrb_055	To je pěkné.
e/3/e31e2954.p3d	4156_mar_c_024	Družstvo připraveno, pane.
e/3/e327d166.p3d	9806_maf35_094	Máme tu zmatek. Přeskupme se a znovu zaútočme, přepínám.
e/3/e32b08b2.p3d	17493_bwoff_152	To je náš muž.
e/3/e32c5af5.p3d	25458_alex_e07m04_702	Odsud bych mohl ochromit jejich zásoby Bloodtoxu, ale musím se nechat dostat.  -Je to riskantní, ale jinak se k McMullenovi nedostanu. Radši ať to vypadá věrohodně. 
e/3/e332b2e0.p3d	19928_magsp_216	Klid! Měli jsme štěstí!
e/3/e3335e16.p3d	8559_mar_a_300	Není cesty zpátky!
e/3/e33b0b01.p3d	10283_mahqb_040	Odvolat pohotovost.
e/3/e33d44ae.p3d	13114_p_ctf_103	*vzlyky* Může mi někdo pomoct! Potřebuju pomoc! *vzlyky*
e/3/e33f2235.p3d	17333_bwtrb_513	Sakra.
e/3/e33f54e3.p3d	10475_mamls_042	Zvedněte zadky z křesel, chlapi, máme co dělat.
e/3/e3415a3b.p3d	25190_nypda_277	Dispečinku, nemám ponětí, co to je -- ale hlásím to.
e/3/e345b104.p3d	22299_bwhqa_e10m04_074	V zaměřovači. Čekejte. Povoleno.
e/3/e345e96c.p3d	534_bwbra_129	Nemáme nic. Vracíme se na základnu, přepínám.
e/3/e348d416.p3d	2171_bwmls_309	Manévrujte!
e/3/e348ffb1.p3d	23937_alex_065	Je v tom zapletený. Škoda.
e/3/e34e7527.p3d	13732_p_fdf_019	Souvisí tohle s tou nákazou?
e/3/e34fa526.p3d	19661_bwhqb_139	Všechny jednotky potvrďte: kontakt je vyřešen.
e/3/e352f648.p3d	14605_p_ham_191	Ách, sakra!
e/3/e3533a30.p3d	22165_bwabr_e08m02_05	Zachytil někdo tamhle pohyb? Sakra.
e/3/e35ed4f2.p3d	18734_susol_122	Zkontroluj to. Ujisti se, že to byl poslední z nich!
e/3/e35f80fd.p3d	14245_p_fdm_061	Do prdele!
e/3/e35fdb68.p3d	22880_mar_b_e02m05_010	Není to Mercer? Co se to tu sakra děje!?
e/3/e3629152.p3d	22373_bwoff_e02m01_016	Držte pozici! Je to jeden zasranej chlap!
e/3/e3636ab6.p3d	9037_mar_b_206	Kluci, to je on!
e/3/e36dcfcd.p3d	19093_p_hlf_017	Tohle místo se úplně zbláznilo.
e/3/e36e01a4.p3d	8114_mabhk_203	Slyším vás hlasitě a jasně.
e/3/e373d167.p3d	7454_mabcm_122	ZEUS je zlikvidován, opakuji, ZEUS je zlikvidován. Dobrá práce, roto Fox, čekejte.
e/3/e374a98d.p3d	24976_nypda_201	Ó, Ježíši, pomoz mi.
e/3/e37c1a17.p3d	1957_bwmls_095	*smích* Co to sakra dělá.
e/3/e37d1595.p3d	20390_magsp_scream_c	*výkřik*
e/3/e385a2e0.p3d	11286_maoff_289	Detwillere, jdeš první! Hni sebou, hni!
e/3/e386e8a1.p3d	22845_mar_a_e03m01_027	Myslíš, že ten chlap Mercer vypustil tohle svinstvo tady?
e/3/e38a16a0.p3d	7808_mabra_228	Máme tu vlastní průšvih! Přepínám.
e/3/e38f7717.p3d	21585_magsp_057	Ukloň se na dva tři pět, to je dobré.
e/3/e390a8d0.p3d	16820_bwtrb_020	Negativní na ZEUSE, opakuji, negativní.
e/3/e394a5f0.p3d	10739_mamls_286	Střelče, doplň munici a čekej.
e/3/e39c080b.p3d	24349_p_haf_115	Pomoc! Už jdou!
e/3/e39fc0bb.p3d	836_bwgsp_076	Přiveďte úderový balíček, máme pozitivní identifikaci.
e/3/e3a435a6.p3d	11025_mahqa_063	Potvrzuji, přepínám.
e/3/e3a6ed32.p3d	8524_mar_a_265	Tenhle! Přímo tady! Dostaňte ho!
e/3/e3a9b0f3.p3d	4846_maabr_174	Sundejte to! Hned!
e/3/e3adbbef.p3d	17176_bwtrb_356	Střílej!
e/3/e3b2e68a.p3d	10440_mamls_007	GPS se zaměřuje, palebné systémy online.
e/3/e3b3662d.p3d	17895_bwtra_252	Je to jako zvratky s klikami.
e/3/e3bc93c5.p3d	14977_p_uwm_100	Do prdele!
e/3/e3c1928d.p3d	14448_p_ham_034	Uhni mi sakra z cesty.
e/3/e3cc92f9.p3d	12190_nypda_262	Tomu nevěřím, dispečinku. Pošlete forenzní tým.
e/3/e3d312a5.p3d	14210_p_fdm_027	Dovedeš si představit, co tohle udělalo!?
e/3/e3d48f3d.p3d	15916_p_uem_102	*kašel* Bože! Jsou všichni v pořádku?
e/3/e3d6f9e7.p3d	9002_mar_b_171	Ježíši, to je ono.
e/3/e3e0a3ca.p3d	20840_p_hlf_disgust_a	Fuj!
e/3/e3e83c69.p3d	24941_nypda_265	Mám tu důkazy. Nesahejte na to, ohraničte to páskou.
e/3/e3ea0ed3.p3d	170_bwbhk_139	Cíl negativní, opakuji, negativní.
e/3/e3efabd3.p3d	1922_bwmls_060	Tady venku to není pěkný pohled. Konec spojení.
e/3/e3f6e869.p3d	22612_maabr_e06m04_008	To je teda pořádnej TÁTA! Jo!
e/3/e3f8e835.p3d	23026_ragla_e06m02_046	Ne, prosím!
e/3/e3f92d97.p3d	11251_maoff_095	Ošetřovatele! *kašel* Rychle sem!
e/3/e3fb6286.p3d	78_bwbhk_047	Red Crowne, zásahy, ale žádné zabití, zůstat na cíli?
e/3/e3ff49e8.p3d	21738_speci_e04m04_040	Jsi rychlej. Ale já jsem rychlejší.
e/3/e3ffdb69.p3d	11976_nypda_041	Negativní, dispečinku.
e/4/e404048b.p3d	24252_p_haf_pain_a	*argh*
e/4/e40547a3.p3d	25297_nypda_365	Ta věc je nepřátelská!
e/4/e40829de.p3d	22800_maoff_e08m04_064	Přesměrujte palbu na druhotné cíle. Vyřiďte je, pak se vraťte na toho velkýho.
e/4/e40837ac.p3d	10704_mamls_251	Moc blízko frontové linie, musíme se přesunout a znovu zaútočit.
e/4/e40f9a6a.p3d	24314_p_haf_138	Je čas jít.
e/4/e41262ca.p3d	13839_p_fdf_124	Bože, ne!
e/4/e4135277.p3d	801_bwgsp_041	Hlásíme vpád, přepínám. Nenechte si to ujít.
e/4/e414de56.p3d	19736_magsp_024	Pták odlétá, opakuji, pták se stahuje, přepínám.
e/4/e4158976.p3d	8367_mar_a_107	Všechna stanoviště, tohle sedí. Pokračujeme.
e/4/e4184d38.p3d	4689_maabr_017	Jsme na čele, Red Crowne, informujte nás o pozicích vlastních jednotek, přepínám.
e/4/e41d429a.p3d	4811_maabr_139	Můžeme dostat potvrzení? Mám to pro jistotu zasáhnout znovu? Přepínám.
e/4/e4214dab.p3d	17141_bwtrb_321	Střílejte na tu zasranou věc!
e/4/e421e6cf.p3d	12454_nypda_526	Kryjte se!
e/4/e426f7d4.p3d	17860_bwtra_217	Všichni se uklidněte, kryjte se a DRŽTE HUBU.
e/4/e427dc23.p3d	1058_bwgsp_297	Skupina hořáků zlikvidována, přepínám.
e/4/e43022e1.p3d	14942_p_uwm_065	Co udělal!
e/4/e44e796d.p3d	11515_maoff_117	*bručení a sténání* Ježíši!
e/4/e455a616.p3d	4228_mar_c_097	Jeden do pytle na mrtvoly. Nahlas to, Joe.
e/4/e456d561.p3d	24784_nypda_040	Dispečinku, tady Charlie Nineteen. Rozumím.
e/4/e458f392.p3d	14781_p_mtf_135	Ach, bože, to je masakr!
e/4/e46287e4.p3d	17565_bwoff_219	Negativní, opakujte?
e/4/e4630bb2.p3d	19020_susol_408	Sakra!
e/4/e467e99e.p3d	21807_alex_e01m02_024	No ne, jaké překvapení.
e/4/e469ff6d.p3d	15294_p_mtm_182	Myslím, že se něco blíží.
e/4/e46af275.p3d	22324_bwhqa_506	Okamžitě se otočte, opakuji, okamžitě se otočte. Změňte kurz, nebo na vás zahájíme palbu.
e/4/e46c4254.p3d	7616_mabra_056	Cíl někam vylezl, nemám na něj výhled, přepínám.
e/4/e46ef442.p3d	43_bwbhk_012	Potvrzeno, kroužíme. Osmdesát uzlů, oči na stopkách.
e/4/e4728784.p3d	10355_mahqb_092	Vyhodnocení situace.
e/4/e4736d4e.p3d	11941_nypda_026	Dispečinku, čekejte na možné 10-34. Jdu to prověřit.
e/4/e475681d.p3d	24445_mcmul_e04m03_107	Tam! To je on. To je Mercer.
e/4/e476d42f.p3d	10547_mamls_114	Zasáhněte to, hned!
e/4/e478dda5.p3d	25262_nypda_479	Potřebujeme zasranej tank.
e/4/e47d68cd.p3d	606_bwbra_201	Potvrzeno, jsme blízko a podíváme se na vlastní oči, přepínám.
e/4/e47e3bdb.p3d	24157_p_haf_192	Krvácím.
e/4/e485f1e6.p3d	13804_p_fdf_089	Nezabíjej mě!
e/4/e48918a7.p3d	8332_mar_a_072	CAO! Potřebujeme CAO!
e/4/e4908089.p3d	12297_nypda_369	Sundám tě, kurva!
e/4/e49651b3.p3d	18806_susol_194	ŠPATNEJ ZASRANEJ CHLAP!!!
e/4/e4970049.p3d	14317_p_fdm_133	Couvni, uteč!
e/4/e49ae777.p3d	9109_mar_b_278	Jak je udržíme potichu?
e/4/e49b6ddf.p3d	1023_bwgsp_262	Musíme se stáhnout, Red Crown. Bingo.
e/4/e49e7c2f.p3d	20216_bwoff_stab_a	*ááh*
e/4/e4a54c8c.p3d	19165_p_hlf_087	Nejsem nakažená, OK! Otestujte mě! Sakra, otestujte mě!
e/4/e4ab4e05.p3d	7526_mabcm_180	Dejte mi hlášení o boji na zemi, popište mi to, přepínám.
e/4/e4adfc78.p3d	277_bwbhk_246	Ghost Čtyři Pět, jsme blízko.
e/4/e4b2353a.p3d	15406_p_suf_063	Co se to právě stalo!
e/4/e4b5ff3c.p3d	22348_bwhqb_e06m04_002	Rozumím, četo Delta, eliminujte ZEUSe a vraťte se na základnu. Misi nelze splnit bez Hammera.
e/4/e4bd1de8.p3d	11358_maoff_214	Palte na cíl. Udělejte to!
e/4/e4d49d7d.p3d	13509_p_erm_031	Kurva, chlape, přestaň.
e/4/e4d6171a.p3d	17530_bwoff_189	Když něco uvidíte, střílejte!
e/4/e4d74007.p3d	908_bwgsp_148	Zastavte palbu, cíl byl sundán!
e/4/e4dafcd8.p3d	22482_bwtra_e06m05_075	Udržte ho tady. Nenechte žádnou z těch věcí utéct! Tohle je hranice!
e/4/e4e53b3b.p3d	17248_bwtrb_428	Mrtvej. Jo, jsem si jistej.
e/4/e4e6194a.p3d	10320_mahqb_067	Potvrzuji, přepínám.
e/4/e4ea634b.p3d	10512_mamls_079	Kontakt je tady, sledujte ho, sledujte.
e/4/e4eae579.p3d	17967_bwtra_324	Soustřeďte palbu.
e/4/e4ec0287.p3d	449_bwbra_044	Není dole, přepínám.
e/4/e4eeed50.p3d	2086_bwmls_234	Stáhnout se, dejte se do pohybu a vypadněte z tohohle sračkoviště!
e/4/e4f185ed.p3d	22468_bwtra_e06m05_061	Jsme tu sakra jen krmivo pro děla, stáhněte se!
e/4/e4f1ccff.p3d	24122_p_haf_110	Tohle se vymklo kontrole.
e/4/e4f5be60.p3d	19576_bwhqb_064	Potvrzuji.
e/4/e4f66014.p3d	4491_mar_c_349	Cos to řekl!?
e/5/e5041245.p3d	12262_nypda_334	Tohle nemůže bejt skutečný.
e/5/e5045dcf.p3d	11872_nydisp_137	Všichni policisté vystaveni biologickým agens při tomto zásahu se musí hlásit u záchranky ke kontrole a dekontaminaci, konec.
e/5/e50fdfdc.p3d	22870_mar_a_e09m03_051	Rozkazy zní zastřelit VŠECHNO nevojenské. I civilisty, oddíle. Kdokoliv tu je, je pravděpodobně budoucí červenej. Bez váhání.
e/5/e510aa15.p3d	16481_bwabr_021	Tady je! Přiblížit se!
e/5/e5141ac9.p3d	8029_mabhk_128	Cíl nezvěstný, opakuji, nezvěstný.
e/5/e518de4a.p3d	19130_p_hlf_054	Ustupte od něj, chlape. Sakra, ustupte!
e/5/e519ea6d.p3d	7369_mabcm_037	Bezpečnostní týme, hlaste se, hlaste se.
e/5/e520e42b.p3d	22042_alex_e06m03_258	Ty hlasy, ty obrazy.... Jako mravenec v mraveništi -- je to...kolektiv.
e/5/e5218e34.p3d	242_bwbhk_211	Můžete potvrdit hořáky na mé dvanáctce, myslel jsem, že jsem tam zahlídl kůži.
e/5/e5242d58.p3d	7971_mabhk_070	Mám to! Jedem.
e/5/e530ad04.p3d	11323_maoff_179	Náš cíl se změnil!
e/5/e544b374.p3d	17373_bwoff_032	Hlídejte souseda, zatímco prohledáváte.
e/5/e5475fcb.p3d	16045_p_uem_230	Uhh, wha, pooomooc!
e/5/e54c5b17.p3d	19808_magsp_096	To je správně, přeskupte se za vedoucím.
e/5/e54d0637.p3d	8439_mar_a_179	Všechny jednotky, máme novou pozici cíle, nahráno.
e/5/e558ca6c.p3d	17213_bwtrb_393	Munice, munice!
e/5/e55b0175.p3d	25070_nypda_072	Dispečinku, ztratil jsem podezřelého. Opakuji, ztratil podezřelého.
e/5/e55e7495.p3d	17932_bwtra_289	Aspoň to vidím přicházet.
e/5/e561af0f.p3d	25360_alex_e01m02_702	Musím se dostat výš.
e/5/e5627c4d.p3d	2051_bwmls_189	Strategický cíl dobyt.
e/5/e565fb22.p3d	16745_bwabr_265	Palebný ústup, jdeme! JDEME!
e/5/e5695026.p3d	19541_bwhqb_039	Rozkaz k pátrání byl stažen.
e/5/e56ea461.p3d	9984_maf35_252	Voodoo Sedm ze zabíjecí zóny, cíl zlikvidován, přepínám.
e/5/e5788011.p3d	18614_susol_032	Negativní kontakt, máš něco? Přepínám.
e/5/e58d7c29.p3d	7334_mabcm_002	Red Crowne, tady polní velitelství, jsme online, konec.
e/5/e58e5c6e.p3d	24856_nypda_333	Co to sakra je?
e/5/e59072de.p3d	14853_p_mtf_207	Pozor!
e/5/e59f4963.p3d	11166_maoff_027	ZEUS je zpátky v dosahu, velitelství, přepínám.
e/5/e5a2f370.p3d	15071_p_uwm_194	Umírám. Pomozte mi!
e/5/e5aa06d0.p3d	10427_mahqb_164	Potvrzuji.
e/5/e5b5b3c1.p3d	24229_p_haf_071	Viděla jsem ho! To je on!
e/5/e5ba4db9.p3d	4598_mar_c_456	Palebná skupino, v boji! Nezachyceno!
e/5/e5baeee7.p3d	16010_p_uem_195	Potřebuju sanitku!
e/5/e5c097f3.p3d	8404_mar_a_144	Hlídejte si rohy!
e/5/e5c35bb5.p3d	4726_maabr_054	Potvrďte mi to zabití, veliteli družstva.
e/5/e5c766b1.p3d	17056_bwtrb_236	Jdeme na to!
e/5/e5c7ffea.p3d	12369_nypda_441	Něco má!
e/5/e5c9d9b9.p3d	19384_bwhqa_063	Rozumím.
e/5/e5cd10ef.p3d	17775_bwtra_132	Jsem na stopě.
e/5/e5d497a5.p3d	16588_bwabr_128	Přišpendlete to! Obkličte!
e/5/e5d98cde.p3d	16710_bwabr_230	Úder proveden, máme povoleno vrátit se? Přepínám.
e/5/e5dccbd6.p3d	19237_p_hlf_157	Nechci tady umřít. Nechci umřít.
e/5/e5e57bc4.p3d	349_bwbhk_318	Připravit na náraz, připravit na náraz!
e/5/e5e63da1.p3d	12070_nypda_137	Až budeš mít oči na místě, posunu se dopředu.
e/5/e5e6b204.p3d	13292_p_ctm_051	Zavolejte policii!
e/5/e5ff0caf.p3d	14696_p_mtf_052	Sakra. Je tam! Je tam!
e/6/e601f1f4.p3d	24821_nypda_407	Ochutnej tohle!
e/6/e60d965c.p3d	17602_bwoff_251	Přilétá to!
e/6/e6151060.p3d	15331_p_mtm_219	Polož mě.
e/6/e61dcd0b.p3d	9180_mar_b_349	Zrovna to spustí!
e/6/e61e5175.p3d	10989_mahqa_037	Sektor čistý, cíl negativní.
e/6/e61ef5e7.p3d	25177_nypda_324	Svatá prdel!
e/6/e62254b6.p3d	22993_ragla_e05m02_013	Proč jsem s tímhle souhlasil!?
e/6/e62669f2.p3d	2158_bwmls_296	Vyskakujeme! Najděte kryt!
e/6/e62d3d8d.p3d	19648_bwhqb_126	Rušíme protokol ZEUS.
e/6/e63af86d.p3d	17021_bwtrb_201	Identifikován!
e/6/e63b9191.p3d	12334_nypda_406	Miřte na hlavu!
e/6/e640a00b.p3d	17740_bwtra_097	V pozici!
e/6/e6463317.p3d	22909_mar_b_e06m04_038	Jedna, dva, tři. Přesně takhle. Jedna, dva, tři. BUM! Vidíš? Jedna... dva... tři!
e/6/e64826d6.p3d	16553_bwabr_093	Pal! Pal!
e/6/e6505d94.p3d	19202_p_hlf_124	Zastavte ho!
e/6/e650d015.p3d	9792_maf35_080	Kam to zmizelo? Má někdo kontakt?
e/6/e6511597.p3d	8966_mar_b_135	OORAHH!!!
e/6/e6578311.p3d	13580_p_erm_102	Jsou všichni v pořádku?
e/6/e6590af5.p3d	314_bwbhk_283	Nasazení kompletní, dostaňte je všechny ven!
e/6/e65db608.p3d	18096_bwtra_453	Jen do toho. Udělej to. Je mi to jedno.
e/6/e6765b2e.p3d	20379_magsp_blow_d	*uf*
e/6/e67bf4e2.p3d	14591_p_ham_177	Běž! Utíkej!
e/6/e67c32c0.p3d	17445_bwoff_104	Strážníku?
e/6/e683aa32.p3d	15174_p_mtm_065	Je to jedna z těch skrytejch kamer?
e/6/e691e331.p3d	10954_mahqa_002	Zahajte spirálové pátrání od posledního pozorování, slyšíte?
e/6/e6927d41.p3d	25142_nypda_067	Tihle chlapi nechystaj nic dobrýho.
e/6/e699fbcd.p3d	2123_bwmls_271	Cíl odstraněn. Spalovače čisté.
e/6/e6a0ccbe.p3d	19613_bwhqb_091	Co se to tam venku děje?
e/6/e6aa9f92.p3d	13399_p_ctm_156	Ne, ne prosím! Ušetři mě, prosím!
e/6/e6af0b06.p3d	22379_bwoff_e03m01_022	Cokoli z toho vyleze, zničte to.
e/6/e6b242f6.p3d	20572_susol_pain_a	*argh*
e/6/e6bbbdd0.p3d	21884_alex_e03m02_100	Reaguje na pohyb. Na jakýkoliv pohyb.
e/6/e6c4a753.p3d	8931_mar_b_100	Je blízko, kluci. Najdeme ho.
e/6/e6c4f8ea.p3d	7406_mabcm_074	Ať někdo zavolá Red Crown, řekněte jim, že základna se udržela. Vyvěste vlajku, desátníku.
e/6/e6c5dfd5.p3d	24928_nypda_532	Neeee-heeee!
e/6/e6c7a73a.p3d	157_bwbhk_126	Ghost Čtyři Pět, máme oči otevřené, přepínám.
e/6/e6c9371d.p3d	20041_magsp_309	Sundejte to z nás!
e/6/e6cd4425.p3d	1909_bwmls_047	Highbally, shromážděte se u India nula devět, přepínám.
e/6/e6d147af.p3d	18061_bwtra_418	Jo, tohle zní dobře.
e/6/e6d6c5fe.p3d	11238_maoff_082	Jak podle příručky, pánové!
e/6/e6dd24ec.p3d	18984_susol_372	Zastavte tu vaši zatracenou palbu!
e/6/e6e1bab0.p3d	9287_mar_b_456	Je tu pěkně horko, pane!
e/6/e6efc1dc.p3d	17410_bwoff_069	Stát! Zbraně dolů!
e/6/e6fee5fd.p3d	17128_bwtrb_308	Právě nakažuje budovy, přepínám.
e/7/e70158e6.p3d	19456_bwhqa_125	Zrušte červený stav. Přecházíme na modrý až do odvolání, přepínám.
e/7/e704903b.p3d	17847_bwtra_204	Newyorští řidiči: nikdy se nedívají, kam jedou...
e/7/e70dbb48.p3d	14929_p_uwm_052	Viděl ho ještě někdo!
e/7/e7100ad6.p3d	4371_mar_c_229	Ven ze zóny, hned!
e/7/e7144b22.p3d	19309_p_hlf_229	Neeeee!
e/7/e714bda5.p3d	9899_maf35_187	Voodoo je na cestě v útočné formaci Whiskey.
e/7/e71b70a1.p3d	13687_p_erm_209	K zemi. K zemi! K zemi!
e/7/e71dbd07.p3d	12142_nypda_214	Do prdele s tímhle chlapem.
e/7/e71e0c6f.p3d	11860_nydisp_125	Máme kompletní vyřešení toho případu. Všichni podezřelí zadrženi.
e/7/e71e314e.p3d	13364_p_ctm_121	Popadl někoho!
e/7/e7253cee.p3d	8774_mar_a_495	Tady to není bezpečné, ústup!
e/7/e7313646.p3d	10690_mamls_237	Poděkujte svým bohům, že nám zachránili životy.
e/7/e732841c.p3d	23884_alex_012	Chci, aby ten cíl zmizel, slyšíte? Soustavná palba, odškrtněte to ze seznamu, konec!
e/7/e7368bfb.p3d	14768_p_mtf_124	Ach, bože, ne, ne, ne, ne!
e/7/e73a8261.p3d	24382_maoff_events_010	Zeus spatřen... počkat... pomáhá nám?
e/7/e73b366b.p3d	122_bwbhk_091	Všichni Ptáci, řiďte se mnou. Boj probíhá.
e/7/e740a18e.p3d	19007_susol_395	Udělej to, hajzle!
e/7/e75105b5.p3d	11928_nypda_013	Dispečinku, oblast je čistá. Jsme venku.
e/7/e7554c6c.p3d	9252_mar_b_421	Vypadni odsud.
e/7/e7566a48.p3d	25249_nypda_121	Seven Charlie Seven tady, dispečinku. Máte mou pozici? Potřebujeme zdravotníky. Nějaké škrábnutí tady.
e/7/e7655c36.p3d	4635_mar_c_493	Pohni se!
e/7/e766b0f9.p3d	8319_mar_a_059	Mám tě, hajzle!
e/7/e7730e52.p3d	12406_nypda_478	Sakra, chlape, potřebujeme zasranou armádu!
e/7/e774e817.p3d	19421_bwhqa_090	Máte aktualizaci pro Red Crown? Velitelství potřebuje nejnovější informace, přepínám.
e/7/e7781f57.p3d	17812_bwtra_169	Prostě už sakra vypadni domů!
e/7/e77fa622.p3d	16625_bwabr_165	Útočný vzorec Foxtrot.
e/7/e7884f61.p3d	9864_maf35_152	Objeď to, zkus co se dá dělat, Voodoo Tři.
e/7/e78effd2.p3d	13652_p_erm_174	Uteč! Uteč! Běž! Běž!
e/7/e7900cd8.p3d	22437_bwtra_e04m04_029	Nasazuji se.
e/7/e791ff20.p3d	10041_maf35_309	Odpoutat se. Hned! Hned!
e/7/e7932e12.p3d	19986_magsp_254	Opakujte poslední přenos, přepínám.
e/7/e7953554.p3d	18168_bwtra_525	Do prdeleeee!
e/7/e79dc01e.p3d	13172_p_ctf_161	Nic neřeknu! Pusťte mě!
e/7/e7a664dc.p3d	592_bwbra_187	Všechny zbraně naloženy a připraveny!
e/7/e7aa1b17.p3d	14733_p_mtf_089	Prosím, nezabíjej mě!
e/7/e7aef095.p3d	13790_p_fdf_075	Řekla bych, že on! On!
e/7/e7b18f96.p3d	20761_p_fdm_disgust_b	Fujtajbl!
e/7/e7b3af81.p3d	17517_bwoff_176	Vypadá to, že máme ZEUSE.
e/7/e7bb297b.p3d	15246_p_mtm_134	Prosím, nemusíš nikomu ublížit.
e/7/e7bf5062.p3d	18792_susol_180	Ukaž se, zbabělče!
e/7/e7c33700.p3d	22769_maoff_e06m04_033	Tentokrát ne, ty sukin synu! NE NA MÉ HLÍDCE!!
e/7/e7c3b1d0.p3d	10307_mahqb_064	Pokračujte, přepínám.
e/7/e7c3e626.p3d	9095_mar_b_264	Ježíši Kriste. Jdeme tam!
e/7/e7c9fd00.p3d	25214_nypda_170	Nechoďte daleko. Je tady někde poblíž.
e/7/e7ce7cf5.p3d	8172_mabhk_251	Tohle je šílený. Stahujeme se.
e/7/e7d3f87b.p3d	4478_mar_c_336	Zastav palbu!
e/7/e7d8eddd.p3d	4600_mar_c_458	Četa Charlie, pod útokem.
e/7/e7db33ea.p3d	15392_p_suf_050	Je v davu!
e/7/e7de432e.p3d	11793_nydisp_068	Slyším tě.
e/7/e7e1aaac.p3d	12249_nypda_321	Co, no ne -- no ne! Hej -- stůj!
e/7/e7e6bbef.p3d	17655_bwtra_032	Ano, přepínám
e/7/e7ea9210.p3d	7866_mabra_286	Systémy v pořádku, jedem-jedem-jedem!
e/7/e7ee4267.p3d	16468_bwabr_008	Senzory se rozsvěcují, čekáme na zelenou, přepínám.
e/7/e7ef1888.p3d	22488_bwtra_e07m01_081	Kde je ta letecká podpora?!
e/7/e7f676b1.p3d	19117_p_hlf_041	Nechoďte ke mně!
e/7/e7fd9c17.p3d	13495_p_erm_017	Hej, ví někdo, o co jde?
e/7/e7ff23fb.p3d	229_bwbhk_198	Prohledáváme cílovou zónu, máte volnou palbu na cokoli, přepínám.
e/8/e8003eb6.p3d	894_bwgsp_134	Cíl přešel do vyšší pohotovosti, mějte se na pozoru, přepínám.
e/8/e801c5aa.p3d	7958_mabhk_057	Zabil jsem dalšího z těch rudejch hajzlů!
e/8/e804b382.p3d	11083_mahqa_111	Všechny dostupné jednotky se hlásí.
e/8/e806bff7.p3d	19951_magsp_239	Slyším tě.
e/8/e8076b2d.p3d	8582_mar_a_323	Red Crown, vyšlete záchranné složky, dopravní nehoda na mé pozici.
e/8/e808c485.p3d	18133_bwtra_490	Všichni hejbněte prdelí!
e/8/e81939fc.p3d	9359_mar_b_528	Aaaaaách!!!
e/8/e81acc4a.p3d	24365_maoff_e05m01_002	Sakra práce. Thunder dva a čtyři! Vpřed! Lim končí.
e/8/e81f390a.p3d	20126_bwbhk_scream_c	*výkřik*
e/8/e82ebb39.p3d	15211_p_mtm_101	Nevidím! Viděl někdo, co se stalo?
e/8/e8350a97.p3d	15974_p_uem_159	Nezabíjej mě. Nezabíjej mě. Nezabíjej mě!
e/8/e83777cd.p3d	9060_mar_b_229	Ah, sakra! Jestli to není on, tak platím!
e/8/e838a125.p3d	25057_nypda_244	Jak jsem to měl vědět?
e/8/e83c0cfc.p3d	17919_bwtra_276	Kdybych tě teď zabil, nikomu by to nevadilo.
e/8/e83e717c.p3d	23961_alex_089	Neodejdu, neodejdu.
e/8/e846e88d.p3d	19528_bwhqb_026	Přejít na bílou. Přehodnoťte všechny jednotky.
e/8/e8478a37.p3d	4443_mar_c_301	Přestaň s tím, sakra!
e/8/e85029b9.p3d	1980_bwmls_118	Kontakt sílí v agresivitě, sklopte hlavy před tou velkou ranou.
e/8/e85539c8.p3d	12214_nypda_286	Co je s těma hajzlama? Co to stavějí?
e/8/e855ae0f.p3d	13436_p_ctm_193	Jsem zraněná! Ááách!
e/8/e859d571.p3d	23913_alex_041	Ne.
e/8/e85b410f.p3d	22590_bwtrb_e08m03_091	Kdo to sakra je?! Není jeden z nás!
e/8/e85e23cc.p3d	7831_mabra_251	Cíl mimo zorné pole, navrhuji se vrátit, přepínám.
e/8/e865f525.p3d	22748_maoff_e02m05_012	Nestůjte tu s hlavou v prdeli. Seřaďte se! Seřaďte se! Je jich tam venku víc. Dostaňte někoho na střechu -- hned teď, kurva!
e/8/e868b592.p3d	10762_mamls_309	Ven, uvolněte poklop!
e/8/e86a5262.p3d	699_bwbra_284	Pořád jsme funkční, Red Crown, držíme se!
e/8/e86ac097.p3d	8846_mar_b_035	Hej, hej, hej -- něco tu mám. Máte vizuál na moje označení?
e/8/e86f0714.p3d	22504_bwtrb_e01m02_004	Do prdele -- to je on.
e/8/e872de38.p3d	13897_p_fdf_180	Utíkejte!
e/8/e8755766.p3d	7923_mabhk_022	Jsme na místě a naloženi.
e/8/e87559c6.p3d	19794_magsp_082	Podporo, podporo, zachytili jsme stopu! Nastavuji automatický dosah.
e/8/e8808bd7.p3d	15058_p_uwm_181	Utíkej!
e/8/e882a604.p3d	11897_nydisp_162	Ověřuji tu žádost o sanitku. Záchranka na cestě.
e/8/e8833df2.p3d	18899_susol_287	Přines to!
e/8/e88cc92d.p3d	9324_mar_b_493	Mám jistou ránu!
e/8/e8959fa4.p3d	14471_p_ham_057	Je tamhle! Jsem si jistý!
e/8/e89f2178.p3d	15499_p_suf_155	Ten tank! Ten tank!
e/8/e8ac33c4.p3d	25022_nypda_289	Přestaň s tím svinstvem.
e/8/e8ad5733.p3d	21711_speci_e04m04_013	Soustřeďte se na nakažený. Mercer je můj!
e/8/e8b3a670.p3d	2003_bwmls_141	Kůže potvrzeny, připravte se na akci.
e/8/e8b51192.p3d	16985_bwtrb_165	Jsi zatčen. Lehni si.
e/8/e8c3d608.p3d	12057_nypda_124	Myslím, že jsem to zabil!
e/8/e8c42ba6.p3d	22664_mabra_e04m01_014	Poloha potvrzena. Posílám souřadnice.
e/8/e8c44a56.p3d	13279_p_ctm_038	Máš problém!?
e/8/e8c7649f.p3d	22699_magsp_e10m04_009	Uh, rozumím, Red Crown. Pokoušíme se vyhovět.
e/8/e8c93fb6.p3d	13401_p_ctm_158	Tak to rychle vyřiď. No tak!
e/8/e8ccc04f.p3d	7674_mabra_114	Bylo to tady, a teď je to pryč. Prostě to nechápu....
e/8/e8d04df6.p3d	8811_mar_a_532	Aaaách!
e/8/e8dde428.p3d	664_bwbra_259	Šéfe úderu, šéfe úderu, rozdělte smečku, potvrďte.
e/8/e8df7b96.p3d	24808_nypda_015	Tady Charlie Nineteen. Tady je všechno v pořádku.
e/8/e8e19a61.p3d	14805_p_mtf_159	Ach, bože! Nedělej to! Prosím!
e/8/e8e66fdf.p3d	13862_p_fdf_145	Do úkrytu!
e/8/e8e996a2.p3d	8390_mar_a_130	Sakra, můj krk!
e/8/e8f2a8c7.p3d	15318_p_mtm_206	Pozor!
e/8/e8f41d7e.p3d	15023_p_uwm_146	Co se děje?
e/8/e8f6cfae.p3d	18864_susol_252	Dejte mu prostor.
e/8/e8f77bb9.p3d	14375_p_fdm_191	Aaah! Ta bolest...
e/8/e8fb6572.p3d	9167_mar_b_336	Do prdele, chytlo ho to!
e/8/e8fbebc4.p3d	1081_bwgsp_319	Selhání řízení, řízení selhává!
e/8/e8ff17a0.p3d	22855_mar_a_e06m04_036	Hej, Hatchi, zůstaň se mnou. Nelíbí se mi, když se chlap s velkým raketometem ode mě moc vzdálí, jestli víš, co tím myslím.
e/9/e905fc41.p3d	8244_mabhk_323	Tohle je ono!
e/9/e906be71.p3d	20239_bwtra_pain_d	*argh*
e/9/e912b334.p3d	15464_p_suf_120	Sakra nás povraždí!
e/9/e917e974.p3d	22695_magsp_e09m03_005	Máme potvrzenou identifikaci ZEUSE. Zlikvidujte ho.
e/9/e9188e34.p3d	17008_bwtrb_188	Dodržujte identifikační protokol!
e/9/e91b03e6.p3d	19336_bwhqa_025	Kontakt vychladl. Všechny týmy bez výsledku. Red Crown ukončuje pátrání, přepínám.
e/9/e91cb879.p3d	22964_mar_c_e06m04_041	KURVA! JSOU POŘÁD TADY!! POHYB! POHYB!!
e/9/e91e3872.p3d	17727_bwtra_084	Zóna je čistá, postupujeme do dalšího sektoru.
e/9/e928a34e.p3d	16950_bwtrb_130	Rozkaz.
e/9/e929b5cd.p3d	4251_mar_c_120	Bůh ví, co se to tam uvnitř vaří!
e/9/e92e6867.p3d	9779_maf35_067	Ten hořák teď hoří v pekle, přepínám.
e/9/e9335dc9.p3d	9901_maf35_189	Sedm volá Red Crown, potvrzuji zaměření cíle a zapojuji se. Volné pásmo.
e/9/e93518d8.p3d	13567_p_erm_089	Ne, nedělej to, prosím, nedělej to. Prosím, ne, kurva, ne! Já-já-já, nedělej to, prosím!
e/9/e936cac1.p3d	20343_mabra_scream_d	*výkřik*
e/9/e9376524.p3d	12022_nypda_089	Dispečinku, tahle oblast je zamořená hořáky.
e/9/e937be02.p3d	966_bwgsp_206	Red Crown, nasazení dokončeno, přepínám.
e/9/e93ee7ee.p3d	8654_mar_a_395	Přestaň s tím svinstvem, nebo ti vypálím zásobník do prdele.
e/9/e941ab71.p3d	4976_maabr_284	Vydrž!
e/9/e943d924.p3d	13087_p_ctf_076	Policie! Je přímo tady!
e/9/e9452073.p3d	22362_bwoff_e01m01_005	Máme tu živou situaci zadržení, ne cvičení! Kdokoli může být přenašeč. Nulová tolerance!
e/9/e94ae146.p3d	10570_mamls_137	Tanky postupují, přepněte zbraně na automatiku.
e/9/e9524875.p3d	24180_p_haf_174	Blíží se!
e/9/e95487e8.p3d	24595_alex_e07m01_598	Rozumím, velitelství! Jsme na cestě!
e/9/e9598d49.p3d	14578_p_ham_164	Nechceš tohle dělat! Zamysli se nad tim!
e/9/e96b0d60.p3d	14340_p_fdm_156	Nikdy jsem sem nechtěl přijít. Prosím, nezabíjej mě!
e/9/e96b891a.p3d	22680_maf35_e10m04_011	Cíl označen. Deset vteřin.
e/9/e96ef72e.p3d	9132_mar_b_301	Mám Běžce mířící mým směrem, přepínám.
e/9/e970194b.p3d	25129_nypda_145	Charlie Nineteen, Charlie Nineteen! Mám ho!
e/9/e9749639.p3d	8087_mabhk_186	Potřebujeme sem úder. Zrůdy, spousta zrůd.
e/9/e9784780.p3d	20102_bwabr_scream_c	*výkřik*
e/9/e97f06f8.p3d	4515_mar_c_373	Tým Charlie! Postupujte!
e/9/e9912aff.p3d	11381_maoff_237	Nahlaste to nahoru, potřebujeme sem záchranný tým.
e/9/e99950e4.p3d	16505_bwabr_045	Budeme tu potřebovat úklidovou četu.
e/9/e9a1d5c6.p3d	22834_mar_a_e02m05_016	Naplno do toho, vy ubohý hajzlové, zase jdou!
e/9/e9a1db0c.p3d	21855_alex_e03m01_071	Nevím, jak se ovládají tahle vozidla, ale někdo tu to ví.
e/9/e9a1fa23.p3d	9744_maf35_032	Mám tón. Dobrý tón. Pálím.
e/9/e9a23d1a.p3d	8918_mar_b_087	Je jak zasranej duch. Nic než slepá ulička, přepínám.
e/9/e9a2cad2.p3d	23984_ragla_e05m02_032	Jsi si jistej, že víš, kam jdeš?
e/9/e9a6ccf9.p3d	20028_magsp_296	Sakra! Dostali jsme zásah. Dostali jsme zásah, ale systémy fungují. Držíme se.
e/9/e9a876c7.p3d	22773_maoff_e08m02_037	Jedem! Jedem, Vane! Rozjeď ty obrněnce, jedem!
e/9/e9a8aa94.p3d	13532_p_erm_054	Hej, není to ten chlap?
e/9/e9ab4d33.p3d	931_bwgsp_171	Zóna zčervenala, máme společnost!
e/9/e9abb91c.p3d	22929_mar_c_e02m02_007	Tam smějí jen papaláši. Vsadím se, že uvnitř je to samá dobrota a kundičky.
e/9/e9acd912.p3d	19866_magsp_154	Hellfire, pozemní nula Tango Delta, na rohu.
e/9/e9ad8433.p3d	8497_mar_a_238	Zpátky, vezmi si tu zasranou vysílačku!
e/9/e9aee016.p3d	18048_bwtra_405	Jsme odhalení! To je ten hajzl!
e/9/e9afc1ea.p3d	11120_mahqa_148	Balíček v sektoru, žádám zelenou, přepínám.
e/9/e9b1d74a.p3d	24010_bwhqb_e04m04_015	ZEUS je zraněný, ale pohyblivý. Stáhněte síť.
e/9/e9b53d18.p3d	4941_maabr_249	Místo je vyčištěno, Red Crowne. Jsme čistí, přepínám.
e/9/e9b76ae2.p3d	13052_p_ctf_043	To je on, to je vrah!
e/9/e9b94867.p3d	17271_bwtrb_451	Dám ti cokoliv chceš! Jen mě nezabíjej!
e/9/e9bef290.p3d	17990_bwtra_347	Střílejte dál! Pokračujte! Rozstřílejte ho!
e/9/e9bf769f.p3d	22943_mar_c_e02m05_021	Sakra -- ta zasraná základna hoří!
e/9/e9c00f9e.p3d	472_bwbra_067	Ztratil jsem ZEUSe, velitelství. Máte pokyny?
e/9/e9cd1ef0.p3d	14543_p_ham_129	Hej -- zastřel toho hajzla!
e/9/e9d2a4bb.p3d	24525_alex_e03m01_529	Sakra. Musím sehnat další.
e/9/e9d4d441.p3d	15126_p_mtm_018	Sak-k-k, ach bože, ach bože, ach bože, ach bože.
e/9/e9db23b3.p3d	15889_p_uem_075	Jsem si jistej, že je... támhle!
e/9/e9e827f5.p3d	8052_mabhk_151	Pořád pal! Pořád pal!
e/9/e9eda33d.p3d	4358_mar_c_216	Zkontrolujte, jestli je ten hajzl fakt mrtvej!
e/9/e9edf799.p3d	7392_mabcm_060	Zachytil někdo celý přenos? Zkontrolujte vybavení, přepínám.
e/9/e9f642d4.p3d	1895_bwmls_033	Mám zpátky zaměření. Zelená. Zelená.
e/9/e9f7f1ed.p3d	11781_nydisp_066	Potvrzuji, jednotko.
e/9/e9fb556d.p3d	12129_nypda_200	Kriste, máme na tohle povolení?
e/9/e9fb8b48.p3d	20364_maf35_scream_a	*výkřik*
e/9/e9fbdbd7.p3d	22420_bwtra_e02m01_012	Ty?! Ale ty bys měl být mrtvý!
e/a/ea043d10.p3d	7746_mabra_186	Střelče, nepřítel se blíží. Dvanáct, dvanáct.
e/a/ea0ecead.p3d	10677_mamls_224	Prozrazeni, Red Crown, nemůžeme pokračovat.
e/a/ea13e6e1.p3d	22212_bwbhk_e03m03_05	Tady AE. Dva Heavy, přistáváme uvnitř perimetru.
e/a/ea14f27f.p3d	20129_bwbra_choke_b	*dušení*
e/a/ea162e20.p3d	24287_p_haf_045	Sakra. To je on!
e/a/ea18cebd.p3d	109_bwbhk_078	Máme potvrzené spatření, přepínám.
e/a/ea19e978.p3d	774_bwgsp_014	Red Crown, Tornado Five na palubě!
e/a/ea1c32d3.p3d	21996_alex_e05m03_212	No tak, ty hajzle....
e/a/ea1def2b.p3d	13934_p_fdf_217	Pusť mě!
e/a/ea206ab9.p3d	19831_magsp_119	Red Crown, cíl identifikován. Pošlete balík, letecký prvek jedna čeká.
e/a/ea2115ee.p3d	8462_mar_a_202	Zasranej BLACKWATCH, kámo -- myslí si, že jim to tu patří.
e/a/ea226f47.p3d	18013_bwtra_370	Identifikoval jsem cíl!
e/a/ea228db5.p3d	24032_bwoff_e06m04_106	Musíme zasáhnout okrajová hnízda před hlavním útokem.
e/a/ea23d9b0.p3d	4784_maabr_112	Na tohle FTL nepotřebujeme -- je blízko.
e/a/ea26f953.p3d	24462_bwoff_e01m02_003	Kde máš zbraň, vojíne?!
e/a/ea2e4efa.p3d	18936_susol_324	Myslím, že to začne.
e/a/ea32e4be.p3d	9239_mar_b_408	Máme ho? No teda, sakra.
e/a/ea3d49d1.p3d	19295_p_hlf_215	Kriste!
e/a/ea4a2ff5.p3d	15536_p_suf_192	Někdo! Pomoc!
e/a/ea4c7b45.p3d	24065_bwoff_events_026	Nakažení nás tvrdě tlačí zpátky -- musíme přidat na palebné síle.
e/a/ea4eb571.p3d	15854_p_uem_042	To je on, tamhle!
e/a/ea528069.p3d	19408_bwhqa_077	Negativní, opakujte?
e/a/ea551848.p3d	11488_maoff_315	Důstojník v palebné dráze!
e/a/ea5ad827.p3d	22090_alex_e08m02_308	Zelená jedna a dvě. Připojte se k formaci, kryjte čelo a týl.
e/a/ea5b4829.p3d	24578_alex_e06m02_581	Tyhle věci se nikdy nepoučí.
e/a/ea61326d.p3d	4323_mar_c_180	Viděl někdo Holmese!?
e/a/ea6c9839.p3d	13639_p_erm_161	Nedělej mi tohle, ty zkurvenej hajzle!
e/a/ea6ed04b.p3d	22142_alex_e09m03_359	TAGGARTE!!
e/a/ea6f58d1.p3d	13316_p_ctm_073	Ten chlap! Ten chlap!
e/a/ea6f94fc.p3d	10028_maf35_296	To je zásah! Voodoo Sedm čisté, jsme čistí.
e/a/ea72d955.p3d	7589_mabra_029	Uvidíme, jestli z tohohle vyvázneš, parchante.
e/a/ea7666fc.p3d	8726_mar_a_447	Vidíš to?
e/a/ea77cecc.p3d	7711_mabra_151	Nalejte všechno do zabíjecí zóny.
e/a/ea7b5870.p3d	13159_p_ctf_148	Utíkej! Uhni mu z cesty!
e/a/ea825dc9.p3d	10642_mamls_189	Mise splněna, připravujeme hlášení o ztrátách, slyšíte?
e/a/ea83fd43.p3d	579_bwbra_174	Postupujte opatrně, potvrďte, že je zneškodněn.
e/a/ea88f286.p3d	701_bwbra_286	Máme nějaké poškození, kontrolujeme systémy.
e/a/ea8c88fd.p3d	13777_p_fdf_063	Jak to sakra udělal!?
e/a/ea8c9476.p3d	22179_bwabr_e08m02_19	Přejíždíme přes ně -- pamatujte, blízkost JE priorita.
e/a/ea94a314.p3d	21786_alex_e01m01_003	Počkejte, stůjte. Nestřílejte!
e/a/ea9c0d01.p3d	12392_nypda_464	Tohle nevypadá dobře!
e/a/ea9c54a4.p3d	11885_nydisp_150	Red Crown, máme 10-11, podezřelý stále na útěku. Žádáme vojenskou jurisdikci a zásah proti prioritním cílům.
e/a/ea9ce8b4.p3d	18779_susol_167	Nahlaste to, je to ZEUS!
e/a/eaa1de16.p3d	18901_susol_289	Dejte mi na to zprávy, hned!
e/a/eaa28cac.p3d	14412_p_fdm_228	Ah, ah! Pomoc! Aaaargh!
e/a/eaa673ef.p3d	9204_mar_b_373	Ho! Ještě žiju!
e/a/eaa89b38.p3d	21838_alex_e02m02_054	Dobře, tohle by mě mělo dostat za perimetr, ale na to, abych se dostal dovnitř, to asi stačit nebude. Potřebuju někoho s hodností.
e/a/eaac1547.p3d	8159_mabhk_238	Nepřítel je zahrabán, Red Crown, mise splněna.
e/a/eaad0f36.p3d	24404_maoff_events_032	Vede se nám dobře, chlapci, vede se nám dobře.
e/a/eab0d902.p3d	19260_p_hlf_180	Zmizte!
e/a/eab36aea.p3d	24026_bwhqb_free_027	Máme problém! Žádám leteckou podporu. Můžeme dostat trochu tlaku na most?
e/a/eab7e5f6.p3d	22457_bwtra_e05m03_049	Hlídám nějakej posranej vrtulník...
e/a/eab8cc3c.p3d	15379_p_suf_037	Jsi snad sakra slepej?
e/a/eab988f0.p3d	372_bwbhk_341	Auff! Vydrž. Sakra. Mayday, mayday! RC, tohle je ono, padáme!
e/a/eabdc19c.p3d	15501_p_suf_157	Bože, ne! Co jsem to udělala?
e/a/eac8a7a0.p3d	11453_maoff_298	Pořád tady!
e/a/eacb4d7b.p3d	24508_alex_e02m01_512	Je to on...
e/a/eacebc92.p3d	16865_bwtrb_065	Tohle je ten pravej okamžik, přímo tady.
e/a/eacfced2.p3d	4166_mar_c_034	Jsou na naší straně, synu. Aspoň to mi řekli.
e/a/ead1e0b6.p3d	25424_alex_e06m02_705	Tohle nefunguje.  Možná mi Ragland řekne, čím jsou vůdci jiní.
e/a/ead9796f.p3d	9816_maf35_104	Pošlete Thunder evakuovat ty Chalky, Red Crown. Co z nich zbylo...
e/a/eae029e0.p3d	13604_p_erm_126	Nedělej to!
e/a/eae4585e.p3d	19938_magsp_226	Tornado Devět Sedm volá Red Crown, něco se děje dole. Podíváme se na to.
e/a/eae50394.p3d	8569_mar_a_310	Jó, sundanej!
e/a/eaecb07f.p3d	10293_mahqb_050	Sbalte to, chlapi. Zajistěte perimetr a připravte se na převzetí velení Blackwatchem.
e/a/eaeeea2c.p3d	13124_p_ctf_113	Bože můj. Už jdou!
e/a/eaef8757.p3d	20347_maf35_choke_d	*dušení*
e/a/eaf0fa61.p3d	10485_mamls_052	Pánové, teprve začínáme.
e/a/eaf78eea.p3d	544_bwbra_139	Máme laserové zaměření na dohled, RC.
e/a/eafa7994.p3d	2181_bwmls_319	Ven! Do bezpečné vzdálenosti!
e/b/eb001aa5.p3d	13742_p_fdf_029	Chytili toho chlapa?
e/b/eb014aa4.p3d	19671_bwhqb_149	Úderný balíčku, shromážděte se a nasaďte.
e/b/eb049e51.p3d	14615_p_ham_201	Sežente mi sakra doktora!
e/b/eb107a70.p3d	18744_susol_132	Přivolejte vědecký tým!
e/b/eb11267b.p3d	14255_p_fdm_071	On-on je ten, koho hledáte!
e/b/eb151034.p3d	9047_mar_b_216	Kluci, vy mě znáte!
e/b/eb153031.p3d	22678_maf35_e08m04_009	Ježíši. Vyšlete celé křídlo, Red Crown. Všechno. Budeme potřebovat každou kulku a bombu, co máme.
e/b/eb2576e5.p3d	7464_mabcm_132	Máme potvrzeno: nepřítel je v drátech! Přepínám.
e/b/eb26532a.p3d	24986_nypda_342	Mám podezřelého přímo tady!
e/b/eb2dc220.p3d	1967_bwmls_105	Odpor eskaloval.
e/b/eb374437.p3d	11296_maoff_160	Potvrďte povolení, nebo vypadněte!
e/b/eb3bbc1e.p3d	7818_mabra_238	Možná to vypadá, že je konec, ale nenechte se zmást.
e/b/eb424e4e.p3d	16830_bwtrb_030	Mám to přímo tady.
e/b/eb464b6e.p3d	10749_mamls_296	Dáme se do pohybu, ústup!
e/b/eb4dade1.p3d	24359_p_haf_150	Zasranej idiot!
e/b/eb516639.p3d	846_bwgsp_086	Přepínám na pátrací nasazení, ozvu se při opětovném zaměření.
e/b/eb55db24.p3d	11035_mahqa_073	Negativní, přepínám.
e/b/eb57e78f.p3d	19903_magsp_191	Tornado Jedna až Čtyři, žádáme povolení k palbě. Blížíme se.
e/b/eb5892b0.p3d	8534_mar_a_275	Ne já! Máte špatného chlapa!
e/b/eb5a8371.p3d	25477_alex_e09m03_704	Zakopejte se! Jako by to něco změnilo!
e/b/eb5b5671.p3d	4856_maabr_184	Palte hned!
e/b/eb5f616d.p3d	17186_bwtrb_366	Zabij ho, rychle!
e/b/eb648c08.p3d	10450_mamls_017	Uvolněte ten zasranej cíl, nebudu to opakovat.
e/b/eb6e3943.p3d	14987_p_uwm_110	Vůbec nic nevidím!
e/b/eb73380b.p3d	14458_p_ham_044	Hej! Přímo tam!
e/b/eb84b823.p3d	14220_p_fdm_037	No tak, ty debile!
e/b/eb8634bb.p3d	15926_p_uem_112	Už jdou!
e/b/eb889f65.p3d	9012_mar_b_181	Do prdele!
e/b/eb89d312.p3d	25009_nypda_426	Tady Charlie Nineteen. Potřebujeme posily -- slyší mě někdo!?
e/b/eb99cff2.p3d	20175_bwgsp_scream_d	*výkřik*
e/b/eb99e8ed.p3d	24951_nypda_435	Z cesty!
e/b/eb9bb451.p3d	180_bwbhk_149	Co to je, co se to tam dole děje, přepínám.
e/b/eba15151.p3d	1932_bwmls_070	Žádám povolení k Balíčku, smrt shůry, přepínám.
e/b/ebaad5a3.p3d	11261_maoff_108	Prohledejte. Prohledejte. Je blízko.
e/b/ebad0804.p3d	88_bwbhk_057	Kontrolo, tyhle věci se snad nikdy sakra nestáhnou?
e/b/ebb180e8.p3d	11986_nypda_052	Pane!
e/b/ebb9dd2a.p3d	10714_mamls_261	Pokračujte v palbě, zelená pro opakování.
e/b/ebc13c60.p3d	24324_p_haf_063	Ale do prdele!
e/b/ebc16fac.p3d	24027_bwoff_e01m01_101	Nepřátelé zjištěni! Palte podle uvážení!
e/b/ebc40846.p3d	13849_p_fdf_132	Pozor! Bude střílet!
e/b/ebc4f7f5.p3d	811_bwgsp_051	Dobře, seskupte se na srazu Alpha Jedna Pět, přepínám. Zbraně studené.
e/b/ebc683d4.p3d	19746_magsp_034	Tornado India pozemním. Máme vaše označení. Automatické zaměření na cíli.
e/b/ebc72ef4.p3d	8377_mar_a_117	Zpátky! Zpátky!
e/b/ebc96cea.p3d	11000_mahqa_048	To je potvrzení?
e/b/ebc9f2b6.p3d	4699_maabr_027	Polní týmy, udělejte prostor pro obrněnce, přepínám.
e/b/ebcee818.p3d	4821_maabr_149	Zasáhněte to hned!
e/b/ebd2f329.p3d	17151_bwtrb_331	Přestaň s tím.
e/b/ebd38c4d.p3d	12464_nypda_536	Ó, do prdele!
e/b/ebd89d52.p3d	17870_bwtra_227	Našel jsem rozčtvrceného chlapa.
e/b/ebd9842c.p3d	1068_bwgsp_307	Zasaženi, minimální poškození, přepínám.
e/b/ebe1c85f.p3d	14952_p_uwm_075	Řekl bych... t-t -- on! On!
e/c/ec074e1f.p3d	4238_mar_c_107	Hlásím vizuál na nepřátelské hořáky. Najděte si kryt, sakra!
e/c/ec087ac0.p3d	24794_nypda_040	Dispečinku, tady Charlie Nineteen. Rozumím.
e/c/ec0a9910.p3d	14791_p_mtf_145	Bouchačka! Do bezpečí!
e/c/ec142d5d.p3d	17575_bwoff_224	Teď nepolevujte. Vydržet!
e/c/ec14fd8b.p3d	12009_nypda_076	Charlie Nineteen varuje všechny body, podezřelý je na útěku.
e/c/ec1c97f3.p3d	22334_bwhqa_516	Potvrzený karanténní uprchlík, nulová tolerance. Sestřelte ho.
e/c/ec1de7d2.p3d	7626_mabra_066	Vítej ve hře, kamaráde.
e/c/ec2099c0.p3d	53_bwbhk_022	Zaměřeno na cíl, žádám povolení k zásahu, přepínám.
e/c/ec242f8d.p3d	10365_mahqb_102	ZEUS je stále náš hlavní strategický cíl.
e/c/ec2512cc.p3d	11951_nypda_036	Rozumím, dispečinku.
e/c/ec2879ad.p3d	10557_mamls_124	Tohle jsme si vidět nepřáli.
e/c/ec2a7ae7.p3d	25272_nypda_229	Myslím, že ten hajzl je vyřízenej.
e/c/ec2fe3e4.p3d	24167_p_haf_202	Co se stalo? Ach, bože.
e/c/ec379764.p3d	13814_p_fdf_099	Ach!
e/c/ec3abe25.p3d	8342_mar_a_082	Velitelství, tady Echo One Alpha. Úderný balík na mou pozici, honem.
e/c/ec47f9bc.p3d	18816_susol_204	Nejsem stoprocentní.
e/c/ec48a5c7.p3d	14327_p_fdm_143	Zahoď zbraň!
e/c/ec4c8cf5.p3d	9119_mar_b_288	Nechoďte moc blízko! Máme prohledat okolí?
e/c/ec4d135d.p3d	1033_bwgsp_272	Laserový dosah, stabilní a udržet. Nejdřív palba.
e/c/ec56f20a.p3d	19175_p_hlf_097	Páni!
e/c/ec5cf383.p3d	7536_mabcm_190	Základna utrpěla těžké poškození, Red Crowne. Sotva se tu držíme.
e/c/ec5fa1f6.p3d	287_bwbhk_256	Potvrzuji, Modrá zóna je čistá, opakuji, čistá.
e/c/ec63dab7.p3d	15416_p_suf_072	To je on, přímo tam!
e/c/ec649da5.p3d	22875_mar_b_e02m02_005	Nechceš vědět, co tam mají. Fakt to nechceš vědět.
e/c/ec6ec366.p3d	11368_maoff_224	Klid, klid! Myslím, že je dole!
e/c/ec766d88.p3d	22056_alex_e06m05_272	Je po všem.
e/c/ec7add50.p3d	4203_mar_c_072	Red Crown, tady Chalk Tři. Čisto. Mise splněna.
e/c/ec8642fb.p3d	13519_p_erm_041	Hej-hej-hej, to je ten chlap! To je ten chlap!
e/c/ec87bc98.p3d	17540_bwoff_199	Nepřátelský opěrný bod. Zaneste to do mřížky!
e/c/ec88e585.p3d	918_bwgsp_158	Vyčistěte zónu, Tornado Pět na rutinním letu.
e/c/ec8d5a51.p3d	11107_mahqa_135	Jste v bílé zóně. Cíl je jasný, přepínám.
e/c/ec9011fc.p3d	8606_mar_a_347	Co se tu sakra stalo?
e/c/ec92d57f.p3d	4928_maabr_236	Jsme v tom po krk, RC, vydržte!
e/c/ec96e0b9.p3d	17258_bwtrb_438	Che.
e/c/ec97bec8.p3d	10330_mahqb_077	Zamítnuto.
e/c/ec9c08c9.p3d	10522_mamls_089	Tady se nic neděje, stáhněme se.
e/c/ec9c8af7.p3d	17977_bwtra_334	Kdo se má oběsit, ten se neutopí!
e/c/ec9da805.p3d	459_bwbra_054	Kousek Razorbacku.
e/c/eca092ce.p3d	2096_bwmls_244	Není stavěný na boj zblízka, Highball devět nouzově přistává.
e/c/eca3723f.p3d	24132_p_haf_100	Aaah!
e/c/eca763de.p3d	19586_bwhqb_074	To se nestane.
e/c/ecad8f65.p3d	21574_maabr_256	Tahle operace je hotová, RC. Připravte Palace na náš návrat.
e/c/ecb5b7c3.p3d	12272_nypda_344	Tam! Skočte po něm!
e/c/ecb6032f.p3d	11873_nydisp_138	Zkontrolujte všechny v perimetru na vystavení nebezpečným biologickým agens. Než uvolníte scénu, prověřte všechny.
e/c/ecc24f93.p3d	16491_bwabr_031	Kryjte se za MNOU!
e/c/ecc5c047.p3d	8039_mabhk_138	Tohle není dobré, vyčistěte oblast!
e/c/ecca83c7.p3d	19140_p_hlf_063	Ale do prdele!
e/c/eccb8feb.p3d	7379_mabcm_047	Neslyším vás, přepínám.
e/c/ecd333b2.p3d	252_bwbhk_221	Pohyb potvrzen, zahajujeme průzkum, přepínám.
e/c/ecd3923a.p3d	22949_mar_c_e03m01_027	Myslíš, že ten chlap Mercer vypustil tohle svinstvo tady?
e/c/ecd5d2d6.p3d	7981_mabhk_080	Všichni Birdové -- držte se za mnou.
e/c/ece25282.p3d	11333_maoff_189	Ví někdo jistě, který to je?
e/c/ece8a6fc.p3d	20833_p_hlf_cough_b	*kašel*
e/c/ecf3ecd2.p3d	23059_tagga_e09m03_019	Je všude kolem mě! Sežeňte mi leteckou podporu!
e/c/ecf658f2.p3d	17383_bwoff_042	Nepodařilo se nám ho zaměřit.
e/c/ecfe0320.p3d	19818_magsp_106	Vzdušný odpad ruší naše senzory. Máte hlášení zdola?
e/c/ecfeabb5.p3d	8449_mar_a_189	To bylo neuvěřitelné.
e/d/ed014093.p3d	21761_speci_e04m04_063	Myslím, že tě má rád!
e/d/ed02500f.p3d	21967_alex_e05m02_183	*otrávené zabručení*
e/d/ed0a7275.p3d	17223_bwtrb_403	Sakra práce!!
e/d/ed0ca676.p3d	25080_nypda_041	Negativní, dispečinku.
e/d/ed0f6828.p3d	22621_maabr_e06m04_016	PAL!!
e/d/ed101a13.p3d	17942_bwtra_299	Ach, Kriste, zase tohle.
e/d/ed11398d.p3d	424_bwbra_009	V zóně, ukažte nám rybu a my ji usmažíme, přepínám.
e/d/ed12834b.p3d	22153_alex_e10m04_370	Umři! UMŘI!!
e/d/ed1421cb.p3d	2061_bwmls_199	Strategický cíl... splněn.
e/d/ed17a0a0.p3d	16755_bwabr_275	Nezachyceno. Opakujte, opakujte!
e/d/ed17c993.p3d	21747_speci_e04m04_049	Palba vpřed!
e/d/ed1af5a4.p3d	19551_bwhqb_049	Taktický cíl číslo jedna... splněn.
e/d/ed2049df.p3d	9994_maf35_262	Odvolejte útok, Red Crown, jsme slepí. Cíl ztracen, přepínám.
e/d/ed2a258f.p3d	18624_susol_042	Postupte, máme potvrzený kontakt na zemi.
e/d/ed395203.p3d	8004_mabhk_103	Sdělte odhadovaný čas příjezdu posil, přepínám.
e/d/ed3f21a7.p3d	7344_mabcm_012	Red Crowne, tady jednotka B Dvě Sedm hlásí ze sektoru Viktor Dvanáct. Toto stanoviště je plně funkční, přepínám.
e/d/ed3ffb04.p3d	24866_nypda_192	Stůj! Otoč se a odejdi!
e/d/ed42185c.p3d	14863_p_mtf_217	*zasténání* Bože můj!
e/d/ed50eee2.p3d	11176_maoff_038	Utíká, Red Crown, východně od naší poslední pozice, přepínám.
e/d/ed549b79.p3d	15081_p_uwm_204	Sežente mi sanitku!
e/d/ed61c61a.p3d	22715_mahqa_e04m02_015	Máme výkyv těsně předtím, než systém vypadl. Musí to být on. Zúžit pátrání na okruh dvou kilometrů kolem poslední známé pozice.
e/d/ed6758a4.p3d	24239_p_haf_031	Ustupte!
e/d/ed68cc71.p3d	20787_p_ham_cheer_d	Jasně!
e/d/ed6c96f0.p3d	16020_p_uem_205	Ahhh! Sakra práce!
e/d/ed6f0769.p3d	24038_bwoff_e07m04_112	Hlavní konvertory jsou vyřazené! Soustřeďte palbu! Soustřeďte palbu!
e/d/ed723d71.p3d	8414_mar_a_154	To je pěkně vážná věc
e/d/ed750133.p3d	4736_maabr_064	Přejít na Žlutou. Situace Žlutá. Nevidíme na ZEUSE, přepínám.
e/d/ed750b65.p3d	20734_p_fdf_pain_c	*argh*
e/d/ed790c2f.p3d	17066_bwtrb_246	Dvě do hrudi a jednu do hlavy -- pro jistotu.
e/d/ed79a568.p3d	12379_nypda_451	Zachráníme tě, kámo, neboj se!
e/d/ed7b7f37.p3d	19394_bwhqa_073	To je negativní.
e/d/ed7eb66d.p3d	17785_bwtra_142	Je v pohybu!
e/d/ed863d23.p3d	16598_bwabr_138	Připravte se na to!
e/d/ed8b325c.p3d	16720_bwabr_240	Doporučuji přerušení akce, velitelství.
e/d/ed8e7154.p3d	19247_p_hlf_167	Neubližujte mi, jo? Nic jsem vám neudělala.
e/d/ed972142.p3d	359_bwbhk_328	Ghost Čtyři Pět, nepřítel na palubě, nepřítel na palubě, střílejte po tom hajzlovi, sundejte ho!
e/d/ed97e320.p3d	12080_nypda_148	Dispečinku, tady Charlie Nineteen. Vypátral jsem podezřelého na nové pozici!
e/d/edabc8e8.p3d	20370_magsp_choke_c	*dušení*
e/d/edb3908c.p3d	24831_nypda_268	Co to sakra bylo?
e/d/edbf3bda.p3d	17612_bwoff_261	Pozor!
e/d/edc6b5de.p3d	15341_p_mtm_229	Óóóách!
e/d/edcf3df5.p3d	10402_mahqb_139	Zrušte rozkaz k pátrání. Připravte se na přeskupení.
e/d/edcf7289.p3d	9190_mar_b_359	Ustupte!
e/d/edcff6f3.p3d	10999_mahqa_047	Vyhodnoťte taktickou situaci, možná není sundaný, přepínám.
e/d/edd09f64.p3d	25187_nypda_454	Nepanikař, chlape!
e/d/edd811fb.p3d	2168_bwmls_306	Dostáváme palbu.
e/d/eddaea87.p3d	24204_p_haf_014	Musíte to všichni vidět!
e/d/edddb30c.p3d	13729_p_fdf_016	Je to ten vrah?
e/d/eddee30b.p3d	19658_bwhqb_136	Všechny jednotky zajištěny. Podmínky jsou čisté.
e/d/eddf84f3.p3d	4573_mar_c_431	Pamatujte na svůj výcvik, mariňáci. Nic není smrtonosnější než my!
e/d/ede892da.p3d	4701_maabr_029	Ranger Dvě Sedm Bravo se blíží na dostřel, přepínám.
e/d/edec9deb.p3d	17031_bwtrb_211	Podívej, to jsem já! Zkontroluj mou sakra kartu!
e/d/eded370f.p3d	12344_nypda_416	Pokračujte ve střelbě!
e/d/edf24814.p3d	17750_bwtra_107	Likvidován!
e/d/edf9cedf.p3d	16563_bwabr_103	Připravit další granát, znovu zásah!
e/e/ee020310.p3d	19212_p_hlf_132	Ten chlap má zbraň.
e/e/ee02bb15.p3d	8976_mar_b_145	Civilisté uvěznění v troskách, možná i naši lidi -- kde jsou vrtulníky?
e/e/ee032f97.p3d	21898_alex_e03m03_114	Ano....
e/e/ee09288f.p3d	13590_p_erm_112	Už jdou!
e/e/ee0ab073.p3d	324_bwbhk_293	Čtyři Pět končí. Vyškrtněte nás ze seznamu.
e/e/ee19cdc4.p3d	11405_maoff_130	Palte, ale netrefte oběť!
e/e/ee1fe6a0.p3d	16817_bwtrb_017	Ping. Bum. Bum.
e/e/ee2443d4.p3d	14671_p_mtf_027	Co se děje? Víš to?
e/e/ee2dd83e.p3d	17455_bwoff_114	Jaká je TVOJE škoda?
e/e/ee354faf.p3d	15184_p_mtm_074	To je ten, koho hledáte!
e/e/ee3dda8d.p3d	10245_mahqb_002	Všem jednotkám, cíl se odpoutal. Hlaste se.
e/e/ee3e3401.p3d	24590_alex_e06m03_593	Red Crown volá Sigmu. Žádost přijata. Hammer je na cestě k vaší poloze. Konec.
e/e/ee40602e.p3d	20508_mar_c_scream_a	*výkřik*
e/e/ee42246f.p3d	10437_mamls_004	Stanoviště palebné podpory připraveno. Čekáme na rozkazy.
e/e/ee4388af.p3d	10964_mahqa_012	Nemáme stopu ani ze země, ani ze vzduchu. Navádíme pátrání.
e/e/ee442d44.p3d	25152_nypda_313	Mám ho na mušce!
e/e/ee4ba072.p3d	2133_bwmls_211	Nelze splnit.
e/e/ee5274c7.p3d	19623_bwhqb_101	ZEUS je stále na svobodě, potřebujeme, aby všechny týmy zůstaly soustředěné!
e/e/ee5bd0c9.p3d	12187_nypda_259	Přiveďte sem forenzní tým. Máme tu tělo.
e/e/ee5c8975.p3d	22974_mar_c_e09m03_051	Rozkazy zní: zastřelit a zabít VŠECHNO nevojenské. Civilisty taky, oddíle. Cokoliv tady je asi budoucí červená. Žádné váhání.
e/e/ee61dd42.p3d	22191_bwabr_e08m03_32	Zapojujeme kontakty na jihu!
e/e/ee62508a.p3d	14207_p_fdm_024	Viděl někdo, co se stalo!?
e/e/ee764cd1.p3d	8941_mar_b_110	Jsme čistí na západním perimetru, přepínám?
e/e/ee769e68.p3d	7416_mabcm_084	Polní týme, podpůrné jednotky na stanovišti, do pohotovosti!
e/e/ee777a4e.p3d	24938_nypda_262	Tomu nevěřím, dispečinku. Pošlete forenzní tým.
e/e/ee794cb8.p3d	167_bwbhk_136	Průzkumný let dokončen, nic k hlášení, přepínám.
e/e/ee7adc9b.p3d	20051_magsp_319	Jdeme! Jdeme!
e/e/ee7ee9a3.p3d	1919_bwmls_057	Nízká viditelnost, to je ale bordel...
e/e/ee82ed2d.p3d	18071_bwtra_428	Nepřítel!
e/e/ee886b7c.p3d	11248_maoff_092	Co je to s tebou!?
e/e/ee8eca6a.p3d	18994_susol_382	Dolů, k zemi!
e/e/ee93602e.p3d	9297_mar_b_466	Rozvaž mě!
e/e/eea1675a.p3d	17420_bwoff_079	Rozprostřít se, zaměřte ho!
e/e/eea6bac7.p3d	22653_mabra_e03m01_003	Tohle je zakázaná -- Ó, MŮJ BOŽE!
e/e/eea7b612.p3d	21850_alex_e02m05_066	Shoříš.
e/e/eeac807f.p3d	4808_maabr_136	Přiveďte nás domů, RC. Naše mise je ve stavu Zlatá, přepínám.
e/e/eeb08b7b.p3d	17138_bwtrb_318	To je nepřítel! Ten tamhle!
e/e/eeb2fe64.p3d	19466_bwhqa_135	Všechny týmy odpovězte, zajistěte obvod mřížky a čekejte na nové rozkazy, přepínám.
e/e/eeb635b9.p3d	17857_bwtra_214	Nepanikařte! Vláda má situaci pod kontrolou.
e/e/eeb6f6ed.p3d	22633_mabhk_e07m02_002	Cílová oblast potvrzena. Zahajujeme rozptyl toxinu ze vzduchu, čekejte.
e/e/eebf60c6.p3d	14939_p_uwm_062	Do prdele!
e/e/eec1b054.p3d	4381_mar_c_239	Woaaahhhh!!
e/e/eecd161f.p3d	13697_p_erm_219	Ne! Nedělej to!
e/e/eecf6285.p3d	12152_nypda_224	Hotovo!
e/e/eecfb1cf.p3d	11861_nydisp_126	Bylo hlášeno vyřešení. Podejte podrobné hlášení, přepínám.
e/e/eecfd6cc.p3d	13374_p_ctm_131	Mají zbraň!
e/e/eed6e4f7.p3d	8784_mar_a_505	Nezabíjejte mě! Nezabíjejte mě!
e/e/eee83177.p3d	14778_p_mtf_132	Pozor! Bude střílet!
e/e/eeeb1719.p3d	24903_nypda_517	Pohni se!
e/e/eeecde74.p3d	132_bwbhk_101	Koukám na bouři sraček. Zatracenou bouři sraček.
e/e/eef24997.p3d	19017_susol_405	Huh!
e/e/eeffbf88.p3d	24020_bwhqb_e07m04_004	Tady Red Crown, další síly na cestě, Sigmo. Držte pozici.
e/f/ef02ab33.p3d	11938_nypda_023	Tady Charlie Nineteen. Možné 10-34 na mé pozici. Ozvu se s aktualizací.
e/f/ef06f1ea.p3d	9262_mar_b_431	Díky, Bože.
e/f/ef081b8a.p3d	25259_nypda_476	Pozor!
e/f/ef0a8fd5.p3d	24499_alex_e01m01_503	A je tu číslo dvě...
e/f/ef17045e.p3d	4645_mar_c_513	Ustupte, mariňáci! Za mnou!
e/f/ef185677.p3d	8329_mar_a_069	Hned tě rozmázlím, ty hvězdo!
e/f/ef241aac.p3d	17103_bwtrb_283	Ježíši, vypadá to jak sakra jatka.
e/f/ef24b3d0.p3d	12416_nypda_488	Zastavte palbu, jsme svoji!
e/f/ef269020.p3d	19431_bwhqa_100	Černé týmy, odpovězte hlášením situace, přepínám.
e/f/ef29c4d5.p3d	17822_bwtra_179	Někdo ho najděte!
e/f/ef314ba0.p3d	16635_bwabr_175	Máme tu kůže, vyčistěte to!
e/f/ef3246cc.p3d	22027_alex_e06m01_243	Dano...kde jsi...?
e/f/ef32f26d.p3d	14904_p_uwm_027	C-co se to sakra děje, víš to?
e/f/ef39f4df.p3d	9874_maf35_162	Všechny jednotky na tento cíl, sledujte a nasaďte všechny závěsníky.
e/f/ef40a550.p3d	13662_p_erm_184	No tak
e/f/ef43a49e.p3d	10051_maf35_319	Totální selhání systémů, katapultuji se!
e/f/ef44d390.p3d	19996_magsp_264	Bitva skončila. Zóna je naše.
e/f/ef4f659c.p3d	13182_p_ctf_171	BĚŽ!
e/f/ef515d76.p3d	22988_ragla_e05m02_008	Ještě chvilku!
e/f/ef51e1ac.p3d	20855_p_hlf_pain_d	*argh*
e/f/ef5bc095.p3d	14743_p_mtf_099	Ach!
e/f/ef6554ff.p3d	17527_bwoff_186	To NEBYL Mercer.
e/f/ef6ccef9.p3d	15256_p_mtm_144	Nestřílej po mně!
e/f/ef75572f.p3d	10317_mahqb_064	Pokračujte, přepínám.
e/f/ef79a130.p3d	10509_mamls_076	Přepínáme na termovizi, přepínám.
e/f/ef7ba18c.p3d	25224_nypda_106	Negativní na místě, dispečinku. Two Whiskey Seven nic nemá.
e/f/ef802273.p3d	8182_mabhk_261	Udržet kontrolu, udržet kontrolu!
e/f/ef810acf.p3d	24119_p_haf_107	Někdo, sežente pomoc!
e/f/ef854046.p3d	21049_p_uwm_gasp_b	*lapání po dechu*
e/f/ef859df9.p3d	4488_mar_c_346	K zemi!
e/f/ef8a935b.p3d	4610_mar_c_468	Svoji! Zasraně svoji!
e/f/ef8caa5b.p3d	20950_p_suf_cough_c	*kašel*
e/f/ef8fe88e.p3d	11794_nydisp_069	Potvrzeno, důstojníku.
e/f/ef93502a.p3d	12259_nypda_331	Jak to sakra dělá?
e/f/ef98614e.p3d	17665_bwtra_032	Ano, přepínám
e/f/ef9c378e.p3d	7876_mabra_296	Red Crown, Red Crown, potvrzuji, že Bulldog Tři je v hajzlu.
e/f/ef9fe7e5.p3d	16478_bwabr_018	Něco z kamer?
e/f/efa4dd5c.p3d	16600_bwabr_140	Udeřte na to! HNED!
e/f/efa6e1fe.p3d	24503_alex_e01m02_507	Musím se odsud sakra dostat!
e/f/efa81c2f.p3d	19127_p_hlf_051	Sakra. To je ten chlap, po kterym jdou!
e/f/efb0cc04.p3d	239_bwbhk_208	Kůže, spousta kůží, potřebujeme sem balíček.
e/f/efb36b28.p3d	7968_mabhk_067	Jsme slepí, může někdo potvrdit polohu, přepínám.
e/f/efb65900.p3d	11093_mahqa_121	Odvolat... do dalšího kontaktu s cílem, slyšíte?
e/f/efb86556.p3d	19961_magsp_239	Slyším tě.
e/f/efb910ab.p3d	8592_mar_a_333	Dobře, všichni, zachovejme klid!
e/f/efba6c8e.p3d	18143_bwtra_500	Co to sakra děláš?!
e/f/efc78ac6.p3d	22388_bwoff_e03m01_031	Velení! Máme potvrzeno ZEUSE na zemi!
e/f/efcace02.p3d	20640_p_ctm_disgust_a	Ouu!
e/f/efe060b7.p3d	15221_p_mtm_111	Ach bože!
e/f/efe6b015.p3d	15984_p_uem_169	Prosím! Nedělej to! Mám děti! Prosím!
e/f/efe91d4b.p3d	9070_mar_b_239	No tak, kdo jde se mnou?
e/f/efea4aa2.p3d	25067_nypda_374	Pane -- to STAČÍ!
e/f/efedb27a.p3d	17929_bwtra_286	Sbal si koule, blbečku, tohle bude bolet.
e/f/eff1ba32.p3d	2048_bwmls_186	Cíle splněny, se ztrátami.
e/f/eff88e0b.p3d	19538_bwhqb_036	Vraťte se a přeskupte se. Zrušte pátrání.
e/f/eff92fb5.p3d	4453_mar_c_311	Oorah! OORAH!!!
f/0/f001cf37.p3d	1990_bwmls_128	Upravuji cíl, máme dost na ještě jednu salvu.
f/0/f006df46.p3d	12224_nypda_296	Chlape, už mám tvýho svinstva tak akorát.
f/0/f0075618.p3d	13446_p_ctm_203	Ať to přestane!
f/0/f00fc94a.p3d	7841_mabra_261	Někdo tu musí mít fakt dobrej život...
f/0/f01a5b10.p3d	10772_mamls_319	Blitzer za linií!
f/0/f01c6615.p3d	8856_mar_b_045	Je to tady, Red Crown. Přímo tady. Pošlete je.
f/0/f0245b35.p3d	204_bwbhk_173	Můžeš to zvládnout, dej mu jednu za 'WATCH!
f/0/f026fce4.p3d	7933_mabhk_032	Přímý zásah! Přímý zásah!
f/0/f0323155.p3d	15068_p_uwm_191	Ah, ta bolest! *lapnutí po dechu* Ať to přestane!
f/0/f0344b64.p3d	11898_nydisp_163	Voláme hasiče. Pohotovost je na cestě k vám, přepínám.
f/0/f0361812.p3d	25472_alex_e08m04_708	Před čtyřiceti lety. Všechno to začalo v Hope. Všechno to začalo s Elizabeth... S ní a Randallem.
f/0/f03bd140.p3d	20349_maf35_dying_b	*chroptění*
f/0/f03e7136.p3d	9334_mar_b_503	Nepřítel v otevřeném prostoru!
f/0/f0474522.p3d	14481_p_ham_067	To je v prdeli!
f/0/f04a2ccc.p3d	16007_p_uem_192	Pomozte mi! Někdo!
f/0/f053020c.p3d	24391_maoff_events_019	Pojďme jim nakopat prdele.
f/0/f059b786.p3d	22209_bwbhk_e01m01_02	Ztracen kontakt. Jaký je postup u tohohle? Nemám žádný záblesk na optice ani termovizi. Jsme sakra v Manhattanu.
f/0/f05dd84a.p3d	25032_nypda_219	Tak, a je to!
f/0/f066b710.p3d	16995_bwtrb_175	To je on, to je ten správnej, střílej!
f/0/f067c96e.p3d	4296_mar_c_153	Potvrďte ten zásah!
f/0/f068caae.p3d	16707_bwabr_227	Mise dokončena, Red Crown.
f/0/f0698b21.p3d	24377_maoff_events_005	Červeným někdo pomáhá -- tohle bude tvrdé.
f/0/f06c1fc7.p3d	19503_bwhqb_001	Přepněte na režim prohledávání. Jděte hned.
f/0/f0757b86.p3d	12067_nypda_134	10-84, dispečinku. Charlie Nineteen na místě.
f/0/f075efd4.p3d	13289_p_ctm_048	Nepleťte se mu do cesty!
f/0/f07ae534.p3d	13411_p_ctm_168	Mysli na moji rodinu, jo! Prosím!
f/0/f07e65cd.p3d	7684_mabra_124	Jste aktivní pro November Charlie Victor, přepínám.
f/0/f08f89a6.p3d	674_bwbra_269	Skoro jsme to schytali, Red Crown.
f/0/f0912498.p3d	24818_nypda_106	Negativní na místě, dispečinku. Two Whiskey Seven nic nemá.
f/0/f0933fdf.p3d	14815_p_mtf_169	Prosím! Nedělej to! Prosím tě!
f/0/f098155d.p3d	13872_p_fdf_155	Zmiz od toho, kurva!
f/0/f0a44e45.p3d	15328_p_mtm_216	Pomoc!
f/0/f0a5c2fc.p3d	15033_p_uwm_156	Ne, ne, prosím! Ušetři mě, prosím!
f/0/f0a8752c.p3d	18874_susol_262	Zabijte je. Sundejte je oba!
f/0/f0a923c2.p3d	14385_p_fdm_201	Potřebujeme sanitku.
f/0/f0ad0af0.p3d	9177_mar_b_346	Přebít, HNED!
f/0/f0ad9142.p3d	1091_bwgsp_329	Manévrujeme, hned!
f/0/f0adbed6.p3d	20392_mamls_choke_a	*dušení*
f/0/f0b435b6.p3d	25402_alex_e04m04_701	Co mi to sakra udělal?
f/0/f0b7a1bf.p3d	8254_mabhk_333	Ztrácím řízení, Red Crowne.
f/0/f0c458b2.p3d	15474_p_suf_130	Nechte je jít!
f/0/f0ca33b2.p3d	17018_bwtrb_198	To je on! TO JE ON!
f/0/f0cca964.p3d	19346_bwhqa_035	Cíl se pohybuje. Žádné potvrzené zpozorování od jednotek, čekejte.
f/0/f0cfddf0.p3d	17737_bwtra_094	Dva na tři! Boj zblízka!
f/0/f0da48cc.p3d	16960_bwtrb_140	Pane.
f/0/f0db5b4b.p3d	4261_mar_c_130	Ustupuje to, sledujte to!
f/0/f0e00de5.p3d	9789_maf35_077	Tango Uniform, kontakt vymizel, odsud po ZEUSovi ani stopa.
f/0/f0e27100.p3d	22606_maabr_e03m03_002	Zapomeňte na něj, zaměřte se na HNÍZDO!
f/0/f0e50347.p3d	9911_maf35_199	Pozemní jednotky, hořáci se blíží od zadu, přepínám.
f/0/f0e6be56.p3d	13577_p_erm_099	Ále, do háje!
f/0/f0e90aa2.p3d	12032_nypda_099	Máme svýho chlapa, dispečinku. Pošlete úderný tým na Three Charlie Seventy-Seven.
f/0/f0e94cd3.p3d	21869_alex_e03m02_085	To je ono.
f/0/f0e96380.p3d	976_bwgsp_216	Úderný balíček Bravo úspěšný, připravte Palace na náš návrat.
f/0/f0e98190.p3d	13254_p_ctm_013	Nikdy jsem nic takového neviděl!
f/0/f0f08ff7.p3d	8664_mar_a_405	RC, tady Echo One Alpha, prověřuju možný kontakt, přepínám.
f/0/f0f350ef.p3d	4986_maabr_294	To sedělo. Pancíř zatím drží.
f/0/f0f57ea2.p3d	13097_p_ctf_086	Rozmysli si to!
f/0/f0fc86c4.p3d	10580_mamls_147	Kontakt, máme potvrzený kontakt.
f/1/f103edf3.p3d	24190_p_haf_184	Nezastavuj se!
f/1/f1079848.p3d	22497_bwtra_e07m01_090	Naše pozice byla odhalena! Přerušte misi!
f/1/f10b32c7.p3d	14588_p_ham_174	Zmizte!
f/1/f10c3e0f.p3d	22281_bwhqa_e10m04_056	Bojová pohotovost, bojová pohotovost, tohle není cvičení!
f/1/f11291ef.p3d	25455_alex_e07m02_701	Bloodtox způsobuje nekrózu v jakékoli nakažené tkáni, včetně mé. 
f/1/f11cb2de.p3d	14350_p_fdm_166	Co mám, co chcete? Nechápu to!
f/1/f1209cac.p3d	9142_mar_b_311	Tato budova je pod kontrolou nepřítele.
f/1/f121bb26.p3d	25139_nypda_064	Slyšel jsem, že tihle nechali shořet dva bloky v centru. Zabili všechny uvnitř. Zasraní hajzlové.
f/1/f1263bb7.p3d	8097_mabhk_196	Red Crowne, prověříme to, přepínám.
f/1/f130ac76.p3d	4525_mar_c_383	Hej! To je on!
f/1/f142d07d.p3d	11391_maoff_247	Něco ten dav rozviřuje, buďte ve střehu!
f/1/f1436f97.p3d	17702_bwtra_059	Poslouchejte. Něco tady prostě není v pořádku.
f/1/f14af662.p3d	16515_bwabr_055	Cíl potvrzen, RC, pošlete nám balíček.
f/1/f1539fa1.p3d	9754_maf35_042	Fox Two, Fox Two.
f/1/f153e298.p3d	8928_mar_b_097	Windere, hni tou mrtvou prdelí. Forsey, ty jsi na špici!
f/1/f1587502.p3d	20038_magsp_306	Áách! Setřes to!
f/1/f15a5012.p3d	13542_p_erm_064	Tohle je v prdeli!
f/1/f15cf2b1.p3d	941_bwgsp_181	Máme pohyb, obletíme to a podíváme se.
f/1/f15e7e90.p3d	19876_magsp_164	Přiblížit se na to, dej mu to z třicítky.
f/1/f1608594.p3d	18058_bwtra_415	Postupuju dovnitř!
f/1/f1616768.p3d	11130_mahqa_158	Úder v terénu. Opakuji, úder v terénu, přepínám.
f/1/f166e296.p3d	4951_maabr_259	Ranger Dvě Sedm se vrací. Mise splněna, přepínám.
f/1/f1691060.p3d	13062_p_ctf_053	Zavolejte pomoc! Je tady!
f/1/f16aede5.p3d	17281_bwtrb_461	Jsme naprosto zavázaní.
f/1/f171b51c.p3d	482_bwbra_077	Mám ho na mušce, chystám se zapojit.
f/1/f17ec46e.p3d	14553_p_ham_139	Má sakra bouchačku!
f/1/f17effc1.p3d	17407_bwoff_066	Tahle pozice je čistá.
f/1/f18679bf.p3d	15136_p_mtm_028	jo, tohle se děje díky současný vládě.
f/1/f18aa0a2.p3d	18682_susol_070	Přesně tak.
f/1/f18cc931.p3d	15899_p_uem_085	Nestřílej po mně!
f/1/f199cd73.p3d	8062_mabhk_161	Red Crowne, potvrzené zabití, opakuji, potvrzené zabití!
f/1/f19f48bb.p3d	4368_mar_c_226	Zůstaň, kde jsi!
f/1/f1a9974d.p3d	11782_nydisp_067	10-4.
f/1/f1acfaeb.p3d	12139_nypda_210	Beru si toho chlapa na mušku.
f/1/f1b5e28e.p3d	7756_mabra_196	Přibližujeme se, ujistěte se, že se můžeme otočit.
f/1/f1c0742b.p3d	10687_mamls_234	Pozorovatelé, udržujte odstup, tanky pokračují v palbě.
f/1/f1c5d6f3.p3d	21720_speci_e04m04_022	Dneska ne!
f/1/f1c7d39e.p3d	24297_p_haf_055	Kámo, myslím, že má tu nemoc!
f/1/f1c8f98f.p3d	22392_bwoff_e05m01_035	Ježíši Kriste... Copperhead zjištěn. Mřížka pět čtyři osm sedm devět šest. Zapojujeme se.
f/1/f1ca743b.p3d	119_bwbhk_088	Máme velké poškození. Požár motoru na jedničce, přepínám.
f/1/f1cb8ef6.p3d	784_bwgsp_024	Zalezl si, nevidím ho.
f/1/f1cc0433.p3d	20003_magsp_271	Palec nahoru, všichni nepřátelé zničeni. Mizíme domů.
f/1/f1cf94a9.p3d	13944_p_fdf_227	Aaaaargh!
f/1/f1d21037.p3d	19841_magsp_129	Prohledáváme poslední známé souřadnice cíle. Máte to teď? Přepínám.
f/1/f1d2bb6d.p3d	8472_mar_a_213	Stůj, stůj přesně tam!
f/1/f1d414c5.p3d	18023_bwtra_380	Potvrzena změna tady.
f/1/f1d57f2e.p3d	4794_maabr_122	Místo prověřeno, Red Crowne. Je čisté.
f/1/f1dc5ff3.p3d	21706_speci_e04m04_008	Sežeňte sem oddíl, hned!
f/1/f1dd4248.p3d	15105_p_uwm_228	Ah. Ah. Ahhhhhhh!
f/1/f1dff478.p3d	18946_susol_334	V boji, jsem v boji!
f/1/f1e48a3c.p3d	9249_mar_b_418	Vypadněte z jeho dostřelu!
f/1/f1f33466.p3d	22659_mabra_e04m01_009	A sakra, jsme napadeni! Jsme napadeni!
f/1/f1fbd7fe.p3d	15546_p_suf_202	Neeee! Áách!
f/2/f2005aef.p3d	15864_p_uem_052	Whoa! Viděl to ještě někdo?
f/2/f20425e7.p3d	19418_bwhqa_087	Red Crown všem polním týmům, můžeme dostat aktualizaci? Odpovězte.
f/2/f206bdc6.p3d	11498_maoff_325	Ustupte, hned!
f/2/f2075d3c.p3d	17809_bwtra_166	Tady je zakázané území. Zmiz.
f/2/f212d7eb.p3d	4333_mar_c_190	Rozptylte se! Najděte ten cíl!
f/2/f2179760.p3d	22864_mar_a_e06m04_045	Tohle je INTENZIVNÍ!! Jeď dál! Jeď! DÁL! JEĎ!! JÓÓ!
f/2/f219525b.p3d	25438_alex_e06m03_706	Ten "vůdce" ví, kde je Dana.  Já vím, kde je on.  Pro něj smůla.
f/2/f21b79f9.p3d	1870_bwmls_008	Ukažte nám kouř, neseme šavle, přepínám.
f/2/f21e3db7.p3d	13649_p_erm_171	Utíkej! UTÍKEJ!
f/2/f2208a07.p3d	12104_nypda_175	Myslel jsem, že byl právě tady? Rozprostíráme se, prohledáváme.
f/2/f220fe4f.p3d	13326_p_ctm_083	Ne! Ne! Prosím!
f/2/f2213d05.p3d	10038_maf35_306	Uhni! Uhni!
f/2/f2247ed3.p3d	7599_mabra_039	Východ a západ, postupujeme.
f/2/f2280c7a.p3d	8736_mar_a_457	Čisto! Čisto!
f/2/f229744a.p3d	7721_mabra_161	Je tohle ono? Je to mrtvý? Přepínám?
f/2/f22cfdee.p3d	13169_p_ctf_158	Prosím! Neubližujte mi! Prosím vás!
f/2/f2340347.p3d	10652_mamls_199	Mise úspěšná, žádáme návrat na základnu a doplnění munice.
f/2/f235a2c1.p3d	589_bwbra_184	Vjíždíme dovnitř, všichni Blacks, pozor na záda.
f/2/f23a9804.p3d	711_bwbra_296	Potřebujeme pomoc! Hned!
f/2/f23b6619.p3d	24262_p_haf_085	Poslyš, děláš tu chybu.
f/2/f23e2e7a.p3d	13787_p_fdf_072	Tenhle. Tamhle!
f/2/f24bc139.p3d	22959_mar_c_e06m04_036	Zůstaň u mě, Hatchi. Nelíbí se mi, když je ten chlap s velkým raketometem moc daleko ode mě, jestli víš, co tím myslím.
f/2/f24e8e32.p3d	18789_susol_177	Vyčenichejte ho!
f/2/f2538394.p3d	18911_susol_299	Roztrhejte to na kusy!
f/2/f2559039.p3d	23035_susol_e07m04_004	Je dole.
f/2/f258196d.p3d	9214_mar_b_383	Je to pohyblivý!
f/2/f25bf11c.p3d	14890_p_uwm_013	By-bylo to úmyslný, nebo náhoda?
f/2/f25dbac5.p3d	8169_mabhk_248	Thunder se vrací domů, mise zrušena.
f/2/f2627e80.p3d	19270_p_hlf_190	Zpátky!
f/2/f26a4f98.p3d	21804_alex_e01m02_021	A zbyl jen jeden.
f/2/f26a71ba.p3d	15389_p_suf_047	To je ten vrah!
f/2/f26b2e6e.p3d	382_bwbhk_351	NE!!
f/2/f26bb7b4.p3d	22371_bwoff_e01m02_014	Naše rozkazy zní pozorovat a přivolat vhodné posily, blbče.
f/2/f26f671a.p3d	15511_p_suf_167	Ne-nezabíjej mě, prosím tě! Prosím!
f/2/f27a501f.p3d	11463_maoff_342	Prosím tě, měj slitování!
f/2/f2806210.p3d	16875_bwtrb_075	Poslouchej -- slyšíš to?
f/2/f2817450.p3d	4176_mar_c_044	Chalk Tři, tady Red Crown. Nepřítel zmizel ze zaměření, přepínám.
f/2/f28b1eed.p3d	9826_maf35_114	ZEUS označen, potvrzuji úderovou misi, rozumíte?
f/2/f291cf5e.p3d	13614_p_erm_136	Najdi si kryt -- hned!
f/2/f294cc36.p3d	10003_maf35_271	Páni, to bylo těsně!
f/2/f295fddc.p3d	19948_magsp_236	Rozumím.
f/2/f296a912.p3d	8579_mar_a_320	Tohle vyřešíme u vojenskýho soudu, mariňáku.
f/2/f298108f.p3d	7564_mabra_004	Připraven na těžkou práci, zbraň tady, přepínám.
f/2/f2a08faa.p3d	13134_p_ctf_123	Praštěte do toho něčím!
f/2/f2a19716.p3d	22725_mahqa_e07m01_025	Kde je letecká podpora! Tam dole ztrácejí půdu pod nohama!
f/2/f2a29fdf.p3d	10495_mamls_062	Máme tady velké ztráty.
f/2/f2a93468.p3d	554_bwbra_149	Nepřítel se to chystá pustit!
f/2/f2b1c023.p3d	13752_p_fdf_039	Mám slzný sprej, blbče!
f/2/f2b2f022.p3d	19681_bwhqb_159	Úderný balíčku, hlaste se v zabíjecí zóně.
f/2/f2b4e6cc.p3d	8280_mar_a_019	Mějte oči otevřené. Oči otevřené, přepínám.
f/2/f2b55e23.p3d	20925_p_mtm_gasp_b	*lapání po dechu*
f/2/f2b643cf.p3d	14625_p_ham_211	Dávejte pozor!
f/2/f2ba5586.p3d	22843_mar_a_e02m05_025	Sežeňte sem hasiče, hoří to u palivový skládky!
f/2/f2bdf67e.p3d	15208_p_mtm_098	Lidi budou chtít vědět, co se tu stalo.
f/2/f2c21fee.p3d	18754_susol_142	Vypadni odsud.
f/2/f2c2cbf9.p3d	14265_p_fdm_081	Bože, pomoz mi!
f/2/f2c6b5b2.p3d	9057_mar_b_226	Myslím, že to mám na mušce. Myslím, pane.
f/2/f2d0de9b.p3d	22829_mar_a_e02m05_011	Kurva! Jsou uvnitř!
f/2/f2d71c63.p3d	7474_mabcm_142	Uvolnit. Nastavte žlutý stav.
f/2/f2d7ecce.p3d	24996_nypda_006	Mám hlad jak hajzl.
f/2/f2dd2589.p3d	22782_maoff_e08m04_046	To je narušení!
f/2/f2de0376.p3d	15354_p_suf_012	Co to všechno je?
f/2/f2df679e.p3d	1977_bwmls_115	Stáhněte své lidi, tohle bude pořádná rána.
f/2/f2e912fc.p3d	23883_alex_011	Autorizace palebné podpory BAKER-DOUBLE DOWN. Zahajte palbu na mou dvanáctou. Palte, dokud nedojde munice.
f/2/f2ed619c.p3d	7828_mabra_248	Cíl ohrožen. Zadržte palbu, dokud nebudeme mimo.
f/2/f2ee7f5f.p3d	22938_mar_c_e02m05_016	Naplno do toho, vy ubohý hajzlové, zase jdou!
f/2/f2efaaff.p3d	25168_nypda_scream_c	*výkřik*
f/2/f2f3f3cc.p3d	16840_bwtrb_040	Pomodli se.
f/2/f2f7f377.p3d	10759_mamls_306	Trup narušen!
f/2/f2f812d1.p3d	20372_magsp_dying_a	*chroptění*
f/3/f3030bb7.p3d	856_bwgsp_096	Průzkumný průlet bez výsledku, předejte pátrání Cyclopsovi.
f/3/f3078083.p3d	11045_mahqa_073	Negativní, přepínám.
f/3/f3098f98.p3d	19913_magsp_201	Aktualizace pro velení, máme v této oblasti hořáky. Udělám co můžu, uvidíme, co mi můžete půjčit.
f/3/f30a382e.p3d	8544_mar_a_285	Tohle je fakt zlý svinstvo.
f/3/f30cfbef.p3d	4866_maabr_194	To bylo o fous, posádko, zůstaňte ve střehu!
f/3/f31106eb.p3d	17196_bwtrb_376	Dej mu všechno, co máš, než skončí!
f/3/f3163186.p3d	10460_mamls_027	Uh, ještě neslavte, chlapi, pořád je to venku.
f/3/f31f14ed.p3d	22220_bwbra_e05m01_04	ZEUS spatřen! Sektor Jedna Jedna Pět Osm Jedna Tři!
f/3/f31fdec1.p3d	14997_p_uwm_120	Schovej se! Schovej se!
f/3/f324dd89.p3d	14468_p_ham_054	Hej! Hej! Hej! Vidíš to!?
f/3/f3363dba.p3d	22704_mahqa_e03m01_004	Všechny obrněné jednotky, pokuste se navázat vizuální kontakt s transportérem Frontline jedna pět čtyři.
f/3/f3365da1.p3d	14230_p_fdm_047	Zavolejte policii! To je on!
f/3/f337da39.p3d	15936_p_uem_122	Stůj! Zahoď to!
f/3/f33a44e3.p3d	9022_mar_b_191	Ehm... kdo je kdo?
f/3/f33b6986.p3d	25019_nypda_030	Dispečinku, něco tu je. Ozvu se přes rádio.
f/3/f34a5738.p3d	4405_mar_c_263	Do prdele!
f/3/f34b91b2.p3d	24961_nypda_507	Vypadni!
f/3/f34d59cf.p3d	190_bwbhk_159	Blíží se velká rána, hlavy dolů!
f/3/f352f6cf.p3d	1942_bwmls_080	Kdo má kontakt, má ho vůbec někdo?
f/3/f35c7b78.p3d	11271_maoff_142	Hup!
f/3/f35ead82.p3d	98_bwbhk_067	Red Crown, cíl mimo náš dohled. Pátráme.
f/3/f35f8bc6.p3d	8808_mar_a_529	Ježiš!
f/3/f3632666.p3d	11996_nypda_062	Rád bych viděl, jak tvrdí ti chlapi jsou, když se neschovávají za tou uniformou.
f/3/f364fb05.p3d	24074_bwoff_events_035	No no... zdá se, že se to obrací v náš prospěch.
f/3/f36b82a8.p3d	10724_mamls_271	Uh, ať mi někdo ukáže, jak tu věc sundat.
f/3/f372e503.p3d	24334_p_haf_122	Utíkej!
f/3/f375adc4.p3d	13859_p_fdf_142	Sakra, on bude střílet!
f/3/f3769d73.p3d	821_bwgsp_061	Ach jo.... Máme tu situaci.... Spousta kouře a prachu....
f/3/f3782952.p3d	19756_magsp_044	Dobrý zásah.
f/3/f378d472.p3d	8387_mar_a_127	Počkejte, zadržte palbu!
f/3/f37b1268.p3d	11010_mahqa_058	Odvolejte pohotovost kvůli ZEUSOVI. Odvolat.
f/3/f3808d96.p3d	4831_maabr_159	Dejte tomu prostor!
f/3/f38498a7.p3d	17161_bwtrb_341	Přerušit, ztratil kontakt.
f/3/f38a42d0.p3d	17880_bwtra_237	Dobře, tohle jsem sakra nečekal.
f/3/f38b29a9.p3d	1078_bwgsp_316	Nezvládneme to!
f/3/f391c95d.p3d	16693_bwabr_213	Potvrzuji, všechny cíle sraženy, Red Crown.
f/3/f3936ddd.p3d	14962_p_uwm_085	Jsem občan, plátce daní!
f/3/f3986f30.p3d	14433_p_ham_019	Byla to nehoda?
f/3/f3ab6955.p3d	15901_p_uem_087	Věřte mi! Já to nejsem!
f/3/f3b009e5.p3d	21020_p_uem_stab_a	*ááh*
f/3/f3b7e11e.p3d	16947_bwtrb_127	Situace zvládnuta, přepínám
f/3/f3b8f39d.p3d	4248_mar_c_117	Seber tu bradu ze země, Ahne! Zvedni tu pušku a vyber si cíl!
f/3/f3bd442d.p3d	21950_alex_e05m01_166	Co to sakra bylo?
f/3/f3c345ed.p3d	11770_nydisp_055	Máme podezřelého, je to hotové.
f/3/f3c58ef6.p3d	24413_maoff_events_041	Dobře, pořád to můžeme zvrátit. Držte linii!
f/3/f3c5d2db.p3d	17585_bwoff_234	Stáhnout se!
f/3/f3c6a309.p3d	12019_nypda_086	Spatřil jsem hořáky, dispečinku. Nepřátelé na mé pozici.
f/3/f3ce3d71.p3d	22344_bwhqa_526	Přilétající letoune, změňte kurz a vraťte se do přiděleného vzdušného prostoru. Hned.
f/3/f3cf8d50.p3d	7636_mabra_076	Musíme se přeskupit a dokončit to, přepínám.
f/3/f3d23f3e.p3d	63_bwbhk_032	Máme přímé zásahy na cíl.
f/3/f3d398df.p3d	21066_p_uwm_fallscream_c	*výkřik*
f/3/f3d5d50b.p3d	10375_mahqb_112	Pokračujeme v pátrání a krytí.
f/3/f3d6b82b.p3d	11961_nypda_036	Rozumím, dispečinku.
f/3/f3d80c6b.p3d	13206_p_ctf_195	Záchranku!
f/3/f3da1f2b.p3d	10567_mamls_134	Boj skončil, opakuji, je konec.
f/3/f3dc1d20.p3d	25282_nypda_179	Dispečinku, podezřelý je v pohybu. Opakuji, v pohybu!
f/3/f3e1865a.p3d	24177_p_haf_171	Utíkej!
f/3/f3e93f6d.p3d	13824_p_fdf_109	Už je po všem?
f/3/f3ebbaf9.p3d	19721_magsp_009	Tornado Jedna volá Red Crown. Sektor čistý. Můžete nám najít nějaký, kde něco je?
f/3/f3ec63a3.p3d	8352_mar_a_092	Zůstaňte ve střehu, cíl je v oblasti.
f/3/f3ef29f0.p3d	4674_maabr_002	Ranger Dvě Sedm vstupuje do zabijáckého boxu. Ustupte a nepleťte se do cesty, přepínám.
f/3/f3f5005c.p3d	23960_alex_088	NE.
f/3/f3fa4b45.p3d	14337_p_fdm_153	Zabíjí všechny!
f/3/f3fe3273.p3d	9129_mar_b_298	Ani náhodou!
f/3/f3feb8db.p3d	1043_bwgsp_282	Cíl není... sestřelen, opakuji, NENÍ sestřelen.
f/4/f403bb64.p3d	22232_bwhqa_e07m01_007	Ghost Twelve. Návrat na základnu. Priorita jedna. Máte to teď v navigaci, konec.
f/4/f4089a13.p3d	19185_p_hlf_107	Někdo, sežente pomoc!
f/4/f408c942.p3d	8206_mabhk_285	Najděte kryt, cíl je ozbrojen projektilem.
f/4/f40e9b8c.p3d	7546_mabcm_200	Venku to teď pořádně lítá. Přesouváme velitelské centrum do sklepa, Red Crowne, konec.
f/4/f4106451.p3d	23912_alex_040	V žádném případě.
f/4/f4114774.p3d	297_bwbhk_266	Mise splněna, přepínám.
f/4/f4158035.p3d	15426_p_suf_082	To nejsem já, ty idiote!
f/4/f42068e4.p3d	11378_maoff_234	Ále, sakra. Nahlaste to. Posrali jsme to.
f/4/f4255dea.p3d	11500_maoff_327	Stáhnout se! Všechny týmy!
f/4/f42c82ce.p3d	4213_mar_c_082	Volejte po rádiu! Zdravotní nouze na naší pozici.
f/4/f437e879.p3d	13529_p_erm_051	Sakra, je zpátky!
f/4/f43964a1.p3d	17550_bwoff_209	Všichni ke mně!
f/4/f43a8b03.p3d	928_bwgsp_168	Situace složitá, více cílů, přepínám! Pokračujte na primární.
f/4/f43effcf.p3d	11117_mahqa_145	Úderné prostředky vyslány.
f/4/f441b77a.p3d	8616_mar_a_357	Páni!
f/4/f4431f0c.p3d	7601_mabra_041	A šťastný číslo jsi ty, kámo!
f/4/f4447afd.p3d	4938_maabr_246	Jsme v bílém stavu. Balte to, posádko, přepínám.
f/4/f446a8c7.p3d	13049_p_ctf_040	Co je s tebou!?
f/4/f4488637.p3d	17268_bwtrb_448	Nikdy nevyhraješ. To musíš vědět.
f/4/f4496427.p3d	10340_mahqb_077	Zamítnuto.
f/4/f44dae47.p3d	10532_mamls_099	FSV, FSV, ohlaste stav, přepínám.
f/4/f44e3075.p3d	17987_bwtra_344	Pořádně to na ně sypte!
f/4/f44f4d83.p3d	469_bwbra_064	Senzory neukazují nic, RC.
f/4/f4531752.p3d	22554_bwtrb_e06m05_054	Pohyb, pohyb, pohyb!
f/4/f459093d.p3d	19596_bwhqb_074	To se nestane.
f/4/f4675d41.p3d	12282_nypda_354	Sakra, sakra. Jsem policajt!
f/4/f467a88f.p3d	11874_nydisp_139	Prosím potvrďte konec honičky.
f/4/f46947e1.p3d	20384_magsp_stab_a	*ááh*
f/4/f46ddcec.p3d	14302_p_fdm_118	Je jich víc! Utíkej!
f/4/f47765c5.p3d	8049_mabhk_148	Cíl zezuřil, mějte se na pozoru!
f/4/f47c2944.p3d	19150_p_hlf_072	Byl tamhle -- chlape, to je on!
f/4/f47d3569.p3d	7389_mabcm_057	Opakuji. Opakuji, konec.... Pane, nic nemám.
f/4/f47ecae4.p3d	22303_bwhqa_e10m04_078	Ach, můj bože.
f/4/f48032ec.p3d	22127_alex_e09m01_344	Všichni musí zemřít.
f/4/f4877854.p3d	7991_mabhk_090	Dívám se na hovnobouři, přepínám.
f/4/f493f800.p3d	11343_maoff_199	Zadržte palbu! To je ROZKAZ!
f/4/f4a7fe70.p3d	17393_bwoff_052	Situace se hodně vyhrotila, HQ!
f/4/f4afa89e.p3d	19828_magsp_116	Cíl je jasný a zřetelný, žádám Sierra Papa na naše Kilo Zulu, slyšíte mě?
f/4/f4b05133.p3d	8459_mar_a_199	Důstojník na palubě!
f/4/f4bc17f3.p3d	17233_bwtrb_413	Zaměřte se na slabá místa.
f/4/f4be4bd5.p3d	25090_nypda_041	Negativní, dispečinku.
f/4/f4c1c21c.p3d	17952_bwtra_309	HQ, vaše teorie o ZEUSOVI se potvrdila.
f/4/f4c2df2a.p3d	434_bwbra_029	Dobrý den na umírání. Pro někoho jiného.
f/4/f4c5c9d4.p3d	2071_bwmls_209	Zóna je prázdná, přepínám. Přelet UAV pro potvrzení.
f/4/f4c9461e.p3d	16765_bwabr_285	Zásah potvrzen. Minimální škody, přepínám.
f/4/f4cc9b22.p3d	19561_bwhqb_059	Je to potvrzené. Tým Alfa má ZEUSe. Přineste mrtvolu.
f/4/f4cfec06.p3d	14505_p_ham_091	Kurva!
f/4/f4eaf781.p3d	8014_mabhk_113	Zahajujeme průzkumný let.
f/4/f4f0c725.p3d	7354_mabcm_022	Potvrzujeme akci nepřítele, Red Crowne. Nasazujeme se.
f/4/f4f1a7c4.p3d	24876_nypda_380	Sladký Ježíši!
f/4/f4f3bdda.p3d	14873_p_mtf_227	Aaaaááách!
f/5/f5029460.p3d	11186_maoff_048	Delta čtyřicet pět, terén volá základnu, hořáci na naší pozici. Opakuji, hořáci na naší pozici.
f/5/f50640f7.p3d	15091_p_uwm_214	Z cesty!
f/5/f5070c9c.p3d	7708_mabra_148	Vizuál. Vizuál, přepínám.
f/5/f5119bae.p3d	10639_mamls_186	Boj skončil, hůha!
f/5/f51e3c6e.p3d	16030_p_uem_215	Ne! Ne! Ne!
f/5/f523e2ef.p3d	8424_mar_a_164	Co to sakra bylo?
f/5/f526a6b1.p3d	4746_maabr_074	Red Crowne, nepřítel v otevřeném terénu. Sto metrů, přepínám.
f/5/f52ab1ad.p3d	17076_bwtrb_256	Pokračujte. Pořád v akci!
f/5/f52b4ae6.p3d	12389_nypda_461	Zkontrolujte zásobníky!
f/5/f5305beb.p3d	17795_bwtra_152	Dobrá práce dneska.
f/5/f531ca91.p3d	14409_p_fdm_225	Někdo to zabijte!
f/5/f53cd7da.p3d	16730_bwabr_250	Skoro jsem jednoho dostal!
f/5/f54016d2.p3d	19257_p_hlf_177	Držte se, lidi! Zůstaňte se mnou!
f/5/f548c6c0.p3d	369_bwbhk_338	Ježíši! Drž to! Drž to!
f/5/f54988b6.p3d	12090_nypda_161	*kašel* Je tam někdo? Ozvěte se, pokud potřebujete pomoc.
f/5/f5652ec1.p3d	24841_nypda_093	Dispečinku, podezřelý nalezen. Žádám podporu úderného týmu.
f/5/f570e158.p3d	17622_bwoff_271	Ať ho někdo zastřelí!
f/5/f572f867.p3d	22058_alex_e07m01_274	Jakékoliv prozrazení by tu bylo zlé.
f/5/f576261a.p3d	11151_maoff_011	Má někdo cíl? Přepínám.
f/5/f580e373.p3d	10412_mahqb_149	Nasaďte úderný balíček. Okamžité povolení k zásahu.
f/5/f5823d9e.p3d	25197_nypda_284	Myslíte, že vylezli odtamtud, dispečinku?
f/5/f5883663.p3d	22350_bwhqb_e07m01_004	Ghost Twelve, poslední varování, zaměř se na cíl a vrať se do Palace na výslech. Konec.
f/5/f589b779.p3d	2178_bwmls_316	Neeee! Highball sestřelen!
f/5/f58c9007.p3d	24214_p_haf_026	Bože. Ježíši.
f/5/f58f588a.p3d	13739_p_fdf_026	Volal už někdo 911?
f/5/f5908889.p3d	19668_bwhqb_146	Úderné jednotky, nasaďte se na můj signál. Teď.
f/5/f5912a71.p3d	4583_mar_c_441	Vyklidit ulice! Palba od jednoho z našich!
f/5/f59a3858.p3d	4711_maabr_039	Poslední to nevzalo. Nabíječi, připrav další.
f/5/f59e4369.p3d	17041_bwtrb_221	Ukaž mi ruce, sakra!
f/5/f59edc8d.p3d	12354_nypda_426	Tady Charlie Nineteen. Potřebujeme posily -- slyší mě někdo!?
f/5/f5a3ed92.p3d	17760_bwtra_117	Nepřítel lokalizován. Zapojujeme se za tři, dva...
f/5/f5a547b1.p3d	23959_alex_087	Tohle končí tady.
f/5/f5a763e8.p3d	22884_mar_b_e02m05_014	Do prdele! Zvládli jsme to. Zvládli jsme to.
f/5/f5ab745d.p3d	16573_bwabr_113	Rudý cíl je vyřízen, přepínám.
f/5/f5b3a88e.p3d	19222_p_hlf_142	Nedívej se mu do očí.
f/5/f5b46093.p3d	8986_mar_b_155	Okamžitě opusťte tuto oblast.
f/5/f5b83168.p3d	22377_bwoff_e02m02_020	Zbraně nahoru, uzavřete tenhle perimetr! Když uvidíte cokoli bez uniformy, nasypte do toho pořádně olova!
f/5/f5bc587c.p3d	334_bwbhk_303	Whoa, to bylo trochu moc blízko.
f/5/f5cb7725.p3d	11415_maoff_253	Toho chlapa rozsekalo na kusy.
f/5/f5ce7136.p3d	22849_mar_a_e03m01_031	Všechny osádky vozidel jsou uvnitř na briefingu.
f/5/f5d18c1e.p3d	16827_bwtrb_027	Sakra. Najdi to, zabij to.
f/5/f5d5e952.p3d	14681_p_mtf_037	Dávej pozor, hajzle!
f/5/f5df7dbc.p3d	17465_bwoff_124	Slyšels mě? STŮJ!
f/5/f5e6f52d.p3d	15194_p_mtm_084	Počkat! Můžu vám dokázat, že nejsem ten, koho hledáte.
f/5/f5ef800b.p3d	10255_mahqb_012	Nasaďte pátrací formaci pro cíl mimo sektor.
f/5/f5f394b4.p3d	17305_bwtrb_485	Jsem v tvý palebný linii!
f/5/f5f3c9ed.p3d	10447_mamls_014	Uvolněte cíl, bezpečná vzdálenost, bezpečná vzdálenost.
f/5/f5f52e2d.p3d	10974_mahqa_022	Stáhněte se z pátrání a buďte připraveni k pohybu. RC, konec.
f/5/f5f5c7e1.p3d	25162_nypda_058	Mariňáci!
f/5/f5fa5e8b.p3d	506_bwbra_101	Žádám úderový balíček Bravo, opakuji, Bravo, přepínám.
f/5/f5fd46aa.p3d	2143_bwmls_281	Tady Highball Nine, utrpěli jsme škody.
f/6/f6041a45.p3d	19633_bwhqb_111	Všechny jednotky, udržujte vysokou pohotovost. Červené světlo je na hraně.
f/6/f60d7647.p3d	12197_nypda_269	Ježíši!
f/6/f6134771.p3d	18706_susol_094	Negativní kontakt. Máme hovno, velitelství, přepínám.
f/6/f613f608.p3d	14217_p_fdm_034	Už to nedělej.
f/6/f617dd35.p3d	9009_mar_b_178	Střílejte na tu zasranou věc!
f/6/f619c053.p3d	21770_speci_e04m04_072	Sakra -- došlo mi, došlo mi.
f/6/f627f24f.p3d	8951_mar_b_120	Sakra, to je on! Do toho!
f/6/f62843e6.p3d	7426_mabcm_094	Sežeňte Lima a Belangera na tenhle palebný úkol! Potřebuju zbraně a lidi na zemi, hned!
f/6/f62926d2.p3d	24948_nypda_432	Do prdele s tímhle svinstvem!
f/6/f62af236.p3d	177_bwbhk_146	Najděte kryt, cíl je ozbrojen projektilem.
f/6/f62c8219.p3d	20061_magsp_329	Země se blíží rychle. Mayday, mayday!
f/6/f6304953.p3d	21756_speci_e04m04_058	Kryj mě!
f/6/f6308f21.p3d	1929_bwmls_067	Náš dostřel je sporný, doporučuji úderný balíček Bravo. Nasadit.
f/6/f63492ab.p3d	18081_bwtra_438	Dobře. Pojď sem!
f/6/f63a1385.p3d	11258_maoff_102	Tým S a D. Vykuřte ho ven.
f/6/f63c59bf.p3d	21692_karen_e03m01_010	To je to tam vepředu. Zastav.
f/6/f63e70fd.p3d	22616_maabr_e06m04_011	Semper Fi, blbečku. Zasraný americký mariňáci, jo! Do toho, sakra!
f/6/f6530cd8.p3d	17430_bwoff_089	Palebná akce na můj cíl, naléhavé!
f/6/f65435c5.p3d	808_bwgsp_048	Tornado Five zahájil nálet a je na zachycení.
f/6/f65e25fd.p3d	4818_maabr_146	Pozor na odpal!
f/6/f66230f9.p3d	17148_bwtrb_328	Přestaň s tím.
f/6/f664a3e2.p3d	19476_bwhqa_145	Potvrzuji, úderný balíček na cestě, přepínám.
f/6/f667db37.p3d	17867_bwtra_224	Asi jim vypršel čas!
f/6/f6710644.p3d	14949_p_uwm_072	To je on!
f/6/f67355d2.p3d	4391_mar_c_249	Kurva! Zadržte palbu. Kterej z nich to je?
f/6/f6810803.p3d	12162_nypda_234	Přiveďte sem mariňáky.
f/6/f681572f.p3d	11862_nydisp_127	Akce se ruší. Zrušte to celé, přepínám.
f/6/f6817c4a.p3d	13384_p_ctm_141	Pozor! Pozor!
f/6/f6888a75.p3d	8794_mar_a_515	Ústup!
f/6/f699d6f5.p3d	14788_p_mtf_142	Zabije nás všechny!
f/6/f69cadad.p3d	24913_nypda_132	Dispečinku. Tady Charlie Nineteen na místě.
f/6/f69e1033.p3d	24698_bwabr_e08m02_16	Zadní hlídka zapojena, přerušte palbu.
f/6/f69e83f2.p3d	142_bwbhk_111	Red Crown, pozitivní identifikace, sešlete úderný balíček.
f/6/f6ada2bc.p3d	11223_maoff_073	Nepřátelé potlačeni. Čtyřicet pět je čisto, přepínám.
f/6/f6b450b1.p3d	11948_nypda_033	Potvrzuji.
f/6/f6b89768.p3d	9272_mar_b_441	Nechtěl jsem ti nic udělat -- pusť mě, jo?
f/6/f6b9c108.p3d	25269_nypda_486	Ále, to prostě není fér.
f/6/f6c757d0.p3d	22523_bwtrb_e04m01_023	Plný poplach, jdeme do boje, nepřítel uvnitř perimetru!
f/6/f6c89af8.p3d	25359_alex_e01m02_701	Musím z ulice pryč a dostat se výš.
f/6/f6c8a9dc.p3d	4655_mar_c_523	Kurva! Augh!
f/6/f6c9fbf5.p3d	8339_mar_a_079	Kámo, teď bys měl být mrtvej.
f/6/f6d5c02a.p3d	17113_bwtrb_293	Ale ne.
f/6/f6d6594e.p3d	12426_nypda_498	Díky, Ježíši.
f/6/f6d8359e.p3d	19441_bwhqa_110	Mise zadržení je připravena na zelenou. Udržujte stav.
f/6/f6db6a53.p3d	17832_bwtra_189	Cíl splněn.
f/6/f6e2f11e.p3d	16645_bwabr_185	Projedeme kolem a zkontrolujeme to, rozumím.
f/6/f6e497eb.p3d	14914_p_uwm_037	Dávej pozor!
f/6/f6eb9a5d.p3d	9884_maf35_172	Hra. Set. Zápas. ZEUS zlikvidován, Red Crown.
f/6/f6f24ace.p3d	13672_p_erm_194	Ále, někdo, kdokoli, kurva, pomozte mi!
f/6/f6f54a1c.p3d	10061_maf35_329	Mám negativní na motor, negativní.
f/7/f7010b1a.p3d	13192_p_ctf_181	Pozabíjí nás všechny!
f/7/f70d689e.p3d	14753_p_mtf_109	Ach, můj bože! Myslím, že jsou ty lidi mrtvý!
f/7/f716fa7d.p3d	17537_bwoff_196	Palte! Zabijte všechno!
f/7/f71e7477.p3d	15266_p_mtm_154	Roztrhaj nás na kusy!
f/7/f726fcad.p3d	10327_mahqb_074	Ne, zrušte to, přepínám.
f/7/f72b46ae.p3d	10519_mamls_086	Potvrzuji, pátrání zrušeno, čekáme na rozkazy.
f/7/f72d4e68.p3d	25234_nypda_301	Na zem, hajzle!
f/7/f731c7f1.p3d	8192_mabhk_271	Opakujte poslední zprávu. Nezachytili jsme ji.
f/7/f732ad84.p3d	24129_p_haf_097	Páni!
f/7/f7374377.p3d	4498_mar_c_356	Dobře! Dost!
f/7/f73c38d9.p3d	4620_mar_c_478	Tak jo, udělej to. Udělej to rychle!
f/7/f73d8db0.p3d	8304_mar_a_043	Seřaďte se do linie!
f/7/f7418e03.p3d	11795_nydisp_070	Rozumím, důstojníku.
f/7/f744f5a8.p3d	12269_nypda_341	Tady je -- CHYŤTE HO!
f/7/f74a06cc.p3d	17675_bwtra_042	Negativní.
f/7/f74ddf97.p3d	7886_mabra_306	Rozjeď se, je přímo na nás! Pohyb!
f/7/f7518d63.p3d	16488_bwabr_028	Máme záznam na infračerveném, přepínám.
f/7/f755db05.p3d	22252_bwhqa_e08m03_027	Letecký dohled ukazuje na severní stranu, severní stranu. Jednejte.
f/7/f75682da.p3d	16610_bwabr_150	Sledujte, jestli to neeskaluje.
f/7/f7627182.p3d	249_bwbhk_218	Red Crowne, prověříme to, přepínám.
f/7/f76510a6.p3d	7978_mabhk_077	Máme potvrzené spatření, přepínám.
f/7/f76a0ad4.p3d	19971_magsp_249	Negativní.
f/7/f76c120c.p3d	18153_bwtra_510	DO KRYTU!
f/7/f78a8c39.p3d	17502_bwoff_161	Moje heslo je HAZARD!
f/7/f790413c.p3d	20486_mar_b_scream_c	*výkřik*
f/7/f7920635.p3d	15231_p_mtm_121	Utíkej!
f/7/f7985593.p3d	15994_p_uem_179	Pohyb!
f/7/f79ac2c9.p3d	9080_mar_b_249	Cíl zneškodněn.
f/7/f79be4c3.p3d	25077_nypda_079	Tady Charlie Eleven. Ztratil jsem kontakt s podezřelým.
f/7/f79f57f8.p3d	17939_bwtra_296	Zasraně pusť!
f/7/f7a35fb0.p3d	2058_bwmls_196	Mise splněna, Red Crown.
f/7/f7a440f1.p3d	21852_alex_e03m01_068	Tohle jsem už...viděl. Ale co to sakra je?
f/7/f7aa2435.p3d	21904_alex_e04m01_120	Sakra! To je pevnost.
f/7/f7aa3389.p3d	19548_bwhqb_046	Zajistili jsme ZEUSe. Konec.
f/7/f7aad533.p3d	4463_mar_c_321	To bylo skoro ono!
f/7/f7b8874f.p3d	12234_nypda_306	K zemi, hajzle!
f/7/f7b8fb96.p3d	13456_p_ctm_213	Už to jde!
f/7/f7bd9892.p3d	17640_bwtra_017	Ahoj šéfe.
f/7/f7c16ec8.p3d	7851_mabra_271	Pal a manévruj, dobrá práce, dobrá práce.
f/7/f7cc008e.p3d	10782_mamls_329	Doufejme, že ten náraz vydrží.
f/7/f7cd5354.p3d	19102_p_hlf_026	Bože. Ježíši.
f/7/f7d50ab5.p3d	24522_alex_e03m01_526	Hlavní kanón?
f/7/f7d600b3.p3d	214_bwbhk_183	Red Crowne, potvrzené zabití, opakuji, potvrzené zabití!
f/7/f7d8a262.p3d	7943_mabhk_042	Pohyb potvrzen, opakujte útok.
f/7/f7e3d95e.p3d	15078_p_uwm_201	Já to nezvládnu!
f/7/f7e5f0c4.p3d	11899_nydisp_164	Rozumím, je to 10-54-S. Policista raněn, opakuji, policista raněn.
f/7/f7f016b4.p3d	9344_mar_b_513	Kurva!
f/7/f7f8eaa0.p3d	14491_p_ham_077	Tady to je.
f/7/f7fbd4d5.p3d	16017_p_uem_202	Néééé! Ne! Aaaaggghhhh!
f/8/f8056bd6.p3d	15945_p_uem_130_a	Nedělej to! Nedělej! Odlož je!
f/8/f80f7a02.p3d	25042_nypda_124	Myslím, že jsem to zabil!
f/8/f812e9b4.p3d	17904_bwtra_261	Blbý den na to, zapomenout bělidlo.
f/8/f81a702c.p3d	16717_bwabr_237	Cíl nemůžeme splnit.
f/8/f81dc545.p3d	19513_bwhqb_011	Pátrací strategie Delta.
f/8/f81e98b8.p3d	21993_alex_e05m03_209	Ale sakra! Za chvíli to praskne!
f/8/f8272105.p3d	12077_nypda_145	Charlie Nineteen, Charlie Nineteen! Mám ho!
f/8/f8279552.p3d	13299_p_ctm_058	Je to hrozba! Pozor!
f/8/f82c8ab2.p3d	13421_p_ctm_178	Zachraňte se!
f/8/f8300b4b.p3d	7694_mabra_134	Couvej, couvej! To se rozpadne! Přepínám.
f/8/f8412f24.p3d	684_bwbra_279	Konec žvanění, jsme v boji.
f/8/f8419d4f.p3d	8831_mar_b_020	Volal jste, pane?
f/8/f842d558.p3d	24828_nypda_415	Padly výstřely!
f/8/f844e55d.p3d	14825_p_mtf_179	Prostě utíkej!
f/8/f849badb.p3d	13882_p_fdf_165	POMOZTE MI! Ne, ne, prosím! POMOZTE MI!
f/8/f84e79aa.p3d	17609_bwoff_258	Zpátky!
f/8/f855f3c3.p3d	15338_p_mtm_226	Jíááárgh!
f/8/f857687a.p3d	15043_p_uwm_166	Klečím před vámi, pane! Smilujte se!
f/8/f857733e.p3d	22735_mahqb_e05m03_007	Red Crown potvrzuje identifikaci cíle. Zbraně volné -- opakuji, zbraně volné.
f/8/f85a1aaa.p3d	18884_susol_272	Dejte mu kurva prostor!
f/8/f85ac940.p3d	14395_p_fdm_211	Všichni, pohyb!
f/8/f85dae0e.p3d	24575_alex_e06m02_578	Proč ho nemůžu pohltit?
f/8/f85eb06e.p3d	9187_mar_b_356	Viděls to, kurva?
f/8/f864d1d3.p3d	25306_nypda_504	Netrefil mě!
f/8/f875fe30.p3d	15484_p_suf_140	Bouchačka! K zemi!
f/8/f87bdbbb.p3d	17028_bwtrb_208	Zadrž palbu! ZADRŽ PALBU!
f/8/f87e4ee2.p3d	19356_bwhqa_045	Tady Red Crown, jednotka Bravo potvrdila zásah v sektoru sedm. Ohraničte to, přepínám.
f/8/f88185f9.p3d	17747_bwtra_104	Je dole.
f/8/f88bee4a.p3d	16970_bwtrb_150	Sem nesmíš.
f/8/f891b363.p3d	9799_maf35_087	Red Crown, mám vizuál, posílám vektor.
f/8/f896ab50.p3d	9921_maf35_209	Mám pocit, že tam dole něco je. Vydrž.
f/8/f898665f.p3d	13587_p_erm_109	Viděl někdo, co se stalo?
f/8/f89ab2ab.p3d	12042_nypda_109	Místo je čisté, dispečinku. Odcházíme odsud.
f/8/f89b05cf.p3d	11850_nydisp_115	Negativní, to je negativní, vychází to jako podobný jedinec.
f/8/f89b08fe.p3d	986_bwgsp_226	Red Crown, úderový balíček vrácen odesílateli, rozumíte?
f/8/f89b270e.p3d	13264_p_ctm_023	Co se to děje?
f/8/f8a4f8f8.p3d	4996_maabr_304	Hoříme, vypadněte HNED!
f/8/f8ae2c42.p3d	10590_mamls_157	Prošetřujeme možný kontakt.
f/8/f8bcd845.p3d	14598_p_ham_184	Hejbni sakra nohama!
f/8/f8c982f4.p3d	15303_p_mtm_191	Pomozte mi. Potřebuju pomoc!
f/8/f8ce585c.p3d	14360_p_fdm_176	Uhni mi z cesty!
f/8/f8d2422a.p3d	9152_mar_b_321	Do prdele -- K ZEMI!
f/8/f8d36b29.p3d	25149_nypda_310	Tady je!
f/8/f8d446b0.p3d	25421_alex_e06m02_702	Tihle "vůdci" nejsou jako ti menší.  Musím vědět, jak fungujou, než je budu moct zabít.
f/8/f8e251f4.p3d	4535_mar_c_393	Ale ne! Do prdele!
f/8/f8e2c798.p3d	22356_bwhqb_e08m02_010	Rozestupte se a znovu se sešikujte v bodě Uniform osm dva.
f/8/f8f00410.p3d	12306_nypda_378	Ty hajzle!
f/8/f8f1e09e.p3d	19321_bwhqa_010	Red Crown nemá žádné potvrzení o ZEUSovi, všichni Ptáci přejděte na průzkum a polní týmy čekejte, přepínám.
f/8/f8f35613.p3d	24030_bwoff_e05m01_104	Kapitán Lim volá 10-12, mřížka ukazuje, že jsme právě ztratili opěrný bod, přesouvám k vaší pozici další podporu. Nenuťte mě přijet tam osobně.
f/8/f8f51515.p3d	17712_bwtra_069	Vylez, mikrobe. Nechceš mě nakazit?
f/8/f8fc9be0.p3d	16525_bwabr_065	Prohledáváme sektor, Red Crown.
f/9/f905451f.p3d	9764_maf35_052	Všechna tanga hoří, pošlete kluky.
f/9/f9058aa1.p3d	8938_mar_b_107	Zvládli jsme to, kluci, sakra jsme to zvládli!
f/9/f90a1a80.p3d	20048_magsp_316	Táhni tvrdě.
f/9/f90bf590.p3d	13552_p_erm_074	To je ten měňavec!
f/9/f90f0398.p3d	20320_mabra_choke_a	*dušení*
f/9/f910240e.p3d	19886_magsp_174	Přidejte! Přidejte!
f/9/f9122b12.p3d	18068_bwtra_425	Boj probíhá!
f/9/f9130ce6.p3d	11140_mahqa_168	Úderná mise zrušena, přerušte akci.
f/9/f9188814.p3d	4961_maabr_269	Ranger Dvě Sedm. Doručení úderu se ruší. Vracíme se, přepínám.
f/9/f91ab5dd.p3d	13072_p_ctf_062	Co se stalo!?
f/9/f91c9363.p3d	17291_bwtrb_471	Mám výhled!
f/9/f9235a9a.p3d	492_bwbra_087	Polní týme, všichni dovnitř. Jedem! Jedem!
f/9/f93069ec.p3d	14563_p_ham_149	Ovládl ten tank!
f/9/f930a53f.p3d	17417_bwoff_076	Dobře, máš to za sebou.
f/9/f9381f3d.p3d	15146_p_mtm_038	Ale, co je s ním?
f/9/f93c4620.p3d	18692_susol_080	Prosím potvrďte. Strike Bosse, máme pro vás cíl. Přineste to.
f/9/f946fdc7.p3d	25114_nypda_354	Sakra, sakra. Jsem policajt!
f/9/f94b72f1.p3d	8072_mabhk_171	Zahajujeme útočný nálet!
f/9/f950ee39.p3d	4378_mar_c_236	Do prdele!
f/9/f955e39b.p3d	4500_mar_c_358	Chceš to? Tak to máš!
f/9/f955e43f.p3d	22070_alex_e07m02_286	Ále, nesnáším D-kódy....
f/9/f95656ce.p3d	24558_alex_e05m02_561	Hni prdelí, nebo tě tu nechám, Raglande! 
f/9/f95b3cad.p3d	11783_nydisp_068	Slyším tě.
f/9/f95ce96b.p3d	25474_alex_e09m03_701	Ani tví nejlepší muži mě nezastaví.
f/9/f95ea06a.p3d	12149_nypda_221	Jsi vyřízenej, hajzle!
f/9/f97219a9.p3d	10697_mamls_244	Uh, nejdřív mi řekni tu špatnou zprávu, pak mi řekni, že se odsud sakra dostaneme.
f/9/f97919d2.p3d	8903_mar_b_072	Red Crown, je to v pohybu, přepínám.
f/9/f97c19b9.p3d	129_bwbhk_098	Kdo má prázdno, vrací se na základnu, zbytek se seskupí a znovu udeříme na Nelly.
f/9/f97d3474.p3d	794_bwgsp_034	Nepřítel spatřen, chystám se zapojit.
f/9/f97da9b1.p3d	20013_magsp_281	Red Crown, tady Tornado Jedna, nulový kontakt. Žádost o návrat na základnu.
f/9/f9820ae1.p3d	24386_maoff_events_014	Nechte cíl být -- nestřílejte na Zeuse.
f/9/f983b5b5.p3d	19851_magsp_139	Nic tam není. Přerušuji přelet.
f/9/f98460eb.p3d	8482_mar_a_223	Za chvíli budeš mrtvej!
f/9/f985ba43.p3d	18033_bwtra_390	ZEUS je zamaskovaný. Instrukce?
f/9/f98e7822.p3d	22650_mabhk_e10m04_019	Ale sakra. Sakra, sakra.. Jsou přímo tam, sakra. Potřebujeme jen pár vteřin, Red Crowne, může je někdo odlákat?
f/9/f99199f6.p3d	18956_susol_344	Jasně, máme to. Postupte!
f/9/f9962fba.p3d	9259_mar_b_428	Koukni na tohohle.
f/9/f9a3a9de.p3d	21818_alex_e01m02_035	Takhle to nejde. Potřebuju jejich podobu, abych se stal jedním z nich. Potřebuju si to vyřídit s jedním z jejich agentů mezi čtyřma očima.
f/9/f9ad7d7c.p3d	15556_p_suf_212	Dolů! Dolů!
f/9/f9b2006c.p3d	15874_p_uem_061	Viděls to!?
f/9/f9b5cb65.p3d	19428_bwhqa_097	Vzdušné jednotky, Red Crown žádá o stav. Slyšíte, přepínám?
f/9/f9b902ba.p3d	17819_bwtra_176	Ukaž se!
f/9/f9c47ff4.p3d	4343_mar_c_200	Ustupte!
f/9/f9cd1f77.p3d	1880_bwmls_018	Odpalovací podvěs připraven, zaměřeno a povoleno k zásahu, přepínám.
f/9/f9cfe335.p3d	13659_p_erm_181	No tak, udělejte cestu!
f/9/f9d22f85.p3d	12114_nypda_185	Dispečinku, honím podezřelého!
f/9/f9d2a3cd.p3d	13336_p_ctm_093	Aaah!
f/9/f9d2e283.p3d	10048_maf35_316	Padám, namířím to do oceánu a katapultuju se!
f/9/f9d9b1f8.p3d	8746_mar_a_467	Dostáváme to natvrdo, Charlie Oscar Delta.
f/9/f9db19c8.p3d	7731_mabra_171	Máme povolen zásah, zaznamenáváme pohyb, přepínám.
f/9/f9dea36c.p3d	13179_p_ctf_168	Proč to děláš? Řekni mi proč!
f/9/f9e5ab50.p3d	10662_mamls_209	Stáhněte se a evakuujte, nový denní rozkaz, přepínám.
f/9/f9e7483f.p3d	599_bwbra_194	Máme tu rudé -- aspoň jednoho.
f/9/f9ec400d.p3d	721_bwbra_306	Pozor, pozor, pozor!
f/9/f9ed0ef6.p3d	24272_p_haf_160	Pusť mě, kámo! Nikomu nic neřeknu, OK!?
f/9/f9efd3f8.p3d	13797_p_fdf_082	Přísahám bohu, to nejsem já!
f/9/f9f2333c.p3d	20666_p_erm_cheer_c	Jo! Jasně! Hůů!
f/9/f9fd486f.p3d	22543_bwtrb_e05m01_043	Tady Hotrod Two Four. Máme cílů na rozdávání ve všech směrech, Red Crown, útočíme jak nejlíp umíme.
f/9/f9ff9f64.p3d	11887_nydisp_152	Vojenská rozvědko, posíláme vám prioritní kontakt na přidělené souřadnice. Žádáme nasazení úderného týmu.
f/a/fa0033b0.p3d	18799_susol_187	To je ten chlap! Mám ho!
f/a/fa052b9d.p3d	18921_susol_309	Odkud to sakra přišlo?
f/a/fa09beeb.p3d	9224_mar_b_393	Napumpujte do něj všechno, co máte!
f/a/fa0f6043.p3d	8179_mabhk_258	Vydrž! Hledáme čistý vzduch.
f/a/fa19bebf.p3d	20461_mar_a_scream_b	*výkřik*
f/a/fa19d140.p3d	4607_mar_c_465	Pozor na palbu mezi vlastními, mariňáci!
f/a/fa1c1738.p3d	15399_p_suf_057	Sakra, to je on!
f/a/fa210c98.p3d	15521_p_suf_177	Běž! Utíkej!
f/a/fa24bdcf.p3d	22290_bwhqa_e10m04_065	Palebné týmy na horní palubu. Palebné týmy na horní palubu. Bojová pohotovost.
f/a/fa2bf500.p3d	11473_maoff_300	Moc husté na to, abychom ustoupili!
f/a/fa32078e.p3d	16885_bwtrb_085	Utek čistě, Romeo Charlie.
f/a/fa3319cf.p3d	4186_mar_c_055	Chalk Tři je na cíli. Vyšlete palebnou skupinu na tuto pozici, my ji udržíme, přepínám.
f/a/fa3cc46b.p3d	9836_maf35_124	Jedu na další nálet, zahajuji radarové prohledávání mřížky, přepínám.
f/a/fa4374dc.p3d	13624_p_erm_146	Pozor! Ten tank se zbláznil!
f/a/fa46358b.p3d	13301_p_ctm_060	Vyklidit oblast!
f/a/fa4671b4.p3d	10013_maf35_281	Světla rozsvícena, přepínám.
f/a/fa47a33b.p3d	19958_magsp_236	Rozumím.
f/a/fa484e90.p3d	8589_mar_a_330	Zasranej New York.
f/a/fa49b60d.p3d	7574_mabra_014	Přiblížit se a dát mu pár ran.
f/a/fa523528.p3d	13144_p_ctf_133	Couvni!
f/a/fa5ad9e6.p3d	564_bwbra_159	ZEUS je rudý, hlídejte si záda.
f/a/fa5e9036.p3d	14705_p_mtf_061	Ach, tohle se nemůže dít!
f/a/fa6365a1.p3d	13762_p_fdf_049	Sleduj ho! Sleduj ho!
f/a/fa6495a0.p3d	19691_bwhqb_169	Úderný balíček se stahuje, přepínám.
f/a/fa668c4a.p3d	8290_mar_a_029	Podezřelý identifikován -- připraveni znovu zaútočit.
f/a/fa67e94d.p3d	14635_p_ham_221	Hej...pusť...mě!
f/a/fa6f9ca2.p3d	22272_bwhqa_e09m01_047	Prioritní rozkaz, poplach pro všechny posádky, musíme dostat tyhle Ptáky do vzduchu. HNED!
f/a/fa6f9e87.p3d	15218_p_mtm_108	UHNI MI Z CESTY!
f/a/fa73c56c.p3d	18764_susol_152	Cíl priority jedna. V dostřelu!
f/a/fa747177.p3d	14275_p_fdm_091	Vidíš tohle!?
f/a/fa785b30.p3d	9067_mar_b_236	No tak, parchanti, za seržantem!
f/a/fa82f1ff.p3d	8144_mabhk_223	Žádné známky pohybu, myslím, že jsme to vyčistili, kontrolo.
f/a/fa88c1e1.p3d	7484_mabcm_152	Rota Charlie, přeskupit, seřaďte se u velitelství roty.
f/a/fa8f2a75.p3d	22917_mar_b_e08m04_046	Sladká matko Boží. Co to sakra bylo za věc?
f/a/fa8fa8f4.p3d	15364_p_suf_022	Souvisí to s tím virem?
f/a/fa910d1c.p3d	1987_bwmls_125	Říkal jsem to, kurva jsem to říkal. Potvrďte síti, že to je k zabalení.
f/a/fa93d3a4.p3d	20319_mabhk_scream_d	*výkřik*
f/a/fa96a513.p3d	20893_p_mtf_pain_b	*argh*
f/a/fa9f071a.p3d	7838_mabra_258	Prohledali jsme každý kámen. Negativní.
f/a/faa5994a.p3d	16850_bwtrb_050	Viditelnost je nízká, stahuju se.
f/a/faa6ab75.p3d	4151_mar_c_019	Možnej kontakt. Vpředu. Dayi, Verheyde, na špici!
f/a/faa998f5.p3d	10769_mamls_316	Pozice prozrazena, přesuňte se, přesuňte!
f/a/fab05387.p3d	9801_maf35_089	Vizuál na ZEUSE. Je zpátky. Podemnou.
f/a/fab4b3c0.p3d	866_bwgsp_106	Pozor, ZEUS je ozbrojen.
f/a/fab61d71.p3d	23935_alex_063	Potřebuju vědět, co víš ty.
f/a/fab68f94.p3d	22508_bwtrb_e01m02_008	Co chceš?
f/a/fab92601.p3d	11055_mahqa_083	Vyhodnocení situace?
f/a/fabb3516.p3d	19923_magsp_211	Whoa! To bylo těsně.
f/a/fabbddac.p3d	8554_mar_a_295	Jdu na to!
f/a/fabd398f.p3d	18105_bwtra_462	Jdeme kolem, uhněte, rozestupte se!
f/a/fabea3f8.p3d	4876_maabr_204	Skenery negativní, ale projedeme a mrkneme se na vlastní oči.
f/a/fac7d704.p3d	10470_mamls_037	Cíl ZEUS spatřen,
f/a/fad68307.p3d	14478_p_ham_064	Co to sakra bylo!?
f/a/fadb7869.p3d	14600_p_ham_186	Radši sakra utíkej!
f/a/fae8031f.p3d	14240_p_fdm_057	Nesahejte na mě!
f/a/fae97fb6.p3d	15946_p_uem_131	Bouchačka! Bouchačka!
f/a/faebecec.p3d	9032_mar_b_201	To je on. Vím, že je to on!
f/a/faed1727.p3d	25029_nypda_296	Chlape, už mám tvýho svinstva tak akorát.
f/a/faf4dfb3.p3d	21715_speci_e04m04_017	Dávám ti tři minuty, max.
f/a/fafbfcb6.p3d	4415_mar_c_273	Nabít a zaklapnout. Všichni najednou!
f/a/fafd2923.p3d	24971_nypda_196	Stůj! Ruce nahoru!
f/b/fb049c4d.p3d	1952_bwmls_090	ZEUS zmizel, žádný kontakt odsud, přepínám.
f/b/fb04b609.p3d	21964_alex_e05m02_180	Jejda.
f/b/fb080988.p3d	20754_p_fdm_cough_c	*kašel*
f/b/fb0a2319.p3d	13408_p_ctm_165	POMOZTE MI! Ne, ne, prosím! POMOZTE MI!
f/b/fb0e20f6.p3d	11281_maoff_152	Banda vyvrhelů si udělala armádu.
f/b/fb1298d6.p3d	7803_mabra_223	Nemůžeme odjet, opakuji, jsme zahnaní do kouta, přepínám.
f/b/fb17f94d.p3d	21580_magsp_052	Útok dokončen. Cíl beze změny, přepínám.
f/b/fb1d2826.p3d	10734_mamls_281	Rádi posloužíme, pozorovateli.
f/b/fb275342.p3d	13869_p_fdf_152	Bude po nás střílet! Couvni!
f/b/fb2842f1.p3d	831_bwgsp_071	Naveď úderný balíček na můj zaměřovač, RC, potvrď.
f/b/fb29ced0.p3d	19766_magsp_054	Velení Tornado, zbraně vypuštěny, dobrá palba. Máte vizuál na zásah? Přepínám.
f/b/fb2a79f0.p3d	8397_mar_a_137	Počkejte, počkejte. Vyberte si ránu!
f/b/fb2cb7e6.p3d	11020_mahqa_068	Rozumím, pokračujte.
f/b/fb323314.p3d	4841_maabr_169	Držte pozici! Držte pozici!
f/b/fb363e25.p3d	17171_bwtrb_351	To se blíží naším směrem!
f/b/fb3be84e.p3d	17890_bwtra_247	Blíží se biohazardy.
f/b/fb3ccf27.p3d	1088_bwgsp_326	Přilétá to!!
f/b/fb45135b.p3d	14972_p_uwm_095	Do háje!
f/b/fb46a035.p3d	22859_mar_a_e06m04_040	Tohle místo je na hovno.
f/b/fb4a14ae.p3d	14443_p_ham_029	Co se sakra stalo?
f/b/fb5d0ed3.p3d	15911_p_uem_097	Ježíši!
f/b/fb6440f9.p3d	22968_mar_c_e06m04_045	Tohle je INTENZIVNÍ!! Jeď dál! Jeď v tom dál!! JUCHÚ!
f/b/fb69869c.p3d	16957_bwtrb_137	Něco pro nás, pane?
f/b/fb6a991b.p3d	4258_mar_c_127	Pohybuje se to! Rychle.
f/b/fb74412c.p3d	9908_maf35_196	Několik červených cílů, přilétají od východu, přepínám.
f/b/fb74eb4d.p3d	11771_nydisp_056	Tento hovor je uzavřen, dvanáct minut po celé.
f/b/fb777859.p3d	17595_bwoff_244	Ale ne. Ne.
f/b/fb784887.p3d	12029_nypda_096	Mám podezřelého v hrsti, dispečinku. Předejte mou pozici podpoře.
f/b/fb8132ce.p3d	7646_mabra_086	Musím najít místo, kde otočit tuhle plechovku, přepínám.
f/b/fb83e4bc.p3d	73_bwbhk_042	Zaměřeno, má na to někdo vizuál?
f/b/fb877a89.p3d	10385_mahqb_122	Všem jednotkám, ZEUS je vyřešen, přeskupte se.
f/b/fb885da9.p3d	11971_nypda_046	Negativní, dispečinku, negativní.
f/b/fb89b474.p3d	13216_p_ctf_205	Umírám! *vzlykání*
f/b/fb8bc4a9.p3d	10577_mamls_144	Cíle zaměřeny, posíláme je k bohu.
f/b/fb8ca8f3.p3d	22366_bwoff_e01m01_009	Cokoli nebo kohokoli se dotkne, to zadržte a spoutejte. Uzavřete ulici. Tohle je totálně mimo kontrolu.
f/b/fb8dc9d9.p3d	25292_nypda_360	Co to sakra ta věc dělá!?
f/b/fb925947.p3d	636_bwbra_231	Všechno v pořádku, vyhráli jsme.
f/b/fb932bd8.p3d	24187_p_haf_181	Pozabíjí nás všechny!
f/b/fb9ae4eb.p3d	13834_p_fdf_119	Mají ten virus!
f/b/fb9d6077.p3d	19731_magsp_019	Pozemní, tady velitel Tornado. Žádám povolení k zásahu. Okamžitě, přepínám.
f/b/fb9e0bac.p3d	8362_mar_a_102	Stáhněte se, žádný kontakt. Všechna stanoviště.
f/b/fba0cf6e.p3d	4684_maabr_012	Ranger Dvě Sedm zaměřen na cíl. Dejte nám zelenou, přepínám.
f/b/fbab44b8.p3d	18836_susol_224	To by bylo na Mercera.
f/b/fbabf0c3.p3d	14347_p_fdm_163	Nechci se nakazit! Nechci se stát jedním z nich!
f/b/fbafda7c.p3d	9139_mar_b_308	Red Crown, nepřátelé v dohledu, vypadá to na víc kusů.
f/b/fbb05e59.p3d	1053_bwgsp_292	Dostali jsme toho ošklivého hajzla!
f/b/fbb3119a.p3d	22684_maf35_e10m04_015	Systémy online. Zbraně nabité. Plyn aktivní. Jedem.
f/b/fbba3f91.p3d	19195_p_hlf_117	Ne, kámo! Už jdou!
f/b/fbba6ec0.p3d	8216_mabhk_295	Ne, sakra. Cíl je na naší palubě, opakuji -- Ne, aaa....
f/b/fbc0410a.p3d	7556_mabcm_210	Ví někdo, kde je velitel? Kdo tu velí!?
f/b/fbc1c410.p3d	22089_alex_e08m02_307	Připojujeme se k vám, Černá dva, kryjeme týl.
f/b/fbc725b3.p3d	15436_p_suf_092	Kurva!
f/b/fbd20e62.p3d	11388_maoff_244	Kontrolujte palbu! Pojistky zapnuté!
f/b/fbd703c1.p3d	11510_maoff_363	Kryj!
f/b/fbdb6277.p3d	20612_p_ctf_pain_a	*argh*
f/b/fbde284c.p3d	4223_mar_c_092	Nevypadá to dobře. Nahlaste tohle.
f/b/fbe95e5b.p3d	22838_mar_a_e02m05_020	Vezmu jakoukoliv zasranou pomoc, co se dá sehnat.
f/b/fbe98df7.p3d	13539_p_erm_061	Viděls to!?
f/b/fbea5331.p3d	23988_ragla_e05m02_024	Arck!
f/b/fbeb0a1a.p3d	17560_bwoff_214	Rozkaz, přepínám.
f/b/fbec3081.p3d	938_bwgsp_178	Red Crown, sežeňte oči na zemi na tomto vektoru!
f/b/fbf0a54d.p3d	11127_mahqa_155	Zóna zásahu na tabuli, počkejte na svou řadu a připravte se k výjezdu.
f/b/fbf35cf8.p3d	8626_mar_a_367	RC, máme skiny na naší pozici. Mějte se na pozoru, konec.
f/b/fbf4c48a.p3d	7611_mabra_051	Tady Bulldog, negativní kontakt.
f/b/fbf5a549.p3d	22791_maoff_e08m04_055	Přilétá to!
f/b/fbf6207b.p3d	4948_maabr_256	Tahle operace je hotová, RC. Připravte Palace na náš návrat.
f/b/fbf84e45.p3d	13059_p_ctf_050	Nenechte ho se k vám přiblížit!
f/b/fbfa2bb5.p3d	17278_bwtrb_458	Jsme v obraně, přepínám.
f/b/fbfb09a5.p3d	10350_mahqb_087	Situace? Ozvěte se.
f/b/fbfdddf5.p3d	20607_p_ctf_gasp_d	*lapání po dechu*
f/b/fbff5650.p3d	10542_mamls_109	Přidat plyn, zavřít věž!
f/b/fbffd5f3.p3d	17997_bwtra_354	Tohle je poslední sakra varování. Ustupte, nebo budete pod palbou.
f/c/fc00f301.p3d	479_bwbra_074	Red Crown, máme cíl, přepínám.
f/c/fc059591.p3d	21895_alex_e03m03_111	Páni, ty věci jsou TUHÉ.
f/c/fc05e863.p3d	601_bwbra_196	Vidím rudé, dávej pozor na záda.
f/c/fc06c0e2.p3d	24152_p_haf_215	Kriste!
f/c/fc06ff1f.p3d	22947_mar_c_e02m05_025	Sežeňte sem hasiče, hoří to u palivový skládky!
f/c/fc0c2e5e.p3d	22777_maoff_e08m04_041	Do prdele. Je pryč? Jsme čistí?
f/c/fc1902bf.p3d	12292_nypda_364	Pohyb, pohyb! Uhněte stranou!
f/c/fc194e04.p3d	11875_nydisp_140	10-4. Všechny jednotky, ukončete honičku. Poplach je zrušen.
f/c/fc19de72.p3d	18679_susol_067	Co se děje?
f/c/fc1ed3d4.p3d	18801_susol_189	Je tamhle. To je ZEUS!
f/c/fc1f826a.p3d	14312_p_fdm_128	On ho zabije!
f/c/fc2369ad.p3d	9104_mar_b_273	Ví někdo, co se tu sakra děje?
f/c/fc290b43.p3d	8059_mabhk_158	Dorazte ho! Dorazte ho!
f/c/fc2dcec2.p3d	19160_p_hlf_082	Počkej, co to říkáš!?
f/c/fc2edae7.p3d	7399_mabcm_067	Velitelství roty Fox hlásí čistý stav. Dostavte se na svá stanoviště.
f/c/fc33d026.p3d	7521_mabcm_175	Rota Charlie hlásí všechna družstva v boji.
f/c/fc3ab75c.p3d	15401_p_suf_059	Nechoď moc blízko!
f/c/fc45a009.p3d	11353_maoff_209	Pokud jste si jistí, palte.
f/c/fc5d1f9e.p3d	13504_p_erm_026	Kdo za tohle může?
f/c/fc5fc23d.p3d	903_bwgsp_143	Red Crown, cíl neutralizován, nahrávám termální záznam.
f/c/fc614e1c.p3d	19838_magsp_126	Prohledáváme mřížku, přepínám.
f/c/fc61f93c.p3d	8469_mar_a_209	Z těch BLACKWATCH týpků mě mrazí.
f/c/fc6bdfec.p3d	13024_p_ctf_015	Panebože.
f/c/fc6dbd71.p3d	17243_bwtrb_423	Je dole.
f/c/fc6e81d3.p3d	24466_bwoff_e01m02_007	Nenuť mě, abych tě zastřelil sám. Dej se dohromady a HLAS SE!
f/c/fc73679a.p3d	17962_bwtra_319	Prostě to nepouštěj!
f/c/fc7484a8.p3d	444_bwbra_039	Zaútočit!
f/c/fc776f71.p3d	2081_bwmls_229	Máme požadavek na tunu sraček přímo tam, rádi vyhovíme.
f/c/fc7aeb9c.p3d	16775_bwabr_295	Selhání systému! Mayday! Mayday!
f/c/fc7d7ac5.p3d	24083_bwoff_events_044	Dorazte je!
f/c/fc7e40a0.p3d	19571_bwhqb_069	Ať se tak stane.
f/c/fc81940f.p3d	14515_p_ham_101	Hej! Hej! Hej! Co se sakra stalo!?
f/c/fc9403da.p3d	24069_bwoff_events_030	Tohle jde naším směrem. Dobrá práce. Pokračujte.
f/c/fc9a3a27.p3d	20215_bwoff_pain_d	*argh*
f/c/fc9c9cff.p3d	8024_mabhk_123	Pátrání dokončeno, ztratili jsme cíl, přepínám.
f/c/fca26ca3.p3d	7364_mabcm_032	Jsme pod útokem. Držíme pozici, ale cítíme tlak, Red Crowne.
f/c/fca34873.p3d	24886_nypda_209	Jsi zatčen!
f/c/fcaab7de.p3d	1867_bwmls_005	Dvojka připravena na rozkazy, Red Crown.
f/c/fcb8b21a.p3d	7718_mabra_158	Jestli to nedorazíš, dorazí to nás!
f/c/fcc3412c.p3d	10649_mamls_196	To je úspěch, cílová zóna je jen sutiny a hlína.
f/c/fcc9d5e9.p3d	708_bwbra_293	Opusťte tuhle károu! Ven! Hned!
f/c/fccaa3fe.p3d	24259_p_haf_082	Počkej, co to říkáš!?
f/c/fccb7e58.p3d	20131_bwbra_choke_d	*dušení*
f/c/fccfe1ec.p3d	16040_p_uem_225	Nedělej to, NEDĚLEJ!
f/c/fcd261aa.p3d	13906_p_fdf_189	Běž! Hned!
f/c/fcd4dd4d.p3d	19803_magsp_091	Ok, ústup, přeskupíme se, přepínám.
f/c/fcd5886d.p3d	8434_mar_a_174	Cíl ztracen, nahrávám vám novou telemetrii.
f/c/fcd84c2f.p3d	4756_maabr_084	Seřaďte se a vraťte se zpět. Útočný vzor Whiskey, přepínám.
f/c/fcdc572b.p3d	17086_bwtrb_266	Klid. Tohle může být jen odvedení pozornosti. Kryjte svý Zóny.
f/c/fcdcf064.p3d	12399_nypda_471	Zabijte tu zasranou věc!
f/c/fcde0eb6.p3d	24422_maoff_events_050	Potřebujeme posily!
f/c/fce2c179.p3d	18908_susol_296	Obklíčte ho!
f/c/fcee7d58.p3d	16740_bwabr_260	Je slabý. Pal! Pal!
f/c/fcf1bc50.p3d	19267_p_hlf_187	Netlačte!
f/c/fcf497b6.p3d	24408_maoff_events_036	Máme problém... potřebujeme víc palebné síly.
f/c/fcfa6c3e.p3d	379_bwbhk_348	Ztracen rotor, nemáme kontrolu motoru -- hryžeme zem!
f/c/fcfea4ff.p3d	15508_p_suf_164	Zamysli se nad tím! Jsem nevinná!
f/d/fd032a7b.p3d	15826_p_uem_014	Hej, máš tušení, o co jde?
f/d/fd16de8f.p3d	24851_nypda_328	Kam zmizel?
f/d/fd27cb98.p3d	11161_maoff_021	Znovu ho máme, postupujeme na cíl.
f/d/fd3288f1.p3d	10422_mahqb_159	Balíček dorazil, ihned ho nasaďte. Slyšíte mě?
f/d/fd34acc6.p3d	22024_alex_e06m01_240	NEEE!
f/d/fd3e3ce3.p3d	24224_p_haf_221	Prosím, neubližuj mi.
f/d/fd40fe08.p3d	13749_p_fdf_036	Hej, dávej pozor, jo?
f/d/fd422e07.p3d	19678_bwhqb_156	Úderná četo, máme scénář Červená.
f/d/fd42cfef.p3d	4593_mar_c_451	Pořád tady!
f/d/fd4424b1.p3d	8277_mar_a_016	Red Crown, žádný vizuál, ztratili jsme ho!
f/d/fd4681a7.p3d	22241_bwhqa_e07m04_016	Pokud máte cíl, sdílejte ho v síti. Máme leteckou podporu a prioritu pro pozemní údery. Starý pán má oči na tomhle místě -- víte, co to znamená.
f/d/fd4bddd6.p3d	4721_maabr_049	Zrůdy! Obklíčit a zaútočit, přepínám.
f/d/fd4fe8e7.p3d	17051_bwtrb_231	Kvůli tomuhle vypadá Kansas jak sakra střelnice.
f/d/fd50820b.p3d	12364_nypda_436	Jdu kolem!
f/d/fd559310.p3d	17770_bwtra_127	To je mariňák? Přesně jak to říkal ten stařík.
f/d/fd5d19db.p3d	16583_bwabr_123	Kryjte nás!
f/d/fd654e0c.p3d	19232_p_hlf_152	Zasranej cvok!
f/d/fd65afc2.p3d	22972_mar_c_e08m04_049	Jo, takhle je to správně!
f/d/fd660611.p3d	8996_mar_b_165	Hni sebou, nebo je po tobě. HNED!
f/d/fd6b9713.p3d	22563_bwtrb_e06m05_064	Velitelství, máme tu neidentifikovaného bojovníka. Něco velkýho. Nahrávám snímky.
f/d/fd6dfdfa.p3d	344_bwbhk_313	Úhybný manévr, úhybný manévr!
f/d/fd7d1ca3.p3d	11425_maoff_263	Tohle nevypadá dobře. Postupujte pomalu, týmy!
f/d/fd83319c.p3d	16837_bwtrb_037	Připraven k boji.
f/d/fd878ed0.p3d	14691_p_mtf_047	Sakra. Vidím ho!
f/d/fd91233a.p3d	17475_bwoff_134	Palte! To je Mercer!
f/d/fd974aa4.p3d	22312_bwhqa_e10m04_087	Zbývá deset sekund.
f/d/fd9b3077.p3d	24500_alex_e01m01_504	Skoncujme s tím.
f/d/fda12589.p3d	10265_mahqb_022	Odvolejte pohotovost, lidi.
f/d/fda1c9a8.p3d	22651_mabra_e02m01_001	Chieftain na místě. Uvolněte cíl. Minimální bezpečnost, kluci. Mám ho v hledáčku.
f/d/fda53a32.p3d	17315_bwtrb_495	Zpátky!
f/d/fda56f6b.p3d	10457_mamls_024	Uhněte z cesty, hoří to tu jak cibule.
f/d/fda6d3ab.p3d	10984_mahqa_032	Pozor, pozor, nová situace: žádný kontakt. Mějte se na pozoru.
f/d/fda77808.p3d	25172_nypda_319	Na tohle není žádnej kód!
f/d/fdac0409.p3d	516_bwbra_111	Zahajujeme pátrání, buďte trpěliví, je tu.
f/d/fdaeec28.p3d	2153_bwmls_291	Červené světlo, munice ohrožena. PŘERUŠIT.
f/d/fdb5bfc3.p3d	19643_bwhqb_121	Polní jednotky, snižte úroveň ohrožení.
f/d/fdc4ef7a.p3d	18716_susol_104	Rozeberte to zasraný místo na kusy. Jdeme!
f/d/fdc59b86.p3d	14227_p_fdm_044	To je ten muž z letáků!
f/d/fdc982b3.p3d	9019_mar_b_188	Páni! Cíl má novou identitu.
f/d/fdd997cd.p3d	8961_mar_b_130	TVOJI PRDEL, MOJI BOTU!
f/d/fdd9ebef.p3d	7436_mabcm_104	Jednotky na perimetru, hlaste poslední známou polohu cíle, konec.
f/d/fddacced.p3d	24958_nypda_494	Ověřte si cíle! Svoji!
f/d/fddc97b4.p3d	187_bwbhk_156	Uvolněte prostor, přilétá to!
f/d/fdde2797.p3d	20071_magsp_339	Selhání motoru, jedna a dva, pokusíme se o autorotaci.
f/d/fde2349f.p3d	1939_bwmls_077	Vzorec Tango Whiskey, musíte nám to označit, abychom to zasáhli.
f/d/fde63829.p3d	18091_bwtra_448	Vytvořte perimetr.
f/d/fdebb948.p3d	11268_maoff_139	Zastavte palbu! Cíl je na zemi!
f/d/fdf32535.p3d	20873_p_mtf_cough_b	*kašel*
f/e/fe04b256.p3d	17440_bwoff_099	Strážníku.
f/e/fe05db43.p3d	818_bwgsp_058	Red Crown, připravujeme se na další zásah, přenos vektoru cíle.
f/e/fe0a504d.p3d	11007_mahqa_055	Družstvo jedna jedna dva sundalo ZEUSE, pane.
f/e/fe0d07ba.p3d	8506_mar_a_247	Páni!
f/e/fe0fcb7b.p3d	4828_maabr_156	Připravte se na náraz!
f/e/fe13d677.p3d	17158_bwtrb_338	Máte pro nás nové nasazení, přepínám?
f/e/fe164960.p3d	19486_bwhqa_155	Autorizační kód Zero Zero Hotel. Přichází prioritní úderný balíček, přepínám.
f/e/fe1980b5.p3d	17877_bwtra_234	Vážně, co to SAKRA je?
f/e/fe1af8de.p3d	22222_bwgsp_e05m03_02	Red Crown, máme na dohled Stalker šest nula. Žádám povolení k palbě.
f/e/fe22abc2.p3d	14959_p_uwm_082	Přísahám bohu, to nejsem já!
f/e/fe2a4b66.p3d	20593_p_ctf_cough_b	*kašel*
f/e/fe2cd8d4.p3d	20654_p_ctm_pain_c	*argh*
f/e/fe32ad81.p3d	12172_nypda_244	Jak jsem to měl vědět?
f/e/fe32fc8f.p3d	11863_nydisp_128	10-80, to 10-60-I.
f/e/fe3321c8.p3d	13394_p_ctm_151	Tank se zbláznil!
f/e/fe3ffd9c.p3d	20395_mamls_choke_d	*dušení*
f/e/fe498473.p3d	22007_alex_e05m03_223	Ještě ne.... Musím počkat trochu déle...
f/e/fe4b7c73.p3d	14798_p_mtf_152	Tank! Vymkl se kontrole!
f/e/fe4d7b0b.p3d	7401_mabcm_069	Rota Fox je žlutá. Základna utrpěla poškození, ale nic, co bychom nedali zase do provozu, konec.
f/e/fe4e61f6.p3d	24923_nypda_527	Aaaaaaaaarrrrgh!
f/e/fe502970.p3d	152_bwbhk_121	Ghost Čtyři Pět zahajuje zaměřovací prohledávání, přepínám.
f/e/fe55c65b.p3d	1904_bwmls_042	Na mé pozici. Seberte je, seberte je.
f/e/fe5f481f.p3d	11233_maoff_077	Označte cíle, pohyb a palba, pohyb a palba!
f/e/fe65f610.p3d	11958_nypda_033	Potvrzuji.
f/e/fe6a3ce6.p3d	9282_mar_b_451	Nemůžeme opustit pozici, přepínám.
f/e/fe6b5b05.p3d	25279_nypda_176	Dispečinku, podezřelý je na útěku!
f/e/fe73fb9d.p3d	20500_mar_c_pain_a	*argh*
f/e/fe77fd48.p3d	22760_maoff_e06m01_024	Cíl změnil směr, míří na sever. Aktualizace přehledu, zkontrolujte obrazovky!
f/e/fe7a4efe.p3d	4665_mar_c_504	Pooomoooc!
f/e/fe7af8de.p3d	19718_magsp_006	Red Crown, Tornado Jedna. Tady černá díra. Přesouváme se do dalšího kvadrantu.
f/e/fe7ba173.p3d	8349_mar_a_089	Velitelství, laser na místě, potvrzená identifikace ZEUS, přepínám!
f/e/fe876833.p3d	17123_bwtrb_303	Nepřátelé nakažení, přepínám.
f/e/fe880157.p3d	12436_nypda_508	*zasténání* Pusť mě! *zasténání*
f/e/fe89db1c.p3d	19451_bwhqa_120	Polní veliteli, vydejte taktické hlášení a potvrďte. Přecházíme na žlutý stav.
f/e/fe8d0fd1.p3d	17842_bwtra_199	Je náš?
f/e/fe963d69.p3d	14924_p_uwm_047	Zabije tě, sakra! Pozor!
f/e/fe9ccd58.p3d	19304_p_hlf_224	*lapnutí po dechu, zasténání* Můj krk!
f/e/fe9d3fdb.p3d	9894_maf35_182	Voodoo najíždí na útočný nálet, uvolněte zónu, letím nízko a rychle, přepínám.
f/e/fe9fa1dc.p3d	23882_alex_010	Palebná žádost, palebná žádost, volací znak Almighty, souřadnice zadány. Proveďte hned, konec!
f/e/fea3f2d7.p3d	13682_p_erm_204	Neee! Do prdele!
f/e/febcfc0b.p3d	24766_nypda_398	Chyťte ho!
f/e/febf0e1c.p3d	14763_p_mtf_119	Ach, bože! Pozor!
f/e/febfe3a8.p3d	22893_mar_b_e02m05_023	Kontrolujte palbu, v těch věcech je ostrá zasraná munice!
f/e/fec8a286.p3d	17547_bwoff_206	Pohyb, podívejte se na to!
f/e/fec923c4.p3d	19002_susol_390	Kryjte se.
f/e/fed019f5.p3d	15276_p_mtm_164	Poslouchej, prosím, nedělej to! Chci žít!
f/e/fed66ca8.p3d	22879_mar_b_e02m05_009	Tady je! Tady je Mercer -- a ty zasraný věci jdou po něm!
f/e/fed8a20c.p3d	10337_mahqb_074	Ne, zrušte to, přepínám.
f/e/fed987d6.p3d	11923_nypda_008	Ukazoval jsem ti fotky svýho kluka? Ten spratek roste jak z vody.
f/e/fedcec2c.p3d	10529_mamls_096	Zahřejte gondolu, manévrujte! Manévrujte!
f/e/fedd9b4c.p3d	21866_alex_e03m01_082	Vymazávají mě...kousek po kousku.
f/e/fedeec69.p3d	25244_nypda_116	Dispečinku! Dispečinku! Velká dopravní nehoda na mé pozici! Slyšíte?
f/e/fee37e7b.p3d	21918_alex_e04m01_134	Dana je prozatím v bezpečí -- jak se virus šíří, budou mít falešné poplachy jinde.
f/e/feedde57.p3d	4630_mar_c_488	Plnou palbu!
f/e/feef332f.p3d	8314_mar_a_054	Jo! Vidělas to?
f/e/fef33363.p3d	11796_nydisp_071	Dispečink hlásí negativní.
f/e/fef6c375.p3d	25378_alex_e03m01_704	Nechápu, co to je.  Je čas dostat Karen odsud.
f/e/fefb9088.p3d	12401_nypda_473	Ten hajzl není člověk!
f/e/fefbac2b.p3d	17685_bwtra_042	Negativní.
f/e/feff8515.p3d	7896_mabra_316	Jsme v prdeli!
f/f/ff018868.p3d	1005_bwgsp_245	Máme to zaměřené! Sundejme to!
f/f/ff0332e1.p3d	16498_bwabr_038	Přeskupte se na mé pozici, přepínám.
f/f/ff06e070.p3d	25452_alex_e07m01_706	Potvrzuji.
f/f/ff082858.p3d	16620_bwabr_160	ZEUS je dole, konec spojení.
f/f/ff0b672a.p3d	19147_p_hlf_070	Sakra. Ach, sakra, kámo. Sakra!
f/f/ff16b624.p3d	7988_mabhk_087	Letecká podporo, zkontrolujte systémy a připravte se vrátit zpět.
f/f/ff1bb033.p3d	19981_magsp_249	Negativní.
f/f/ff1db78a.p3d	18163_bwtra_520	I mrtvý budu pořád vypadat líp než ty.
f/f/ff2a9412.p3d	24536_alex_e03m03_540	Dobře, na věže to stačí. Teď HNÍZDO.
f/f/ff3c31b7.p3d	17512_bwoff_171	Zahajujeme ostrou palbu, přepínám.
f/f/ff48c913.p3d	21765_speci_e04m04_067	Potvrzeno, máme to v zajetí. Tedy to, co z toho zbylo...
f/f/ff4c33f1.p3d	10302_mahqb_059	Budu potřebovat nezávislé potvrzení toho hlášení, hlaste se.
f/f/ff4c6847.p3d	9090_mar_b_259	Parchante! Podívej, cos mě donutil udělat!?!?
f/f/ff4d89c4.p3d	25087_nypda_048	Dispečinku, tady Charlie Nineteen. To je negativní.
f/f/ff510001.p3d	17949_bwtra_306	Ách, nesnáším tyhle mikrobní sračky.
f/f/ff5507b9.p3d	2068_bwmls_206	Ruším nasazení, přepínám.
f/f/ff56f0bd.p3d	22625_maabr_e06m04_020	Jeeee-ha-haa.
f/f/ff5bd907.p3d	19558_bwhqb_056	Dostaňte tohle k Randallovi co nejdřív. ZEUS je zadržen.
f/f/ff5c7ab1.p3d	4473_mar_c_331	Kriste! Zpátky!
f/f/ff6a2ccd.p3d	12244_nypda_316	Tam! Tam! To je on!
f/f/ff6aa114.p3d	13466_p_ctm_223	Pusť!
f/f/ff6b627e.p3d	21687_karen_e03m01_004	Prosím, jen se tam bezpečně dostaňme.
f/f/ff6f3e10.p3d	17650_bwtra_027	Na tomhle je napsanej blbej binec.
f/f/ff731446.p3d	7861_mabra_281	Jsme zasaženi, hlaste škody, hned!
f/f/ff76c49d.p3d	16463_bwabr_003	Polní jednotky, kryjeme vás.
f/f/ff7ef8d2.p3d	19112_p_hlf_036	DO PRDELE!
f/f/ff861e4d.p3d	13490_p_erm_012	Co se to děje?
f/f/ff870660.p3d	22599_dana_e06m01_007	Sundej mě z tý věci!!
f/f/ff87a631.p3d	224_bwbhk_193	Zahajujeme útočný nálet! Delta Tři Sedm. Povoleno.
f/f/ff8a47e0.p3d	7953_mabhk_052	To je zabití, opakuji, to je zabití.
f/f/ff957edc.p3d	15088_p_uwm_211	Ah, sakra!
f/f/ff96cee9.p3d	11305_maoff_345	Máte svůj cíl. Máte povolení k nasazení.
f/f/ff9a0f5a.p3d	22691_magsp_e02m02_001	Velitelství, tady vrtulník Tři pět dva devět, potvrzujeme polohu cíle. Žádáme povolení k útoku v podzemí, přepínám.
f/f/ffa1bc32.p3d	9354_mar_b_523	Uh, ohhhhhh!
f/f/ffa51fea.p3d	24589_alex_e06m03_592	Je tam.
f/f/ffaacdfc.p3d	17355_bwoff_014	Přiveďte sem Úderný balíček. Hned!
f/f/ffad7a53.p3d	16027_p_uem_212	Páni!
f/f/ffc12346.p3d	25052_nypda_239	Myslel jsem, že byl právě tady.
f/f/ffc48f32.p3d	17914_bwtra_271	U nás je čisto.
f/f/ffc6f31c.p3d	23911_alex_039	Ne.
f/f/ffcc15aa.p3d	16727_bwabr_247	Příště se víc kryjte!
f/f/ffcf6ac3.p3d	19523_bwhqb_021	Rozumím. Zrušte tyto rozkazy k pronásledování.
f/f/ffd06354.p3d	21797_alex_e01m01_014	Jestli nechceš umřít, radši zmiz.
f/f/ffd4bee9.p3d	9966_maf35_234	Přestaň se srát, synku.
f/f/ffd8c686.p3d	12087_nypda_158	*kašel* Ježíši, chlape, co to sakra bylo?
f/f/ffde3030.p3d	13431_p_ctm_188	Hni sebou! Běž!
f/f/fff2cc47.p3d	694_bwbra_019	Couvni, řidiči, najdi trochu čistého vzduchu.
f/f/fff342cd.p3d	8841_mar_b_030	Co je s těma Blackserama?
f/f/fff473ef.p3d	24838_nypda_275	Co to sakra je!?
f/f/fff66090.p3d	22518_bwtrb_e04m01_018	Transportéry se sračkonosy by měly být na cestě. Najdou jednu částici z milionu.
f/f/fff68adb.p3d	14835_p_mtf_189	Běž! Hned!
f/f/fffb6059.p3d	13892_p_fdf_175	Uhni sakra z cesty!
